,UMAP1,UMP2,label
AAACCAAAGGATCATT-1,6.80211,11.216313,RH30
AAACCAAAGGATCTGC-1,11.27677,-8.7730875,TK6 LIG4-/-
AAACCAAAGGTAGCCT-1,9.443468,-8.979417,TK6 LIG4-/-
AAACCAAAGGTAGCGA-1,20.083933,6.500408,143B
AAACCAAAGTAGGATA-1,3.248274,2.3247428,JURKAT
AAACCGCTCCTGCGGA-1,2.7748663,-9.397696,U2OS OGG-/-
AAACGAATCCTCTATA-1,12.857513,-4.864328,C8166
AAACGAATCCTTAGCT-1,-2.8820732,-2.9549243,HELA XPA-/-
AAACGACAGAATCCTG-1,-1.4146311,3.927103,HAP1 MUTYH-/-
AAACGACAGTGCGCTG-1,-2.3956923,2.968277,HAP1 MUTYH-/-
AAACGATGTAACGGTA-1,8.476278,3.625658,NALM6
AAACGATGTCTCAGCA-1,1.1617427,7.0742145,PF382
AAACGATGTTCGTCCT-1,-0.2848804,-2.7207816,HELA XPA-/-
AAACGCCTCGAACCTA-1,17.77238,5.0185456,143B
AAACGGACACCTACTA-1,11.386149,-5.860251,JURKAT
AAACGGACACCTCGAT-1,15.849209,-7.070072,C8166
AAACGGACATGAATTG-1,14.713779,-3.9577065,C8166
AAACGGGTCCGGTTGG-1,16.903519,6.0307074,143B
AAACGTCCACATTCGC-1,-1.7103258,3.2294407,HAP1 MUTYH-/-
AAACGTCCAGCCAATG-1,17.676443,7.4810357,143B
AAACGTCCATGGTAGT-1,1.225151,8.079769,PF382
AAACTCACAATAGTGC-1,18.099306,4.615069,143B
AAACTCACACAGGCTA-1,-1.1543567,6.8792157,C8166
AAACTCACACATTGAA-1,9.705047,4.8513045,NALM6
AAACTCACACCTTAGC-1,-3.5055802,13.653817,KHM1B
AAACTCACAGTACCTC-1,10.051122,4.0504155,NALM6
AAACTCACATAGATTG-1,3.294317,-10.12922,U2OS OGG-/-
AAACTCCGTCAAGTCT-1,19.514002,-1.5463587,SAOS2
AAACTCCGTGCACGTC-1,6.078119,6.747667,PF382
AAAGCAATCTGGCTGG-1,14.899039,6.925047,143B
AAAGCATGTATAGTGG-1,9.594332,2.6785836,NALM6
AAAGCCAGTAGTCAGA-1,3.268231,8.534114,PF382
AAAGCCTCACAGGGTC-1,6.81335,-4.142866,CHLA06ATRT
AAAGCCTCACCAACTC-1,14.840022,6.3206234,143B
AAAGCCTCATGGCCTT-1,17.16264,8.333808,143B
AAAGCCTCATGGTATA-1,3.2291737,6.7196584,PF382
AAAGCTGGTAATGCTC-1,7.1097374,15.815317,SUPT11
AAAGCTGGTAGGTATG-1,14.722965,14.358697,JM1
AAAGCTGGTCAATGGA-1,-2.4754686,-3.0245082,HELA XPA-/-
AAAGCTGGTGGACTGG-1,-2.9605017,4.6136274,HAP1 MUTYH-/-
AAAGGTCAGGCTCCGA-1,13.363396,0.02602063,ALLSIL
AAAGGTTGTGCATCTG-1,-3.739501,1.8495142,HAP1 MUTYH-/-
AAAGGTTGTTGAATCC-1,5.9963946,6.9286227,PF382
AAAGTAGTCACCTCTG-1,8.842658,5.2775784,NALM6
AAAGTAGTCGCTCTGC-1,21.690626,-0.24520364,SAOS2
AAAGTCAAGATTAAGG-1,11.328779,-5.861106,JURKAT
AAAGTCAAGCAAGTCC-1,18.445904,6.160911,143B
AAAGTCAAGGCGTATC-1,2.3956418,15.710151,TE617T
AAAGTCAAGTTAGCAT-1,14.573239,4.2965827,143B
AAAGTGATCGATTGAT-1,1.4645962,6.0627065,PF382
AAAGTTGAGCCAACCG-1,17.209105,5.1704946,143B
AAAGTTGAGGCACTGT-1,7.9555674,15.077901,SUPT11
AAAGTTGAGTACCAAT-1,-2.5725029,3.3268983,HAP1 MUTYH-/-
AAATGAGTCCCAATTC-1,1.1014477,6.9070425,PF382
AAATGCAAGGCAACGA-1,-2.6741,3.9353824,HAP1 MUTYH-/-
AAATGCTTCAGCCAAC-1,14.083277,5.843449,143B
AAATGCTTCCCGCAGA-1,10.396752,0.7297498,ALLSIL
AAATGCTTCTGTGCTT-1,4.086645,-2.4903939,CHLA06ATRT
AAATGGGCAAAGGGAC-1,14.178953,14.508507,JM1
AAATGGGCAAGCCAGC-1,16.580904,7.611525,143B
AAATGTGAGATTGCCA-1,-3.0228336,1.5343902,HAP1 MUTYH-/-
AAATGTGAGGTATCGC-1,4.2258744,3.7048159,JURKAT
AAATGTGAGTTAGCGC-1,18.966236,5.5447717,143B
AAATTCGCAAGGTCGC-1,-2.9848685,2.3182793,HAP1 MUTYH-/-
AAATTCGCATCATACT-1,5.309059,5.856538,PF382
AAATTGCTCCCCAGCT-1,15.66258,5.8390117,143B
AACACACCAAGCGAGG-1,-0.4970997,11.916676,DND41
AACACACCAATCGACG-1,3.6285539,6.02363,PF382
AACACACCACAGCAGC-1,7.0294547,16.856133,SUPT11
AACACACCACTTGGTC-1,14.657974,5.254042,143B
AACACATTCCCCATCA-1,14.136663,14.751329,JM1
AACACCATCACTTGCT-1,10.058885,-10.396652,TK6 LIG4-/-
AACACCATCGATCCTT-1,4.0846157,-4.128601,CHLA06ATRT
AACACCGCAACCGTAG-1,18.048084,4.999692,143B
AACACCGCAACCTGCT-1,10.514649,-7.8962464,TK6 LIG4-/-
AACACCGCACAAGCTG-1,-1.8305746,-4.413693,HELA XPA-/-
AACACCGCAGCACTTC-1,12.864017,-0.97467166,ALLSIL
AACACCGCATAAGTCA-1,2.4274836,6.635965,PF382
AACACCTGTGAACCAA-1,13.583338,-5.8319,C8166
AACACCTGTGAACGTA-1,6.168931,14.987177,SUPT11
AACACGAGTGCATCAT-1,12.073546,0.2800942,ALLSIL
AACACTTAGCCAGTAC-1,7.6075654,16.21992,SUPT11
AACACTTAGGGTAGCA-1,1.9016415,6.126438,PF382
AACAGCTCACCATTGC-1,10.384124,-0.76741874,ALLSIL
AACAGCTCAGCTAACG-1,7.424572,15.155746,SUPT11
AACAGGCGTAAGGGCT-1,14.596752,6.240563,143B
AACAGGCGTATGTGCT-1,-3.1085792,-1.6597762,HELA XPA-/-
AACAGGCGTCTCACTC-1,10.888277,-8.430643,TK6 LIG4-/-
AACAGGTAGCAATCGC-1,-2.624314,3.1667953,HAP1 MUTYH-/-
AACAGGTAGGCGATCT-1,-4.0741973,4.475099,HAP1 MUTYH-/-
AACAGGTAGGGGCATA-1,21.524166,0.1910318,SAOS2
AACAGGTAGTTACGAT-1,1.0177418,5.822808,PF382
AACAGTAAGAACGGTG-1,17.602346,5.344754,143B
AACAGTAAGATTGGTT-1,1.6940912,12.229462,DND41
AACAGTAAGCATCCGG-1,11.405043,-9.466729,TK6 LIG4-/-
AACAGTAAGCCATAGC-1,2.9247544,-9.538913,U2OS OGG-/-
AACAGTAAGGCTCTCC-1,12.184962,6.8705583,143B
AACATAGAGTGGCCTG-1,13.791788,-5.9988885,C8166
AACATAGAGTTGCTCT-1,14.766902,-5.603086,C8166
AACATCACATGGTCAG-1,10.4967165,-11.166898,TK6 LIG4-/-
AACATCCGTAACTCGT-1,18.414394,8.135904,143B
AACATCCGTAATGGTG-1,12.179177,-5.521283,C8166
AACATCCGTAGTCAGA-1,12.951424,0.24755473,ALLSIL
AACATCCGTCTCCACT-1,14.52738,7.2066092,143B
AACATCCGTTACACAC-1,1.4832164,8.572944,PF382
AACATGAAGGATGATA-1,-0.2677226,11.859087,DND41
AACATGAAGTACGCAC-1,-0.012537506,11.419617,DND41
AACATGAAGTGCTCAA-1,11.040369,11.566544,JM1
AACATTCAGAAGGAGA-1,2.7661567,5.7105446,PF382
AACATTCAGCCCGTGA-1,3.3366532,-7.631556,U2OS OGG-/-
AACATTCAGTACCAAT-1,8.658251,3.1298277,NALM6
AACATTGCATCCAGAG-1,5.377609,0.8170342,JURKAT
AACCAACCACCTTCGG-1,20.982445,6.4389734,143B
AACCAAGGTAACGACA-1,11.447947,11.606761,JM1
AACCAAGGTAAGTCGA-1,9.296494,-9.339563,TK6 LIG4-/-
AACCAAGGTAGCTCGC-1,14.108084,7.8393946,143B
AACCAAGGTGAGCGTG-1,15.037389,3.9115973,143B
AACCAATTCACAGGTC-1,7.0455704,-4.026041,CHLA06ATRT
AACCAATTCATCGTAG-1,-4.1571846,3.7324119,HAP1 MUTYH-/-
AACCACGCAATACTAG-1,10.143175,-11.154977,TK6 LIG4-/-
AACCACGCAATCGACG-1,9.18626,-3.9575472,CHLA06ATRT
AACCAGCTCAATCCAG-1,16.121311,5.056857,143B
AACCAGCTCACGCCAG-1,-3.5808544,2.6549783,HAP1 MUTYH-/-
AACCAGCTCGTCTAAG-1,13.441927,-5.5806923,C8166
AACCAGGAGGTGCATC-1,20.529417,-1.5880173,SAOS2
AACCATTAGAAGCATA-1,20.265768,-2.2166178,SAOS2
AACCATTAGCTAGATT-1,20.921354,-2.0032728,SAOS2
AACCATTAGGCTCCTC-1,3.3909466,-3.752504,CHLA06ATRT
AACCATTAGGGCTTAC-1,17.528648,4.899782,143B
AACCATTAGGTTCATG-1,-3.3685002,1.5913513,HAP1 MUTYH-/-
AACCCAATCACTGTCT-1,8.020041,5.8750305,NALM6
AACCCAATCATGTGCA-1,13.161847,-4.6723633,C8166
AACCCAATCGATGACC-1,15.7381,7.175008,143B
AACCCACAGGCGTCTG-1,18.980127,6.4035144,143B
AACCCAGCAAGTGCAT-1,14.773467,13.655654,JM1
AACCCAGCACATAGTA-1,11.334698,-9.697313,TK6 LIG4-/-
AACCCTAAGTAGCCAC-1,2.7929254,7.1556945,PF382
AACCCTAAGTGGCTCG-1,12.232892,6.908765,143B
AACCCTGGTATAGTCC-1,14.383619,14.245268,JM1
AACCCTGGTTAGACTC-1,8.010818,4.5870905,NALM6
AACCCTGGTTCCTTCA-1,-3.2186592,2.76376,HAP1 MUTYH-/-
AACCGAAGTAGCGACG-1,3.1577992,6.3740425,PF382
AACCGAAGTAGTGCTT-1,2.0719128,8.908657,PF382
AACCGAAGTGATTAGG-1,3.3316662,2.4188633,JURKAT
AACCGAAGTTAGCTCG-1,3.49744,-1.9821932,CHLA06ATRT
AACCGAAGTTGACGAA-1,10.061089,-8.837536,TK6 LIG4-/-
AACCGAAGTTGCACGC-1,2.9020042,6.343117,PF382
AACCGATCACTACCCG-1,10.561151,-8.177829,TK6 LIG4-/-
AACCGATCATCACGAG-1,19.71655,-0.86653066,SAOS2
AACCGGGGTTCGGGTC-1,16.014776,-5.6310415,C8166
AACCTAACAACATCAA-1,7.074981,11.1540575,RH30
AACCTAACAATAGGAG-1,9.25981,4.885837,NALM6
AACCTAGTCCGTTGCC-1,-4.142996,2.6047397,HAP1 MUTYH-/-
AACCTAGTCTAGCCGG-1,15.568891,6.5232635,143B
AACCTCAAGTACCACA-1,7.0060463,9.714337,RH30
AACCTCAAGTCATGGC-1,-2.874062,3.0601444,HAP1 MUTYH-/-
AACCTGATCAGGAGTG-1,18.52384,8.418506,143B
AACCTGATCCTCTAGT-1,19.143059,5.8545423,143B
AACCTGATCCTGATTC-1,9.306254,-3.204741,CHLA06ATRT
AACCTGATCTAGTAAC-1,19.251766,6.175097,143B
AACCTTAGTCTGGTAT-1,-2.7345645,4.37605,HAP1 MUTYH-/-
AACCTTAGTTATGGTC-1,15.617999,6.5283303,143B
AACCTTGAGGCGATGA-1,-4.4457073,2.8066146,HAP1 MUTYH-/-
AACGAATGTTCCGTCT-1,17.60243,6.3900905,143B
AACGAATGTTCTGTGG-1,15.95022,7.910946,143B
AACGACTCACTTCGAC-1,-3.4258049,4.618378,HAP1 MUTYH-/-
AACGACTCACTTGCGT-1,8.151845,3.6616116,NALM6
AACGACTCAGTAATTG-1,9.593916,3.98572,NALM6
AACGATCCATTGGAAC-1,0.57311374,8.880478,PF382
AACGATTTCCCGCTTA-1,15.72907,7.211541,143B
AACGATTTCCTTCAGT-1,-2.7808335,2.4306915,HAP1 MUTYH-/-
AACGCAAGTATGTCCG-1,-5.0981603,3.3062165,HAP1 MUTYH-/-
AACGCAAGTCTTGACG-1,6.542391,11.826525,RH30
AACGCCCGTCTAAGTC-1,-1.6816629,3.6079035,HAP1 MUTYH-/-
AACGCCCGTGGAGCAT-1,10.533828,-8.311786,TK6 LIG4-/-
AACGCCCGTTAAGGAT-1,7.8231783,17.132715,SUPT11
AACGCCCGTTGCTATA-1,10.541294,-11.488091,TK6 LIG4-/-
AACGCCCGTTGGATTC-1,21.061127,0.10986004,SAOS2
AACGCCCGTTTGGCTG-1,3.4299793,2.9167833,JURKAT
AACGCGAAGATTCCGA-1,12.568203,-5.2844076,C8166
AACGCGAAGCCTGAAC-1,-4.2661314,3.5200813,HAP1 MUTYH-/-
AACGCGAAGCGGATAG-1,7.836691,16.477467,SUPT11
AACGCGAAGGCGTTCG-1,14.231219,-4.9895735,C8166
AACGCGAAGGTAGGGC-1,15.564471,-6.6264114,C8166
AACGCGAAGTCAGTCA-1,-2.543181,-5.4942155,HELA XPA-/-
AACGCGCCAATGTAGC-1,-4.9295793,2.4315593,HAP1 MUTYH-/-
AACGCGCCACATTCAT-1,6.574236,10.650411,RH30
AACGCGCCATTCGTTG-1,7.147366,10.824897,RH30
AACGCTATCCACCGCT-1,-5.493786,3.2980042,HAP1 MUTYH-/-
AACGCTCAGTGCTCGG-1,19.585041,6.146541,143B
AACGCTTGTCTGGTGC-1,8.659461,-4.566702,CHLA06ATRT
AACGCTTGTGAGAGTC-1,1.3558984,9.015467,PF382
AACGCTTGTTAATGCC-1,10.709662,0.5990559,ALLSIL
AACGCTTGTTGTAACC-1,10.9978485,-8.357722,TK6 LIG4-/-
AACGCTTGTTTCCTAT-1,2.7684512,-2.1062138,CHLA06ATRT
AACGGCAAGCCGATGT-1,2.8269358,7.2470784,PF382
AACGGCAAGGATAGAC-1,14.37532,13.805187,JM1
AACGGCAAGGTCGTAC-1,15.566692,-7.741595,C8166
AACGGCAAGTAACCAT-1,20.302855,-1.9322362,SAOS2
AACGGCAAGTATGTAC-1,11.111177,-9.798142,TK6 LIG4-/-
AACGGGGCACAGCGTA-1,10.08252,-8.31991,TK6 LIG4-/-
AACGGGGCAGTTGCGA-1,11.129353,-10.924313,TK6 LIG4-/-
AACGGTGAGATTCGGC-1,-0.88603145,-2.3702636,HELA XPA-/-
AACGTAAAGCTAAGTT-1,1.5916362,9.064153,PF382
AACGTAAAGGCGAGAC-1,-1.7051756,2.9200003,HAP1 MUTYH-/-
AACGTAAAGGGTTGCT-1,12.38266,6.9513283,143B
AACGTAGGTAAGCAGC-1,3.1425655,6.598603,PF382
AACGTAGGTAGCTGAA-1,8.62579,-4.525577,CHLA06ATRT
AACGTAGGTGCGGATG-1,1.8434443,4.953509,PF382
AACGTAGGTGCGGTTC-1,13.191104,0.028960565,ALLSIL
AACGTAGGTTATCGTA-1,9.764636,1.0704921,ALLSIL
AACGTTGTCCCCAGAG-1,8.103099,4.5697565,NALM6
AACGTTGTCGCTCTCA-1,21.905405,-0.054838154,SAOS2
AACGTTGTCTAAGTAC-1,-1.6815847,-2.9743056,HELA XPA-/-
AACTAGAAGGGTAGCA-1,1.5627795,12.383141,DND41
AACTAGCCAACGGGTC-1,20.22364,-1.0116445,SAOS2
AACTAGCCACTAGGCA-1,15.594788,-3.902971,C8166
AACTCAACAAGGTACT-1,-0.51511157,11.698282,DND41
AACTCTTCACTATACT-1,9.08158,4.3365507,NALM6
AACTCTTCATTCATAC-1,15.864787,7.873444,143B
AACTGAAAGCTTCCGC-1,19.71645,-0.7803848,SAOS2
AACTGAAAGGAGGTCA-1,3.2256465,6.792932,PF382
AACTGACCAACTCGCT-1,7.8347054,3.5603063,NALM6
AACTGACCAGTTGAGT-1,9.349054,-9.982078,TK6 LIG4-/-
AACTGAGGTTGCACCA-1,14.200243,12.840008,JM1
AACTGAGGTTGGTCTG-1,3.7396667,7.401675,PF382
AACTGCATCCATCGTT-1,15.548001,-7.7081537,C8166
AACTGCATCTGTGGAC-1,15.107604,5.831024,143B
AACTGGTCAGGCTATG-1,18.590208,7.4389215,143B
AACTGGTCATAGGTCG-1,7.05605,-3.0831196,CHLA06ATRT
AACTTCCTCCAACTCT-1,-2.408298,3.4793434,HAP1 MUTYH-/-
AACTTCCTCGCATCAA-1,-3.8248801,0.6210595,HAP1 MUTYH-/-
AACTTGGTCAGTTCCT-1,10.8223095,-10.559682,TK6 LIG4-/-
AACTTGGTCCGCTACC-1,13.184374,13.931157,JM1
AACTTGGTCGATGATT-1,14.2583685,3.5910926,143B
AACTTTGGTCCATCAG-1,6.5334826,16.898092,SUPT11
AACTTTGGTTTGACGT-1,3.7465746,-7.88947,U2OS OGG-/-
AAGCAAATCACCATCT-1,2.9072487,-2.267751,CHLA06ATRT
AAGCAAATCACTAGAT-1,-0.18829703,-3.0816128,HELA XPA-/-
AAGCAAATCATGTCGA-1,10.985744,-8.268631,TK6 LIG4-/-
AAGCAAATCGACTGGT-1,0.120397605,12.3755455,DND41
AAGCAAATCGCATTAG-1,15.738709,8.123823,143B
AAGCAACAGGAATGAC-1,15.63537,4.7770295,143B
AAGCATCCAAGCTAAC-1,2.287715,8.013929,PF382
AAGCATCCAGGAAGTA-1,17.148642,7.951071,143B
AAGCATCCATGAGCGC-1,16.167202,5.515688,143B
AAGCATGGTAACGGTA-1,15.942289,4.2125077,143B
AAGCATGGTCATCCGA-1,6.672202,15.731046,SUPT11
AAGCATGGTTCCCAGA-1,6.7117095,15.625112,SUPT11
AAGCATTTCCCGTTCA-1,21.163336,-1.1424239,SAOS2
AAGCCAAGTAGCTGCC-1,2.3469813,6.1087847,PF382
AAGCCAAGTTAAGGTG-1,-2.312833,-4.4939966,HELA XPA-/-
AAGCCAAGTTAGACCT-1,14.169126,6.906857,143B
AAGCCATCATCCTAAT-1,14.274716,-5.612886,C8166
AAGCCATCATTACCCA-1,7.294775,11.421377,RH30
AAGCCATCATTAGATG-1,9.551979,-11.391316,TK6 LIG4-/-
AAGCCCCGTCAATTCA-1,5.6777134,5.798814,PF382
AAGCCCCGTGGAGCAT-1,13.423262,12.879276,JM1
AAGCCGCCAACTACCC-1,13.500027,-5.8592496,C8166
AAGCCGCCACAACCCT-1,-2.3858354,-2.1600473,HELA XPA-/-
AAGCCGCCACAGCAGC-1,8.063399,5.8252053,NALM6
AAGCCGGGTAATCGTC-1,15.203236,-3.5465746,C8166
AAGCCGGGTGAGCGCA-1,16.183905,-5.2433157,C8166
AAGCCTATCACTCGTT-1,14.480026,14.063241,JM1
AAGCCTATCCTGCTAT-1,15.216811,5.521336,143B
AAGCCTGCACTCAGGA-1,4.1018567,-8.104487,U2OS OGG-/-
AAGCCTGCATGGCTAG-1,-0.86686426,-2.847078,HELA XPA-/-
AAGCCTGCATGGTATA-1,11.508041,11.649672,JM1
AAGCGATAGGATCCGT-1,4.047271,-2.315264,CHLA06ATRT
AAGCGATAGGCTTCCC-1,17.89646,5.901486,143B
AAGCGATAGGTGACGA-1,15.9887495,-5.2516847,C8166
AAGCGGATCACTCTAC-1,7.139555,-4.327135,CHLA06ATRT
AAGCGGGCAAAGGTCT-1,-2.716732,2.110714,HAP1 MUTYH-/-
AAGCTAGGTGGCCTAC-1,4.716483,-3.3333206,CHLA06ATRT
AAGCTAGGTTGACCAT-1,6.065713,16.63223,SUPT11
AAGCTCTGTGATGAAT-1,3.5513513,-9.905352,U2OS OGG-/-
AAGCTCTGTTTCGACG-1,4.5769014,6.834155,PF382
AAGCTTGTCACCCTAT-1,2.1180654,4.8667545,PF382
AAGCTTGTCAGCAGAG-1,-5.0942354,3.0320404,HAP1 MUTYH-/-
AAGCTTGTCAGTAGGG-1,3.8597279,7.467321,PF382
AAGCTTGTCCAGCCGA-1,18.179268,8.136161,143B
AAGCTTGTCCTGCCAC-1,17.222239,5.337323,143B
AAGGAAAGTCTCACCT-1,-1.3926784,3.1712623,HAP1 MUTYH-/-
AAGGAAAGTGCGATGG-1,3.9115512,-7.7250404,U2OS OGG-/-
AAGGATGCACAGGGTC-1,13.282428,-5.46425,C8166
AAGGCAACAAACCTGG-1,9.635277,5.064188,NALM6
AAGGCAACAATATGCA-1,12.001491,12.3683,JM1
AAGGCAACAGGATCAT-1,7.6159964,-3.1023664,CHLA06ATRT
AAGGCCAAGGATTCGC-1,14.956402,-3.8187695,C8166
AAGGCCAAGTTACGAT-1,15.045255,6.5123262,143B
AAGGCCCCAACCAACG-1,14.966628,-4.7193775,C8166
AAGGCCCCAACCTTCA-1,-2.4446864,-2.514201,HELA XPA-/-
AAGGCCCCACATTCGC-1,8.5057335,16.508888,SUPT11
AAGGCCCCAGTACCCT-1,3.4722881,8.380188,PF382
AAGGCCCCATGCTCTA-1,2.1028287,15.783696,TE617T
AAGGCTAGTATGTCCG-1,10.537421,-8.450348,TK6 LIG4-/-
AAGGCTAGTGAGTTAG-1,-3.927178,3.1454017,HAP1 MUTYH-/-
AAGGGCATCCGCATCC-1,-2.483919,-5.226775,HELA XPA-/-
AAGGGCCAGCATGACC-1,4.18651,3.4290867,JURKAT
AAGGGGTCACCATCCG-1,0.6543905,7.234482,PF382
AAGGGGTCATTCGTGC-1,12.561483,12.951595,JM1
AAGGTAATCGACATCA-1,9.874087,-10.891003,TK6 LIG4-/-
AAGGTATGTTGCACTG-1,20.307257,6.513088,143B
AAGGTATGTTTGATTG-1,9.240113,5.915966,NALM6
AAGGTCAGTGGAGACT-1,18.48379,6.257195,143B
AAGGTCAGTTGCTTCC-1,10.517627,0.9165711,ALLSIL
AAGGTTAAGCGATCCG-1,-3.6742077,3.0945432,HAP1 MUTYH-/-
AAGGTTAAGCTGAGAG-1,15.806614,4.310335,143B
AAGGTTAAGTGACCAC-1,1.9937357,9.176277,PF382
AAGGTTAAGTTGCGGT-1,14.088411,12.42807,JM1
AAGGTTGGTCAGTCGC-1,12.187737,6.7240667,143B
AAGTAACGTTGGAATG-1,-5.494143,3.3408945,HAP1 MUTYH-/-
AAGTAACGTTGGAGCG-1,6.2325826,15.538294,SUPT11
AAGTAAGTCATAGACT-1,1.3507211,9.419382,PF382
AAGTAAGTCCTGAATG-1,6.684096,-3.3682554,CHLA06ATRT
AAGTAAGTCTCACAGA-1,20.96341,-2.2564456,SAOS2
AAGTACCCAGGAAGGT-1,10.104924,-11.100494,TK6 LIG4-/-
AAGTACCCATAGGGCC-1,7.019253,11.268814,RH30
AAGTACGGTTTGCGTG-1,2.0992472,14.886673,TE617T
AAGTATGAGGATATGA-1,-0.7952787,-2.50475,HELA XPA-/-
AAGTATGAGGATCTCA-1,8.460852,-4.8514853,CHLA06ATRT
AAGTATGAGGTTGCGT-1,2.5494552,6.9442506,PF382
AAGTATGAGTGAGAGT-1,3.3278284,-3.391387,CHLA06ATRT
AAGTCAAAGATAGGGT-1,-2.8777065,-2.9182682,HELA XPA-/-
AAGTCAAAGATTAAGG-1,11.07614,-0.45651066,ALLSIL
AAGTCAAAGGCACTAC-1,11.148155,-10.527165,TK6 LIG4-/-
AAGTCAAAGGGTCTGT-1,9.640848,3.9694273,NALM6
AAGTCACCACAGGGCT-1,7.708331,-4.482075,CHLA06ATRT
AAGTCACCAGCCTACT-1,15.753415,7.4518766,143B
AAGTCATTCACTCTGT-1,-2.8516593,-4.8174467,HELA XPA-/-
AAGTCCATCACTGGCG-1,2.5431595,-10.09006,U2OS OGG-/-
AAGTCCATCGCATTAG-1,9.537388,4.243048,NALM6
AAGTCGCTCCATGCTT-1,16.134804,5.9409657,143B
AAGTCGCTCCTGCTCA-1,11.605801,11.88305,JM1
AAGTCGCTCTAAGTAC-1,4.016359,4.0851784,NALM6
AAGTGATGTAGTAACG-1,7.8717823,15.1176405,SUPT11
AAGTGATGTCTTGACG-1,19.448437,-1.6781919,SAOS2
AAGTGATGTTCGTAGT-1,10.920103,-10.827663,TK6 LIG4-/-
AAGTGCCTCAGGACTC-1,15.034049,7.003737,143B
AAGTGCCTCCATCGAA-1,0.93696016,5.8585334,PF382
AAGTGGGTCAATCACG-1,10.028924,-10.910974,TK6 LIG4-/-
AAGTGGGTCCTTAACC-1,19.313066,6.0441585,143B
AAGTTGAAGAAGGATC-1,2.9967005,6.029117,PF382
AAGTTGAAGTTACAGT-1,10.13678,3.929576,NALM6
AAGTTGGGTTAATTCG-1,7.978622,16.73293,SUPT11
AAGTTGGGTTGTGAGA-1,-4.250975,4.2867603,HAP1 MUTYH-/-
AAGTTTCAGCGACTTA-1,20.794228,-1.3631319,SAOS2
AAGTTTGCAACCTGTC-1,3.6161458,1.0207072,JURKAT
AAGTTTGCACCTCGAT-1,-2.6788,-5.3935013,HELA XPA-/-
AAGTTTGCACTAATGA-1,12.665739,7.147311,143B
AAGTTTGCATCCATGC-1,15.472345,-6.151746,C8166
AATACGAAGAAGCGTG-1,7.2113147,11.265238,RH30
AATACGAAGTATCTGG-1,-3.8283007,4.6060333,HAP1 MUTYH-/-
AATACGCCACAGGCAC-1,2.9035218,1.686114,JURKAT
AATACGGGTAGGTGCG-1,-2.1298234,-4.4795814,HELA XPA-/-
AATACGGGTGATGAAT-1,17.367205,4.6423945,143B
AATACGTTCATGCTCT-1,0.8616049,15.996556,TE617T
AATATGCTCACCAAGC-1,-2.5437233,2.8560562,HAP1 MUTYH-/-
AATATGCTCAGCCCAG-1,16.315886,5.583833,143B
AATATGGAGTAGTAGA-1,16.073828,4.6174517,143B
AATCACTAGATAGCTT-1,-3.3405426,4.703805,HAP1 MUTYH-/-
AATCACTAGGGTAGAT-1,20.274494,-1.9507074,SAOS2
AATCACTAGGTTCATG-1,7.708263,-2.848255,CHLA06ATRT
AATCAGCCAAGGTGAA-1,13.259909,0.043664318,ALLSIL
AATCAGCCAGGGCAAG-1,-2.622166,-4.793289,HELA XPA-/-
AATCAGCCAGGTAGCC-1,16.12913,5.8568077,143B
AATCATCAGCCCGTTC-1,7.484906,15.494391,SUPT11
AATCATCAGTAAGTGA-1,11.046604,-8.855137,TK6 LIG4-/-
AATCATCAGTAGAGAC-1,-4.3709593,3.0030634,HAP1 MUTYH-/-
AATCATCAGTGAACCC-1,17.738873,5.185547,143B
AATCCAACAACTACTT-1,2.3820236,-9.3818445,U2OS OGG-/-
AATCCAACAATCGCAG-1,-4.281373,2.76075,HAP1 MUTYH-/-
AATCCAACACCTACGT-1,6.511809,16.836174,SUPT11
AATCCAACATAGGCCA-1,13.711413,-5.8125052,C8166
AATCCATAGCGAAGCA-1,14.175379,5.782444,143B
AATCCATAGTGATGCC-1,8.444486,3.7286675,NALM6
AATCCATAGTGCGCTG-1,-4.1955676,4.2718196,HAP1 MUTYH-/-
AATCCCAAGCCGAGTT-1,-3.3810976,4.7796144,HAP1 MUTYH-/-
AATCCCAAGTCAGTTG-1,3.6009452,7.3540144,PF382
AATCGAGGTTAGCAGA-1,14.962426,6.7274966,143B
AATCGAGGTTATCTAG-1,18.003935,6.201561,143B
AATCGAGGTTGAGTTC-1,3.5675468,-8.803622,U2OS OGG-/-
AATCGCATCACAGACC-1,-2.5683186,2.3402922,HAP1 MUTYH-/-
AATCGCATCGTGATGC-1,20.747868,-1.6778951,SAOS2
AATCGGCTCAAGTCCA-1,16.577875,5.2907653,143B
AATCGGCTCGTGCTCC-1,17.40912,4.1184726,143B
AATCGGTCAAGGTCAT-1,6.9613323,9.773801,RH30
AATCGTTAGCAGGTAG-1,8.524166,3.6507509,NALM6
AATCGTTAGCGCTTCC-1,17.501484,4.5680933,143B
AATCGTTAGTAGACCC-1,17.894394,7.764122,143B
AATCTAGCAAACCGGC-1,20.802004,6.415933,143B
AATCTAGCAATTGGCG-1,11.226899,10.517643,JM1
AATCTAGCAGGCAAGG-1,20.520033,-2.0690775,SAOS2
AATCTCCTCATGGCCG-1,1.4087789,7.238826,PF382
AATCTGGTCAGGTCTA-1,15.723633,4.0908403,143B
AATGAACGTTGCGACC-1,3.4312506,1.2790158,JURKAT
AATGACAAGCTTAGAT-1,13.259999,0.22177024,ALLSIL
AATGACCCACAACCGA-1,8.498485,5.182587,NALM6
AATGACCCACATAGCG-1,-2.5822992,-5.4574814,HELA XPA-/-
AATGACCCATCACGCT-1,8.468626,-3.8240132,CHLA06ATRT
AATGACCCATGCGGAC-1,2.264479,8.927466,PF382
AATGACTTCCATAGTG-1,15.355512,5.2257915,143B
AATGACTTCCATTCCG-1,1.45643,9.30003,PF382
AATGACTTCGAAGCCT-1,10.326423,-7.838013,TK6 LIG4-/-
AATGAGGCACAACTAA-1,2.7411263,5.955081,PF382
AATGAGGCATCCCTGG-1,16.064346,4.782045,143B
AATGAGGCATGGATTA-1,2.930108,8.712682,PF382
AATGATGAGCTTACGA-1,16.203712,7.724195,143B
AATGATGAGTAGTAGA-1,10.06104,-12.131795,TK6 LIG4-/-
AATGATGAGTATGAGA-1,19.024426,7.9084477,143B
AATGCAAAGGCTTCCC-1,17.787037,6.865205,143B
AATGCAAAGTCATCTC-1,5.178373,1.8812134,JURKAT
AATGCACCAGCTCACT-1,3.2838368,7.3008766,PF382
AATGCAGGTAGCTCAT-1,2.1889038,-9.006369,U2OS OGG-/-
AATGCAGGTCTCAGGC-1,3.7297869,1.4516662,JURKAT
AATGCCTGTCTCCACT-1,13.500344,12.363032,JM1
AATGCGAGTCTGGGTC-1,18.227894,5.6158643,143B
AATGCGAGTCTTGAAC-1,9.65816,-10.985858,TK6 LIG4-/-
AATGCGGAGCATGGAG-1,7.588604,17.062931,SUPT11
AATGCGGAGCCACACG-1,19.261604,5.7417636,143B
AATGCGGAGCTACCTT-1,11.487735,-9.4513645,TK6 LIG4-/-
AATGCGGAGTATGACT-1,-1.6600897,-2.3333492,HELA XPA-/-
AATGGATGTCTAGTAC-1,8.850277,-4.077243,CHLA06ATRT
AATGGCAGTAAGCGGT-1,1.1879833,5.442354,PF382
AATGGCAGTAGCTTCG-1,-2.8363538,3.8906498,HAP1 MUTYH-/-
AATGGCAGTCTGTGCA-1,12.662674,-4.7352614,C8166
AATGGCAGTGGACACG-1,-2.8880777,4.5576677,HAP1 MUTYH-/-
AATGGCAGTTGGTCAT-1,-2.6115112,-2.8954551,HELA XPA-/-
AATGGCCTCACACATG-1,-3.8950884,4.1553974,HAP1 MUTYH-/-
AATGGCCTCGCGTTGG-1,15.517538,-6.114019,C8166
AATGGCCTCGTTCCAT-1,8.104762,-2.8448834,CHLA06ATRT
AATGGCGAGGATTGAA-1,2.884397,-9.755316,U2OS OGG-/-
AATGGCGAGTAAGCCC-1,-2.4606736,-5.495749,HELA XPA-/-
AATGGCTCATCACTGC-1,8.284861,5.371237,NALM6
AATGGGACAACTCGGA-1,6.088417,16.700766,SUPT11
AATGGGACAGTTGCGA-1,3.684204,8.033522,PF382
AATGGGACATAGAGTC-1,12.703981,0.118772976,ALLSIL
AATGGGCGTAATCCGT-1,-2.8402011,2.1064034,HAP1 MUTYH-/-
AATGGGGTCCGTGCGA-1,11.160263,12.131201,JM1
AATGGGGTCCTGGGAT-1,14.164128,5.8320794,143B
AATGGGGTCTAAGCAT-1,4.5729957,2.3552568,JURKAT
AATGGGTAGTCGCACG-1,17.23437,4.2085414,143B
AATGTCCGTTAGAGCA-1,2.361737,8.841161,PF382
AATGTGTTCAATCCCT-1,3.6741028,5.7784157,PF382
AATGTGTTCAGGACAG-1,7.7271605,15.8901615,SUPT11
AATGTGTTCCCTCTAG-1,8.559985,5.983504,NALM6
AATGTGTTCCGTATGA-1,10.502231,-11.463017,TK6 LIG4-/-
AATGTGTTCGAACGAG-1,8.460482,-2.9385233,CHLA06ATRT
AATGTTGCAAGCACGC-1,3.2104287,-10.065946,U2OS OGG-/-
AATGTTGCAAGGTTAC-1,14.975753,7.1515718,143B
AATGTTGCAATCTCGC-1,17.30001,5.5828485,143B
AATGTTGCACAGCACA-1,21.07465,0.04139829,SAOS2
AATGTTGCATCCTTGA-1,10.2788925,-0.55876625,ALLSIL
AATTACGCAAGCCAAT-1,7.8615823,-3.1461132,CHLA06ATRT
AATTCAGCAGGATGCC-1,8.064066,3.6902633,NALM6
AATTCAGCAGGTTCAG-1,16.982155,6.170934,143B
AATTCAGCATCCAGAG-1,7.6521645,-2.7425537,CHLA06ATRT
AATTCCTCAACTTACT-1,-3.236379,4.6030498,HAP1 MUTYH-/-
AATTCCTCATCCCGAT-1,3.259866,7.110936,PF382
AATTCCTCATGAGTGT-1,3.1047275,6.0110474,PF382
AATTGGGGTCATTCAA-1,16.074533,-5.27242,C8166
AATTGGTTCATCAAGT-1,1.1214784,8.845714,PF382
AATTGGTTCATCGTTC-1,7.274134,15.233047,SUPT11
AATTGGTTCCTGCCTA-1,19.189854,6.190915,143B
AATTGGTTCGAGTACC-1,-3.018564,-2.4825504,HELA XPA-/-
AATTGTCAGCATTAAC-1,4.51185,2.2374125,JURKAT
AATTGTCAGGTGGCTT-1,11.724613,-0.22934064,ALLSIL
AATTGTCAGTGAAGTA-1,3.5182996,1.0827796,JURKAT
ACAACAGGTTACACAC-1,17.828344,5.1682134,143B
ACAACATTCATGACTG-1,16.009417,-5.1567283,C8166
ACAACATTCGAATGGG-1,-3.564885,3.0408978,HAP1 MUTYH-/-
ACAACATTCTTGACTC-1,15.105074,7.877916,143B
ACAACCATCAAGTCGC-1,4.458289,6.9019475,PF382
ACAACCATCCCCAATT-1,14.613373,7.1012807,143B
ACAACCATCTCACTTA-1,8.002854,16.299784,SUPT11
ACAACCTGTATTAGCC-1,-4.0057282,4.271359,HAP1 MUTYH-/-
ACAACCTGTTAAGGAT-1,10.351665,-0.7156756,ALLSIL
ACAACTTAGTTAGGAA-1,2.8379002,5.814969,PF382
ACAAGCCTCATCGAAT-1,9.046368,4.4288473,NALM6
ACAAGCGAGAACCTTG-1,8.710407,-9.836189,TK6 LIG4-/-
ACAAGCGAGATTCCGA-1,11.354885,-10.828332,TK6 LIG4-/-
ACAAGCGAGCCGCAAT-1,-3.8517246,3.9343607,HAP1 MUTYH-/-
ACAAGCGAGCTACCAA-1,19.761662,7.0006833,143B
ACAAGCGAGTAAGCAA-1,19.49402,6.976048,143B
ACAAGCTCATGAGCTG-1,-2.9983566,-2.661514,HELA XPA-/-
ACAAGGCGTGAGTGGT-1,15.851059,4.4125834,143B
ACAAGGCGTTAGGCTT-1,-4.5896106,3.3629897,HAP1 MUTYH-/-
ACAAGGCGTTTAAGCC-1,-4.0809073,4.4032593,HAP1 MUTYH-/-
ACAAGGGTCCCATAGA-1,-3.8840144,2.9463954,HAP1 MUTYH-/-
ACAAGGGTCTAGATAC-1,2.6692135,7.177697,PF382
ACAAGGGTCTGTGGCG-1,-1.3299181,-2.6706107,HELA XPA-/-
ACAAGGTAGGAATGTA-1,4.411739,3.2978704,JURKAT
ACAAGGTAGTGAGTAA-1,0.88774085,8.60615,PF382
ACAAGGTAGTGATACT-1,8.884797,5.73747,NALM6
ACAAGTAAGAATCGTT-1,13.43578,-5.676023,C8166
ACAAGTAAGATTAGGA-1,7.775303,16.823263,SUPT11
ACAAGTAAGCTAGTCA-1,11.697148,-0.46582672,ALLSIL
ACAAGTAAGGTCAAGG-1,3.9908803,4.3668222,PF382
ACAAGTAAGGTCGTTA-1,18.257084,4.7700653,143B
ACAAGTTTCAGCATTG-1,15.394565,-7.529384,C8166
ACAAGTTTCCCGCGAA-1,3.1207533,4.6957216,PF382
ACAATAGAGCCGCACA-1,20.296469,-2.138976,SAOS2
ACAATAGAGTGAGGTG-1,13.052433,0.24073088,ALLSIL
ACAATCCGTTGGTCTG-1,-3.648891,2.8214493,HAP1 MUTYH-/-
ACAATGAAGAATCATC-1,1.8345448,-8.809157,U2OS OGG-/-
ACAATGAAGAATCGCC-1,1.0214527,5.739178,PF382
ACAATGAAGGTAGACG-1,3.504286,7.6636553,PF382
ACAATTCAGATACTAC-1,1.2130077,7.893593,PF382
ACAATTCAGCAAGGAT-1,1.1476581,8.877104,PF382
ACAATTCAGGATTAAG-1,10.391736,-0.8011216,ALLSIL
ACACAACCAGGGCAAG-1,3.9741263,-2.2773597,CHLA06ATRT
ACACAACCATAGGTGT-1,-4.273266,4.3286333,HAP1 MUTYH-/-
ACACAGTCAATGTAGC-1,12.819076,7.336256,143B
ACACAGTCAGTTGGCA-1,16.085636,-4.98066,C8166
ACACAGTCATGAATTG-1,6.6919403,16.911707,SUPT11
ACACATTAGATAGCCC-1,6.1381326,15.154145,SUPT11
ACACATTAGCGCCAAT-1,-3.0667772,-3.5742304,HELA XPA-/-
ACACCAGCAGTAATCA-1,-0.12097392,-2.5108316,HELA XPA-/-
ACACCCAGTGAGGTCG-1,3.7814085,1.594271,JURKAT
ACACCCAGTTATGACC-1,9.472682,-10.5732975,TK6 LIG4-/-
ACACCCAGTTTGGCAT-1,3.448849,0.65512556,JURKAT
ACACCCTCACTATATC-1,3.1794047,1.7538071,JURKAT
ACACCCTCATTGGCAG-1,0.9847669,6.3768682,PF382
ACACGAAGTTTCGTAA-1,21.497627,-1.7825143,SAOS2
ACACGATCACAGGATT-1,-2.7653902,-3.2027876,HELA XPA-/-
ACACGATCACCTGTAC-1,9.739807,3.831334,NALM6
ACACGATCATTCCTTC-1,0.7904924,16.115795,TE617T
ACACGGGGTTGTCCGA-1,2.2368815,14.9427,TE617T
ACACGGTTCACCATGA-1,1.8530262,9.308012,PF382
ACACGGTTCACCCTTG-1,15.409415,-4.0010743,C8166
ACACGTTGTGGCCTAC-1,-2.6039715,4.514658,HAP1 MUTYH-/-
ACACGTTGTTCCCGTT-1,17.518734,6.7167954,143B
ACACTAGTCATCGACA-1,10.538621,-9.502302,TK6 LIG4-/-
ACACTAGTCTCACCTG-1,7.6070366,16.391788,SUPT11
ACACTCCCAATACGAC-1,13.12619,13.85422,JM1
ACACTCCCAATAGGAG-1,1.44102,6.275077,PF382
ACACTCCCACTCATCA-1,2.68635,7.180844,PF382
ACACTGATCTGGTGAC-1,11.66565,-8.947438,TK6 LIG4-/-
ACAGAACAGTCAGGCT-1,9.778683,-11.866726,TK6 LIG4-/-
ACAGACAGTAATGAGT-1,2.4694803,8.592062,PF382
ACAGACTCACCTGTCG-1,1.0140386,8.445372,PF382
ACAGACTCATCACAGG-1,11.434137,11.851395,JM1
ACAGACTCATGATATG-1,17.90314,6.484264,143B
ACAGACTCATTACGCC-1,15.204585,-5.8817267,C8166
ACAGATGGTGATTGCT-1,10.904837,-8.406991,TK6 LIG4-/-
ACAGCAAGTGATCCTG-1,-2.7366133,-3.2908854,HELA XPA-/-
ACAGCAAGTTGCCTAG-1,14.948933,5.087521,143B
ACAGCAAGTTTCCAGG-1,15.385302,7.0536847,143B
ACAGCCACAACCTGTC-1,6.484547,12.013669,RH30
ACAGCCACACCAGCAA-1,19.893116,-2.1271696,SAOS2
ACAGCCACACTTACGC-1,3.6150615,4.565677,PF382
ACAGCCACAGCTACTC-1,9.021749,-10.434587,TK6 LIG4-/-
ACAGCCCGTTAGTAGG-1,11.083316,-8.7695875,TK6 LIG4-/-
ACAGCCCGTTGACTCG-1,12.793391,6.9691343,143B
ACAGCGAAGGTAACTT-1,7.886023,3.953423,NALM6
ACAGCGAAGTACGCCG-1,-3.2719898,-3.3576753,HELA XPA-/-
ACAGCGGGTCAAGGGT-1,10.743736,-10.170859,TK6 LIG4-/-
ACAGCGGGTTAGGTGA-1,20.343233,6.41763,143B
ACAGCTATCCACCTGC-1,-2.6517332,-5.357952,HELA XPA-/-
ACAGCTATCCGTTACT-1,3.544277,-8.710672,U2OS OGG-/-
ACAGCTATCGCTGGAT-1,4.0702477,-4.098942,CHLA06ATRT
ACAGCTCAGTTGCACA-1,13.948824,4.9896374,143B
ACAGGATAGCAACTGC-1,0.80169743,16.02867,TE617T
ACAGGATAGTAGGCGA-1,18.284584,6.0822926,143B
ACAGGATAGTGCCTAA-1,17.129126,7.629757,143B
ACAGGCAAGCGATTCA-1,-2.3559792,-3.4743276,HELA XPA-/-
ACAGGCAAGGGCTAAG-1,14.064057,8.073826,143B
ACAGGCAAGGTGGACA-1,5.412499,0.8964842,JURKAT
ACAGGCGGTAGTAGCA-1,-4.732009,3.6175177,HAP1 MUTYH-/-
ACAGGGATCACTCAAG-1,-1.8577989,3.8545654,HAP1 MUTYH-/-
ACAGGGATCAGTTGAT-1,8.629953,-4.810296,CHLA06ATRT
ACAGGGATCCATTGCT-1,3.791642,-3.8182929,CHLA06ATRT
ACAGGGATCGATACAT-1,6.7372584,10.14051,RH30
ACAGGGGCAATATCTC-1,15.393589,5.593126,143B
ACAGGTAGTAGTGAGC-1,7.5537176,10.659529,RH30
ACAGGTAGTGAAGTCA-1,3.0350986,1.4270477,JURKAT
ACAGGTAGTGGAGAGA-1,16.385786,6.5909057,143B
ACAGGTAGTTCGCACA-1,14.75808,13.615168,JM1
ACAGGTAGTTTCACGG-1,14.770503,4.170672,143B
ACAGGTGAGCGGACTT-1,10.477068,-0.6225773,ALLSIL
ACAGGTTCAATCCGCT-1,9.670434,-10.995059,TK6 LIG4-/-
ACAGTCATCACTCATC-1,5.507998,5.314212,PF382
ACAGTCATCGACTACA-1,6.874072,14.629615,SUPT11
ACAGTCGCATCGACCT-1,9.04226,-10.870101,TK6 LIG4-/-
ACAGTCGCATTAACGA-1,15.553669,-6.088406,C8166
ACAGTGAGTGGCGCTT-1,5.637727,7.0868945,PF382
ACAGTTACAAGGTATC-1,19.391499,-1.4020121,SAOS2
ACAGTTACACCTACGT-1,13.96003,6.086125,143B
ACAGTTACATAGAGCT-1,-3.1250226,-2.8730016,HELA XPA-/-
ACAGTTGTCTAAGCAT-1,15.229368,-5.3975086,C8166
ACAGTTTAGGTGGAGC-1,6.530837,15.822362,SUPT11
ACAGTTTAGTGCAAGG-1,3.5440276,6.44611,PF382
ACATAGAAGGCGTAGA-1,15.401284,-6.5259027,C8166
ACATAGAAGTGCTTGA-1,11.05709,-8.763886,TK6 LIG4-/-
ACATAGCCATGACCCT-1,19.668848,5.892718,143B
ACATATCAGATAGCTT-1,17.474829,5.1156473,143B
ACATATCAGGAACCTC-1,4.493438,5.445666,PF382
ACATATCAGGGTAGCA-1,7.0985365,11.888825,RH30
ACATATCAGTCGCAAC-1,1.2008601,8.283884,PF382
ACATCATAGGCGATGA-1,7.9438524,11.05618,RH30
ACATCATAGTTGGACC-1,5.9199996,7.021652,PF382
ACATCCCCATTCGGCT-1,18.734806,6.3538675,143B
ACATCCGGTCATCCGA-1,10.769585,-11.254106,TK6 LIG4-/-
ACATCCGGTTTGATTG-1,15.228832,7.2555246,143B
ACATCCTTCTGTCACT-1,2.7780597,15.569376,TE617T
ACATGAGGTGGCTCTA-1,11.960032,-0.07950067,ALLSIL
ACATGAGGTTCGAATC-1,8.52273,3.87009,NALM6
ACATGCATCATCTCAC-1,9.636754,-12.062424,TK6 LIG4-/-
ACATGCCAGGAACCTC-1,15.491443,-3.8767457,C8166
ACATGCCAGGGTATGG-1,17.647789,6.6380224,143B
ACATGGCTCACCTAAG-1,11.321611,-10.422001,TK6 LIG4-/-
ACATGGCTCCAATGCA-1,15.778533,5.180778,143B
ACATGGCTCGACATTG-1,4.6180153,-3.5651102,CHLA06ATRT
ACATGGCTCTAGCGCG-1,13.46633,0.13864003,ALLSIL
ACATGGTCAAGCGGTC-1,-2.9765453,5.353542,HAP1 MUTYH-/-
ACATGGTCAAGTGGAA-1,17.433989,4.075394,143B
ACATGGTCATTGGAGT-1,4.0299397,1.7434992,JURKAT
ACATGTTAGTCAGGGA-1,-3.5782142,4.5208955,HAP1 MUTYH-/-
ACATTAGCACCTGTGT-1,15.471395,-7.6679215,C8166
ACATTCAGTGAAGCTA-1,4.589169,-3.527027,CHLA06ATRT
ACATTCAGTGGACTAA-1,7.5880966,15.386262,SUPT11
ACATTCAGTTATGAGG-1,11.347387,-8.76519,TK6 LIG4-/-
ACATTCAGTTTCGGAT-1,2.9116561,7.0439982,PF382
ACATTCCTCAATCCAG-1,4.2802334,5.72287,PF382
ACATTCCTCACGCTCC-1,0.7792265,6.030673,PF382
ACATTCCTCACTCTCG-1,14.217792,3.4463809,143B
ACATTCCTCATGTGGC-1,21.030254,6.388062,143B
ACATTCCTCGAGTCTA-1,7.14274,-3.1133857,CHLA06ATRT
ACATTGGTCGATGGCT-1,16.716955,7.357609,143B
ACATTTCCAGGAAGCG-1,-3.738555,14.910295,KHM1B
ACATTTCCATTAGACA-1,-4.8853893,3.17627,HAP1 MUTYH-/-
ACCAAACCATCACGCT-1,3.4108784,0.79714614,JURKAT
ACCAAAGGTAACGATG-1,11.3591175,-10.49384,TK6 LIG4-/-
ACCAAAGGTCAGTTAC-1,9.447521,-11.107062,TK6 LIG4-/-
ACCAAAGGTTGCAGCC-1,17.94953,6.882172,143B
ACCAAATTCAAGTAAG-1,7.7073092,11.010556,RH30
ACCAAATTCACTATGG-1,18.011486,5.6526136,143B
ACCAAATTCCCATGCC-1,2.8404624,-2.491864,CHLA06ATRT
ACCAAATTCCTGCTAT-1,19.402628,7.472736,143B
ACCAAATTCTCATCAC-1,10.663069,-10.742017,TK6 LIG4-/-
ACCAACATCACTATCC-1,13.615999,13.046224,JM1
ACCAACATCACTGGTA-1,21.51239,-0.15314536,SAOS2
ACCAAGCTCAGCAATT-1,19.059996,5.311599,143B
ACCAAGCTCATGTGCA-1,16.623644,7.186938,143B
ACCAAGCTCCCCAACC-1,7.2424808,16.328295,SUPT11
ACCAAGTCAACCGCAA-1,12.265213,6.895953,143B
ACCAAGTCAGTTAGAC-1,10.519719,-9.067466,TK6 LIG4-/-
ACCAATGTCACTGTCT-1,11.716396,11.251955,JM1
ACCAATGTCATCTCTA-1,8.19338,-4.151553,CHLA06ATRT
ACCAATTAGCAATGAA-1,7.6748857,16.876556,SUPT11
ACCAATTAGGTTAGGG-1,16.394306,5.615206,143B
ACCACAATCACAGCGT-1,1.1788373,5.506346,PF382
ACCACAATCATCTGTC-1,16.572756,4.3658724,143B
ACCACAATCTAACCGA-1,12.70017,-4.692422,C8166
ACCACAATCTCATCTA-1,14.650521,6.0514426,143B
ACCACACAGCGATCCG-1,2.265778,8.526647,PF382
ACCACACAGCTAAGGG-1,19.655638,5.7105246,143B
ACCACAGCAAGCACCA-1,-2.753341,4.0805717,HAP1 MUTYH-/-
ACCACAGCAATACGGT-1,3.5091853,6.5117903,PF382
ACCACAGCATCCTAAT-1,-1.6345809,2.898718,HAP1 MUTYH-/-
ACCACAGCATGCTACC-1,4.137601,3.5108836,JURKAT
ACCACCTCAATCTAAG-1,11.265181,-9.088029,TK6 LIG4-/-
ACCACCTCATAACTAG-1,-1.5189215,-2.8179705,HELA XPA-/-
ACCACGTAGGGTACTC-1,11.732451,-0.9878942,ALLSIL
ACCACGTAGGTAGTAA-1,15.821299,8.111391,143B
ACCACGTAGTAATTGC-1,16.665699,-5.055294,C8166
ACCACGTAGTTGCGCG-1,15.870694,-4.803565,C8166
ACCACTAAGGGTGAGC-1,-3.8437507,0.6854218,HAP1 MUTYH-/-
ACCACTAAGGTTAGCC-1,-3.9656038,4.39434,HAP1 MUTYH-/-
ACCACTAAGTCAGGGA-1,3.2837617,-2.6409507,CHLA06ATRT
ACCAGGCCAAGCGGTC-1,3.413459,-7.6784577,U2OS OGG-/-
ACCAGGCCAAGTTACA-1,7.5142703,-4.2049274,CHLA06ATRT
ACCAGGCCAATTCGGG-1,13.333788,12.829034,JM1
ACCAGGCCACCTCAGT-1,7.2964787,-2.9837778,CHLA06ATRT
ACCATAACACAATGAC-1,17.838362,4.407477,143B
ACCATAACAGCCAGGT-1,6.445823,16.953636,SUPT11
ACCATAGTCATAGGAA-1,3.111857,-9.575409,U2OS OGG-/-
ACCATAGTCCATCCTG-1,-2.7828796,4.372832,HAP1 MUTYH-/-
ACCATAGTCCTGAGAC-1,0.6240676,12.310037,DND41
ACCATATAGGTTGACC-1,1.7351742,9.073667,PF382
ACCATCAAGCCAGTCG-1,-2.5466473,2.6445568,HAP1 MUTYH-/-
ACCATCAAGCTTACCT-1,10.282772,-11.719545,TK6 LIG4-/-
ACCATCAAGGCACTCG-1,14.468057,12.92012,JM1
ACCATCAAGTAGACCC-1,13.642505,6.9596395,143B
ACCATCCCAATCCGTC-1,12.953907,-5.221172,C8166
ACCATCCCAATTGGTA-1,1.299125,16.783821,TE617T
ACCATTAGTAACGCGG-1,14.043852,-5.001676,C8166
ACCATTAGTCAGCTAT-1,16.390905,4.8539634,143B
ACCATTAGTTAGGCCC-1,13.549138,5.536446,143B
ACCATTGAGTAAGCCC-1,-1.5412135,3.4897516,HAP1 MUTYH-/-
ACCATTGAGTTGGCTA-1,-0.8578497,-2.6211507,HELA XPA-/-
ACCATTTCAGGACATT-1,9.370284,-10.483184,TK6 LIG4-/-
ACCCAAATCCGCTGCT-1,16.293213,-4.9854264,C8166
ACCCAACAGCAATCGC-1,9.4557295,-10.577387,TK6 LIG4-/-
ACCCAACAGCTTAGGC-1,6.9549456,9.785067,RH30
ACCCAATGTGAGCGAT-1,15.299356,5.628606,143B
ACCCAATGTTAAGGTG-1,7.6655383,4.559069,NALM6
ACCCAATGTTTGGGTT-1,7.3204823,15.375022,SUPT11
ACCCAGACAACATCCC-1,15.943603,4.0059943,143B
ACCCAGACATGGTACG-1,20.903837,6.4638834,143B
ACCCAGGTCGTAATGT-1,7.780788,17.02686,SUPT11
ACCCAGGTCGTTAGTG-1,14.280017,14.530843,JM1
ACCCATAAGCATCGAC-1,3.379075,-9.952329,U2OS OGG-/-
ACCCATAAGGATACTT-1,2.8537855,6.687339,PF382
ACCCATAAGGTGCTCG-1,7.560334,16.09271,SUPT11
ACCCATAAGTGCTGGT-1,3.6746619,1.800811,JURKAT
ACCCATCCAAACTATG-1,15.751947,7.6772084,143B
ACCCATCCAAGCTTCC-1,19.194714,7.8922477,143B
ACCCATCCAATCGGCA-1,8.318314,5.5316005,NALM6
ACCCATCCACCATGAG-1,8.977583,-9.898407,TK6 LIG4-/-
ACCCATCCAGGTAGCC-1,-3.9340835,3.4524624,HAP1 MUTYH-/-
ACCCATGGTGATCCCA-1,19.09881,5.165036,143B
ACCCATTTCAGGCAAG-1,3.1694782,8.252832,PF382
ACCCATTTCGATGTCA-1,6.2526817,11.124252,RH30
ACCCCAAGTAAGGGCT-1,-3.9836497,1.849028,HAP1 MUTYH-/-
ACCCCAAGTGAGGCAT-1,1.1934594,6.769126,PF382
ACCCCAAGTTAAGGTG-1,6.8721695,15.6228485,SUPT11
ACCCCAAGTTTACCAA-1,-2.8713996,-2.8513968,HELA XPA-/-
ACCCCGTTCACCTCAT-1,0.79978347,6.417052,PF382
ACCCCGTTCATAGATC-1,4.952337,-4.903063,CHLA06ATRT
ACCCCGTTCCGTCAGG-1,3.6470933,0.77720726,JURKAT
ACCCCGTTCGATCAGC-1,1.8993835,8.615969,PF382
ACCCCGTTCGCGTTGG-1,-1.0679929,-3.6495223,HELA XPA-/-
ACCCCGTTCTGTGCCC-1,4.9386473,7.354592,PF382
ACCCCTGCAGGACTCA-1,18.84724,6.205812,143B
ACCCCTGCAGGACTTG-1,-3.052402,-3.0951073,HELA XPA-/-
ACCCCTTGTAGCAGAC-1,9.370089,-11.010234,TK6 LIG4-/-
ACCCCTTGTTATAGGG-1,1.2017558,8.325902,PF382
ACCCGAACAACTTACT-1,1.6011118,9.4373255,PF382
ACCCGAACATAATCTC-1,-5.310507,2.8081577,HAP1 MUTYH-/-
ACCCGATAGTGAATGA-1,-1.8102196,3.26605,HAP1 MUTYH-/-
ACCCGCAAGAAGCCTC-1,15.510874,6.60131,143B
ACCCGCAAGTGGCTTA-1,-3.376522,3.039837,HAP1 MUTYH-/-
ACCCGCTTCCTGAGTA-1,-1.4788574,2.9617136,HAP1 MUTYH-/-
ACCCGCTTCGCTGAGT-1,9.914463,-11.167835,TK6 LIG4-/-
ACCCGTGAGCGCATAC-1,18.750084,5.6320376,143B
ACCCGTGAGTGCTTGA-1,13.434566,-5.192295,C8166
ACCCGTTCAAACTAGC-1,19.323235,6.132254,143B
ACCCGTTCAACTTCCA-1,4.3127737,3.9307003,ALLSIL
ACCCGTTCACCTTGGT-1,-1.5079304,-2.3088863,HELA XPA-/-
ACCCGTTCATGACCCT-1,1.7071552,5.947112,PF382
ACCCTAGGTATTGAGG-1,7.612474,16.654896,SUPT11
ACCCTAGGTCTTGGAT-1,20.342806,-0.9303695,SAOS2
ACCCTAGGTTGGACCC-1,13.669493,-5.98375,C8166
ACCCTATTCTATGACG-1,-4.0938134,2.8238466,HAP1 MUTYH-/-
ACCCTATTCTGTCACT-1,17.92116,6.3388953,143B
ACCCTCGCAACTACTT-1,-1.3066801,7.0530324,C8166
ACCCTCGCACATTGGG-1,1.1619617,8.733936,PF382
ACCCTCGCATGGCTAG-1,9.984032,0.8010616,ALLSIL
ACCCTCTGTCTGGTCA-1,5.035711,1.0520014,JURKAT
ACCCTGCTCACCTAAG-1,5.8393216,6.3654637,PF382
ACCCTTTAGAACGACG-1,-3.559888,4.2956567,HAP1 MUTYH-/-
ACCCTTTAGGCATCGT-1,15.157848,5.5189223,143B
ACCGAAAGTCAGCACC-1,8.879842,-10.242963,TK6 LIG4-/-
ACCGAAAGTTAATGGG-1,21.698332,-0.12902313,SAOS2
ACCGACCGTTCGTCAG-1,-4.356144,1.1341331,HAP1 MUTYH-/-
ACCGACCGTTTGCCCT-1,14.834173,4.5253224,143B
ACCGACTAGCCCTACC-1,6.410594,10.952489,RH30
ACCGACTAGGTGCTAC-1,3.3640924,8.345707,PF382
ACCGACTAGGTTAGGG-1,20.669586,-1.9060926,SAOS2
ACCGAGGGTTTACTCT-1,1.2044955,6.805963,PF382
ACCGATGCACAGGCAC-1,2.0909019,15.242247,TE617T
ACCGATGCACCATCCG-1,13.981183,-5.6070967,C8166
ACCGATGCATCCCTGG-1,13.167487,13.48492,JM1
ACCGATGCATCGCTGT-1,9.413257,-10.802666,TK6 LIG4-/-
ACCGATTGTCTAATTG-1,17.834326,6.4134274,143B
ACCGATTGTGGGTCAG-1,11.029163,-8.858611,TK6 LIG4-/-
ACCGATTGTTGGTCAT-1,8.241376,4.3577566,NALM6
ACCGCAACACAGCACA-1,-0.95765704,-3.0863206,HELA XPA-/-
ACCGCAACACAGCGGT-1,4.106959,5.7143974,PF382
ACCGCAACATGGCTTC-1,-4.0183883,3.0070662,HAP1 MUTYH-/-
ACCGCCAAGGTAGATA-1,7.7754836,15.590967,SUPT11
ACCGCTAGTCTTGCGA-1,9.868818,-8.405572,TK6 LIG4-/-
ACCGCTAGTGCAACCC-1,3.924695,-2.5109596,CHLA06ATRT
ACCGCTAGTTAGTGAG-1,-4.622231,3.2785587,HAP1 MUTYH-/-
ACCGGATTCAGCGGAA-1,9.629103,5.5623913,NALM6
ACCGGATTCATCGTGA-1,-0.7559195,-2.4039361,HELA XPA-/-
ACCGGCTGTAGTGCTT-1,10.153796,-11.905693,TK6 LIG4-/-
ACCGGCTGTTAGCGAA-1,-2.4404721,4.3847857,HAP1 MUTYH-/-
ACCGGTTAGCGACTAC-1,9.71689,-11.0872,TK6 LIG4-/-
ACCGGTTAGGTAGTCC-1,2.7730136,-9.963304,U2OS OGG-/-
ACCGTTGGTAAGGTTG-1,-2.3975399,-3.3967671,HELA XPA-/-
ACCGTTGGTAGGCGAT-1,-3.7019665,2.2915368,HAP1 MUTYH-/-
ACCGTTGGTATGTGTC-1,13.19666,0.056344822,ALLSIL
ACCGTTGGTGAGGATC-1,7.2546563,15.324846,SUPT11
ACCGTTGGTTGGATGA-1,12.100365,6.922226,143B
ACCGTTGGTTTCGCAG-1,16.219236,-4.9379106,C8166
ACCTAACGTAAGCTAG-1,3.8198743,4.290251,PF382
ACCTAACGTGAACTAG-1,8.076509,6.1571484,NALM6
ACCTAACGTTAGTGTC-1,15.468019,-5.1808033,C8166
ACCTAAGTCCCGTTGC-1,12.929241,-4.904899,C8166
ACCTACCCAAGTCCAG-1,15.429922,-4.060158,C8166
ACCTACCCATGCTCAC-1,-3.0713184,-1.9443429,HELA XPA-/-
ACCTACTTCCTTCGGC-1,3.5819054,-3.8119364,CHLA06ATRT
ACCTATGAGATAGCCC-1,17.386286,6.8196945,143B
ACCTATGAGCTGGAAG-1,14.451585,13.452451,JM1
ACCTATGAGGTAGGAT-1,15.654386,-4.9629507,C8166
ACCTATGAGGTGAACG-1,3.5321229,4.576662,PF382
ACCTATGAGTAACCCA-1,4.724065,-4.8929734,CHLA06ATRT
ACCTCACCAATTCGGG-1,15.573776,-3.4435976,C8166
ACCTCACCATCACGAG-1,-4.2853518,4.0889006,HAP1 MUTYH-/-
ACCTCCATCAATCTCC-1,17.801249,8.125515,143B
ACCTCCATCAATCTGG-1,-3.2248063,2.4736407,HAP1 MUTYH-/-
ACCTCCATCATGCGAC-1,12.4903555,-4.568465,C8166
ACCTCCGCAAGCATTA-1,1.6225775,5.649006,PF382
ACCTCCGCAAGGTATC-1,7.5950317,15.212872,SUPT11
ACCTCCGCACCTCATA-1,-2.712568,2.8548594,HAP1 MUTYH-/-
ACCTCGCTCTCATCTA-1,7.3546147,15.926821,SUPT11
ACCTCTTAGCAACCGT-1,-2.175216,-2.4604077,HELA XPA-/-
ACCTCTTAGCGGTCAT-1,14.786455,-5.0489902,C8166
ACCTCTTAGGTCGTAC-1,-3.1317606,-4.0526013,HELA XPA-/-
ACCTCTTAGTAAGCAA-1,-1.5234183,-1.939057,HELA XPA-/-
ACCTGAATCTAGTCCT-1,6.7268896,-2.5655365,CHLA06ATRT
ACCTGATGTAATGTCC-1,6.6748805,10.543775,RH30
ACCTGCCTCTTGACGA-1,8.488753,-2.844757,CHLA06ATRT
ACCTGGACAAGCTTCC-1,8.597645,-2.9454749,CHLA06ATRT
ACCTGTCCAATATCTC-1,11.380167,-9.832343,TK6 LIG4-/-
ACCTGTCCAATCAAGC-1,11.286401,10.956859,JM1
ACCTGTCCACTCAACC-1,8.032602,3.7968996,NALM6
ACCTGTCCAGTTAAGC-1,10.801904,-0.5892781,ALLSIL
ACCTTAAGTCTAGCAT-1,15.727945,6.600835,143B
ACCTTCACAATCCGCT-1,3.3626952,-4.4279165,CHLA06ATRT
ACCTTCACACCTACTA-1,4.977881,6.7539177,PF382
ACCTTCACATGCTTCA-1,3.1096761,1.4532384,JURKAT
ACGAAATGTGCGGCTT-1,-2.3514493,3.0914545,HAP1 MUTYH-/-
ACGAAATGTTATAGGG-1,11.970074,-9.732583,TK6 LIG4-/-
ACGAACCTCGATTCAG-1,2.6350453,5.1679287,PF382
ACGAAGGTCCGGAGTT-1,14.246208,14.663088,JM1
ACGAAGGTCGTGCTGG-1,15.260068,7.664779,143B
ACGAATCCAGCTACGA-1,4.22995,5.446334,PF382
ACGAATCCATAGGCGC-1,17.552635,6.689984,143B
ACGAATGGTTAACCAC-1,17.53236,5.10678,143B
ACGAATGGTTACACGT-1,9.571236,-10.50065,TK6 LIG4-/-
ACGAATGGTTGCATGT-1,-4.2285852,13.895698,KHM1B
ACGACAAGTTGCTCTC-1,20.376032,-1.969461,SAOS2
ACGACATCAAGTGTAC-1,2.8460724,7.4750676,PF382
ACGACATCAATGCCGA-1,3.5152388,1.9152744,JURKAT
ACGACGAAGATTCGCA-1,1.3490767,5.1981506,PF382
ACGACGAAGCAAGTGG-1,9.996988,-10.511113,TK6 LIG4-/-
ACGACGAAGCTACTGA-1,1.8500952,16.80174,TE617T
ACGACGAAGGCATCGT-1,14.540643,3.7962785,143B
ACGAGCAAGCGACTTA-1,0.0066223983,12.395529,DND41
ACGAGCAAGCGATTCA-1,21.375935,0.12608539,SAOS2
ACGAGCAAGCTAGCGT-1,1.1729594,7.3146515,PF382
ACGAGCAAGTAGGCGA-1,21.52055,0.23118548,SAOS2
ACGAGCAAGTGGGTCT-1,1.8245283,-9.191932,U2OS OGG-/-
ACGAGTAGTATGGGTA-1,5.6077247,0.88949037,JURKAT
ACGAGTAGTTCGGCTA-1,18.771183,6.3454833,143B
ACGAGTGAGCGCAATC-1,8.605715,-4.6149783,CHLA06ATRT
ACGAGTGAGCGGTCAT-1,-3.723889,2.4080007,HAP1 MUTYH-/-
ACGAGTGAGTGAGACG-1,-4.592833,4.196824,HAP1 MUTYH-/-
ACGATAGGTTTCAGGT-1,12.857542,-1.0037699,ALLSIL
ACGATATTCCAATGTG-1,15.739336,-5.2059026,C8166
ACGATGGAGCATGTCA-1,16.222406,-4.053193,C8166
ACGATTGTCACCAATG-1,5.818524,15.085722,SUPT11
ACGATTGTCAGGATGG-1,1.0545497,15.45661,TE617T
ACGATTGTCAGTTAGT-1,-1.4544361,-2.687638,HELA XPA-/-
ACGATTGTCGATTACG-1,7.244884,15.220619,SUPT11
ACGATTTAGAATCGAA-1,18.239725,5.4494195,143B
ACGATTTAGCGGTTAC-1,12.265327,-1.147651,ALLSIL
ACGATTTAGGAGCCTT-1,14.334185,-4.046909,C8166
ACGATTTAGGATGGAT-1,-3.47818,3.2013824,HAP1 MUTYH-/-
ACGCAATCATGCGTCT-1,-3.2312977,-3.1107125,HELA XPA-/-
ACGCACTAGGAGGATT-1,16.539877,4.2496758,143B
ACGCAGCCAGCCTAGA-1,6.96838,17.595327,SUPT11
ACGCAGCCATCCTGAC-1,8.499829,10.518759,RH30
ACGCATATCACGCACG-1,9.1435375,4.617443,NALM6
ACGCATATCACTCACT-1,2.0022254,12.647108,DND41
ACGCATATCAGGCACT-1,20.016768,-1.5762858,SAOS2
ACGCATATCGATACTG-1,2.6158056,6.825281,PF382
ACGCCAACACTAGGTG-1,13.213126,-5.5245695,C8166
ACGCCAACACTATCGC-1,15.243284,4.952993,143B
ACGCCAACATGAGCGC-1,3.9029377,2.8508487,JURKAT
ACGCCCAAGAAGGGTT-1,7.5149,15.736896,SUPT11
ACGCCCAAGCGATCAC-1,-3.8106637,4.429758,HAP1 MUTYH-/-
ACGCCCAAGGATCAGG-1,2.327774,5.194325,PF382
ACGCCTAGTGAGTGTA-1,1.1920547,5.3923526,PF382
ACGCCTAGTTAACCCG-1,11.354685,-1.3784535,ALLSIL
ACGCCTAGTTGCGATT-1,2.3953655,9.088918,PF382
ACGCGAAAGAATCCAT-1,15.747724,7.821929,143B
ACGCGAAAGTACGGGA-1,0.5786083,11.506035,DND41
ACGCGAAAGTGGCAGA-1,17.892187,6.1441717,143B
ACGCGAGGTAAGTCTC-1,13.308907,0.23243162,ALLSIL
ACGCGAGGTGGAGACT-1,11.9421425,-0.0070625525,ALLSIL
ACGCGATTCACAGATT-1,15.213761,6.3456087,143B
ACGCGATTCGACCCAG-1,15.181066,6.598758,143B
ACGCGATTCTAAGTAC-1,3.1348276,-2.86334,CHLA06ATRT
ACGCGCATCACATACG-1,19.286903,7.686663,143B
ACGCGCATCAGTTGGC-1,13.224617,13.599708,JM1
ACGCGCATCCTTAACC-1,-2.0983264,-2.6410127,HELA XPA-/-
ACGCGCATCGTGCTGG-1,5.5764117,0.9292783,JURKAT
ACGCGGTCAATGCCAG-1,-4.746583,3.4531481,HAP1 MUTYH-/-
ACGCGGTCATAATTGG-1,3.9963522,0.64201355,JURKAT
ACGCTAATCAGTTACG-1,-1.4942516,3.661061,HAP1 MUTYH-/-
ACGCTAATCCATCTGT-1,8.683902,5.26056,NALM6
ACGCTAATCGACCAGT-1,8.7774,5.5605392,NALM6
ACGCTGACACATTGAA-1,15.431112,-6.0943913,C8166
ACGCTGACACCATCTA-1,4.4074535,2.0865679,JURKAT
ACGCTGACATGCGGAC-1,17.497252,5.573324,143B
ACGCTGACATGCTCAC-1,10.222942,-10.481134,TK6 LIG4-/-
ACGCTTGGTTTGGGAA-1,-5.007912,2.6958513,HAP1 MUTYH-/-
ACGGAACGTTGGCCGT-1,19.883423,-1.5195498,SAOS2
ACGGAACGTTTCCTCA-1,2.010922,-8.848017,U2OS OGG-/-
ACGGAACGTTTCGTCC-1,14.705956,13.83256,JM1
ACGGACAAGGCTTCCC-1,-5.280485,3.1321406,HAP1 MUTYH-/-
ACGGACAAGTCAGCGT-1,10.831401,-9.456738,TK6 LIG4-/-
ACGGACAAGTGAGTAA-1,11.033068,-8.546708,TK6 LIG4-/-
ACGGAGGCAGTAATTG-1,15.165499,3.5812712,143B
ACGGATTCAAACCTAA-1,2.6711051,6.3321104,PF382
ACGGATTCAATTCACT-1,-2.167234,-2.3274395,HELA XPA-/-
ACGGCAAAGCGCTATA-1,10.225252,-9.515939,TK6 LIG4-/-
ACGGCAAAGCTGGGTT-1,3.4212399,-7.6564016,U2OS OGG-/-
ACGGCAAAGGAGGACC-1,1.2369486,11.784328,DND41
ACGGCAAAGGCGTCTG-1,13.145286,0.2714624,ALLSIL
ACGGCAAAGGTCCAGT-1,17.974981,5.2906413,143B
ACGGCAAAGTATGTAC-1,16.474417,5.048562,143B
ACGGCAAAGTCAACTG-1,13.293802,-5.2014804,C8166
ACGGCACCACCAGGGT-1,18.289114,5.407625,143B
ACGGCAGGTTTGACCG-1,4.2469506,5.7890015,PF382
ACGGCCATCACGTGTA-1,4.664985,-3.9481337,CHLA06ATRT
ACGGCCATCATGCTCT-1,-1.4898729,-2.0516033,HELA XPA-/-
ACGGCCATCCATGCGG-1,17.540483,4.374635,143B
ACGGCCATCCTCAGTT-1,16.33864,4.995198,143B
ACGGCTTAGTGGGTTC-1,1.2080386,5.7262597,PF382
ACGGGATGTAATGTCC-1,5.209058,1.400234,JURKAT
ACGGGATGTAGCGGTG-1,7.604084,16.090574,SUPT11
ACGGGATGTGGCAGCA-1,-2.5635128,3.4268754,HAP1 MUTYH-/-
ACGGGCAGTGAGGCCA-1,9.500401,-10.712519,TK6 LIG4-/-
ACGGGCTCAACTAGGT-1,16.910892,5.478932,143B
ACGGGCTCAATGGAAG-1,14.6478,14.278192,JM1
ACGGGGACAAGCCACA-1,6.720754,17.547888,SUPT11
ACGGGGACAAGGGTCC-1,-1.592051,-3.0177002,HELA XPA-/-
ACGGGGACAGGACACC-1,4.4230895,-4.6249046,CHLA06ATRT
ACGGGGACATTAGTGA-1,-0.7249312,-2.3314407,HELA XPA-/-
ACGGGTAAGGATGGAT-1,18.191032,6.883206,143B
ACGGGTAAGTAGAGAC-1,19.643547,-1.8205457,SAOS2
ACGGGTTTCCCATAGA-1,1.8693546,-8.944651,U2OS OGG-/-
ACGGGTTTCCTGATAG-1,-3.7730613,1.594097,HAP1 MUTYH-/-
ACGGTCACAAGGGAAC-1,0.27452227,12.682417,DND41
ACGGTCACAATACATG-1,10.4331455,-8.560453,TK6 LIG4-/-
ACGGTCACAATCGACG-1,17.002464,4.225133,143B
ACGGTTATCATCACGA-1,8.533067,-4.021195,CHLA06ATRT
ACGGTTATCCGCAAGT-1,11.439831,-0.14627317,ALLSIL
ACGGTTATCCTGACCC-1,3.3420067,-10.060622,U2OS OGG-/-
ACGGTTATCTCATCCG-1,11.25125,-9.08716,TK6 LIG4-/-
ACGTAACCACTTCGCG-1,1.1290618,5.7836056,PF382
ACGTAAGGTAGCGGAT-1,8.819429,-9.578301,TK6 LIG4-/-
ACGTAAGGTCAATGGA-1,7.9043865,5.804445,NALM6
ACGTAAGGTGCATCCA-1,8.77889,3.4938743,NALM6
ACGTAAGGTTAGAGTG-1,17.971777,6.7904587,143B
ACGTAAGGTTGACCAT-1,11.640424,0.095828734,ALLSIL
ACGTATTAGCGCTTAA-1,9.6305685,1.1265008,ALLSIL
ACGTATTAGGTCCAGT-1,15.347599,-5.300514,C8166
ACGTATTAGGTTCAGC-1,15.4929285,5.657083,143B
ACGTCAATCACCTCAT-1,5.0562825,0.9426872,JURKAT
ACGTCAATCACTCAGA-1,0.8395223,15.040804,TE617T
ACGTCAATCTAACCAG-1,18.333948,5.683008,143B
ACGTCACAGCAGGTTC-1,19.761385,5.5636,143B
ACGTCACAGGATCCCG-1,1.1824608,8.817746,PF382
ACGTCACAGGATCTCA-1,15.292956,-6.3956904,C8166
ACGTCACAGTCGCATA-1,16.18284,4.1059175,143B
ACGTCACAGTTACGAT-1,3.3632324,8.473828,PF382
ACGTCCCTCACATGGC-1,-2.0093267,-2.2421966,HELA XPA-/-
ACGTCCCTCTAGTAAC-1,15.208,-5.9119244,C8166
ACGTCCTCACCATCGT-1,15.100443,7.0041423,143B
ACGTCTAAGGCGATGA-1,5.7530355,6.5017114,PF382
ACGTCTAAGGTCGTTA-1,-3.5692997,3.5153766,HAP1 MUTYH-/-
ACGTGAGAGGAATGGT-1,-1.4667999,-2.7486248,HELA XPA-/-
ACGTGAGAGGTTCACA-1,2.4553964,6.754992,PF382
ACGTGGTTCACATGAT-1,8.920093,-9.439931,TK6 LIG4-/-
ACGTGGTTCATGGCAC-1,11.844337,12.411352,JM1
ACGTGTTGTAAGTTGG-1,8.506762,-2.924731,CHLA06ATRT
ACGTGTTGTTCGCCTT-1,-4.3633814,4.0766854,HAP1 MUTYH-/-
ACGTTAACAAGTTCAA-1,-2.6021636,-5.0791655,HELA XPA-/-
ACGTTAACATGCTGAG-1,-3.057556,-3.2030175,HELA XPA-/-
ACGTTAGTCCGCGCAA-1,10.0713,-10.969895,TK6 LIG4-/-
ACGTTAGTCCGGGTCA-1,16.846445,6.7056985,143B
ACGTTATAGCGGATTC-1,8.45468,5.2211585,NALM6
ACGTTATAGTGGCGAA-1,15.885054,4.8781424,143B
ACGTTCCCAAAGGATG-1,1.5432487,-9.015937,U2OS OGG-/-
ACGTTCCCAAGGGATA-1,-3.7331154,14.132125,KHM1B
ACTAACTAGTAACCGC-1,10.20865,-8.646953,TK6 LIG4-/-
ACTAAGCCAAACTCGG-1,9.945614,-12.053218,TK6 LIG4-/-
ACTAAGCCAAGTGTGT-1,2.0507972,8.336215,PF382
ACTAAGCCACATGCGA-1,9.089291,-11.285745,TK6 LIG4-/-
ACTAAGCCAGCTCTGT-1,15.751331,5.0887465,143B
ACTAAGCCAGGGATGG-1,9.444916,4.896618,NALM6
ACTAAGGGTAGGCGCA-1,3.1106293,-10.075391,U2OS OGG-/-
ACTACAACAACATTGA-1,16.69818,5.8379974,143B
ACTACAACAGCCAAGC-1,-1.18705,-3.1764872,HELA XPA-/-
ACTACATAGGATGCTC-1,6.0549345,16.007906,SUPT11
ACTACATAGTAATGTC-1,14.533483,7.373474,143B
ACTACATAGTAGCTCA-1,11.701108,-0.22059758,ALLSIL
ACTACCAAGCAACTAT-1,-1.4962227,3.7025595,HAP1 MUTYH-/-
ACTACCCCAAACTGAC-1,2.3051393,5.1167226,PF382
ACTACCTTCCATTAGG-1,7.5663295,16.235065,SUPT11
ACTACCTTCCGTGTGG-1,6.12382,15.6354,SUPT11
ACTACTTCAACATCCC-1,17.372705,6.729643,143B
ACTACTTCAATTCGTT-1,5.018151,5.2379656,PF382
ACTACTTCATGGATCG-1,20.409145,-2.163966,SAOS2
ACTATCAGTGACTCTG-1,3.8577073,-8.671135,U2OS OGG-/-
ACTATCAGTTGTAACC-1,10.844439,-8.325337,TK6 LIG4-/-
ACTATCAGTTTCCTCA-1,4.4390907,6.4873075,PF382
ACTATCCTCCAGAGCT-1,2.773766,1.3903738,JURKAT
ACTATCCTCCCATAGA-1,-0.54071385,-2.7641962,HELA XPA-/-
ACTATCTCAATTGGCG-1,3.4958441,7.811255,PF382
ACTATCTCACCATGTC-1,6.751456,15.708119,SUPT11
ACTATCTCATAGATCA-1,14.326617,13.9991455,JM1
ACTATTCCAAGCACCA-1,6.445993,14.636684,SUPT11
ACTATTGGTCTGGGCT-1,8.503287,5.160716,NALM6
ACTATTGGTGCAGTCC-1,11.060579,-1.6336806,ALLSIL
ACTCACAAGAAGGGTT-1,2.6419892,7.097549,PF382
ACTCACAAGCAACCTA-1,6.431021,17.115847,SUPT11
ACTCACAAGTGATAGA-1,15.465908,-4.0622926,C8166
ACTCACCCAATTACCT-1,11.58866,-0.15593319,ALLSIL
ACTCACCCACTAGGGC-1,13.973309,-4.991146,C8166
ACTCACCCAGGGATGG-1,7.4842,-3.3402886,CHLA06ATRT
ACTCACCCATCCAATT-1,14.818308,-5.522289,C8166
ACTCACTTCCCGCAAG-1,13.376359,-0.3206609,ALLSIL
ACTCAGGCACCTGTAC-1,20.233492,-0.9493232,SAOS2
ACTCATTCAAGGTAAG-1,14.703849,13.139834,JM1
ACTCCAAAGCAAGCCT-1,13.956508,12.764329,JM1
ACTCCAAAGGTTACAT-1,18.932503,5.9718766,143B
ACTCCCATCCAGGTAC-1,15.928062,4.204488,143B
ACTCCCATCGATAGTT-1,-1.1951021,-2.5417073,HELA XPA-/-
ACTCCCATCGCTGATA-1,-2.436024,-4.6230807,HELA XPA-/-
ACTCCCTGTTCGCTTC-1,13.997591,6.55844,143B
ACTCCCTGTTGCCTGA-1,17.052174,5.0357556,143B
ACTCCCTGTTTGCCTC-1,14.374633,8.014719,143B
ACTCCGCTCCAACTGA-1,6.8711863,10.285833,RH30
ACTCCGCTCCCTGTAT-1,17.809174,7.9100647,143B
ACTCCGCTCGCGCTGA-1,14.898033,4.526498,143B
ACTCCTTAGAACGGGC-1,-3.8665614,13.888583,KHM1B
ACTCGAATCACCTCTG-1,-0.8645022,-2.4715655,HELA XPA-/-
ACTCGAATCATGGTAT-1,-0.6238296,-2.7149258,HELA XPA-/-
ACTCGAATCCCCTTAG-1,20.792374,-1.6842499,SAOS2
ACTCGAATCTATGCCT-1,-1.0565507,-3.0935028,HELA XPA-/-
ACTCGATGTAGGCCAG-1,17.915981,6.3036594,143B
ACTCGATGTCTAACGT-1,11.561684,-8.693024,TK6 LIG4-/-
ACTCGTCCAAAGGATG-1,11.068102,-1.1018804,ALLSIL
ACTCGTCCAAGCCGTA-1,-3.693372,3.673372,HAP1 MUTYH-/-
ACTCTCACACATGCCT-1,5.0994697,6.4734,PF382
ACTCTCACACCATTCA-1,16.49503,8.168998,143B
ACTCTCACAGCATGGC-1,7.0133805,-3.2666776,CHLA06ATRT
ACTCTCACATAACCAA-1,1.1446108,7.5927734,PF382
ACTCTGTTCACACAGC-1,15.845833,6.5326095,143B
ACTCTTGCAATGACAC-1,-4.0308986,13.973629,KHM1B
ACTCTTGCATCCCTAA-1,7.585242,-2.60354,CHLA06ATRT
ACTCTTGCATTCCTAG-1,4.4370165,-3.492877,CHLA06ATRT
ACTGAACCAGCCAGAC-1,3.3225718,0.5505403,JURKAT
ACTGAAGGTAGCGCCT-1,5.8929605,6.7694945,PF382
ACTGAAGGTTCAATGC-1,1.4912755,8.499465,PF382
ACTGAAGGTTTCGAGT-1,17.392551,7.040113,143B
ACTGAGGAGTCGAATT-1,2.712987,6.320111,PF382
ACTGAGGAGTGTCATG-1,3.0786242,-2.1725118,CHLA06ATRT
ACTGATTAGCGCGATT-1,-3.2328517,3.1338537,HAP1 MUTYH-/-
ACTGATTAGTGAACCC-1,-1.2969122,-2.5793135,HELA XPA-/-
ACTGATTAGTGCTCGG-1,21.64191,-0.30184507,SAOS2
ACTGCAATCATGAGTT-1,6.5712523,15.721625,SUPT11
ACTGCATGTGATGGTA-1,1.675903,5.384917,PF382
ACTGCCTCATAATTGG-1,-3.1894877,3.2968984,HAP1 MUTYH-/-
ACTGCGCGTGCACGTC-1,-2.475006,4.1614084,HAP1 MUTYH-/-
ACTGCGCGTTTCAGCG-1,14.887279,13.544088,JM1
ACTGGGTTCACGTGTA-1,11.612361,0.061903823,ALLSIL
ACTGGGTTCAGGCAGA-1,2.231621,6.002674,PF382
ACTGGTTGTATGTACC-1,13.385436,-5.262729,C8166
ACTGGTTGTTCGTCAG-1,6.4083652,15.83209,SUPT11
ACTGTCAAGCAAGCTC-1,1.6184436,8.684732,PF382
ACTGTCAAGCCGCGTA-1,1.2464391,9.080819,PF382
ACTGTCAAGGTGAACG-1,11.636035,-8.598522,TK6 LIG4-/-
ACTGTGATCACGCGCA-1,6.3744307,15.721799,SUPT11
ACTGTTAGTATAGCGA-1,6.562296,11.190641,RH30
ACTGTTAGTGATTAGG-1,19.684685,-1.0531175,SAOS2
ACTGTTAGTTCGTTAA-1,6.736459,16.679726,SUPT11
ACTGTTGAGCCATCCC-1,15.0248995,5.415867,143B
ACTTAACAGTGCCGAT-1,-2.3028977,4.425168,HAP1 MUTYH-/-
ACTTACCTCAATTCGG-1,18.55568,6.097751,143B
ACTTACCTCACCTGAA-1,11.152877,11.203428,JM1
ACTTACCTCATGGACC-1,18.595964,6.056453,143B
ACTTACCTCCAATTCC-1,20.57554,-1.9164083,SAOS2
ACTTACCTCCTGATCT-1,-1.62438,3.1583757,HAP1 MUTYH-/-
ACTTACCTCCTGCTGC-1,7.205068,16.141499,SUPT11
ACTTACCTCGTTCAAG-1,5.7666707,6.9120245,PF382
ACTTACTCACCTAACC-1,8.204031,-4.7664566,CHLA06ATRT
ACTTACTCAGCACTTC-1,7.840488,15.088744,SUPT11
ACTTAGGTCAGCCAGT-1,16.911854,6.527578,143B
ACTTAGGTCTATGCCT-1,3.725549,7.959712,PF382
ACTTATGGTTATCCTT-1,7.869613,15.220659,SUPT11
ACTTCATCACAACGGC-1,6.3704386,15.286306,SUPT11
ACTTCGCCATCCAGCT-1,9.431114,-8.923523,TK6 LIG4-/-
ACTTCTATCCGTCCGT-1,3.6015725,-4.3336525,CHLA06ATRT
ACTTGAGTCCAACTAG-1,14.635505,-5.2625484,C8166
ACTTGCTTCAATTAGC-1,9.555135,-10.154746,TK6 LIG4-/-
ACTTGCTTCCTCAGTT-1,8.974118,-10.753021,TK6 LIG4-/-
ACTTGCTTCCTCATCG-1,7.535722,16.213211,SUPT11
ACTTGGATCACACACA-1,7.2241073,15.146887,SUPT11
ACTTGGATCGCTCATT-1,2.956412,1.7338564,JURKAT
ACTTGGGCAACCCTGT-1,8.232497,6.3272405,NALM6
ACTTGGGCAGCAGGTC-1,-2.009432,2.7988746,HAP1 MUTYH-/-
ACTTGGGCATCCCATA-1,14.893843,6.6441293,143B
ACTTGGGCATGCTCTA-1,9.042825,-10.81273,TK6 LIG4-/-
ACTTGGGCATTAACGA-1,12.87883,-4.9155884,C8166
ACTTGTGAGGTAAGGT-1,13.96472,12.911423,JM1
ACTTGTGAGTGCAACC-1,18.542374,6.195571,143B
ACTTTAGGTTAGCAAG-1,1.0026679,16.393185,TE617T
ACTTTCGCATCGAACG-1,8.908618,3.9548428,NALM6
ACTTTGAGTCTAAGTC-1,16.077969,4.8135715,143B
ACTTTGAGTTCTGTAA-1,-2.9262707,-2.8243556,HELA XPA-/-
ACTTTGCTCGCTAGGT-1,7.3031454,15.031091,SUPT11
ACTTTGCTCTGGAACC-1,2.820658,7.380311,PF382
ACTTTGGAGAAGCCCT-1,3.9459445,-2.3919458,CHLA06ATRT
ACTTTGGAGTAATCAC-1,7.5176063,11.35857,RH30
ACTTTGGAGTCGCTCC-1,19.855133,-1.5690243,SAOS2
AGAAGGGGTCAGTATC-1,2.8758242,6.0329466,PF382
AGAAGGGGTCCATATA-1,7.4022083,9.830225,RH30
AGAAGGGGTGAGTAGC-1,12.117459,12.060373,JM1
AGAAGGGGTTCGGGCT-1,3.438725,7.2571535,PF382
AGAAGGTTCAGGGATG-1,11.960187,11.803439,JM1
AGAAGGTTCCGCCTTA-1,3.0808957,-3.6137216,CHLA06ATRT
AGAAGGTTCCTGATCT-1,12.692188,-4.752422,C8166
AGAAGGTTCTAGGCCG-1,-3.4339695,3.600377,HAP1 MUTYH-/-
AGAAGTCAGGATGTAA-1,20.780052,6.499629,143B
AGAAGTTGTAACGAAT-1,10.087246,-8.2371235,TK6 LIG4-/-
AGAAGTTGTTCCTCTA-1,17.806515,5.9507213,143B
AGAATCAAGCCGATGT-1,-2.5285366,-4.6401763,HELA XPA-/-
AGAATCAAGGGGTAGC-1,1.2769814,6.086776,PF382
AGAATTGAGCATCCTT-1,-0.25505856,-3.0249631,HELA XPA-/-
AGAATTGAGGAGGTAT-1,-2.3569493,-4.826815,HELA XPA-/-
AGACAACAGCAATCGC-1,9.445318,5.075538,NALM6
AGACAGACAAGCACTG-1,13.34353,12.556271,JM1
AGACAGACACATTGAA-1,4.3041563,-4.186786,CHLA06ATRT
AGACAGACATGGTGTG-1,11.608044,11.021017,JM1
AGACATAAGCATGCAC-1,10.168531,-10.7249155,TK6 LIG4-/-
AGACATAAGCTAGGGA-1,-1.9142656,4.273143,HAP1 MUTYH-/-
AGACATAAGTCGCGCA-1,14.399827,-4.8270416,C8166
AGACATAAGTTGGATT-1,-3.1371348,3.6462266,HAP1 MUTYH-/-
AGACATCCACATTGAA-1,3.179163,-8.770616,U2OS OGG-/-
AGACATCCACTCAATT-1,12.705055,-4.674316,C8166
AGACATCCATAAGTTG-1,7.997347,6.3128233,NALM6
AGACATCCATCGCTTA-1,15.4146185,-6.6668897,C8166
AGACATCCATCGTAGG-1,-3.0868773,2.9622524,HAP1 MUTYH-/-
AGACATGGTGACGACG-1,3.4863892,-3.577077,CHLA06ATRT
AGACATGGTTCGCTGA-1,14.348223,13.714368,JM1
AGACATGGTTGCTTCC-1,7.983717,11.329898,RH30
AGACGAACACTCGCTG-1,3.790918,0.90560526,JURKAT
AGACGAACATCACTGC-1,-3.2530437,4.712218,HAP1 MUTYH-/-
AGACGATAGAACGATA-1,14.89447,-4.11279,C8166
AGACGATAGCCTGTAA-1,16.835417,7.5038404,143B
AGACGATAGCGAGGTA-1,2.016333,-9.495868,U2OS OGG-/-
AGACGATAGTAATTGC-1,18.923452,5.599948,143B
AGACGATAGTGATGAA-1,-3.046979,2.7107399,HAP1 MUTYH-/-
AGACGCAAGGCATCAC-1,7.1832104,-2.9960191,CHLA06ATRT
AGACGCAAGGCGTTCG-1,2.2746878,15.043483,TE617T
AGACGCGGTTCTGTCC-1,4.3220296,0.19074585,JURKAT
AGACGGGCAGTACCGA-1,-1.0820037,-2.5440145,HELA XPA-/-
AGACGGGCATCCTGGT-1,3.3967698,-8.628877,U2OS OGG-/-
AGACGTAGTAAGCCAA-1,6.2172523,16.928326,SUPT11
AGACGTAGTTAGCCGC-1,5.857367,15.238765,SUPT11
AGACTCGCACAATCCC-1,7.732512,15.651153,SUPT11
AGACTCGCACTCGCAT-1,18.458744,8.547916,143B
AGACTGCTCGACCCAG-1,1.4624132,12.180057,DND41
AGACTTACAATCTAAG-1,15.197877,-6.0782804,C8166
AGACTTACATAGGCAT-1,14.498485,14.064589,JM1
AGAGAATCAAACTAGC-1,1.0001248,11.20496,DND41
AGAGAATCACTTCACA-1,-2.3630457,2.726523,HAP1 MUTYH-/-
AGAGAATCATGGTCCT-1,19.337421,5.8738174,143B
AGAGAATCATGTCGGA-1,13.370842,-5.3463607,C8166
AGAGAATCATTAGATG-1,10.751147,-7.9173446,TK6 LIG4-/-
AGAGACCGTCAGCTCA-1,1.9867206,-9.629555,U2OS OGG-/-
AGAGACTAGCGGAGAC-1,16.024416,4.5859866,143B
AGAGACTAGCGGATCT-1,13.528155,-5.1064973,C8166
AGAGACTAGGAGGCAC-1,13.216433,7.256667,143B
AGAGACTAGGTGCAAG-1,18.921476,7.535199,143B
AGAGACTAGTAGAGCG-1,12.969828,14.473242,JM1
AGAGAGAAGGTGAGCA-1,10.784101,-8.497087,TK6 LIG4-/-
AGAGAGAAGTAGCGGA-1,15.482695,7.0124,143B
AGAGAGGGTGGGAACT-1,-0.96711683,-2.7421782,HELA XPA-/-
AGAGATGCACAGGGCT-1,6.661132,11.070585,RH30
AGAGGAGGTTCTGTGG-1,-1.9151005,4.329656,HAP1 MUTYH-/-
AGAGGCATCAGCAGAG-1,0.2905476,12.3065195,DND41
AGAGGCATCAGGGATG-1,17.54899,6.13969,143B
AGAGGCATCATGTCAG-1,-2.882341,2.9706612,HAP1 MUTYH-/-
AGAGGCATCCATATCC-1,5.892817,12.005117,RH30
AGAGGCATCGCGAACT-1,5.2878413,7.413438,PF382
AGAGGCATCTTGACGA-1,3.4808648,-2.0496356,CHLA06ATRT
AGAGGCGCAAGTGCGC-1,-2.7537239,-4.9606686,HELA XPA-/-
AGAGGCGCATCGCTGT-1,11.186874,0.24923348,ALLSIL
AGAGGCTGTGAGGAGA-1,-3.9217806,1.7119294,HAP1 MUTYH-/-
AGAGGCTGTGCGATGG-1,8.911178,4.2096095,NALM6
AGAGGGTCAACTAGAC-1,13.080966,-5.467069,C8166
AGAGGGTCACTTCGAC-1,20.525291,6.378373,143B
AGAGGTTAGCCTAGCG-1,6.824816,-3.7356918,CHLA06ATRT
AGAGGTTAGTGCAATT-1,0.8026939,6.9723125,PF382
AGAGTAATCCAGCATA-1,3.9910321,2.3100395,JURKAT
AGAGTATGTTGCGCGT-1,-4.196899,4.170396,HAP1 MUTYH-/-
AGAGTCAGTGATAGAT-1,2.6129782,-10.108156,U2OS OGG-/-
AGAGTCCTCATCAGGC-1,8.855888,4.28628,NALM6
AGAGTCCTCCATCAAG-1,2.6381767,-10.215767,U2OS OGG-/-
AGAGTCCTCCCAGTCC-1,2.4603102,7.050236,PF382
AGAGTCCTCCCGCGTT-1,18.32837,8.162376,143B
AGAGTTGGTGATGGTA-1,13.400198,-5.721829,C8166
AGAGTTGGTGGGAACT-1,7.7274175,11.061954,RH30
AGCAAGGTCACTCCAT-1,1.2845143,16.766653,TE617T
AGCAAGGTCCTTAGCT-1,-2.0113907,-2.383426,HELA XPA-/-
AGCAATTTCATCTGGA-1,3.4777806,8.168827,PF382
AGCACCACACAGCAAT-1,5.6178093,0.7108861,JURKAT
AGCACGCCATCGGTCT-1,9.158294,-3.9846225,CHLA06ATRT
AGCACGCCATGGATAC-1,-0.888725,-2.428162,HELA XPA-/-
AGCACGTTCCGCAGTG-1,6.4897914,16.163843,SUPT11
AGCACGTTCTCACTGT-1,4.1498566,3.4456193,JURKAT
AGCACTTGTGCGAGTG-1,3.7685683,7.0219207,PF382
AGCACTTGTTTACCGG-1,13.8419895,4.9541206,143B
AGCAGCAAGCCATCGG-1,5.604019,0.7948579,JURKAT
AGCAGCAAGCCGATAC-1,-3.843858,0.87135226,HAP1 MUTYH-/-
AGCAGGATCAATTGCG-1,-4.7312098,2.9633546,HAP1 MUTYH-/-
AGCAGGATCCCAGGTG-1,-2.6189027,2.9560857,HAP1 MUTYH-/-
AGCAGGATCCTCTCTC-1,-5.123246,2.6239889,HAP1 MUTYH-/-
AGCATAGGTGCGGCTT-1,-2.5813873,2.9783807,HAP1 MUTYH-/-
AGCATAGGTTAGGGAC-1,1.3501778,5.6028895,PF382
AGCATATTCGATGGGA-1,13.876984,7.0258126,143B
AGCATATTCTGGTACA-1,1.51267,8.025293,PF382
AGCATCATCAGCAGTC-1,14.021144,12.353503,JM1
AGCATCATCCCCAACC-1,15.622009,5.572787,143B
AGCATCATCTAACTCC-1,11.226425,10.969296,JM1
AGCATCTGTATGGGTA-1,19.904858,6.028705,143B
AGCATGAGTGCATTAC-1,-3.4563942,1.0864902,HAP1 MUTYH-/-
AGCATGGAGAATCAAG-1,12.773403,-4.920381,C8166
AGCATGGAGGTCCATA-1,2.9203234,-2.6188378,CHLA06ATRT
AGCATGGAGGTCCCAG-1,4.4633517,6.841292,PF382
AGCATGGAGTATGGAA-1,2.8093185,15.485652,TE617T
AGCATGGAGTTGGCGT-1,4.7350373,5.3600893,PF382
AGCATTGTCAGTTGGC-1,12.293408,6.9690957,143B
AGCATTTAGCTACGAC-1,14.945329,-3.858526,C8166
AGCATTTAGCTTCCGC-1,2.7521217,15.439941,TE617T
AGCATTTAGTCAGGTC-1,17.21246,7.033143,143B
AGCCAAAGTCTAATGC-1,8.096872,4.30398,NALM6
AGCCAAAGTTAGGGAC-1,15.86567,7.351621,143B
AGCCAAAGTTCGTCCT-1,-1.8845057,3.533482,HAP1 MUTYH-/-
AGCCACTAGTCAGTCA-1,3.7514513,5.4010715,PF382
AGCCAGCCAACGGCTA-1,14.704576,-4.925275,C8166
AGCCAGCCAAGTAGGA-1,1.3788825,11.4752035,DND41
AGCCATCAGCATTAGT-1,3.3951366,-2.6105053,CHLA06ATRT
AGCCATCAGGATGTAA-1,5.122491,7.4485064,PF382
AGCCATTGTATGGTAG-1,13.228317,13.79286,JM1
AGCCATTGTTCGCTGA-1,-1.0125602,-3.6107097,HELA XPA-/-
AGCCATTGTTGGCATT-1,-2.4806185,2.8727071,HAP1 MUTYH-/-
AGCCCAACAATCGTGG-1,13.559204,-0.29846543,ALLSIL
AGCCCAACAGGTTCAG-1,17.528671,5.6784787,143B
AGCCCAACAGTTGCTC-1,13.1321335,-0.08727795,ALLSIL
AGCCCATAGCTAGGGA-1,11.385886,-9.888253,TK6 LIG4-/-
AGCCCATAGCTTAGTG-1,2.796847,-7.9236846,U2OS OGG-/-
AGCCCATAGGTATGGG-1,3.1416883,6.0796137,PF382
AGCCCATAGTGTCAAT-1,6.797775,15.854101,SUPT11
AGCCCCAAGGAGGTTG-1,7.650717,15.239064,SUPT11
AGCCCCTTCATGCGCG-1,16.021814,6.5039244,143B
AGCCCCTTCCGCAGAT-1,-0.3120585,-2.471609,HELA XPA-/-
AGCCCCTTCGAGGTCT-1,0.8487997,15.21879,TE617T
AGCCCGATCACTCCGC-1,8.437369,-4.362869,CHLA06ATRT
AGCCCGATCAGGGAAT-1,15.523321,5.518587,143B
AGCCCGATCCCGCTAC-1,13.247629,13.739419,JM1
AGCCCTAGTAGCAGGT-1,-2.3586547,-4.2023144,HELA XPA-/-
AGCCCTAGTAGGTCCC-1,-2.7656138,-3.4639418,HELA XPA-/-
AGCCCTAGTTGACCAT-1,5.265328,5.665858,PF382
AGCCGAAAGGATGATA-1,18.08331,8.33967,143B
AGCCGAAAGTTAATGC-1,8.512593,3.4865804,NALM6
AGCCGATTCCTCATCG-1,5.0402436,6.952219,PF382
AGCCGTTAGCCGCGTA-1,12.642047,14.110358,JM1
AGCCGTTAGGCGAGGT-1,1.0901365,5.8062377,PF382
AGCCGTTAGTTGCTGA-1,-4.783951,3.3202496,HAP1 MUTYH-/-
AGCCTCAGTGAACCAA-1,14.541595,5.8843026,143B
AGCCTCAGTTATCCAA-1,10.087914,-11.703549,TK6 LIG4-/-
AGCCTCCTCACTCTGT-1,15.980668,-7.4827104,C8166
AGCCTCCTCCAATGTG-1,8.095434,5.5968485,NALM6
AGCCTCTCAGCCATGA-1,11.614111,0.32124203,ALLSIL
AGCCTCTCAGGCTACA-1,5.0360775,6.6048627,PF382
AGCCTGGTCCAGGGAA-1,-4.0254893,0.84690547,HAP1 MUTYH-/-
AGCCTGGTCCATCAAG-1,17.854458,6.7580314,143B
AGCCTGGTCCTGATCT-1,3.5530024,8.145183,PF382
AGCCTTGGTGATCCAT-1,13.412061,14.761551,JM1
AGCCTTGGTTTCGAGT-1,7.4388437,15.513619,SUPT11
AGCGAACGTGCGTGGA-1,-2.6347976,2.8138018,HAP1 MUTYH-/-
AGCGAATAGCTATCCT-1,0.9321429,6.4212966,PF382
AGCGAATAGGCTAGAG-1,4.412684,-4.202068,CHLA06ATRT
AGCGACAAGGAATGAC-1,18.701345,5.3504405,143B
AGCGACAAGGGGTAGC-1,3.077726,-2.612009,CHLA06ATRT
AGCGACCCAAGCTCGA-1,5.0158877,0.85767955,JURKAT
AGCGAGGCAACATCGG-1,2.9193997,5.111974,PF382
AGCGAGGCAACGGCTA-1,9.196475,5.7113333,NALM6
AGCGAGGCAGGATCGC-1,10.713952,-10.092111,TK6 LIG4-/-
AGCGATAGTTGTAAGG-1,3.6874158,7.674141,PF382
AGCGATGAGCCTGTCC-1,-1.4918319,3.8038688,HAP1 MUTYH-/-
AGCGATGAGGTAGGTG-1,8.821024,3.1726146,NALM6
AGCGCACCACCTATGC-1,20.36308,6.3263693,143B
AGCGCAGGTAGTGCTT-1,17.53222,5.294918,143B
AGCGCAGGTTGTCAGT-1,4.4663925,6.881934,PF382
AGCGCAGGTTTCGGCA-1,6.4330745,-3.3444593,CHLA06ATRT
AGCGCCTGTGATCAGA-1,20.374447,6.276688,143B
AGCGCCTGTGATTCCG-1,1.4466044,5.707791,PF382
AGCGGATGTCAATCAC-1,4.9423046,6.1236444,PF382
AGCGGGACAATCTAAG-1,-4.6693773,3.0922918,HAP1 MUTYH-/-
AGCGGTAAGCGCTCGA-1,0.6541529,14.958137,TE617T
AGCGGTAAGGGGCAGT-1,11.536607,-9.517397,TK6 LIG4-/-
AGCGGTAAGTCGCGTG-1,-2.8683999,2.4808762,HAP1 MUTYH-/-
AGCGGTTTCCATAGTG-1,7.7817664,16.65394,SUPT11
AGCGGTTTCCCTGTGC-1,11.062298,-1.5616972,ALLSIL
AGCGGTTTCTAGTAAC-1,20.327162,-1.4334115,SAOS2
AGCGTAAGTGAGGTCG-1,7.3241568,15.005166,SUPT11
AGCGTCCGTATAGCGA-1,12.785998,-0.93714833,ALLSIL
AGCGTCCGTTGTAAGG-1,5.091835,7.0578465,PF382
AGCGTTATCCGTGGAT-1,7.6400185,16.907093,SUPT11
AGCGTTATCGAGTCCG-1,-2.2285116,4.010579,HAP1 MUTYH-/-
AGCGTTGCAGGGCATC-1,9.473039,5.779768,NALM6
AGCGTTGCATCCGTGT-1,-2.8125837,3.7208505,HAP1 MUTYH-/-
AGCTAAGGTGCAGGTG-1,15.36759,-3.4472528,C8166
AGCTAATTCACGCGAT-1,15.257212,8.084315,143B
AGCTAATTCACGGAAG-1,-1.2750121,-2.449413,HELA XPA-/-
AGCTACGCAAACCAAC-1,-2.4881191,-2.3227618,HELA XPA-/-
AGCTACGCAGCTCGAA-1,-2.803919,-2.5672443,HELA XPA-/-
AGCTACGCAGTTAAGC-1,9.084043,-10.387453,TK6 LIG4-/-
AGCTATGTCCAGGTTA-1,9.276609,5.502447,NALM6
AGCTATGTCGTCTCAT-1,1.6977696,5.643108,PF382
AGCTATGTCTAAGTAC-1,11.222149,-8.450311,TK6 LIG4-/-
AGCTGAGAGCTGGTCG-1,-0.53998536,-2.3752546,HELA XPA-/-
AGCTGAGAGGTAGTCC-1,11.011308,-8.603175,TK6 LIG4-/-
AGCTGAGAGTACGCCG-1,14.273641,7.770768,143B
AGCTGTTGTCAACTGT-1,10.950223,-0.44120923,ALLSIL
AGCTGTTGTCTGTCCT-1,-2.7958007,2.0070157,HAP1 MUTYH-/-
AGCTGTTGTTAGCTCG-1,-2.8790882,-2.238625,HELA XPA-/-
AGCTGTTGTTGAGGAC-1,18.026834,8.0639515,143B
AGCTTAACAGCACGGT-1,2.506748,-9.048981,U2OS OGG-/-
AGCTTAACATCAATTC-1,6.8065143,9.971326,RH30
AGCTTACGTCTAACGT-1,3.6820562,4.5116014,PF382
AGCTTAGTCGACTTGA-1,2.8161733,1.1437036,JURKAT
AGCTTTAGTGACGAAC-1,18.610493,6.335904,143B
AGCTTTAGTTCGGCTA-1,5.3625026,6.739025,PF382
AGGAAATCAACTGCGA-1,19.213524,7.8622756,143B
AGGAAATCAAGCGTGC-1,-2.083123,-4.2297797,HELA XPA-/-
AGGAAATCAATCGTGG-1,16.088715,6.3835387,143B
AGGAAATCACAAGGTT-1,14.450553,12.61435,JM1
AGGAACTAGGAGTCAG-1,18.57961,5.48636,143B
AGGAACTAGGTTGGTC-1,-3.8757982,13.634047,KHM1B
AGGAATATCTGGCCGA-1,11.38219,-10.830546,TK6 LIG4-/-
AGGAATGCAACTGTAA-1,-1.1283028,-2.9669297,HELA XPA-/-
AGGACAACAAACTGGT-1,15.614072,8.028982,143B
AGGACAACAAAGGGTA-1,1.0329394,16.070602,TE617T
AGGACAACAACTCGGA-1,19.613014,5.764644,143B
AGGACATAGCAGGTTC-1,3.7979214,-9.580191,U2OS OGG-/-
AGGACATAGCTTAGGC-1,12.288266,12.919542,JM1
AGGACATAGGATCTCA-1,-2.472604,-3.8775485,HELA XPA-/-
AGGACATAGTGTCAAT-1,6.732091,17.218943,SUPT11
AGGACCAAGCAGGTAG-1,6.616598,-3.5287955,CHLA06ATRT
AGGACCAAGCGAACTC-1,11.693459,-8.659534,TK6 LIG4-/-
AGGACCCCACATTAAG-1,3.4029522,3.1435103,JURKAT
AGGACCCCAGCTCACT-1,18.031853,6.874405,143B
AGGACTAGTCTGGTAT-1,15.190978,6.6743646,143B
AGGACTAGTTCCAGGC-1,-1.4302456,-2.6513402,HELA XPA-/-
AGGACTAGTTCTGGCA-1,11.8212185,-0.15583529,ALLSIL
AGGACTGAGTAGGAAC-1,18.339933,5.079276,143B
AGGAGATTCATGGTAT-1,14.690455,-4.514813,C8166
AGGAGCCAGAAGCGTG-1,14.1888075,-5.8200097,C8166
AGGAGCCAGAAGGATC-1,3.5363588,6.6134768,PF382
AGGAGTTAGAAGCGAT-1,8.99831,4.0067253,NALM6
AGGATCAGTAACTGTC-1,11.3777275,-9.57186,TK6 LIG4-/-
AGGATCAGTAAGTGAT-1,17.644388,5.4375196,143B
AGGATCAGTGCGTGCT-1,8.367129,-4.112495,CHLA06ATRT
AGGATTGGTAAGCATG-1,-3.1774375,4.130784,HAP1 MUTYH-/-
AGGATTGGTCATCCCT-1,15.667397,6.229453,143B
AGGCAATAGATACTCG-1,12.844332,-4.8982687,C8166
AGGCAATAGGTCCCGA-1,6.19318,16.833166,SUPT11
AGGCACGGTGGCCATC-1,0.943398,7.2178874,PF382
AGGCACGGTTAATGCC-1,15.410876,-4.016317,C8166
AGGCAGGCAAGCACAT-1,10.649743,-0.24420397,ALLSIL
AGGCAGGCAGGTATCG-1,1.6155932,-8.863244,U2OS OGG-/-
AGGCAGGCATCCGGTT-1,-4.22423,3.5649202,HAP1 MUTYH-/-
AGGCATAGTAGGTCCC-1,-2.4398575,-4.5400653,HELA XPA-/-
AGGCATAGTGCAGCCT-1,-4.55486,4.160711,HAP1 MUTYH-/-
AGGCATAGTGGCTTGC-1,7.435256,14.768598,SUPT11
AGGCATGAGATTCACG-1,14.911013,-4.2798963,C8166
AGGCATGAGGAGTCAG-1,11.923972,12.917834,JM1
AGGCATTCAATGTGCG-1,18.054718,7.789192,143B
AGGCATTCAATTAGCA-1,6.4631166,15.935469,SUPT11
AGGCATTCAATTAGGC-1,11.166805,-1.7067428,ALLSIL
AGGCATTCACTTACTG-1,14.716323,7.7854185,143B
AGGCCAAAGCTATCAG-1,6.989839,11.590722,RH30
AGGCCAAAGCTATGCA-1,8.237125,5.9393682,NALM6
AGGCCAGGTAGTAACG-1,4.999263,6.340903,PF382
AGGCCAGGTGAGCACG-1,19.792944,6.6436005,143B
AGGCCAGGTTAGTAGG-1,-0.25302362,-2.9299362,HELA XPA-/-
AGGCCATTCATGTCTC-1,12.099823,12.588148,JM1
AGGCCATTCCATCGCC-1,15.749981,5.9787664,143B
AGGCCCATCATCACGA-1,17.406532,4.9425793,143B
AGGCGAATCACACTTC-1,1.8967876,15.827601,TE617T
AGGCGAATCAGTACCA-1,19.415993,5.8250737,143B
AGGCGAATCGCTAGGT-1,2.627923,5.207304,PF382
AGGCGCAGTAAGTAGT-1,2.7640574,1.0257179,JURKAT
AGGCGCAGTTTACATG-1,14.726052,5.012594,143B
AGGCGGACAAATGGGA-1,15.96374,6.9352436,143B
AGGCGGACAACTGTCC-1,1.8155154,11.604972,DND41
AGGCGGACATAAGCGT-1,5.1429753,5.1943083,PF382
AGGCGGACATCGAAGT-1,-3.2929752,-3.2984383,HELA XPA-/-
AGGCGTTTCACGCCGA-1,8.343396,10.527678,RH30
AGGCGTTTCCCTCGGT-1,1.3118632,5.8035107,PF382
AGGCGTTTCCTGAGCG-1,3.9944966,2.7650967,JURKAT
AGGCGTTTCGAATTAC-1,7.619189,11.075294,RH30
AGGCTCACACAATGCG-1,5.4060073,6.735094,PF382
AGGCTCCGTGCATCGC-1,16.41446,7.3966007,143B
AGGCTTATCATAGAGA-1,15.224161,5.1124544,143B
AGGCTTATCTAAGTAC-1,11.218502,-9.589156,TK6 LIG4-/-
AGGCTTGCAAGTCGAT-1,19.345985,7.6032195,143B
AGGCTTGCACTAACGG-1,5.3089876,5.835993,PF382
AGGCTTGCACTAGGTG-1,4.310218,-2.746713,CHLA06ATRT
AGGGAACCAGTTAGTA-1,8.524685,-4.409478,CHLA06ATRT
AGGGAACCATTAACTC-1,9.407425,5.516104,NALM6
AGGGAAGGTAAGCGGT-1,6.9520235,16.608831,SUPT11
AGGGAAGGTTAGCCGC-1,19.136683,5.9283667,143B
AGGGAAGGTTCATCCC-1,8.328563,3.717783,NALM6
AGGGAAGGTTCCTCAC-1,16.788626,5.931937,143B
AGGGAGTCACTTGCCG-1,10.151707,-11.453114,TK6 LIG4-/-
AGGGAGTCATCCGTTA-1,15.841047,7.256973,143B
AGGGAGTCATTGGCGA-1,-4.303158,14.138452,KHM1B
AGGGCAATCAATGTAC-1,16.650978,6.553374,143B
AGGGCAATCGTTAGAT-1,2.672776,-8.09483,U2OS OGG-/-
AGGGCAATCTGGCCCT-1,3.3548968,0.8742111,JURKAT
AGGGCATGTAGCAGTA-1,4.643273,7.1607823,PF382
AGGGCATGTGCGAGAT-1,9.57479,-11.108707,TK6 LIG4-/-
AGGGCATGTTATCTGA-1,19.781277,6.588255,143B
AGGGCATGTTGCCTCT-1,6.9407153,16.728748,SUPT11
AGGGCTAAGCCCGTAG-1,-2.5347471,-2.9187481,HELA XPA-/-
AGGGCTAAGCCTACCC-1,10.5105095,-8.375692,TK6 LIG4-/-
AGGGCTGGTAACTTCA-1,3.0204241,6.3224645,PF382
AGGGCTGGTTTGAGAG-1,7.2748704,17.213814,SUPT11
AGGGTACGTAACGCGG-1,8.221762,-3.0943294,CHLA06ATRT
AGGGTACGTAACGGTA-1,17.204643,6.2396894,143B
AGGGTACGTAGTTGGA-1,7.3803062,16.84581,SUPT11
AGGGTACGTTAAGCTC-1,8.84915,4.2292128,NALM6
AGGGTACGTTGGAATG-1,20.223425,-1.3453393,SAOS2
AGGGTATAGGAATTGA-1,7.3165,15.090469,SUPT11
AGGGTATAGTAAGCAA-1,-3.3797467,2.8174534,HAP1 MUTYH-/-
AGGGTATAGTCGAGGA-1,1.0041904,14.92452,TE617T
AGGGTCAAGAATCCTG-1,14.796722,6.5204887,143B
AGGGTCAAGCATGATT-1,10.73193,-8.187902,TK6 LIG4-/-
AGGGTTAGTTATCTCT-1,18.670534,6.1794653,143B
AGGGTTGAGATTGGCC-1,6.244768,17.140688,SUPT11
AGGTAAATCTAACTGG-1,6.5040913,11.663035,RH30
AGGTAACAGAACGGTG-1,2.912631,-7.8509054,U2OS OGG-/-
AGGTAACAGGCGCTCA-1,5.5833025,0.5284126,JURKAT
AGGTAACAGTAGCGAG-1,-4.877822,3.5679038,HAP1 MUTYH-/-
AGGTAATGTAAGTACG-1,19.173647,7.7756968,143B
AGGTAATGTCAATTCA-1,-1.2228185,6.9815946,C8166
AGGTAATGTGATTACC-1,18.99762,5.5004473,143B
AGGTAGTAGCGAACTC-1,14.868205,13.8958025,JM1
AGGTAGTAGTGTCCGG-1,16.232685,7.142008,143B
AGGTAGTAGTTGGCGT-1,1.7032051,7.121516,PF382
AGGTATGGTAATGACG-1,2.5037441,8.622054,PF382
AGGTATGGTGCAACGG-1,9.354412,1.3891485,ALLSIL
AGGTATGGTTGACGCC-1,2.7939405,-8.564216,U2OS OGG-/-
AGGTATGGTTTGCACG-1,-2.0875902,-3.005291,HELA XPA-/-
AGGTGATAGCTTACCT-1,-3.0418277,5.1928062,HAP1 MUTYH-/-
AGGTGCAAGCTAGTTG-1,15.660439,-6.1678867,C8166
AGGTGCAAGTGAGGTG-1,14.406447,5.067741,143B
AGGTGCTTCCCTGTAT-1,17.509726,5.783694,143B
AGGTGCTTCCGCCATC-1,4.2823,3.4621441,JURKAT
AGGTGCTTCGTTAGAT-1,7.169544,9.879755,RH30
AGGTGCTTCTCATCAC-1,11.29327,11.691376,JM1
AGGTTAGGTCAGGATA-1,2.2237213,-8.8440075,U2OS OGG-/-
AGGTTCATCCGGAGTT-1,21.240019,0.1777812,SAOS2
AGGTTCATCGTGAACC-1,6.771437,17.193521,SUPT11
AGGTTGAGTGATCCGC-1,19.400446,5.8219814,143B
AGGTTGAGTTGAAGGC-1,8.0799055,16.6673,SUPT11
AGGTTGGAGATAGTAG-1,10.401499,-0.48076227,ALLSIL
AGGTTGGAGTTGGTCA-1,8.400232,3.3766243,NALM6
AGTAACCCATTCGGGA-1,2.8836617,-3.1401944,CHLA06ATRT
AGTAACGGTGCGCCAT-1,9.739752,5.222239,NALM6
AGTAATGAGTCATCCT-1,-1.5826448,-2.466428,HELA XPA-/-
AGTAATGAGTTACGAT-1,19.639942,5.581547,143B
AGTAATGAGTTGGCTA-1,12.388507,13.563058,JM1
AGTACACCAAGTGCTG-1,0.5528925,15.036404,TE617T
AGTACACCAAGTTACA-1,21.478485,-1.9875915,SAOS2
AGTACAGGTGGAGACT-1,-3.4867394,-2.2174032,HELA XPA-/-
AGTACCATCAGGTGAG-1,3.2397203,6.3222528,PF382
AGTACCGCAAGCTAAC-1,18.122437,5.9390845,143B
AGTACCGCAAGGTCGC-1,8.409034,3.419076,NALM6
AGTACCGCAATCAGCG-1,20.824968,6.392038,143B
AGTACCGCAGTTGGCA-1,20.225534,-1.3613731,SAOS2
AGTACCTGTGCAGTCC-1,1.0875163,9.14617,PF382
AGTACCTGTTGGATGA-1,15.787293,-5.05708,C8166
AGTACCTGTTGTCCCT-1,2.924366,8.09226,PF382
AGTACTTAGCCGATGT-1,15.973319,5.438645,143B
AGTATCACAACTTCAT-1,13.613838,-5.6927104,C8166
AGTATCACAATACGCG-1,-2.6767225,3.8719494,HAP1 MUTYH-/-
AGTATCACATCGAACG-1,13.067443,-5.0532584,C8166
AGTATCCGTTAAGTGG-1,11.323114,-10.089574,TK6 LIG4-/-
AGTATGAAGCCGATGT-1,4.6627145,1.9898959,JURKAT
AGTATGAAGGGCTAGA-1,16.57748,6.7271132,143B
AGTATGAAGGGTACGA-1,9.910612,-11.492749,TK6 LIG4-/-
AGTATGAAGGTGCGTT-1,15.591294,4.2449446,143B
AGTATGGGTTGGTAGA-1,1.6364833,-9.045176,U2OS OGG-/-
AGTATGTTCGCGATGT-1,17.518911,6.004314,143B
AGTATTCAGATTCGCA-1,17.669401,6.785267,143B
AGTATTCAGCTGGCAT-1,1.742546,6.5446,PF382
AGTATTCAGGAGGACC-1,16.843548,6.1658144,143B
AGTATTCAGGTACCCG-1,10.774161,-8.916047,TK6 LIG4-/-
AGTATTCAGGTACCGT-1,8.983537,-4.483369,CHLA06ATRT
AGTATTCAGGTAGTCC-1,11.043182,-10.37308,TK6 LIG4-/-
AGTATTCAGTCGATAT-1,3.806158,-4.097389,CHLA06ATRT
AGTATTCAGTGGCTTA-1,11.522867,-9.419386,TK6 LIG4-/-
AGTATTGCACCTGCTG-1,13.126582,-5.1777005,C8166
AGTATTGCATTACATC-1,6.2992435,17.0253,SUPT11
AGTCAACCATAGACGT-1,4.7394896,-4.3834157,CHLA06ATRT
AGTCAAGGTTCGTCCT-1,18.833237,7.5485926,143B
AGTCAATTCAGCATCA-1,11.468915,11.370237,JM1
AGTCAATTCAGGGCAA-1,15.84438,4.9537053,143B
AGTCAATTCTCACACT-1,16.622173,4.683691,143B
AGTCACGCAAGCCAGC-1,3.5409029,2.0489392,JURKAT
AGTCACGCAGCTATGG-1,2.5448644,15.28601,TE617T
AGTCACGCAGTACCAG-1,14.349785,-3.7454088,C8166
AGTCACGCAGTTGCGA-1,7.8863897,15.02438,SUPT11
AGTCACGCATGACCCT-1,6.847579,-3.5314684,CHLA06ATRT
AGTCAGGAGCTGGTGT-1,7.347893,11.655969,RH30
AGTCAGGAGTAGGCTC-1,0.92481744,15.169769,TE617T
AGTCAGGAGTGTCCTT-1,-1.3111672,-2.415934,HELA XPA-/-
AGTCAGTCATAGAGTC-1,2.2530384,8.856919,PF382
AGTCATTAGGAGTACG-1,19.923752,6.9668107,143B
AGTCATTAGGTGCATC-1,10.99962,-9.930786,TK6 LIG4-/-
AGTCCAGCAGTTGACG-1,6.843041,15.469877,SUPT11
AGTCCCAGTTAATGCC-1,8.69029,-4.7654004,CHLA06ATRT
AGTCCCAGTTCCTCGT-1,3.723036,7.868722,PF382
AGTCCCAGTTTGGAAG-1,10.9157715,0.5182446,ALLSIL
AGTCCTGGTGAGAGCT-1,-2.7491896,-5.183777,HELA XPA-/-
AGTCCTGGTGCAACGG-1,16.397112,6.4474154,143B
AGTCCTGGTTTCCGCT-1,14.420221,4.609355,143B
AGTCGAAGTGATAGCA-1,1.5482101,-8.974598,U2OS OGG-/-
AGTCGAAGTTCGCTTC-1,3.1139903,-2.9952898,CHLA06ATRT
AGTCGAAGTTCGTAAC-1,3.7411158,1.3377696,JURKAT
AGTCGAAGTTGTCTGG-1,-4.5342164,4.434093,HAP1 MUTYH-/-
AGTCGATCAGTTAGCG-1,15.8320875,-4.811234,C8166
AGTCGGGGTTGGCTTG-1,9.759555,-11.605103,TK6 LIG4-/-
AGTCGTTGTGGACCCT-1,4.8637767,5.3147345,PF382
AGTCGTTGTTTCGTAA-1,17.504517,6.5216494,143B
AGTCTCAAGATTAACC-1,10.831173,-8.369602,TK6 LIG4-/-
AGTCTCAAGTGGCGTT-1,16.399345,7.5128536,143B
AGTCTTGAGATTCACG-1,8.306887,6.3059072,NALM6
AGTCTTGAGCTAGCAC-1,14.637924,-4.026061,C8166
AGTCTTGAGGATTGCC-1,-3.733525,4.3189335,HAP1 MUTYH-/-
AGTCTTGAGGCGTAAG-1,3.485599,1.0898052,JURKAT
AGTCTTGAGTGAACGG-1,8.806218,3.8523664,NALM6
AGTGAACAGAAGCTCC-1,-3.6925712,1.6561881,HAP1 MUTYH-/-
AGTGAATGTGCGTGCT-1,3.8612134,1.8808559,JURKAT
AGTGAATGTTAGCTCG-1,7.1191487,11.870795,RH30
AGTGAATGTTCCAGTG-1,18.97978,7.847512,143B
AGTGACAGTAACGAGC-1,12.23068,-0.07143222,ALLSIL
AGTGACAGTAAGCCAA-1,19.955109,6.6576986,143B
AGTGACAGTGCGCAAG-1,2.8177507,-7.6243186,U2OS OGG-/-
AGTGAGACAAGCGGTC-1,-3.4819632,2.5893347,HAP1 MUTYH-/-
AGTGAGGTCAGCAGAG-1,9.698047,-11.844387,TK6 LIG4-/-
AGTGAGGTCCGTGTGG-1,1.852674,15.474072,TE617T
AGTGAGTAGAAGGGAA-1,16.118647,-5.525319,C8166
AGTGATCCAATTGACA-1,14.287751,6.540238,143B
AGTGATCCACCTACGT-1,17.510654,6.781454,143B
AGTGATCCAGGCTTGA-1,3.360863,3.1015625,JURKAT
AGTGATCCATAAGTCA-1,16.163818,-6.9736657,C8166
AGTGATGGTTAGCAGA-1,9.046035,4.0910964,NALM6
AGTGATGGTTCGTGAT-1,12.900578,14.48153,JM1
AGTGATTTCCCTCGAC-1,2.8159645,8.356902,PF382
AGTGATTTCGCGAACT-1,12.6467,14.385128,JM1
AGTGCAAGTTTAGTTG-1,9.953846,4.005318,NALM6
AGTGCATCACTCAAGG-1,-2.9768646,-2.7160919,HELA XPA-/-
AGTGCATCACTTGGGA-1,-2.8474247,-2.6615634,HELA XPA-/-
AGTGCATCATCGCTGT-1,8.070293,5.8353896,NALM6
AGTGCCCGTAGTTAGG-1,13.769136,7.3849254,143B
AGTGCCCGTGATTAGG-1,-0.2797423,-2.221293,HELA XPA-/-
AGTGCCCGTTTGACGT-1,-2.750007,2.601934,HAP1 MUTYH-/-
AGTGCGGGTTGAGTTC-1,13.1928835,0.022320386,ALLSIL
AGTGCGGGTTTGCCTC-1,3.2869475,2.766351,JURKAT
AGTGCTCAGTCGAAGG-1,13.405011,-5.283135,C8166
AGTGCTTGTGATTGCT-1,15.832996,7.077141,143B
AGTGGAACAGGTTGGC-1,20.047997,6.2366877,143B
AGTGGATAGGATCCCG-1,1.2304549,7.803862,PF382
AGTGGATAGTAAGGAC-1,9.731874,3.5047662,NALM6
AGTGGATAGTAGACTT-1,7.503036,10.396609,RH30
AGTGGCGGTCAGTTAC-1,8.923928,-3.2181883,CHLA06ATRT
AGTGGCGGTGATCCAT-1,-2.9337978,2.7994878,HAP1 MUTYH-/-
AGTGGCGGTTATGCGT-1,-4.5112143,2.8709867,HAP1 MUTYH-/-
AGTGGCTTCATGCTTC-1,16.055237,7.584171,143B
AGTGGCTTCCTGCGAG-1,7.01646,17.04706,SUPT11
AGTGGCTTCGACCTGG-1,11.17116,-1.5656328,ALLSIL
AGTGGCTTCTAACCGA-1,13.438483,5.6076818,143B
AGTGGTTCAGGGACGA-1,16.83437,7.4555273,143B
AGTGGTTCATCACACC-1,3.2139614,-10.246674,U2OS OGG-/-
AGTGGTTCATCCGTCG-1,2.467641,8.195778,PF382
AGTGGTTCATGGTCTC-1,10.97421,10.819922,JM1
AGTGGTTCATTAGTAG-1,-5.4539013,3.3709748,HAP1 MUTYH-/-
AGTGGTTCATTCATCG-1,-0.19484739,-2.2916288,HELA XPA-/-
AGTGTAAAGCGCTCGA-1,15.004007,7.8191123,143B
AGTGTAAAGCTTACCT-1,17.4361,5.799653,143B
AGTGTAAAGCTTAGTG-1,-2.35886,-4.7287693,HELA XPA-/-
AGTGTCATCACTCAGA-1,17.473768,4.5210233,143B
AGTGTCATCCACGGAT-1,16.806759,8.164418,143B
AGTGTCGCACCTTAAT-1,8.272135,16.705591,SUPT11
AGTGTGAGTATTGGAG-1,15.592281,5.1464396,143B
AGTGTGAGTGACCGAG-1,15.1357355,-5.246302,C8166
AGTGTGAGTTGGCGAG-1,15.099941,6.145653,143B
AGTGTGAGTTTGCGTG-1,-4.1384196,3.6156518,HAP1 MUTYH-/-
AGTGTGGAGCCAGTGT-1,-3.6861405,2.9483151,HAP1 MUTYH-/-
AGTGTGGAGTTACAGT-1,-4.723699,4.0321546,HAP1 MUTYH-/-
AGTGTGGAGTTAGCGC-1,7.8382854,16.145388,SUPT11
AGTGTTGTCAGTTCGA-1,13.748361,14.384825,JM1
AGTTAGAAGCCGACAT-1,14.059263,7.9556336,HELA XPA-/-
AGTTAGAAGGTCGATC-1,3.20198,7.3835287,PF382
AGTTAGAAGTTACCTC-1,6.941749,15.242846,SUPT11
AGTTAGCCAAGTGTCG-1,2.7823164,-7.878629,U2OS OGG-/-
AGTTAGCCACAGCGAC-1,4.680756,5.436959,PF382
AGTTAGCCATTAACGA-1,9.50584,-10.170995,TK6 LIG4-/-
AGTTATCAGGTCCATA-1,-0.12685588,11.401602,DND41
AGTTGAAAGAATCCAT-1,-0.24558206,-2.6533172,HELA XPA-/-
AGTTGAAAGGCGAGGT-1,7.805036,15.605629,SUPT11
AGTTGAAAGTACGCAC-1,9.717254,-12.121099,TK6 LIG4-/-
AGTTGAAAGTTACGAT-1,15.125471,-6.60456,C8166
AGTTGAGGTCAACCCA-1,-5.0720186,2.7987397,HAP1 MUTYH-/-
AGTTGAGGTGCACCGT-1,6.241095,15.76474,SUPT11
AGTTGAGGTTGTGAAG-1,13.219247,-4.9143143,C8166
AGTTGCATCAGGGACA-1,16.518858,-5.521338,C8166
AGTTGCATCATACTGG-1,-4.09649,14.524226,KHM1B
AGTTGCATCCTGTCCA-1,-2.2801473,3.5070002,HAP1 MUTYH-/-
AGTTGGTCAAGCCTAG-1,-4.0456038,4.3483696,HAP1 MUTYH-/-
AGTTGGTCAAGTAGAG-1,-2.5393949,-3.554588,HELA XPA-/-
AGTTGGTCAGCATGTG-1,13.920883,7.7634873,143B
AGTTGGTCAGTTAATG-1,8.459915,-4.3545156,CHLA06ATRT
AGTTTAGCAGCAGGGA-1,15.456501,6.4839625,143B
AGTTTAGCATCCTTGA-1,0.7546248,6.641985,PF382
AGTTTCAGTGATAGCA-1,16.808971,4.713349,143B
AGTTTCAGTTAACGCT-1,3.4236238,2.7374606,JURKAT
AGTTTCCTCACTGTCT-1,7.487687,16.349173,SUPT11
AGTTTCCTCCGCCTGT-1,10.382176,-11.602173,TK6 LIG4-/-
AGTTTGGTCCTTGACT-1,10.264914,-10.475015,TK6 LIG4-/-
AGTTTGGTCTAACCTC-1,18.067234,5.131655,143B
ATAACGAAGCTGGGTT-1,9.254394,5.5069604,NALM6
ATAACGAAGGTTGGAG-1,11.881869,-1.2383296,ALLSIL
ATAACGGGTAGTGCAA-1,10.636967,-7.8983517,TK6 LIG4-/-
ATAACGGGTGAGGTGT-1,-2.7797961,-3.0760312,HELA XPA-/-
ATAACGGGTTTACCGG-1,-0.3047079,-2.7284102,HELA XPA-/-
ATAACGTTCAATGTGT-1,-3.5290663,4.485184,HAP1 MUTYH-/-
ATAACGTTCGAACGGA-1,17.887241,4.3876224,143B
ATAACGTTCGCTGGAT-1,-3.2164314,3.3476048,HAP1 MUTYH-/-
ATAACGTTCTGGCCGA-1,15.674135,-4.0010653,C8166
ATAAGCAAGCGATGTC-1,9.577251,4.615148,NALM6
ATAAGCTTCAGTTCGA-1,5.2262945,4.982484,PF382
ATAAGCTTCCACCGGA-1,9.975085,-8.402534,TK6 LIG4-/-
ATAAGCTTCGAGGTCT-1,17.925018,5.8527865,143B
ATAAGGATCCGCCTAC-1,14.928567,5.2055798,143B
ATAAGTGAGCGCAACT-1,4.3100123,1.5990165,JURKAT
ATAAGTGAGGAATGTA-1,6.9829597,9.802045,RH30
ATAAGTGAGTTACCTC-1,18.235952,6.9288507,143B
ATAATCGCAAGCGGAG-1,2.6949043,15.026564,TE617T
ATAATGCTCCTTGAGA-1,8.859855,3.1470776,NALM6
ATACACTAGCGCAATC-1,0.01892306,12.064826,DND41
ATACAGCCAAGTGCCA-1,15.2395935,-3.9389424,C8166
ATACAGCCATCAAGGT-1,4.264159,4.337942,PF382
ATACCAACAGTTGCGA-1,0.94877964,15.7473755,TE617T
ATACCAACATGGAATC-1,20.144615,-2.1318517,SAOS2
ATACCATAGTATCTGG-1,-2.080537,2.8004174,HAP1 MUTYH-/-
ATACCCTTCCGCTAGG-1,9.547361,-10.706875,TK6 LIG4-/-
ATACCCTTCCTCATAC-1,8.908966,4.39509,NALM6
ATACCCTTCCTCGATT-1,12.968154,7.2611003,143B
ATACGAAAGAAGGTAC-1,-3.2246985,-3.040318,HELA XPA-/-
ATACGAAAGCATGGGA-1,15.287888,-6.4538016,C8166
ATACGAAAGTGACCGT-1,-4.390786,3.1710932,HAP1 MUTYH-/-
ATACGATTCACATACG-1,15.621956,7.0143085,143B
ATACGATTCCGCAGTG-1,13.485913,6.573381,143B
ATACGATTCGCGCCAA-1,4.677568,1.5310905,JURKAT
ATACGATTCTAACCGA-1,16.492521,4.3855157,143B
ATACGCGCAAATCAGC-1,8.284581,16.678532,SUPT11
ATACGCGCAAGGTCTG-1,-3.693203,13.624827,KHM1B
ATACGCGCATTACATC-1,6.4312,17.090849,SUPT11
ATACGGTCAAGGTCCA-1,14.913014,-4.5587754,C8166
ATACGGTCAGGCTATG-1,8.393773,-4.042324,CHLA06ATRT
ATACGGTCAGTAATGC-1,3.9834502,-2.297704,CHLA06ATRT
ATACGTTAGCAAGCCT-1,10.907325,-9.873817,TK6 LIG4-/-
ATACGTTAGCCGAGTT-1,-2.7064624,4.2568192,HAP1 MUTYH-/-
ATACGTTAGGCTCTGG-1,11.371064,-10.50995,TK6 LIG4-/-
ATACTCCTCAGCACGT-1,11.359361,10.66926,JM1
ATACTGACAAGGTTAC-1,2.8368335,7.274404,PF382
ATACTGACAAGTTCAA-1,16.081263,6.3460574,143B
ATACTGACAGCTCTGT-1,14.462364,3.9161353,143B
ATACTGGTCAGCGAGA-1,13.533676,-0.27464592,ALLSIL
ATACTGGTCATCATCC-1,7.6056395,9.911087,RH30
ATACTGGTCCGGAACT-1,4.051106,1.5974284,JURKAT
ATACTGGTCGACTACA-1,15.003644,5.679876,143B
ATACTTGGTGCGGTAG-1,15.306692,3.9355137,143B
ATAGCACCAAGGTTAC-1,-3.8891003,13.963756,KHM1B
ATAGCCATCGATCCGG-1,16.39887,-4.9403105,C8166
ATAGCCATCTGGCTCC-1,4.7944813,-4.566314,CHLA06ATRT
ATAGCCATCTGTGAGC-1,3.0747135,1.0517479,JURKAT
ATAGCCTGTTATCATG-1,10.617731,0.8082577,ALLSIL
ATAGCCTGTTCCTTGC-1,7.59943,-2.6224196,CHLA06ATRT
ATAGCGAGTCATTCCC-1,15.836927,-5.220497,C8166
ATAGCGAGTTATGGGA-1,-3.5196254,14.692517,KHM1B
ATAGCGCTCACCAATG-1,-5.00398,3.2773428,HAP1 MUTYH-/-
ATAGCGCTCGCTGAAC-1,1.1331279,7.1049447,PF382
ATAGCGGAGCGGTACT-1,14.650441,7.325462,143B
ATAGCGGAGGAGGCAC-1,1.0543412,9.075619,PF382
ATAGCGGAGGGTTAGG-1,-4.6973424,3.5152984,HAP1 MUTYH-/-
ATAGCGGAGTGACCAC-1,-2.6886666,-3.3968284,HELA XPA-/-
ATAGCGGAGTGCCGAT-1,-3.2255673,-3.4332895,HELA XPA-/-
ATAGGATGTAGTGCTT-1,14.87597,4.2427216,143B
ATAGGCGAGGAACTAA-1,6.3120794,16.114994,SUPT11
ATAGGCTCACCTCGCA-1,14.603,13.268147,JM1
ATAGGCTCAGCCTAAG-1,3.41104,1.595665,JURKAT
ATAGGCTCATTCATGT-1,-3.041871,-2.3175833,HELA XPA-/-
ATAGGGCGTTTACGCG-1,3.710019,-9.912911,U2OS OGG-/-
ATAGGGGTCACATACG-1,-2.1234612,4.4493675,HAP1 MUTYH-/-
ATAGGGTAGCTTAGTG-1,10.625696,-7.7967353,TK6 LIG4-/-
ATAGGGTAGGTGGCAA-1,4.193421,2.7761965,JURKAT
ATAGGGTAGTGAGGTG-1,6.910415,-3.7178342,CHLA06ATRT
ATAGTCACACTAGGAT-1,9.155367,5.7368402,NALM6
ATAGTCACACTTCAAT-1,6.937331,16.767931,SUPT11
ATAGTCCGTAGCGGCA-1,11.298928,0.17399667,ALLSIL
ATAGTCCGTATTGGAG-1,20.638422,-1.8087465,SAOS2
ATAGTCCGTCATTAGC-1,7.6209517,16.40789,SUPT11
ATAGTCCGTGATAGAT-1,10.580778,-0.512926,ALLSIL
ATAGTCCGTTGTCAGT-1,9.329918,5.507931,NALM6
ATAGTGAAGATTCGAT-1,14.505938,6.1083026,143B
ATAGTGAAGTAACCGC-1,15.004364,4.8319726,143B
ATATCACAGATTAGGA-1,16.040564,-4.121978,C8166
ATATCACAGGAATGTA-1,3.6030617,5.217732,PF382
ATATCACAGGTGCTGT-1,18.14463,4.7222247,143B
ATATCACAGTCAGCCG-1,15.027968,-3.8631637,C8166
ATATCACAGTGACGAG-1,15.438629,-7.714573,C8166
ATATCAGCAAGCGTTG-1,-2.6482537,4.7678967,HAP1 MUTYH-/-
ATATCCCTCGCGAATC-1,8.386724,5.579169,NALM6
ATATCCTCAATACTGA-1,17.792074,5.2696257,143B
ATATCCTCACATGAAC-1,-0.59866923,12.204918,DND41
ATATCCTCAGGATCTG-1,14.233596,5.844467,143B
ATATGGCCACCATACC-1,20.216894,6.4146304,143B
ATATGGTTCAGCAAGG-1,-4.8844585,3.246491,HAP1 MUTYH-/-
ATATGTCAGCCTACCC-1,3.1396945,6.9991984,PF382
ATATGTCAGGCGATCT-1,15.838188,-3.9225833,C8166
ATATGTCAGGGGTAAT-1,3.2102344,-3.6375127,CHLA06ATRT
ATATTCCCAGGAAGGT-1,-0.6632413,-2.5062296,HELA XPA-/-
ATCAACTAGATTCAGT-1,11.21456,-8.979456,TK6 LIG4-/-
ATCAACTAGCATCCAA-1,3.6477365,6.337888,PF382
ATCAACTAGCGACTTA-1,5.524258,5.718473,PF382
ATCAACTAGCGCTCAG-1,14.662944,13.183083,JM1
ATCAACTAGTACGGAG-1,11.210738,-0.17295891,ALLSIL
ATCAAGCCACCAACGA-1,18.146751,4.899019,143B
ATCAAGCCAGCCAGGT-1,-1.6023493,3.1785586,HAP1 MUTYH-/-
ATCAAGGGTGGAGCTG-1,14.887991,7.394546,143B
ATCACCTTCACGCTCC-1,8.038894,4.040807,NALM6
ATCACCTTCACTCCAT-1,7.827552,3.907072,NALM6
ATCACCTTCCAATGAT-1,14.685606,-4.4322534,C8166
ATCACCTTCCTTCAGT-1,9.480064,4.3604918,NALM6
ATCACGATCATCTGGA-1,2.2906082,15.271079,TE617T
ATCACGATCCCGCGAA-1,-3.293812,1.6563962,HAP1 MUTYH-/-
ATCACGATCGTTGCCC-1,-4.080429,4.3491983,HAP1 MUTYH-/-
ATCACGATCTGGCTGG-1,8.277397,5.236455,NALM6
ATCACTTCAAACCTAA-1,3.5209935,-9.89955,U2OS OGG-/-
ATCACTTCATTGCCGT-1,17.294113,8.222586,143B
ATCAGCCAGAAGGTAC-1,6.8882155,16.34743,SUPT11
ATCAGCCAGATAGCCC-1,15.501464,-7.047983,C8166
ATCAGCCAGCGATGCT-1,13.723723,-5.115606,C8166
ATCAGGCTCCACCTTG-1,7.072074,-2.6626718,CHLA06ATRT
ATCAGGGAGCATCCGG-1,1.9392277,5.224349,PF382
ATCAGGGAGCCTGCTC-1,14.183276,6.5173764,143B
ATCAGGGAGCGGTCTG-1,15.111166,6.4279056,143B
ATCAGGTCATGCTGTC-1,8.329305,16.455444,SUPT11
ATCAGTTAGCCCTTCA-1,0.5568091,15.47338,TE617T
ATCAGTTAGTGAACGG-1,3.3468027,-8.782708,U2OS OGG-/-
ATCATCAGTTCCCGTT-1,4.499959,-4.539448,CHLA06ATRT
ATCATCCTCGCTTGGG-1,1.4171851,5.348929,PF382
ATCATCCTCGTGCCCT-1,16.02673,5.0636263,143B
ATCATCTCACCATACC-1,1.894993,7.78524,PF382
ATCATCTCACTTAACT-1,15.395905,-5.237656,C8166
ATCATCTCAGGAGCGA-1,1.925655,5.8488607,PF382
ATCATGGTCATGGTAT-1,-1.6412275,3.2659924,HAP1 MUTYH-/-
ATCATGGTCCACCGCT-1,9.584844,-10.078089,TK6 LIG4-/-
ATCATGGTCCAGAGGA-1,10.586248,-8.246523,TK6 LIG4-/-
ATCATGGTCGCGTTGG-1,7.9176598,-3.2613182,CHLA06ATRT
ATCATTCCAATATCTC-1,-4.347302,2.053072,HAP1 MUTYH-/-
ATCCAAGTCCGTAGGT-1,-2.941124,3.799363,HAP1 MUTYH-/-
ATCCAAGTCGAAGCTC-1,1.8326132,11.500937,DND41
ATCCAATAGCCTGTGG-1,-3.753394,2.641539,HAP1 MUTYH-/-
ATCCAATAGGTGAGAT-1,14.474581,14.406343,JM1
ATCCACAAGGTACCAC-1,0.56150806,8.6269455,PF382
ATCCACGGTGACTTCG-1,8.863329,4.6136017,NALM6
ATCCACTTCACTGTCT-1,7.792075,15.341677,SUPT11
ATCCACTTCCGTGTAA-1,9.853029,4.4713006,NALM6
ATCCATAGTTCGGTGC-1,17.50805,4.8858137,143B
ATCCATGAGAATCATC-1,10.573764,-9.717582,TK6 LIG4-/-
ATCCATGAGCAACCGT-1,15.117893,5.321396,143B
ATCCATGAGCTAGACC-1,16.656708,4.0644684,143B
ATCCATGAGGTCACAC-1,12.318009,13.370363,JM1
ATCCCAAAGTAGGGCA-1,8.664455,4.9366827,NALM6
ATCCCAAAGTGTCCTT-1,-2.3422937,4.17465,HAP1 MUTYH-/-
ATCCCAGGTAGTCCTG-1,18.64788,6.8898644,143B
ATCCCAGGTATTGCTA-1,9.865738,4.976851,NALM6
ATCCCATTCAAGTGAA-1,-0.35347584,12.554031,DND41
ATCCCATTCTCACTTA-1,19.141912,5.9236526,143B
ATCCCCATCACACATG-1,0.5078951,8.684651,PF382
ATCCCCATCCTTGATC-1,-3.6666412,1.3228539,HAP1 MUTYH-/-
ATCCCGCTCCTCGTTG-1,4.88935,5.5410604,PF382
ATCCCTTAGCCATTAG-1,13.773784,12.439755,JM1
ATCCCTTAGGGCTCCA-1,-2.5368447,2.897827,HAP1 MUTYH-/-
ATCCGACAGGATGTGG-1,4.8957634,7.0644407,PF382
ATCCGACAGTGGCAAG-1,11.911929,-5.6811767,C8166
ATCCGCCTCGACCGCA-1,20.584959,-2.1432498,SAOS2
ATCCGGGTCGCATCCC-1,-1.8443848,-2.897684,HELA XPA-/-
ATCCGGGTCGCGATGT-1,11.906617,12.568981,JM1
ATCCGTAAGCAAGTGG-1,10.054925,-11.81837,TK6 LIG4-/-
ATCCGTAAGCCCTGGA-1,9.60738,5.25862,NALM6
ATCCGTAAGTGGCTGT-1,14.94712,-3.608904,C8166
ATCCGTCCAGGCAATT-1,7.631984,16.646656,SUPT11
ATCCGTCCATGGCAGC-1,-2.5823772,-5.435946,HELA XPA-/-
ATCCGTCCATTAGGGT-1,-0.52153486,12.132084,DND41
ATCCTAAGTAGCTGCC-1,18.609123,6.1782017,143B
ATCCTAGAGCAGGCAA-1,5.2155085,5.794723,PF382
ATCCTAGAGCATCCGG-1,14.446474,5.109247,143B
ATCCTAGAGTATGTCG-1,-1.0375727,-2.5399337,HELA XPA-/-
ATCCTCACAATTCGGG-1,15.913364,5.206011,143B
ATCCTCACATGCTCAC-1,15.067741,-4.211716,C8166
ATCCTCCGTTTCGCAG-1,1.6060896,5.1901803,PF382
ATCCTGAAGCATCAAT-1,7.860309,15.711788,SUPT11
ATCCTGAAGGGGACTA-1,7.419648,16.456718,SUPT11
ATCCTGAAGTGATCCA-1,17.96858,8.01502,143B
ATCCTGTTCACGTAGC-1,4.9071035,7.2222595,PF382
ATCCTGTTCCTTCCTC-1,17.284315,4.5568,143B
ATCCTGTTCTGGATCA-1,-5.0498962,3.6706657,HAP1 MUTYH-/-
ATCGAACCAGGATTAC-1,3.176998,-3.6781116,CHLA06ATRT
ATCGAACCATCACTGC-1,-3.5701773,1.2692702,HAP1 MUTYH-/-
ATCGAAGGTAGCTAAG-1,8.361235,-3.0914893,CHLA06ATRT
ATCGAAGGTCTTGCTC-1,1.9723908,8.869451,PF382
ATCGAAGGTGAAGCAC-1,8.727914,4.5004354,NALM6
ATCGAAGGTTGACTAC-1,0.83764654,7.9631186,PF382
ATCGAGGAGCGGATCT-1,13.151746,-5.557547,C8166
ATCGAGGAGGAACCCT-1,-2.7082253,4.0471654,HAP1 MUTYH-/-
ATCGATTAGTGCTGAC-1,12.303191,-0.23104668,ALLSIL
ATCGCCCTCCTTCAAC-1,6.580217,10.543083,RH30
ATCGCCCTCGTGCGTG-1,13.295995,6.754235,143B
ATCGCGCGTAACGTCT-1,9.730762,-11.440642,TK6 LIG4-/-
ATCGCGCGTAACTCTA-1,18.397879,4.969127,143B
ATCGCGCGTAAGTTGG-1,10.335409,-8.419153,TK6 LIG4-/-
ATCGGGCCATGCGTCT-1,9.707061,4.3548465,NALM6
ATCGGTCAGCTAGACC-1,18.058071,4.4530425,143B
ATCGGTCAGCTTCCCA-1,7.7417274,14.987577,SUPT11
ATCGGTCAGGTACGCT-1,-1.084093,-3.250118,HELA XPA-/-
ATCGTACGTCCATATA-1,11.404261,-8.587049,TK6 LIG4-/-
ATCGTACGTGAAGGAG-1,9.971961,4.0098777,NALM6
ATCGTTAGTAACTGCT-1,8.826495,-3.1946998,CHLA06ATRT
ATCGTTAGTAAGCATG-1,-2.9927285,-2.896895,HELA XPA-/-
ATCGTTGAGATTGCGC-1,-2.8114007,-5.0108128,HELA XPA-/-
ATCTAACAGCAGGCAA-1,15.367149,-6.7446194,C8166
ATCTAACAGGCGATTC-1,6.427075,12.151507,RH30
ATCTAACAGGGGCTAA-1,8.774659,-10.488914,TK6 LIG4-/-
ATCTAACAGTCGACGT-1,0.9403082,15.385825,TE617T
ATCTAACAGTCGCGCA-1,-2.7163467,-4.9082966,HELA XPA-/-
ATCTACCTCATAGGTT-1,7.2195997,9.668583,RH30
ATCTACCTCGATACGC-1,17.75074,5.210533,143B
ATCTACCTCGTAGTCA-1,9.269668,-10.9362335,TK6 LIG4-/-
ATCTATGGTCTCACAG-1,17.961859,4.294928,143B
ATCTATGGTGGCCAGA-1,10.043176,3.8816385,NALM6
ATCTCATCAATGTGCG-1,6.7508307,-3.7784467,CHLA06ATRT
ATCTCATCATGAAGGA-1,9.711493,-8.359729,TK6 LIG4-/-
ATCTCCACAACCTTGC-1,9.023141,-10.88126,TK6 LIG4-/-
ATCTCCACAAGGGCAG-1,18.374552,5.5486608,143B
ATCTCCACACCATGTC-1,0.7295522,9.00872,PF382
ATCTCCACACTTCGCG-1,12.364524,-5.395188,C8166
ATCTCCACATTACTCG-1,15.293266,-3.6930158,C8166
ATCTCGCCAAACTGTA-1,-3.5754614,3.375706,HAP1 MUTYH-/-
ATCTCGCCAACGGTCA-1,-1.6124955,2.907819,HAP1 MUTYH-/-
ATCTGAGTCACTCACT-1,14.466474,12.71922,JM1
ATCTGAGTCAGCGGAA-1,7.675535,15.57062,SUPT11
ATCTGAGTCCGTGTAA-1,-4.2356763,14.096711,KHM1B
ATCTGTGAGCATGTGC-1,12.631272,7.2575636,143B
ATCTGTGAGCCTGTGG-1,14.318517,13.792018,JM1
ATCTGTGAGGTGCATC-1,11.25728,-8.805469,TK6 LIG4-/-
ATCTTCATCAGGCAGA-1,8.600619,10.587501,RH30
ATCTTCATCATGCTAG-1,-2.9008048,2.4778774,HAP1 MUTYH-/-
ATCTTCATCCATTACC-1,0.4616379,15.428796,TE617T
ATCTTCATCCTGTATC-1,3.0830097,-2.3583746,CHLA06ATRT
ATCTTCATCGCATCCC-1,-0.2598531,-2.0780745,HELA XPA-/-
ATCTTCATCGCTGAGT-1,8.754503,-4.5053544,CHLA06ATRT
ATCTTGCTCACGCAGT-1,10.444715,-7.9709196,TK6 LIG4-/-
ATCTTGCTCGTACCTT-1,15.187946,-3.6132672,C8166
ATCTTGCTCTATGCGA-1,-3.29906,-3.3637917,HELA XPA-/-
ATGAAACGTCTTGATA-1,7.891779,-4.3877487,CHLA06ATRT
ATGAAACGTTCCGGTA-1,-3.3375642,4.3128443,HAP1 MUTYH-/-
ATGAAACGTTGCACGC-1,-4.5983706,3.4024282,HAP1 MUTYH-/-
ATGAAAGTCAGCACCG-1,21.259039,0.16470616,SAOS2
ATGAAAGTCCCATAGA-1,16.420824,-5.0819974,C8166
ATGAAAGTCGTTAGAT-1,5.11382,7.3691816,PF382
ATGAACCCACTTGGGA-1,-5.2216673,2.686643,HAP1 MUTYH-/-
ATGAACGGTCAATCGT-1,-4.068151,3.9038892,HAP1 MUTYH-/-
ATGAACGGTTATAGCC-1,9.700631,-10.95469,TK6 LIG4-/-
ATGAACGGTTTAGGTC-1,15.304787,6.096664,143B
ATGACAGGTCTAATTG-1,8.058435,10.865606,RH30
ATGACAGGTGCAAGGT-1,11.275306,-9.846053,TK6 LIG4-/-
ATGACAGGTGCGGACA-1,-0.621824,-2.465742,HELA XPA-/-
ATGACCCAGTAGCACC-1,11.939512,-1.288976,ALLSIL
ATGACGGAGCGAGTAG-1,2.2492487,9.19594,PF382
ATGACGGAGCGCATAC-1,1.1794279,7.257109,PF382
ATGACGGAGCTGGAGA-1,7.41912,10.992803,RH30
ATGACGGAGGGGTCAA-1,3.1117191,0.94360864,JURKAT
ATGACGGAGTCTAGGC-1,2.094884,12.551669,DND41
ATGAGGCGTGCGTACC-1,7.4658284,16.055468,SUPT11
ATGAGGTAGGCAACTC-1,15.817479,-7.5809245,C8166
ATGAGGTAGGCTCCAG-1,15.726969,-5.6428194,C8166
ATGAGTAAGCTACGAC-1,-1.3058771,-2.368651,HELA XPA-/-
ATGAGTAAGCTTACGA-1,14.602092,-5.759137,C8166
ATGAGTTTCAGGACGA-1,15.629916,4.6164856,143B
ATGATCCGTGAGCGCA-1,11.269327,-1.398139,ALLSIL
ATGATGTTCACTCCAT-1,-0.43923774,11.566568,DND41
ATGATGTTCTATGCAG-1,-4.197577,4.2496333,HAP1 MUTYH-/-
ATGATTGCAAATGACC-1,3.2775214,7.5320954,PF382
ATGATTGCAATCGAAC-1,19.90354,5.8878293,143B
ATGATTGCAATGGAAG-1,11.100594,-9.346079,TK6 LIG4-/-
ATGCAAGGTTGCTGTG-1,10.350659,-9.278901,TK6 LIG4-/-
ATGCACGCAAGCTACG-1,-5.4366083,2.8013072,HAP1 MUTYH-/-
ATGCACGCAATCTCTG-1,-4.1796694,3.1721318,HAP1 MUTYH-/-
ATGCAGCTCTCACTCG-1,14.841374,5.4506173,143B
ATGCAGGAGTGCTGTA-1,2.2461698,8.33173,PF382
ATGCAGGAGTGTCATG-1,-4.2695866,14.2911005,KHM1B
ATGCATTAGCAAGGGC-1,6.6978326,16.30397,SUPT11
ATGCATTAGCGACTAC-1,15.916229,-7.3382244,C8166
ATGCATTAGTAGGTAA-1,15.950988,4.1411047,143B
ATGCCAATCAATTAGC-1,-4.5994415,3.591511,HAP1 MUTYH-/-
ATGCCAATCCTTCAAC-1,4.199239,-4.0690203,CHLA06ATRT
ATGCCAATCTAATGGT-1,2.0388947,15.697125,TE617T
ATGCCACAGCGACTTA-1,4.1875486,-2.728748,CHLA06ATRT
ATGCCACAGGAGGTCA-1,15.28636,5.446667,143B
ATGCCACAGTAATCAC-1,3.2652426,-8.532437,U2OS OGG-/-
ATGCCACAGTTGGTGC-1,-2.3198757,-3.5742557,HELA XPA-/-
ATGCCAGCAACTACTT-1,9.062689,5.3820486,NALM6
ATGCCCAGTAATCCTA-1,3.8957422,-8.071519,U2OS OGG-/-
ATGCCCTCAGGACAGG-1,-3.3873084,1.3582444,HAP1 MUTYH-/-
ATGCCTGGTTTACCGG-1,3.306265,-2.0975213,CHLA06ATRT
ATGCGAAGTTGACCGC-1,-2.1225276,-3.3692276,HELA XPA-/-
ATGCGAAGTTTAAGCC-1,-4.1150455,2.6866386,HAP1 MUTYH-/-
ATGCGGTTCATGCAGC-1,17.228376,5.0726633,143B
ATGCGGTTCATGGCGT-1,9.583741,-11.856698,TK6 LIG4-/-
ATGCGGTTCCCGCACT-1,14.725348,-3.6263263,C8166
ATGCGGTTCCGCGATG-1,14.762728,7.518714,143B
ATGCGGTTCCGGGTCA-1,9.669123,4.9557467,NALM6
ATGCGGTTCGATGCGT-1,-5.338787,3.7728379,HAP1 MUTYH-/-
ATGCTAACAAATCTAG-1,-1.4280318,3.7994604,HAP1 MUTYH-/-
ATGCTAACACAATCCC-1,15.750706,4.6475873,143B
ATGCTAACAGTAATCA-1,8.03492,-4.4723525,CHLA06ATRT
ATGCTAGTCACCACGG-1,2.5465379,8.692421,PF382
ATGCTAGTCACGGAAG-1,-2.5085368,-4.1630855,HELA XPA-/-
ATGCTAGTCACTCCAT-1,14.810937,5.929646,143B
ATGCTAGTCAGCGAGA-1,8.769408,-3.3255367,CHLA06ATRT
ATGCTAGTCAGGTCAC-1,11.861908,-1.3077034,ALLSIL
ATGCTAGTCTAGCCGG-1,5.1089683,1.0653405,JURKAT
ATGCTCAAGTGAAGGT-1,1.180986,15.127811,TE617T
ATGCTCCCAATGAAGG-1,19.055716,6.219693,143B
ATGCTGATCACCAGTA-1,16.721836,5.338981,143B
ATGCTGATCACGCCTC-1,-3.1394386,-2.5252783,HELA XPA-/-
ATGCTGATCTGGTGTA-1,16.002851,6.5947957,143B
ATGCTTAGTTTGCCAG-1,9.735202,-12.006394,TK6 LIG4-/-
ATGGACCTCAGGACAG-1,-3.3476832,1.079638,HAP1 MUTYH-/-
ATGGACCTCATCATCC-1,18.679174,7.590521,143B
ATGGACCTCATGCCTT-1,7.7597938,-3.6169524,CHLA06ATRT
ATGGACCTCCCTTGCA-1,-3.1102846,2.8862362,HAP1 MUTYH-/-
ATGGACCTCCGTCCGT-1,-2.4431653,3.1585371,HAP1 MUTYH-/-
ATGGACCTCGCGTGTG-1,16.215275,-4.3617344,C8166
ATGGACCTCGTACCGG-1,11.5274725,-9.749132,TK6 LIG4-/-
ATGGACTCAAATGGAG-1,18.53309,5.4613514,143B
ATGGAGACAATGTATG-1,2.4466136,-8.770429,U2OS OGG-/-
ATGGAGTAGGCGAAGC-1,15.483932,-7.1933417,C8166
ATGGAGTAGGCGTTCG-1,8.653627,-4.4607244,CHLA06ATRT
ATGGATGGTCTGGTAT-1,7.9716825,14.950286,SUPT11
ATGGATGGTTCACCTC-1,2.6346831,6.968948,PF382
ATGGATGGTTCACGGC-1,1.2516726,8.924417,PF382
ATGGCAAGTAGCTTAC-1,3.1980717,8.21478,PF382
ATGGCCCGTGACGAGT-1,2.0475647,15.925895,TE617T
ATGGCCCGTTCGGTTG-1,8.94531,-10.4693,TK6 LIG4-/-
ATGGCCCGTTGCTATA-1,-2.400464,2.684732,HAP1 MUTYH-/-
ATGGCGAAGATAGACA-1,-0.5113353,11.647359,DND41
ATGGCGAAGCCAGTTA-1,15.320874,6.184803,143B
ATGGCGAAGCCTGGAT-1,13.535629,12.301107,JM1
ATGGCGAAGCTGGCTG-1,18.256657,8.435624,143B
ATGGCGAAGGCAAGTG-1,11.024045,-0.0077244896,ALLSIL
ATGGCTATCTGTCAAG-1,17.378006,8.190178,143B
ATGGCTGCAAGTCCCT-1,-3.0761323,-2.100103,HELA XPA-/-
ATGGCTGCAATGCGTG-1,-2.8906076,5.2632446,HAP1 MUTYH-/-
ATGGCTGCAGGCTACA-1,-3.1544542,-1.6376129,HELA XPA-/-
ATGGCTTGTTCGTCTC-1,12.699168,-4.717932,C8166
ATGGCTTGTTGGGTAA-1,4.819715,6.936854,PF382
ATGGGATAGCTTACCT-1,0.79661185,6.508253,PF382
ATGGGATAGGCTCCAG-1,-2.8282378,-3.718733,HELA XPA-/-
ATGGGCTTCAATTCGG-1,3.4900906,1.6224346,JURKAT
ATGGGGATCCCTGGTC-1,9.366156,-10.418034,TK6 LIG4-/-
ATGGGTAGTTATCTGA-1,12.86528,6.873487,143B
ATGGGTAGTTTGACAC-1,2.0473704,6.6079082,PF382
ATGGGTTCACTACCAC-1,18.177584,8.092245,143B
ATGGGTTCACTCAATT-1,12.598627,-4.682028,C8166
ATGGTAAAGTGCAACC-1,8.398371,6.2984824,NALM6
ATGGTCATCACGTTGA-1,3.6976423,-9.9322605,U2OS OGG-/-
ATGGTGAGTAAGCTAG-1,-3.989215,14.451803,KHM1B
ATGGTGAGTAGGTCAA-1,6.029437,16.823479,SUPT11
ATGGTGAGTGAGGCTG-1,17.459488,5.402489,143B
ATGGTGAGTGATAGCA-1,-4.8276873,3.9001515,HAP1 MUTYH-/-
ATGGTGAGTTCTGGCA-1,-3.0221639,5.314011,HAP1 MUTYH-/-
ATGGTGGAGCAGGGTA-1,-0.7215146,-3.337866,HELA XPA-/-
ATGGTGGAGCCGCACA-1,-2.916243,-4.398987,HELA XPA-/-
ATGGTGGAGCGGGATA-1,-3.1227326,-4.0159907,HELA XPA-/-
ATGGTTACAATCGGCA-1,5.224992,6.4554086,PF382
ATGGTTACACCTCACG-1,17.683233,5.686043,143B
ATGGTTACAGGTTAGT-1,-0.45361516,12.34175,DND41
ATGGTTTAGATAGACA-1,14.595339,-5.441288,C8166
ATGGTTTAGTCATAGT-1,-3.501222,-2.5402339,HELA XPA-/-
ATGGTTTAGTTAGGTT-1,14.098727,7.814197,143B
ATGTACCGTGCAGGAT-1,4.51109,5.819603,PF382
ATGTACCGTTTCAGTA-1,3.6798782,2.7901807,JURKAT
ATGTAGCCAACGGCAC-1,8.485529,5.464491,NALM6
ATGTAGCCAACTGCGA-1,-3.5670605,1.2811012,HAP1 MUTYH-/-
ATGTAGCCATAACCAA-1,16.25824,7.0220227,143B
ATGTCCCCAACCAGCA-1,-1.8279687,-4.4680743,HELA XPA-/-
ATGTCCCCAAGCTCAG-1,3.1056108,6.1069417,PF382
ATGTCCCCAATGTAGC-1,12.482395,7.1533227,143B
ATGTCCTTCGCTCTGC-1,7.9244,16.783833,SUPT11
ATGTGAAAGTATGTCG-1,8.775852,3.079141,NALM6
ATGTGAAAGTCAGCAC-1,18.40919,7.554532,143B
ATGTGAGGTGCGGCTT-1,20.202421,6.3087907,143B
ATGTGGCTCGATTCAG-1,18.349072,6.9232907,143B
ATGTGGCTCTTGACAG-1,14.121434,5.0781927,143B
ATGTGGGAGCCAGGAA-1,-4.332647,3.5724375,HAP1 MUTYH-/-
ATGTGGGAGGCACAGA-1,-0.632816,-2.7965074,HELA XPA-/-
ATGTGTTAGCCATAGC-1,9.290457,5.483241,NALM6
ATGTGTTAGGATCTGC-1,-3.2641785,-2.890737,HELA XPA-/-
ATGTGTTAGGCGATTC-1,4.890504,7.3608894,PF382
ATGTGTTAGGTAGGTG-1,4.076752,4.453858,PF382
ATGTGTTAGTCGAACC-1,11.888101,11.95704,JM1
ATGTTAGCATGGTCGA-1,15.519385,6.71754,143B
ATGTTCCTCACCCTAT-1,14.24317,7.880768,143B
ATGTTCCTCGTACCAA-1,13.678743,14.257108,JM1
ATGTTCCTCTAGCCGG-1,8.563926,3.4892666,NALM6
ATGTTCCTCTGGCTAA-1,3.6182032,7.542268,PF382
ATTAAGCTCCAGAGGA-1,-4.232567,3.8969285,HAP1 MUTYH-/-
ATTAAGCTCCCAGTCC-1,-2.7735457,2.3062298,HAP1 MUTYH-/-
ATTAAGCTCCTGATGA-1,14.065256,4.647339,143B
ATTACAGCAAGTATGC-1,12.756113,0.18739283,ALLSIL
ATTACAGCAATTAACG-1,7.1161265,12.091885,RH30
ATTACAGCATCCCTAA-1,10.933334,-10.848064,TK6 LIG4-/-
ATTACAGCATGGCAAT-1,18.987024,7.82025,143B
ATTACCCTCACTCTCG-1,7.088718,-3.343432,CHLA06ATRT
ATTACCCTCAGCGACT-1,11.613231,11.5153885,JM1
ATTACCCTCCCATATC-1,1.1947539,8.265001,PF382
ATTACCTCACATTCGC-1,8.688199,2.9542117,NALM6
ATTACCTCACCTTCGG-1,14.578568,13.758895,JM1
ATTACCTCACTATCCA-1,12.725062,-4.7518344,C8166
ATTACCTCAGCTAAGT-1,13.856711,-4.9247174,C8166
ATTACCTCAGGACAGG-1,3.4212425,-10.113288,U2OS OGG-/-
ATTACCTCAGGCATTG-1,16.009241,7.7833133,143B
ATTACGTAGATAGACA-1,-2.7473006,4.11963,HAP1 MUTYH-/-
ATTACGTAGCTACCAA-1,7.4555135,15.901725,SUPT11
ATTACGTAGGCTCTCC-1,-2.2323973,-3.1536746,HELA XPA-/-
ATTACTGGTATGGTGA-1,10.302466,-11.5352335,TK6 LIG4-/-
ATTATCCCAGCATGTG-1,-3.370625,-4.0244074,HELA XPA-/-
ATTCACCTCCAGGGTT-1,-1.289257,3.5155318,HAP1 MUTYH-/-
ATTCACCTCGACCCGA-1,18.456213,7.8706617,143B
ATTCACCTCTAAGTAC-1,-2.5810883,4.7332034,HAP1 MUTYH-/-
ATTCAGGTCCGCCTTA-1,14.864729,5.4644485,143B
ATTCATCCAAGGGCAG-1,15.849224,6.959727,143B
ATTCATCCACTAGTCC-1,4.7536936,1.6543537,JURKAT
ATTCATCCAGCTCACT-1,9.325093,-10.305992,TK6 LIG4-/-
ATTCATCCATCACGGA-1,-1.8836521,3.81983,HAP1 MUTYH-/-
ATTCATGGTCTAGAGA-1,2.5039687,6.4625616,PF382
ATTCATGGTTGGCTTG-1,9.055229,5.7991443,NALM6
ATTCCATCAGTTAAGC-1,6.9704933,17.403442,SUPT11
ATTCCATCATCCTGTA-1,9.010585,3.2260022,NALM6
ATTCCATCATGCTTGC-1,6.0639973,7.121601,PF382
ATTCCGCCAGGACTCA-1,8.330122,16.56129,SUPT11
ATTCCGCCATGAGTTA-1,2.5831983,6.3511906,PF382
ATTCCGCCATTGCCGT-1,3.255947,6.4441237,PF382
ATTCCGGGTCAGGCTC-1,15.587279,7.0674148,143B
ATTCCGGGTCCATAGT-1,19.815783,6.0977526,143B
ATTCCTTGTGAGACAC-1,20.020325,5.968462,143B
ATTCCTTGTTCCCATC-1,-2.1210632,3.595844,HAP1 MUTYH-/-
ATTCGATAGATTCCCT-1,1.1166024,8.411333,PF382
ATTCGATAGATTGAAG-1,16.005516,7.673193,143B
ATTCGATAGGGTCCAT-1,20.92289,-1.2426428,SAOS2
ATTCGATAGTCATCTC-1,13.413866,-0.75392896,ALLSIL
ATTCGCTTCCTGTCGC-1,-3.7633042,0.6083901,HAP1 MUTYH-/-
ATTCGGGCAAGTTCAA-1,2.7821555,6.774688,PF382
ATTCGGGCATCAATCT-1,16.137905,6.578158,143B
ATTCGTAGTTGTGAGA-1,2.154561,8.475666,PF382
ATTCGTTCAGGACATT-1,8.956266,-10.80993,TK6 LIG4-/-
ATTCGTTCAGGCTTAG-1,1.5716492,15.845098,TE617T
ATTCGTTCATGGTTAA-1,18.114185,8.093668,143B
ATTCTCATCCGTTAAG-1,9.10163,5.4196615,NALM6
ATTCTCATCGCGCAAT-1,1.1817857,6.03434,PF382
ATTGAGAAGCATTAGT-1,-4.0437217,2.1466644,HAP1 MUTYH-/-
ATTGAGAAGGTACGGA-1,2.849675,1.9244246,JURKAT
ATTGATGCATCGCTTA-1,8.799125,6.020494,NALM6
ATTGATGCATGCTCAC-1,8.524613,5.3794003,NALM6
ATTGCCCCACATTCAT-1,14.203666,6.6255307,143B
ATTGCCCCATGGTCCT-1,2.364075,-10.277337,U2OS OGG-/-
ATTGCCTTCGATGTGC-1,18.06978,5.1581526,143B
ATTGGATTCACACAGC-1,15.094208,-5.6776834,C8166
ATTGGATTCTGGGACT-1,15.27861,-4.005236,C8166
ATTGGCCAGGTGCATC-1,16.970387,5.2915454,143B
ATTGGCGCACTCAATT-1,4.838674,7.130394,PF382
ATTGGCGCATTGGCCT-1,14.705966,13.258214,JM1
ATTGGCTGTTGCCCAA-1,10.928155,-1.6293834,ALLSIL
ATTGGCTGTTGCCTGA-1,3.0724223,5.8661933,PF382
ATTGGGTCACTAACCC-1,14.988826,-3.8214118,C8166
ATTGGGTCATAATCTC-1,2.403397,4.7469454,PF382
ATTGGGTCATTGGCAG-1,2.8917222,-2.4618533,CHLA06ATRT
ATTGGTTAGCATTCGA-1,7.7201576,14.919955,SUPT11
ATTGGTTAGCCAGGTT-1,-2.1380033,-3.21249,HELA XPA-/-
ATTGTCAGTTCCAGGC-1,0.9955232,5.6381464,PF382
CAAACCATCCTGACCC-1,-3.7070515,4.0721316,HAP1 MUTYH-/-
CAAACCATCGACTTAG-1,8.633991,-3.0820653,CHLA06ATRT
CAAACCCAGCAGTTCA-1,-3.4421842,14.384155,KHM1B
CAAACCGCAAATCGGT-1,18.61009,8.077461,143B
CAAACCGCAGCTAGAT-1,15.67808,7.5072913,143B
CAAACCTGTAGTCCCA-1,7.3080335,15.650571,SUPT11
CAAACCTGTTACACAC-1,3.2480953,6.489749,PF382
CAAACGGAGGTCGTTA-1,13.496385,-5.5374174,C8166
CAAACTTAGCGAATCC-1,15.566922,-5.857428,C8166
CAAACTTAGTTGCTTC-1,16.086418,7.768971,143B
CAAAGCCTCAAGTCCA-1,3.4641013,7.726989,PF382
CAAAGCCTCTGGTGTA-1,-2.3487902,4.653749,HAP1 MUTYH-/-
CAAAGCGAGGGTGACA-1,6.9197087,16.85817,SUPT11
CAAAGCTCAAACTACA-1,10.276021,-8.142772,TK6 LIG4-/-
CAAAGCTCAGGATCAT-1,10.55443,-9.587945,TK6 LIG4-/-
CAAAGGCGTTGCGATT-1,-5.080684,3.1984951,HAP1 MUTYH-/-
CAAAGGCGTTTCCTCA-1,2.5746253,15.616455,TE617T
CAAAGGGTCGAATTAC-1,17.978224,6.500622,143B
CAAAGTAAGAACCATT-1,2.7841845,6.5166135,PF382
CAAAGTAAGTAGGACG-1,11.408517,-8.979788,TK6 LIG4-/-
CAAAGTAAGTCAACCA-1,3.4645512,-4.0127635,CHLA06ATRT
CAAAGTAAGTGAACCC-1,14.1760435,-5.1399994,C8166
CAAATCCGTCTTACCC-1,20.193771,6.8048177,143B
CAAATGAAGAAGGACT-1,15.406293,-6.4432564,C8166
CAAATGAAGTCGCGTG-1,5.726804,6.7506976,PF382
CAAATGGGTAACGTGA-1,6.902234,17.10279,SUPT11
CAAATGGGTTAAGCAG-1,-3.0362325,-2.8811564,HELA XPA-/-
CAAATGTTCACAGCTA-1,15.428199,4.7765956,143B
CAAATGTTCAGCCTAA-1,14.651676,6.904332,143B
CAAATGTTCCACCTAT-1,13.35486,7.3574686,143B
CAAATGTTCCAGCGAT-1,16.231987,7.4676876,143B
CAAATGTTCTGTCTAC-1,-1.6098468,-2.9091475,HELA XPA-/-
CAACACGCAAGGTACT-1,14.189239,13.39541,JM1
CAACACGCACCTCGAT-1,7.7745924,4.1610622,NALM6
CAACACGCAGCTACAG-1,0.8798466,6.6390395,PF382
CAACACGCAGGTAGGG-1,10.278003,-10.498072,TK6 LIG4-/-
CAACACGCATTACTAC-1,-2.633629,4.1644545,HAP1 MUTYH-/-
CAACAGTCACCTTGAC-1,-3.5527558,14.59504,KHM1B
CAACAGTCATCATACT-1,9.5111,-11.607993,TK6 LIG4-/-
CAACATTAGCGCCAAT-1,6.3953805,10.616015,RH30
CAACATTAGGCAAGCA-1,0.9296446,16.142994,TE617T
CAACCAATCGTAGTAT-1,18.13093,6.3624506,143B
CAACCAGCAATCTGAA-1,9.733115,-11.289696,TK6 LIG4-/-
CAACCAGCAGGCTTGA-1,15.679678,6.1397934,143B
CAACCCAGTCAAGGTA-1,-5.2511315,3.440108,HAP1 MUTYH-/-
CAACCCAGTGACGATA-1,19.995667,6.077985,143B
CAACCCTCAACATTGA-1,15.888921,4.3270674,143B
CAACCCTCATTACCCA-1,10.176724,-8.02628,TK6 LIG4-/-
CAACGAAGTATTGCTA-1,18.60654,8.30336,143B
CAACGAAGTCAGGGCA-1,3.2383194,-2.6394246,CHLA06ATRT
CAACGATCAACCGGAC-1,0.4457822,15.359671,TE617T
CAACGATCAAGGGATA-1,17.666054,4.9205613,143B
CAACGGGGTCAAGCCC-1,14.876889,5.081084,143B
CAACTAACAACCTCAC-1,1.4475459,15.051345,TE617T
CAACTAACATCCGGTT-1,8.072382,16.970964,SUPT11
CAACTAGTCGCGTCGA-1,14.561496,7.239087,143B
CAACTCCCATAGATCA-1,15.065302,4.24889,143B
CAACTCCCATCGTAGG-1,9.385972,5.5141706,NALM6
CAACTGATCAGGGAAT-1,6.2959385,16.85076,SUPT11
CAACTGATCCGCACTC-1,3.4732797,0.82381964,JURKAT
CAACTGATCGTCTATC-1,7.914223,16.417698,SUPT11
CAAGACAGTAGCGCAG-1,-4.3285775,4.118808,HAP1 MUTYH-/-
CAAGACAGTAGCTTAC-1,3.4623742,1.5932232,JURKAT
CAAGACAGTGAAGCCG-1,9.429616,4.2027335,NALM6
CAAGACAGTGAGCACG-1,19.10159,5.8677187,143B
CAAGACAGTTAGGCCC-1,7.8009043,3.8746648,NALM6
CAAGACAGTTATGTCA-1,3.0090141,5.941047,PF382
CAAGATGGTGAAGCGT-1,-5.0603905,3.192421,HAP1 MUTYH-/-
CAAGATGGTGGGTCTC-1,2.7348359,-8.613923,U2OS OGG-/-
CAAGATGGTTAAGCTC-1,16.879232,4.401063,143B
CAAGCAAGTCTAGGCC-1,16.415623,5.835347,143B
CAAGCATCAAGTGCAT-1,4.621454,6.593787,PF382
CAAGCCACATTCATGT-1,8.755688,-2.7098708,CHLA06ATRT
CAAGCGAAGTACGGGA-1,-2.4128118,-2.3629391,HELA XPA-/-
CAAGCGCCAATCTCAT-1,-1.9019573,4.1655073,HAP1 MUTYH-/-
CAAGCGCCACCACAGA-1,13.053466,-4.660753,C8166
CAAGCGGGTAACTTCA-1,6.965531,-3.1032803,CHLA06ATRT
CAAGCGGGTGATTGCT-1,14.749313,5.2199526,143B
CAAGCTATCCTGACTT-1,4.6667013,-4.8303123,CHLA06ATRT
CAAGCTATCGACTTAG-1,-3.4450636,-2.113318,HELA XPA-/-
CAAGCTATCTCACCTG-1,3.6760626,-7.794886,U2OS OGG-/-
CAAGCTCAGCCACTCC-1,4.623777,1.812418,JURKAT
CAAGCTCAGGGTAGTG-1,6.706772,17.523798,SUPT11
CAAGCTCAGTGGCTCG-1,11.67267,11.472184,JM1
CAAGCTGCAGCAGGTC-1,19.524593,5.4347153,143B
CAAGCTGCATCGAACG-1,8.121437,3.6091042,NALM6
CAAGGAACAATATCCT-1,10.063033,-11.377792,TK6 LIG4-/-
CAAGGATAGGCACATC-1,0.9169888,15.556253,TE617T
CAAGGATAGGTAGAGT-1,8.2052765,5.979902,NALM6
CAAGGATAGTAGCAGG-1,7.086037,15.91157,SUPT11
CAAGGATAGTGGCGTT-1,15.146742,6.5619187,143B
CAAGGCAAGATAGTAG-1,2.8933969,-2.358563,CHLA06ATRT
CAAGGCAAGATTCGTG-1,15.758476,7.133728,143B
CAAGGCAAGGCTACCG-1,3.6613567,4.4843106,PF382
CAAGGCAAGGTTCAGC-1,3.421768,6.5086803,PF382
CAAGGCGGTGAGATAT-1,13.209638,12.587595,JM1
CAAGGCGGTTCACCGA-1,-3.5273492,1.2168434,HAP1 MUTYH-/-
CAAGGCGGTTGGTTAC-1,21.066002,6.426556,143B
CAAGGCGGTTGTGAAG-1,17.589052,6.419371,143B
CAAGGGATCAGTACCA-1,13.857746,14.405996,JM1
CAAGGGATCAGTTACG-1,19.44422,5.540234,143B
CAAGGGATCCCCAGCT-1,14.660674,5.0282755,143B
CAAGGGATCCCGCTTA-1,14.548848,13.012815,JM1
CAAGGGATCCGCTAGG-1,15.41509,-4.307127,C8166
CAAGGGGCAATAGCAC-1,8.225975,-4.635867,CHLA06ATRT
CAAGGGGCACCTCACG-1,-2.21559,-2.1553626,HELA XPA-/-
CAAGGGGCACCTCAGT-1,10.086043,-10.733339,TK6 LIG4-/-
CAAGGTAGTGCAGCGA-1,3.335111,6.539176,PF382
CAAGGTAGTTGACTGT-1,14.9945345,4.446964,143B
CAAGGTAGTTGGAATG-1,15.679516,5.7563515,143B
CAAGGTGAGGGCAGTA-1,15.405512,4.414474,143B
CAAGGTGAGTCGAGCT-1,9.300923,5.0515795,NALM6
CAAGGTGAGTGGGTAG-1,2.844294,6.567345,PF382
CAAGGTTCACTCAAGG-1,-2.163334,-2.7412105,HELA XPA-/-
CAAGTAAAGTTACACG-1,18.467756,4.9109564,143B
CAAGTAGGTAATGCTC-1,5.0450373,4.547342,PF382
CAAGTAGGTTGCGCGT-1,8.367071,-3.7198114,CHLA06ATRT
CAAGTAGGTTGGCATT-1,15.53948,5.204767,143B
CAAGTAGGTTGGCTGC-1,-1.1403421,-2.954479,HELA XPA-/-
CAAGTCATCAATCAAC-1,-2.8630767,3.3671405,HAP1 MUTYH-/-
CAAGTCATCAATTGGT-1,15.124543,6.085165,143B
CAAGTCATCAGCGAGA-1,3.5370886,1.2893257,JURKAT
CAAGTCATCAGGCAAG-1,2.9948533,-10.200181,U2OS OGG-/-
CAAGTCATCCCTCAAT-1,5.658146,15.033514,SUPT11
CAAGTCATCCTTCAAC-1,0.9176428,6.144641,PF382
CAAGTCATCGAAGGGC-1,10.361488,-8.00372,TK6 LIG4-/-
CAAGTCATCGTTACAG-1,5.406456,5.2299347,PF382
CAAGTCTGTGAACGGT-1,-3.3819115,3.581223,HAP1 MUTYH-/-
CAAGTGAGTCAGTAGA-1,10.279101,-0.6642137,ALLSIL
CAAGTTTAGCCAGTTA-1,3.5218978,0.5394322,JURKAT
CAAGTTTAGTGAGACG-1,6.9770412,15.327257,SUPT11
CAAGTTTAGTGGGTAG-1,4.445032,7.0610733,PF382
CAATAGAAGTCGCTAA-1,17.229006,4.929277,143B
CAATAGCCATCGCTTA-1,10.148393,-8.982236,TK6 LIG4-/-
CAATAGCCATCGTACC-1,3.828766,2.9855945,JURKAT
CAATAGCCATGCTGTC-1,16.051025,6.6488338,143B
CAATAGCCATTACGTT-1,20.573448,-1.4055476,SAOS2
CAATATCAGCTAGCCG-1,3.9513485,1.1921836,JURKAT
CAATATCAGCTGGAGA-1,-1.3460891,-3.1391828,HELA XPA-/-
CAATATCAGTGACGAG-1,3.6293795,5.7309756,PF382
CAATATCAGTGGGTCT-1,3.9357655,1.7400362,JURKAT
CAATCATAGCAATCTG-1,1.3287766,7.9242578,PF382
CAATCATAGGGTCTGT-1,-4.871481,3.5054696,HAP1 MUTYH-/-
CAATCATAGTCATGTG-1,15.163686,7.2654448,143B
CAATCCCCAACATCGG-1,8.809545,4.57481,NALM6
CAATCCGGTAGTTGGA-1,-3.6775355,14.831713,KHM1B
CAATCCGGTCTAATGC-1,9.108311,-10.496508,TK6 LIG4-/-
CAATCCGGTTTCGTAA-1,17.895885,5.6980424,143B
CAATCGATCACACACA-1,3.2086246,-1.8935124,CHLA06ATRT
CAATCGATCAGGCATC-1,1.9188493,6.382296,PF382
CAATCGATCCCTGTAT-1,15.462907,-5.9206157,C8166
CAATCTTCAATCATAG-1,-2.1975,4.0434933,HAP1 MUTYH-/-
CAATCTTCAATTCAGA-1,10.203455,-11.2624035,TK6 LIG4-/-
CAATCTTCACCAACGA-1,15.116613,5.851184,143B
CAATCTTCACCATCTA-1,16.812286,5.7254667,143B
CAATGCATCATCACGA-1,8.42846,-3.5296466,CHLA06ATRT
CAATGCATCGACATAT-1,11.38492,11.826252,JM1
CAATGCATCGCGTTAA-1,8.587696,4.2715235,NALM6
CAATGCATCTCACTGT-1,8.937374,4.606798,NALM6
CAATGCCAGCCAGGAA-1,11.821846,12.587409,JM1
CAATGCCAGCGAGCTT-1,8.326302,-2.5676303,CHLA06ATRT
CAATGCCAGGGTCCAT-1,-3.412878,-2.8947856,HELA XPA-/-
CAATGGCTCTATCCGT-1,13.469016,12.654205,JM1
CAATGGGAGCTAGTAT-1,11.868665,11.627079,JM1
CAATGGGAGTGAAGCG-1,9.85771,-11.7764845,TK6 LIG4-/-
CAATGGTCAAGTGTGT-1,-1.8476564,-2.3420994,HELA XPA-/-
CAATGTTAGCTATACG-1,0.7377542,6.061801,PF382
CAATTAGCAACTACCC-1,8.335319,3.5683062,NALM6
CAATTAGCATTACACT-1,8.963066,-2.9917576,CHLA06ATRT
CAATTCCTCACACTTC-1,14.349021,14.583644,JM1
CAATTCCTCCATCTCG-1,3.2050269,1.2242479,JURKAT
CAATTCCTCCATTCGT-1,8.321755,5.4928718,NALM6
CAATTCCTCCCAGAGT-1,-2.2777402,-5.3465557,HELA XPA-/-
CAATTCCTCGTAGTGC-1,-2.3962505,-5.5651703,HELA XPA-/-
CAATTGGTCATCGTTC-1,8.261513,5.7440724,NALM6
CAATTGGTCCACCATT-1,12.699757,7.0220695,143B
CAATTGGTCCCTCACA-1,3.173669,0.6769969,JURKAT
CAATTGGTCCTTCACG-1,-3.1652884,3.2884474,HAP1 MUTYH-/-
CAATTGGTCGTAGTCA-1,13.159376,-0.7343543,ALLSIL
CAATTTCCATTAGGGT-1,21.319176,-1.6496509,SAOS2
CACAACATCGACTGAC-1,3.3582501,0.7748616,JURKAT
CACAAGCTCACACCAA-1,-0.9996553,-2.4486718,HELA XPA-/-
CACAATTAGTACGCCG-1,14.277571,3.3602116,143B
CACAATTAGTCGAAGG-1,-0.26439485,-2.2098398,HELA XPA-/-
CACACAATCGATGCCG-1,-1.2351581,-2.8398805,HELA XPA-/-
CACACAATCGCATCGG-1,13.229817,7.3556194,143B
CACACAATCTATGAAC-1,-1.4034628,3.0739396,HAP1 MUTYH-/-
CACACACAGATTGAAG-1,11.432928,-10.3575115,TK6 LIG4-/-
CACACAGCATAGGCAT-1,3.2086432,-2.0182183,CHLA06ATRT
CACACCCTCTGTCACT-1,16.81242,4.7184296,143B
CACACCTCAAACTGAC-1,3.5133758,-9.941852,U2OS OGG-/-
CACACCTCACAGCAAT-1,7.0084643,10.365798,RH30
CACACCTCATCGAACG-1,18.710165,5.161413,143B
CACACTAAGGTTGGCT-1,-1.92264,2.7602806,HAP1 MUTYH-/-
CACACTAAGTGACCTA-1,15.310201,4.540173,143B
CACAGGTTCACTCATC-1,15.334164,4.6819267,143B
CACAGGTTCGAAGTCC-1,-2.5371706,-4.321315,HELA XPA-/-
CACAGGTTCTATCGCT-1,6.954557,-2.6300933,CHLA06ATRT
CACATAACAAGGTCCA-1,5.126958,5.3226447,PF382
CACATAACACCTCACG-1,17.025734,4.0402513,143B
CACATAGTCCGGGTTG-1,8.629479,-4.788381,CHLA06ATRT
CACATATAGGATCCCG-1,-3.7610054,4.238638,HAP1 MUTYH-/-
CACATATAGGGCCATT-1,5.135033,5.243469,PF382
CACATATAGTTAACGT-1,-3.454791,1.2783725,HAP1 MUTYH-/-
CACATCCCATCATAGA-1,15.702068,-5.090355,C8166
CACATCCCATCGGTTC-1,-0.8991159,-2.6539843,HELA XPA-/-
CACATTGAGCAACCTA-1,3.8585725,1.0267113,JURKAT
CACATTGAGTGAGCGA-1,2.6887856,8.645447,PF382
CACATTGAGTGCAATT-1,14.145263,4.183216,143B
CACATTTCAAATCATG-1,21.620756,0.096548066,SAOS2
CACATTTCAGGAGCAG-1,9.416408,5.2868047,NALM6
CACATTTCATCAAGCG-1,8.488511,-4.7522345,CHLA06ATRT
CACATTTCATCCTCGG-1,0.6067559,7.135852,PF382
CACCAAATCACAGGCT-1,-3.96432,1.9476144,HAP1 MUTYH-/-
CACCAAATCAGCTAAT-1,3.1135216,-10.222504,U2OS OGG-/-
CACCAAATCGATACAT-1,13.497568,-0.029689232,ALLSIL
CACCAAATCGCGCACA-1,-5.1860013,2.392107,HAP1 MUTYH-/-
CACCAACAGTGACCAC-1,20.916739,6.4206424,143B
CACCAACAGTTGGTAT-1,5.887744,6.507557,PF382
CACCAATGTTCCAGCA-1,16.288729,7.935218,143B
CACCACCTCCCTCGAC-1,12.599507,-4.6377993,C8166
CACCACCTCGCATCCC-1,10.438602,-11.014478,TK6 LIG4-/-
CACCACCTCGCGTTAA-1,-0.5959735,11.935187,DND41
CACCAGACAAGCTCGA-1,-3.5481155,4.437526,HAP1 MUTYH-/-
CACCAGACAGGCATCA-1,11.937691,-1.3105745,ALLSIL
CACCATAAGTAGGATA-1,-2.726565,-5.001078,HELA XPA-/-
CACCATAAGTAGGCGA-1,8.404606,3.2971818,NALM6
CACCATCCAGTTAAGC-1,-2.7727551,-3.1286006,HELA XPA-/-
CACCATCCATCCCTAA-1,1.9317169,15.714999,TE617T
CACCATTTCAGTGCCG-1,1.0563039,15.198425,TE617T
CACCATTTCCGGTTAA-1,-1.6464558,-2.7425134,HELA XPA-/-
CACCATTTCCGTCCAC-1,9.841733,-8.692379,TK6 LIG4-/-
CACCATTTCGTAACTG-1,14.424036,7.6849794,143B
CACCCAAGTCTAGGCC-1,12.51528,7.1013827,143B
CACCCAAGTGATAGCA-1,3.6234336,5.3160515,PF382
CACCCAAGTGCGATCC-1,-0.2757222,-3.4165437,HELA XPA-/-
CACCCAAGTTAGACGA-1,-2.2535727,-2.6393852,HELA XPA-/-
CACCCAAGTTGCAGGG-1,13.290432,14.059869,JM1
CACCCAAGTTTGGATC-1,4.0736747,-3.6306217,CHLA06ATRT
CACCCATCAATAGGGA-1,18.150751,6.4563236,143B
CACCCATCACATACCC-1,1.6173627,7.795569,PF382
CACCCATCACATACGG-1,3.5509422,1.6439413,JURKAT
CACCCATCATAATCTC-1,8.308579,-2.6845517,CHLA06ATRT
CACCCATCATGCTGAG-1,15.65482,6.5457234,143B
CACCCGTTCACGCAAC-1,10.897741,-9.214297,TK6 LIG4-/-
CACCCGTTCCCGTTGC-1,4.077678,0.8048924,JURKAT
CACCCGTTCGACCTGG-1,2.2968462,-8.902662,U2OS OGG-/-
CACCCGTTCGCATTAG-1,9.312917,-9.138094,TK6 LIG4-/-
CACCCTGCAAGTTAGC-1,3.0058405,-2.848708,CHLA06ATRT
CACCCTTGTTGACTGT-1,-1.0755382,-2.3741817,HELA XPA-/-
CACCCTTGTTTGGGCC-1,7.877801,4.542938,NALM6
CACCGAACATCGCTGT-1,7.815953,16.802416,SUPT11
CACCGATAGTAACCTG-1,1.3039355,9.623319,PF382
CACCGCAAGCCCTACC-1,0.93059903,7.8353095,PF382
CACCGCAAGGCACACT-1,-3.9053082,2.6416085,HAP1 MUTYH-/-
CACCGCAAGTACCATG-1,-3.872506,0.74705505,HAP1 MUTYH-/-
CACCGCAAGTCAACCA-1,14.964777,5.1754055,143B
CACCGCTTCAATGTAC-1,0.8579292,15.651563,TE617T
CACCGCTTCCGGTATA-1,19.049744,7.843362,143B
CACCGCTTCGATGCGT-1,-2.3435135,2.8107715,HAP1 MUTYH-/-
CACCGTAGTGAACGGT-1,5.052843,-3.3110125,CHLA06ATRT
CACCGTAGTGAGACGT-1,-3.0441713,5.4062915,HAP1 MUTYH-/-
CACCGTAGTTGCATAC-1,8.578635,-4.8311186,CHLA06ATRT
CACCGTAGTTGTAGTC-1,10.135492,4.021282,NALM6
CACCGTTCAAGCCACA-1,3.7100184,0.64805496,JURKAT
CACCGTTCACAGCACA-1,2.5992978,5.4707303,PF382
CACCTAAAGGTTCGCG-1,14.020116,14.832176,JM1
CACCTAAAGTAGCGGA-1,8.152455,16.296751,SUPT11
CACCTAAAGTCGCGCA-1,12.117629,-0.32264394,ALLSIL
CACCTCATCACTCGCC-1,20.073341,-0.9856548,SAOS2
CACCTCATCTGTGCCC-1,10.842869,-10.287637,TK6 LIG4-/-
CACCTCGCAAGGTCCA-1,8.824704,-10.809871,TK6 LIG4-/-
CACCTCGCATAACCGG-1,10.159326,-11.123333,TK6 LIG4-/-
CACCTCGCATAGGGCC-1,0.8490795,15.120308,TE617T
CACCTCTGTCAGCACC-1,-1.3974013,7.1102595,C8166
CACCTTTAGGGGATCA-1,13.385141,6.7655816,143B
CACGAAAGTATTGGTC-1,11.082742,-8.467103,TK6 LIG4-/-
CACGAAAGTCAGTTCG-1,16.918911,6.609385,143B
CACGAAAGTGATGGTA-1,14.958235,-5.7666917,C8166
CACGAAAGTGCAACGG-1,14.557143,5.9715495,143B
CACGAAAGTTAGTCAC-1,17.728792,8.235981,143B
CACGAAAGTTGTCTAA-1,6.5744815,16.549124,SUPT11
CACGAAAGTTTCGGTG-1,4.6534863,5.52653,PF382
CACGACTAGATTGGCC-1,20.58966,-1.3765068,SAOS2
CACGACTAGCTACGAC-1,7.251787,15.929104,SUPT11
CACGAGGGTAGTTGCT-1,15.013723,5.8594074,143B
CACGAGGGTATAGCCT-1,18.152077,5.411677,143B
CACGAGGGTGGCTGTC-1,12.746506,0.1905742,ALLSIL
CACGATGCAAACCACG-1,8.776901,-3.8776476,CHLA06ATRT
CACGATTGTAGCTGAA-1,12.008065,12.360923,JM1
CACGATTGTATAGCAG-1,3.3646297,7.78701,PF382
CACGATTGTCATCAGT-1,18.303741,8.020625,143B
CACGATTGTGGAAGCT-1,-2.254604,4.472463,HAP1 MUTYH-/-
CACGATTGTTCGCATG-1,1.311044,7.956924,PF382
CACGCAACACTAGGGC-1,2.0179317,15.115297,TE617T
CACGCAACAGGCTTGA-1,7.9719095,10.145114,RH30
CACGCAACAGTAATGC-1,10.444744,-7.8231225,TK6 LIG4-/-
CACGCCAAGCGGCATT-1,12.333218,6.859578,143B
CACGCCAAGCTACGCG-1,14.452929,4.901085,143B
CACGCCAAGTCTAGGC-1,-2.5620375,-4.1546774,HELA XPA-/-
CACGGCTGTCATGTGT-1,12.105489,12.751454,JM1
CACGGCTGTGCGGTCT-1,14.601037,-5.2128663,C8166
CACGGCTGTGGAGCTG-1,15.095812,6.3938704,143B
CACGGGTCAACGTGGC-1,11.242057,-9.971132,TK6 LIG4-/-
CACGGGTCAACTAAGC-1,2.0365748,7.988653,PF382
CACGGGTCAACTCGTC-1,13.483724,-5.534982,C8166
CACGGGTCACAACGTG-1,10.686422,-0.19138576,ALLSIL
CACGGGTCACTAACGG-1,15.550543,-6.9114347,C8166
CACGGGTCATGGCAAT-1,17.67203,5.751585,143B
CACGGTTAGCCCTGGA-1,-2.916956,-3.3537493,HELA XPA-/-
CACGGTTAGGTACATT-1,1.2802541,9.537865,PF382
CACGTAATCCGCTAGG-1,17.530981,6.1594925,143B
CACGTAATCCTCTACG-1,19.501371,-2.289863,SAOS2
CACGTAATCTCACACT-1,15.484572,6.109328,143B
CACGTATGTTATATCG-1,18.736664,6.186134,143B
CACGTATGTTCCGTTC-1,15.833069,7.690259,143B
CACGTATGTTGAGTGA-1,9.771839,-11.539869,TK6 LIG4-/-
CACGTTGGTCAGGACG-1,12.000632,-1.2163515,ALLSIL
CACGTTGGTCAGGAGT-1,17.361696,5.1177993,143B
CACTAACGTCAACCGC-1,3.3041735,6.7313914,PF382
CACTACCCACAACGTG-1,12.857299,-4.8812613,C8166
CACTACCCATAAGCGT-1,19.928623,-1.521952,SAOS2
CACTACCCATTCCTCT-1,1.5764012,8.946473,PF382
CACTACTTCCCGCAAG-1,16.879,3.9255636,143B
CACTACTTCCGGATGT-1,2.1697118,-9.075067,U2OS OGG-/-
CACTACTTCCTGCGGA-1,16.114706,5.092345,143B
CACTATGAGCCTGTCC-1,15.068248,-3.9533165,C8166
CACTATGAGCTGGCAT-1,-4.4122624,3.9169955,HAP1 MUTYH-/-
CACTATGAGGAGCTAG-1,20.803135,-1.3594056,SAOS2
CACTATGAGTGAGATA-1,15.441751,6.6505265,143B
CACTCAAAGCGGAGAC-1,1.7175474,7.658668,PF382
CACTCCATCACGCCTC-1,1.0839567,5.8627324,PF382
CACTCGCTCATAGGAA-1,10.367199,-10.015289,TK6 LIG4-/-
CACTCGCTCGCTAGTA-1,5.4126062,1.3008654,JURKAT
CACTGCCTCAATCAGT-1,7.4362917,16.072308,SUPT11
CACTGCCTCCAGGGTT-1,-3.6096873,-1.9381241,HELA XPA-/-
CACTGGGTCGACTCAA-1,-3.49794,-3.2654092,HELA XPA-/-
CACTGTCCAAGTGCTG-1,21.331827,0.13910964,SAOS2
CACTGTCCAATCTGGG-1,-4.7775464,3.4950097,HAP1 MUTYH-/-
CACTGTCCACTATCAT-1,9.103559,-10.941707,TK6 LIG4-/-
CACTGTCCATGAGCAT-1,7.9866714,16.710913,SUPT11
CACTTAGAGGCTTGGT-1,1.0615673,8.586466,PF382
CACTTCACAATCTCCA-1,12.882005,11.99873,JM1
CACTTCACAGGCAGAG-1,6.8562126,16.972862,SUPT11
CAGCAAAGTAACGTCT-1,19.7805,5.7639017,143B
CAGCAAAGTATGTGGA-1,10.653168,0.08995124,ALLSIL
CAGCAAAGTCAAGGCG-1,3.082374,-10.163969,U2OS OGG-/-
CAGCAAAGTTGGTGAA-1,11.474655,-10.083042,TK6 LIG4-/-
CAGCAATCAAGCGTTG-1,11.416152,-10.283846,TK6 LIG4-/-
CAGCAATCAAGTGCGC-1,1.6142823,5.6423683,PF382
CAGCAATCACAATGAC-1,17.134499,4.1313667,143B
CAGCAATCAGTACCAG-1,1.9199432,8.892397,PF382
CAGCACTAGAATCGTT-1,15.43765,-4.3754544,C8166
CAGCACTAGCTAACGC-1,19.182022,7.951366,143B
CAGCAGCCAATCGCTC-1,7.4320426,-3.8026154,CHLA06ATRT
CAGCAGCCAATTGAGC-1,8.369198,-4.185565,CHLA06ATRT
CAGCATATCACCTAAG-1,9.975598,-11.444784,TK6 LIG4-/-
CAGCATATCCATCGTT-1,19.76687,-1.4718661,SAOS2
CAGCATATCGTGCAAC-1,3.8388789,-3.333386,CHLA06ATRT
CAGCATTGTCAGTAAG-1,1.3905541,5.105346,PF382
CAGCATTGTCAGTATC-1,4.121062,2.13994,JURKAT
CAGCATTGTGAACGCG-1,-2.7479434,-2.9568946,HELA XPA-/-
CAGCCAACATAACTCT-1,9.602214,-9.347081,TK6 LIG4-/-
CAGCCATAGCTAGCCG-1,15.321439,-4.770336,C8166
CAGCCATAGCTGGTCG-1,-2.444258,4.2131944,HAP1 MUTYH-/-
CAGCCATAGGCGATCT-1,3.7393765,7.468404,PF382
CAGCCTAGTAAGCAGC-1,9.028908,-9.536984,TK6 LIG4-/-
CAGCGCATCAGGTAGG-1,8.03735,5.872414,NALM6
CAGCGCATCATATCCC-1,16.506937,-4.9397078,C8166
CAGCGCATCATGGCTA-1,15.36671,5.318334,143B
CAGCGGTCAACTGGTG-1,10.668081,-9.775873,TK6 LIG4-/-
CAGCGGTCAAGTGTAC-1,1.5363047,5.661596,PF382
CAGCGGTCACAATTAG-1,16.342518,6.7064743,143B
CAGCTAATCACTTCGT-1,-2.9521663,-2.4891055,HELA XPA-/-
CAGCTAATCGATGGCT-1,2.7159429,6.3781605,PF382
CAGGAACGTAACCGAA-1,9.905207,-10.516676,TK6 LIG4-/-
CAGGAACGTCTAAGCT-1,-5.512104,3.4552414,HAP1 MUTYH-/-
CAGGAACGTGGCGACA-1,13.301966,-5.2670345,C8166
CAGGAACGTTAGTTCA-1,11.162471,-8.436521,TK6 LIG4-/-
CAGGACAAGCATCCAA-1,3.3642862,3.0144818,JURKAT
CAGGACCCACCATTCA-1,15.20696,-6.5264683,C8166
CAGGAGGCAATAGCAC-1,9.091807,-3.0775356,CHLA06ATRT
CAGGAGGCACTTGGGA-1,14.011881,7.2541437,143B
CAGGAGGCAGGTTGCA-1,7.8186145,3.7041426,NALM6
CAGGAGGCAGTTAGGT-1,16.739645,7.612954,143B
CAGGATAGTTGTGATC-1,10.969303,-10.67373,TK6 LIG4-/-
CAGGATTCAACTGCCT-1,1.6935738,8.760536,PF382
CAGGCACCACAGGATT-1,-2.8447688,-4.909628,HELA XPA-/-
CAGGCACCAGCACGGT-1,8.128251,11.014074,RH30
CAGGCACCATAAGTGC-1,-3.2805774,4.412176,HAP1 MUTYH-/-
CAGGCACCATCACGTC-1,-3.6769047,1.5947088,HAP1 MUTYH-/-
CAGGCCATCCTGTACT-1,15.588255,6.375982,143B
CAGGCGAGTTATAGCC-1,11.836136,13.090815,JM1
CAGGCTTAGGCGATAG-1,12.765024,-5.0467715,C8166
CAGGCTTAGTAACGAA-1,15.990317,5.753045,143B
CAGGGATGTAACGGTA-1,9.628589,-11.25206,TK6 LIG4-/-
CAGGGATGTAGCCTTG-1,-3.6616337,1.6914773,HAP1 MUTYH-/-
CAGGGATGTAGTTGGA-1,5.273884,1.0268109,JURKAT
CAGGGATGTTGTCTGG-1,13.972647,-4.912617,C8166
CAGGGATGTTTGACGT-1,10.457765,-0.611515,ALLSIL
CAGGGCTCAATGGAGA-1,3.913616,-2.3050923,CHLA06ATRT
CAGGGCTCATAACGCG-1,-2.3685043,3.1799417,HAP1 MUTYH-/-
CAGGGGACAACCTCTA-1,-4.5108557,3.7144184,HAP1 MUTYH-/-
CAGGGGACATCCGTAC-1,13.091303,14.393275,JM1
CAGGGGTAGCGAGGAC-1,19.408173,7.350067,143B
CAGGGGTAGGCGTCCA-1,16.799541,6.571502,143B
CAGGTAAGTGATGCTT-1,3.196464,1.165656,JURKAT
CAGGTAAGTGGCTGCT-1,1.7042048,5.3035154,PF382
CAGGTCACAATCTAAG-1,14.9054,5.790549,143B
CAGGTCCGTAGGCTGG-1,9.823614,-11.189812,TK6 LIG4-/-
CAGGTCCGTCAATCAC-1,19.679993,-1.0176305,SAOS2
CAGGTCCGTGATTGCT-1,14.456881,7.2854147,143B
CAGGTCCGTTCCAGAT-1,3.2837396,-9.839236,U2OS OGG-/-
CAGGTCCGTTCCCAAG-1,15.233616,-5.442633,C8166
CAGGTCCGTTCGTAGT-1,3.0599947,-10.245119,U2OS OGG-/-
CAGGTGAAGCGAAGCA-1,17.777378,6.534036,143B
CAGGTTATCTAACTGG-1,15.114794,6.571544,143B
CAGTAACCAACCATCC-1,12.411463,6.5696726,143B
CAGTAACCAACCGCTT-1,-2.8815932,-4.8734026,HELA XPA-/-
CAGTAACCACATTCGC-1,5.688558,0.67932004,JURKAT
CAGTAACCAGGGACAG-1,17.399204,5.325838,143B
CAGTAAGGTTGTGATC-1,14.33055,-5.2688894,C8166
CAGTACGCAAGTAAGG-1,4.6873527,5.288815,PF382
CAGTAGCTCACATAGT-1,15.255505,-6.518988,C8166
CAGTAGCTCCCAGACG-1,15.507085,5.398804,143B
CAGTAGGAGATTCAGT-1,11.43766,-8.54707,TK6 LIG4-/-
CAGTAGGAGGCATTCA-1,8.4885645,4.581298,NALM6
CAGTAGGAGGGCTGAA-1,3.6385972,8.231033,PF382
CAGTAGGAGTGCAATT-1,10.651682,-1.0481048,ALLSIL
CAGTAGTCAATACCTT-1,13.234234,-5.33194,C8166
CAGTAGTCACAGGCGT-1,-3.2574484,-2.3015501,HELA XPA-/-
CAGTAGTCACTAATGA-1,1.5950503,7.2577753,PF382
CAGTAGTCACTTCGGT-1,9.11481,5.440307,NALM6
CAGTATTAGCTAGGGA-1,10.003251,3.8846579,NALM6
CAGTCAATCATGAGTT-1,-1.9594178,-4.165404,HELA XPA-/-
CAGTCAATCCCGGCAA-1,-1.7820289,3.9344563,HAP1 MUTYH-/-
CAGTCAATCGATCGGT-1,3.9076355,1.8854014,JURKAT
CAGTCCCTCATGTCAG-1,2.6262124,2.073631,JURKAT
CAGTCCCTCGCTCAGG-1,2.666278,-7.6137314,U2OS OGG-/-
CAGTCCCTCGTGCTAA-1,6.642342,17.583525,SUPT11
CAGTCCTCAACTGGAT-1,-5.1038027,3.8476732,HAP1 MUTYH-/-
CAGTCCTCAATCTAAG-1,19.629198,5.794169,143B
CAGTGTTGTAGGCGCA-1,14.273626,-5.4429517,C8166
CAGTTACGTTAATTCG-1,13.767912,5.9692755,143B
CAGTTAGTCCGTGAAC-1,18.631433,7.787758,143B
CAGTTAGTCTTGATGG-1,15.159616,6.864755,143B
CAGTTATAGCCTGAGT-1,16.35204,5.3116093,143B
CAGTTCAAGCGGTCTG-1,-2.3815272,2.8914769,HAP1 MUTYH-/-
CAGTTCCCATCACACC-1,7.308817,15.529188,SUPT11
CAGTTCCCATGCAGAT-1,2.726325,8.578085,PF382
CAGTTTAGTCATTAGC-1,9.794872,-8.513755,TK6 LIG4-/-
CAGTTTAGTCTAAGTC-1,7.50495,11.731269,RH30
CATAACTAGATAGGTA-1,6.7498302,-2.7270734,CHLA06ATRT
CATAAGCCACTCATCA-1,-3.9071734,2.1362324,HAP1 MUTYH-/-
CATAAGGGTTTCAGTA-1,9.270726,-9.926186,TK6 LIG4-/-
CATACAACATAAGTGC-1,11.720244,0.4959353,ALLSIL
CATACAACATCCATAT-1,1.8837411,5.949429,PF382
CATACATAGTTGGCGT-1,14.025335,12.931412,JM1
CATACCAAGTAAGGCG-1,15.617245,-6.1300793,C8166
CATACCAAGTACGCCG-1,7.8601665,11.526417,RH30
CATACCAAGTAGCGGA-1,9.28592,2.8299212,NALM6
CATACCTTCCCTGTGC-1,13.486927,13.889946,JM1
CATACCTTCCTTCGTG-1,-3.6477947,1.1330786,HAP1 MUTYH-/-
CATAGAGGTAAGGGCT-1,7.768694,-2.702018,CHLA06ATRT
CATAGAGGTGAGATTG-1,10.623549,-8.074954,TK6 LIG4-/-
CATAGATTCATGACGC-1,7.4367385,17.063282,SUPT11
CATAGATTCCGGGTCA-1,-2.3653545,-4.344544,HELA XPA-/-
CATAGATTCGATGTCA-1,17.517002,6.1819053,143B
CATAGATTCTGGTGAC-1,-3.7784097,4.6037345,HAP1 MUTYH-/-
CATAGCATCAGTGCCG-1,15.49878,8.297675,143B
CATAGCATCCGTATGA-1,15.899921,4.073552,143B
CATAGCATCCGTCATT-1,8.52079,5.1212654,NALM6
CATAGCCAGGATAGAC-1,-2.4978018,-2.5716314,HELA XPA-/-
CATAGCCAGGTAGACG-1,10.323887,-7.9619975,TK6 LIG4-/-
CATAGCGCATCCAGCT-1,5.903537,7.085782,PF382
CATAGCGCATTGCGTC-1,11.51802,11.766283,JM1
CATAGCTGTAGCCCGT-1,-3.4712873,-2.8395276,HELA XPA-/-
CATAGCTGTCTAGGTT-1,-2.803561,-4.6831827,HELA XPA-/-
CATAGCTGTCTGTGTG-1,4.868215,6.050689,PF382
CATAGCTGTGACGACG-1,3.2861652,-2.0052495,CHLA06ATRT
CATAGCTGTGCAAGTA-1,-3.6791236,3.6378329,HAP1 MUTYH-/-
CATAGGCTCCACGGCA-1,6.0919905,16.91243,SUPT11
CATAGGGAGAAGCTAA-1,10.248346,-0.8726114,ALLSIL
CATAGGGAGGCGTAGA-1,7.7238297,10.389568,RH30
CATAGGGAGGTACTGC-1,10.2653055,-8.101755,TK6 LIG4-/-
CATAGGTCAACCGTCT-1,11.490397,-9.959427,TK6 LIG4-/-
CATAGGTCACTTGGAG-1,15.983143,7.8471184,143B
CATATAGCAATGCCCT-1,10.69141,-0.19029915,ALLSIL
CATATAGCACAATGCG-1,15.033307,-6.552277,C8166
CATATCCTCATCAAGT-1,19.298235,7.50825,143B
CATATCTCAGTTGGGC-1,17.903748,8.262147,143B
CATATGGTCACAGACC-1,1.891405,12.422122,DND41
CATATGGTCGCTGAAC-1,7.2055526,15.8082,SUPT11
CATATTCCACAACGGC-1,2.931254,8.792752,PF382
CATATTCCAGGTTGCA-1,-3.0687447,-3.0269287,HELA XPA-/-
CATATTCCATCACTAT-1,7.218262,-3.4569073,CHLA06ATRT
CATATTGGTCAGTCGC-1,0.7218231,15.192581,TE617T
CATATTGGTTATCGCG-1,6.8508134,16.607203,SUPT11
CATATTGGTTGGCGAG-1,12.704966,14.49862,JM1
CATCAATAGCGATGGA-1,16.42057,7.41214,143B
CATCAATAGGGCTCTG-1,14.150726,-4.130816,C8166
CATCACAAGGTGAGCA-1,13.025059,-4.95197,C8166
CATCACAAGGTGGAAT-1,17.82905,6.683857,143B
CATCACAAGGTTACAT-1,4.5104265,-5.0204544,CHLA06ATRT
CATCACCCAAAGGTAG-1,7.6875873,15.050731,SUPT11
CATCACTTCGACCATA-1,14.0004835,5.934835,143B
CATCACTTCGCATCGG-1,-3.5492418,3.2181754,HAP1 MUTYH-/-
CATCAGGCAATAGACC-1,3.6993551,7.834443,PF382
CATCAGGCAATAGTCA-1,12.120923,-1.1136113,ALLSIL
CATCATTCAAGTCCCT-1,3.3810272,-10.0098095,U2OS OGG-/-
CATCCAAAGAACGAGT-1,7.7045326,3.70742,NALM6
CATCCAAAGGCAACGA-1,5.1142387,1.6182427,JURKAT
CATCCAAAGGTAGACG-1,-3.4983182,-2.6122377,HELA XPA-/-
CATCCAAAGTAGTGAA-1,11.4228325,-8.501985,TK6 LIG4-/-
CATCCACCAAATGGTC-1,15.412409,-7.171274,C8166
CATCCACCACATTGGG-1,11.491375,12.172407,JM1
CATCCACCATCACATT-1,11.932447,12.503705,JM1
CATCCAGGTCTAAGGA-1,10.166326,-12.031375,TK6 LIG4-/-
CATCCAGGTTCCGTGA-1,14.540803,13.74631,JM1
CATCCAGGTTCGCAAT-1,1.8945466,7.126029,PF382
CATCCAGGTTTCGGAT-1,15.087719,6.36226,143B
CATCCCATCATCTAGG-1,17.70859,8.212036,143B
CATCCCATCCATCACT-1,2.6149995,-10.344472,U2OS OGG-/-
CATCCCATCCATTGCT-1,9.971279,-11.846655,TK6 LIG4-/-
CATCCCATCCTCGTTG-1,-0.5551902,-2.5364869,HELA XPA-/-
CATCCCGCAAACCGTG-1,18.21081,6.33251,143B
CATCCCGCACATGACG-1,-1.0612278,-2.5660696,HELA XPA-/-
CATCCCGCAGCACTCT-1,12.049011,11.681556,JM1
CATCCCGCATTAACTC-1,20.730417,-2.0137184,SAOS2
CATCCCTGTAGGTCAA-1,15.2778845,4.7649765,143B
CATCCCTGTCAGCATT-1,4.273541,1.4512461,JURKAT
CATCCCTGTTCATCGG-1,15.647012,-6.085684,C8166
CATCCCTGTTGTAAGG-1,2.6851652,6.8892493,PF382
CATCCGCTCAGGACGA-1,1.9720551,-8.862042,U2OS OGG-/-
CATCCGCTCATCACTC-1,-3.0061677,5.2701097,HAP1 MUTYH-/-
CATCCGCTCGCGCACA-1,19.535633,-1.8321137,SAOS2
CATCCGGAGAACGATA-1,1.2950276,15.661944,TE617T
CATCCGGAGAAGGATC-1,5.640602,6.724721,PF382
CATCGTCCAATTACCT-1,17.997944,6.389389,143B
CATCGTCCACTCAATT-1,3.0266144,7.2161303,PF382
CATCGTCCAGGATTCG-1,14.291254,6.4093275,143B
CATCGTTTCACTCAAG-1,12.250395,-1.1306903,ALLSIL
CATCGTTTCGCTGACG-1,-4.4574976,3.0304947,HAP1 MUTYH-/-
CATCTAAGTTTAAGCC-1,0.8296765,11.359094,DND41
CATCTCACAAGTGCAT-1,8.69183,3.123948,NALM6
CATCTGTTCCCCATTG-1,15.238023,7.719535,143B
CATGAACCACTTCGAC-1,8.485865,3.670057,NALM6
CATGAAGGTTCCGTCT-1,11.123758,-8.841058,TK6 LIG4-/-
CATGATTAGGTGGAGC-1,-2.8152359,3.9931674,HAP1 MUTYH-/-
CATGATTAGTGCAACC-1,11.717774,0.28649893,ALLSIL
CATGCAATCAATCTGG-1,6.034076,15.23819,SUPT11
CATGCAATCTGGGCAT-1,13.298063,-5.292665,C8166
CATGCCAGTCCATACG-1,-3.3844633,-2.251351,HELA XPA-/-
CATGCCAGTGATGATG-1,9.994886,-11.974542,TK6 LIG4-/-
CATGCCAGTGCATTAC-1,-4.893699,3.6502826,HAP1 MUTYH-/-
CATGCCAGTGGACAGT-1,-0.4341676,-3.2622755,HELA XPA-/-
CATGCCAGTTGAAGCA-1,3.4335158,5.176328,PF382
CATGCGCGTTCTGTAA-1,15.317651,6.873198,143B
CATGCGCGTTGAGTGA-1,3.0901673,6.1171546,PF382
CATGCTGGTAATCGTC-1,-3.001775,-2.5403223,HELA XPA-/-
CATGCTGGTCAAGCGG-1,9.312488,-9.942654,TK6 LIG4-/-
CATGCTGGTTAGGCCC-1,7.401917,16.88884,SUPT11
CATGCTGGTTGCGGTC-1,0.7682191,14.94607,TE617T
CATGGGTTCCTCACCA-1,21.1323,-1.9980965,SAOS2
CATGGTCAGCCGATAC-1,15.610119,3.8409996,143B
CATGGTCAGTAGCTGC-1,19.679556,-2.400971,SAOS2
CATGGTCAGTGAGAGT-1,-4.6764574,3.412585,HAP1 MUTYH-/-
CATGGTTGTTAGTTGC-1,19.639336,6.155645,143B
CATGGTTGTTCTGTCC-1,14.811653,6.100372,143B
CATGTCAAGCGATACC-1,12.952456,0.37093937,ALLSIL
CATGTCAAGGCAACGA-1,14.206261,6.8499827,143B
CATGTCAAGGGGACTA-1,18.00219,7.0164495,143B
CATGTTGAGCATGGAG-1,13.1225395,-5.445033,C8166
CATGTTGAGGGTAGGC-1,11.9293165,12.209678,JM1
CATGTTGAGTCGAGTC-1,9.182263,5.2571697,NALM6
CATTAACAGCCGATGT-1,11.041581,-0.9282782,ALLSIL
CATTAACAGTGAGTGG-1,15.954123,5.481051,143B
CATTACCTCACCTCAT-1,3.0334678,7.4705577,PF382
CATTACTCAACCCGAA-1,3.0663288,-8.040376,U2OS OGG-/-
CATTACTCACAATTAG-1,-3.8778217,1.121873,HAP1 MUTYH-/-
CATTACTCAGTTAGGT-1,3.8615286,-3.3343923,CHLA06ATRT
CATTACTCATGTCGGA-1,-3.9383616,2.486975,HAP1 MUTYH-/-
CATTAGTAGGATCACC-1,6.7463055,15.701875,SUPT11
CATTCAAGTGAAGCGT-1,15.686902,8.049634,143B
CATTCATCAATACAGC-1,6.148803,15.525907,SUPT11
CATTCATCACTAGCCT-1,7.515097,14.970046,SUPT11
CATTCGAAGCAAGGGC-1,-1.7955016,4.0378914,HAP1 MUTYH-/-
CATTCGAAGGATGGGC-1,16.309204,4.1266913,143B
CATTCGAAGTAAGGAC-1,15.804231,5.3004303,143B
CATTCGAAGTGCAACC-1,14.94413,6.312854,143B
CATTCGCCAAATCGTA-1,3.1216478,7.194832,PF382
CATTCGCCAAGTGGAA-1,17.6489,4.85342,143B
CATTCGCCAGGAAGTA-1,11.819563,11.948931,JM1
CATTCGTTCCCAGATA-1,2.8265784,1.9342571,JURKAT
CATTCTATCACCTCTG-1,15.077826,7.6208816,143B
CATTCTATCCGGTGAT-1,-2.2648735,2.973056,HAP1 MUTYH-/-
CATTGCTTCCCAGTAA-1,18.318855,7.869846,143B
CATTGCTTCCCTCTGA-1,2.9363205,-2.619293,CHLA06ATRT
CATTGCTTCCTGCCAC-1,15.740169,-3.9040778,C8166
CATTGCTTCGACCGTG-1,-2.208307,-4.833057,HELA XPA-/-
CATTGCTTCGAGTGGA-1,12.125876,11.6172085,JM1
CATTGGATCCATTAGG-1,2.132605,9.176011,PF382
CATTGGATCCGGGTCA-1,15.563252,6.511599,143B
CATTGGGCAAGTGTAC-1,17.647612,4.4742494,143B
CATTGTGAGCGAACGA-1,12.608057,14.415049,JM1
CATTGTGAGTGCTTAG-1,15.205834,7.868299,143B
CATTTAGGTCATCCGA-1,-1.3353014,7.046728,C8166
CATTTAGGTTATGCGT-1,4.7184286,-3.4056053,CHLA06ATRT
CATTTAGGTTGTCCTC-1,8.284776,3.2214928,NALM6
CATTTCATCAGGCACT-1,-1.7310477,2.7890317,HAP1 MUTYH-/-
CATTTCATCGCTATGA-1,-2.668348,-3.388337,HELA XPA-/-
CATTTCGCACATGCGA-1,8.76053,10.5378895,RH30
CATTTCGCACTTGGGA-1,15.586508,-5.519936,C8166
CATTTGCTCATGCCAA-1,16.81749,5.5251756,143B
CATTTGCTCCGGAGTT-1,8.141016,16.054214,SUPT11
CATTTGGAGAAGCTGG-1,14.664009,-5.544708,C8166
CATTTGGAGCATGAGG-1,14.296777,14.791341,JM1
CATTTGGAGCCTGCGA-1,16.26152,6.0211906,143B
CATTTGGAGGCGATTC-1,21.551094,-0.049957387,SAOS2
CATTTGGAGTCAGGTC-1,6.777426,16.118874,SUPT11
CCAAAGCTCACTCATC-1,7.1117086,-2.8336124,CHLA06ATRT
CCAAAGCTCGACCGTG-1,11.433427,-10.625965,TK6 LIG4-/-
CCAAAGCTCTGGAACC-1,-5.241296,3.1717298,HAP1 MUTYH-/-
CCAAAGTCAAGTGAGA-1,11.885186,11.477356,JM1
CCAAAGTCACGCCATT-1,-4.2845783,2.8468046,HAP1 MUTYH-/-
CCAAAGTCACTTGCCG-1,-1.8591475,-2.8068075,HELA XPA-/-
CCAAAGTCAGCAGTTG-1,-3.3446977,3.3762045,HAP1 MUTYH-/-
CCAAATGTCCACGGCA-1,15.475704,-7.7068377,C8166
CCAAATTAGTAAGTGA-1,5.158726,0.74601084,JURKAT
CCAACCCTCGTACCAA-1,9.540969,-10.230725,TK6 LIG4-/-
CCAACCTCACTCATGC-1,16.373955,6.720028,143B
CCAACTAAGCAGGGAC-1,13.497292,-0.7423101,ALLSIL
CCAACTAAGGAGGCAC-1,14.231164,14.449135,JM1
CCAACTGGTTGGAGAC-1,8.365745,3.4931452,NALM6
CCAAGGGGTTCCTGTC-1,-3.6148245,14.644822,KHM1B
CCAAGTCAGATTACGT-1,11.208236,10.534577,JM1
CCAAGTCAGGTAATTC-1,12.746799,-4.746584,C8166
CCAATAGTCACTTGCT-1,7.4678144,-2.8026924,CHLA06ATRT
CCAATATAGGCTTAAT-1,2.9002092,-2.153648,CHLA06ATRT
CCAATCAAGCGGTACT-1,1.3927093,9.3969555,PF382
CCAATCAAGCTTCCCA-1,10.340861,-11.636803,TK6 LIG4-/-
CCAATCCCAATTGGAC-1,20.756798,-1.5399162,SAOS2
CCAATCCCACTTGCCG-1,13.333332,-5.4259605,C8166
CCAATTAGTAATCCGT-1,3.6404436,-9.073269,U2OS OGG-/-
CCAATTAGTAGCAGGT-1,-2.9683368,5.3954425,HAP1 MUTYH-/-
CCAATTAGTTTGAGAG-1,5.462873,6.9207687,PF382
CCAATTTCACTTAGGG-1,-5.1354294,2.8720965,HAP1 MUTYH-/-
CCAATTTCACTTCATG-1,11.127939,-10.210912,TK6 LIG4-/-
CCACAACAGCGCCTAG-1,4.5075593,-4.492604,CHLA06ATRT
CCACACAGTTCCTTGC-1,-2.663578,4.4336944,HAP1 MUTYH-/-
CCACAGACAATCCTTG-1,1.23034,6.129534,PF382
CCACAGACAATCTATC-1,-2.5936959,4.4838796,HAP1 MUTYH-/-
CCACAGACATCCAGCT-1,1.0972629,9.056914,PF382
CCACATAAGCGAGTTC-1,18.163267,7.6133404,143B
CCACATAAGGTAGGTG-1,9.0488825,3.1401777,NALM6
CCACATCCAAGTTACA-1,3.289729,1.1731262,JURKAT
CCACATCCACTAAGCG-1,18.818409,6.0969944,143B
CCACATGGTAAGCCAA-1,1.9243784,5.6289816,PF382
CCACATGGTCAGTATC-1,15.2349205,7.139491,143B
CCACATGGTGCGGATG-1,6.64957,16.615408,SUPT11
CCACCAAGTTCCAGGC-1,2.6418314,-9.82904,U2OS OGG-/-
CCACCAAGTTTACGAC-1,2.11863,8.8406105,PF382
CCACCAAGTTTGATTG-1,1.3306054,8.031762,PF382
CCACCGTTCGAACCGT-1,7.5789466,15.506881,SUPT11
CCACCTATCGCATGGT-1,17.083199,6.5191307,143B
CCACCTATCTAATGGT-1,18.01808,4.4842567,143B
CCACCTATCTCATCTA-1,4.7306166,5.4764924,PF382
CCACCTCAGATTCAAC-1,10.298106,-0.7949069,ALLSIL
CCACCTCAGCGGTAGA-1,7.9677453,-3.4903057,CHLA06ATRT
CCACCTCAGGGTGACA-1,-2.9408638,-2.9806528,HELA XPA-/-
CCACCTCAGTTAGTGT-1,-3.3252988,-2.3709664,HELA XPA-/-
CCACCTGCAATGGAAG-1,-1.8900502,-2.5209613,HELA XPA-/-
CCACCTGCAGGATCAT-1,11.726565,10.902144,JM1
CCACCTGCATTCGCTA-1,2.8139708,8.884271,PF382
CCACCTTGTAAGGTCA-1,8.044495,-2.9839191,CHLA06ATRT
CCACCTTGTCATGAAG-1,18.064985,5.875327,143B
CCACCTTGTTGCTCAG-1,9.839378,-10.749643,TK6 LIG4-/-
CCACGAACAACTACCC-1,0.8774847,7.0546975,PF382
CCACGATAGGAACCCT-1,-3.7468257,1.2090918,HAP1 MUTYH-/-
CCACGATAGGCAATCC-1,1.3264943,15.887116,TE617T
CCACGCAAGCCACTAA-1,1.8858498,9.2388735,PF382
CCACGCAAGGTGGAGC-1,2.996688,-9.723945,U2OS OGG-/-
CCACGCAAGTAAGGTA-1,15.561113,-6.228716,C8166
CCACGGATCAATCCTC-1,11.120815,-9.1415,TK6 LIG4-/-
CCACGGATCCATGAGC-1,-2.6763608,-5.231223,HELA XPA-/-
CCACGGATCCGCACCT-1,8.268763,3.84917,NALM6
CCACGGATCCGCTGGA-1,3.521053,-8.024274,U2OS OGG-/-
CCACGGATCTGGGCTG-1,1.3814291,7.8777294,PF382
CCACGTAGTGGCTAGG-1,-4.617218,2.2643015,HAP1 MUTYH-/-
CCACGTAGTTGGCGTC-1,7.0547905,10.239595,RH30
CCACGTTCACATTCCA-1,16.672285,8.066954,143B
CCACGTTCATTAGATG-1,1.4570098,9.068876,PF382
CCACTAAAGGGTGATG-1,-1.9601576,3.7913983,HAP1 MUTYH-/-
CCACTAAAGTTGGTGC-1,7.424176,10.155224,RH30
CCACTAGGTATGTGAG-1,17.551828,5.0402617,143B
CCACTAGGTGCGGACA-1,10.843828,-8.077868,TK6 LIG4-/-
CCACTAGGTTAACGCT-1,4.2635145,-7.3043633,U2OS OGG-/-
CCACTATTCAGCAGTC-1,7.2312264,17.022787,SUPT11
CCACTATTCGTGCCTC-1,5.200949,5.226262,PF382
CCACTATTCTCACTCG-1,3.4388983,1.857074,JURKAT
CCACTCGCAAAGGATG-1,14.271709,14.508209,JM1
CCACTCGCAACTACGG-1,15.497515,-6.139906,C8166
CCACTCGCAAGTCGGC-1,10.373035,-9.086614,TK6 LIG4-/-
CCACTCGCACAAGGAA-1,15.768296,-6.092606,C8166
CCACTCGCACCACACT-1,8.267457,6.0274024,NALM6
CCACTTACAATTGGTA-1,8.851106,5.8341646,NALM6
CCAGAATCAAGCTGAT-1,10.217814,-0.92545015,ALLSIL
CCAGACCGTCAACGGG-1,17.840359,6.2870607,143B
CCAGACCGTCATTCGG-1,11.677085,11.7458515,JM1
CCAGACCGTTGCGATT-1,4.987713,7.1622534,PF382
CCAGACCGTTTCGGTG-1,3.602122,-3.3457563,CHLA06ATRT
CCAGACTAGCGGACTT-1,-2.2136621,4.5731463,HAP1 MUTYH-/-
CCAGACTAGGTCATGC-1,15.452255,6.4370685,143B
CCAGACTAGTAGACCC-1,-3.1539347,-2.2550042,HELA XPA-/-
CCAGAGGGTCATCCCT-1,-2.8413787,-2.5365715,HELA XPA-/-
CCAGATGCAATCTCCA-1,2.8761601,8.792031,PF382
CCAGATGCACATACCC-1,-3.7181342,14.808931,KHM1B
CCAGATGCAGGCTCAA-1,15.510548,-4.722883,C8166
CCAGATTGTCCCGAGT-1,4.38912,5.862937,PF382
CCAGATTGTGGCGCAA-1,11.474709,-9.915099,TK6 LIG4-/-
CCAGATTGTTGCGAGG-1,11.946361,12.298568,JM1
CCAGATTGTTGGCTTG-1,-3.181491,-4.231442,HELA XPA-/-
CCAGCAACAATCAGTA-1,17.26219,4.295761,143B
CCAGCAACACTTGAGG-1,14.27163,3.4066749,143B
CCAGCAACAGCACCTT-1,6.449061,17.325325,SUPT11
CCAGCAACAGTAAGCT-1,16.802326,7.6573315,143B
CCAGCAACATAGAGTC-1,15.470207,6.6387286,143B
CCAGCAACATTAGTAG-1,11.303724,-10.427382,TK6 LIG4-/-
CCAGCCAAGATTCCAG-1,-1.3855,3.868033,HAP1 MUTYH-/-
CCAGCCAAGTACGCTA-1,-2.439837,-3.2386413,HELA XPA-/-
CCAGCCAAGTATGTGT-1,-3.76266,3.2066422,HAP1 MUTYH-/-
CCAGCCTTCACACAGC-1,6.2460427,11.486944,RH30
CCAGCCTTCGCGAGTT-1,5.934263,6.7957335,PF382
CCAGCTAGTGATAGTG-1,10.916996,-8.973552,TK6 LIG4-/-
CCAGGCATCTCATTGC-1,2.7211487,1.1840118,JURKAT
CCAGTAATCACGTACA-1,-2.6904016,3.4439025,HAP1 MUTYH-/-
CCAGTAATCAGCCCAG-1,-2.1944983,4.1204305,HAP1 MUTYH-/-
CCAGTAATCCAGATTG-1,18.227076,5.295433,143B
CCAGTATGTCCATAGT-1,14.503427,4.229732,143B
CCAGTATGTCTAGCTG-1,-3.162583,-2.6877766,HELA XPA-/-
CCAGTATGTGCAATCT-1,5.1161404,6.605472,PF382
CCAGTTAAGTTGCGAC-1,10.18647,-11.778112,TK6 LIG4-/-
CCAGTTGGTAGCCCGT-1,18.382524,6.668422,143B
CCAGTTGGTCCATTAA-1,15.258273,5.573496,143B
CCATAAGTCACCCTAT-1,14.115955,12.61397,JM1
CCATAAGTCCAATTCC-1,2.212192,9.051209,PF382
CCATAAGTCCTCAGCC-1,8.8249,-4.695712,CHLA06ATRT
CCATAAGTCGTCTCCA-1,4.0704813,5.5047617,PF382
CCATAATAGCAACCGT-1,13.920516,-5.9649124,C8166
CCATAATAGTGAACCC-1,3.5927713,4.7068152,PF382
CCATACTTCCAGCAAC-1,4.8511086,-4.448432,CHLA06ATRT
CCATACTTCGCTAGTA-1,4.060959,5.507823,PF382
CCATCAGGTAGTAAGT-1,13.334729,13.922141,JM1
CCATCAGGTGGAGAGA-1,10.352762,-11.67694,TK6 LIG4-/-
CCATCAGGTTATCGTA-1,3.5022657,8.042824,PF382
CCATCATTCAGGTCTA-1,1.9203374,9.382687,PF382
CCATCATTCCTCACAT-1,6.841856,10.4760895,RH30
CCATCCGCAAGTGAGA-1,-0.10446513,-2.3818252,HELA XPA-/-
CCATCCGCATCATATC-1,12.833163,7.1751404,143B
CCATCCTGTATTGCAC-1,4.182936,-4.5774684,CHLA06ATRT
CCATCGCTCCACCTAT-1,4.2316236,-8.327494,U2OS OGG-/-
CCATCGCTCCCGTAGG-1,15.518917,-6.1738424,C8166
CCATCGCTCGCGCCAA-1,15.97276,6.961547,143B
CCATCGCTCTAGTAAC-1,-2.4457724,-5.549122,HELA XPA-/-
CCATCTTAGCAAGGCA-1,13.306017,-5.327898,C8166
CCATCTTAGTGACCTA-1,3.7658772,6.339828,PF382
CCATGCCTCCGGATAC-1,1.7677194,5.9102736,PF382
CCATGCCTCTATGCCT-1,-5.148646,2.7989655,HAP1 MUTYH-/-
CCATGGGTCCAGCGAT-1,-3.285296,-2.3153985,HELA XPA-/-
CCATGTCCAAAGGGAC-1,15.521893,-5.941713,C8166
CCATGTCCAATGCCGA-1,18.484232,5.9087024,143B
CCATGTCCAATTCGTT-1,9.862956,-9.074645,TK6 LIG4-/-
CCATGTCCACTACCCG-1,10.460407,-8.408482,TK6 LIG4-/-
CCATGTCCATTGACGG-1,7.879403,10.172142,RH30
CCATTAAGTCAAGCGG-1,17.694035,5.2643085,143B
CCATTAAGTGATGCTT-1,5.9069557,15.190978,SUPT11
CCATTAAGTTCCGGTA-1,-2.3421767,-3.1172132,HELA XPA-/-
CCATTAAGTTTCCTGC-1,15.474874,5.893951,143B
CCATTAGAGCATGGCT-1,20.826885,6.538296,143B
CCATTAGAGTGAACCC-1,-2.7123775,4.7576275,HAP1 MUTYH-/-
CCATTAGAGTTGCGGT-1,3.1857264,2.1046894,JURKAT
CCATTGAAGCGAGGAC-1,-0.88877875,-2.5032008,HELA XPA-/-
CCATTGAAGCGAGTTC-1,20.254187,6.4820776,143B
CCATTTCAGAATCCAT-1,-3.2121208,1.9050664,HAP1 MUTYH-/-
CCATTTCAGTGGCAAG-1,9.046037,-9.740115,TK6 LIG4-/-
CCATTTGCAATGCCGA-1,-3.0273252,-2.1139112,HELA XPA-/-
CCATTTGCACATGAAC-1,6.059927,6.533749,PF382
CCCAAATGTTTGAGGA-1,-2.9053724,-4.2858634,HELA XPA-/-
CCCAACCTCATGGTAT-1,-3.4624465,2.7273433,HAP1 MUTYH-/-
CCCAACCTCCTCGATT-1,3.852104,6.040092,PF382
CCCAACCTCGTACCGG-1,-3.1276653,-2.8551903,HELA XPA-/-
CCCAAGGTCACCTATC-1,15.8448305,-5.436979,C8166
CCCAAGGTCCGGGTTG-1,20.95849,-1.0897119,SAOS2
CCCAAGGTCGAAGCCT-1,17.136227,7.7782345,143B
CCCAAGGTCTGTCAAG-1,14.559971,-4.6922507,C8166
CCCAATCCACCACATC-1,-2.4409785,-2.4179173,HELA XPA-/-
CCCAATTTCCTGCTGC-1,-0.3585404,-3.1235795,HELA XPA-/-
CCCAATTTCGATTGGC-1,2.8935158,7.956718,PF382
CCCAATTTCGCATCGG-1,11.654891,-10.127376,TK6 LIG4-/-
CCCAATTTCTATCGTC-1,14.06319,14.50139,JM1
CCCACGTTCAGGAACG-1,-3.957329,14.766663,KHM1B
CCCACGTTCCAGATGC-1,1.5437182,7.7604866,PF382
CCCACGTTCCGTAAGC-1,6.370033,10.656905,RH30
CCCACGTTCGCATTAG-1,14.885401,-5.5963554,C8166
CCCACTATCGATCCGG-1,2.947331,-2.265138,CHLA06ATRT
CCCACTATCGATTAAC-1,12.261341,12.794074,JM1
CCCACTTGTAAGTCCT-1,3.5830739,7.6555815,PF382
CCCACTTGTGAAGTGC-1,-2.6117191,-2.6889086,HELA XPA-/-
CCCACTTGTTATCGTA-1,7.3927174,-2.823642,CHLA06ATRT
CCCACTTGTTCGTCTC-1,21.512312,-0.21221262,SAOS2
CCCACTTGTTGCACTG-1,7.736177,11.068124,RH30
CCCACTTGTTGTCTAA-1,7.713539,15.00064,SUPT11
CCCACTTGTTTGGAGA-1,-1.1784459,-2.5979893,HELA XPA-/-
CCCAGCAAGCCTCTCA-1,7.9158516,-3.1081245,CHLA06ATRT
CCCAGCAAGCGAAGTG-1,1.1225247,5.2139583,PF382
CCCAGCAAGCGGCATT-1,8.4578285,16.22702,SUPT11
CCCAGGATCCTGATTC-1,2.7185485,-10.197721,U2OS OGG-/-
CCCAGGATCGAACCCG-1,3.923299,5.548267,PF382
CCCAGGATCTGGCCGA-1,8.614716,-2.8664827,CHLA06ATRT
CCCAGTGAGTAGGCGA-1,11.710962,11.457433,JM1
CCCAGTGAGTCGAGTC-1,12.051043,12.656623,JM1
CCCATAGGTAGGTGCG-1,15.432741,8.000664,143B
CCCATCATCACGTGCG-1,14.760463,-4.5437074,C8166
CCCATCATCCGGGCTA-1,-3.0923107,2.6018453,HAP1 MUTYH-/-
CCCATCATCCGTCAGG-1,3.5475194,7.9851832,PF382
CCCATCGCACTTACGC-1,-3.15674,-2.8616166,HELA XPA-/-
CCCATCGCAGTTAAGC-1,15.384336,7.5928907,143B
CCCATCTGTTATGCAC-1,2.5247087,6.9923835,PF382
CCCATCTGTTCCGTTC-1,15.279946,5.5300856,143B
CCCATGAGTCAATGTC-1,-1.4844927,3.1834943,HAP1 MUTYH-/-
CCCATGCTCGCGCGTA-1,15.58031,-4.335566,C8166
CCCATGCTCGTCTAAG-1,1.804578,12.311002,DND41
CCCATGGAGATTAGCT-1,-3.9473398,1.9731156,HAP1 MUTYH-/-
CCCATGGAGTAGTGCC-1,9.470128,-9.910257,TK6 LIG4-/-
CCCATTGTCACCAATG-1,13.625633,6.670353,143B
CCCATTGTCATCGTAG-1,-2.726673,-3.498345,HELA XPA-/-
CCCATTGTCCCGTGCT-1,18.390137,7.911837,143B
CCCATTGTCCTCAATC-1,17.735432,4.2756577,143B
CCCATTTAGAATCCAT-1,-2.712297,3.9477,HAP1 MUTYH-/-
CCCATTTAGGAGGCAC-1,10.270865,-8.820377,TK6 LIG4-/-
CCCGAACGTTGGACGG-1,6.7796307,15.706057,SUPT11
CCCGAATAGTAGAGAC-1,2.894413,-7.638557,U2OS OGG-/-
CCCGACAAGTCGAGCT-1,1.2813698,15.55559,TE617T
CCCGACAAGTTGGATT-1,7.0502257,15.206285,SUPT11
CCCGATAGTATTGAGG-1,3.7831945,0.88354176,JURKAT
CCCGATAGTTGTCTCC-1,20.692053,-0.98061055,SAOS2
CCCGATGAGCGAGGAC-1,0.6651887,6.852526,PF382
CCCGATGAGTGACCAC-1,-4.039109,3.0160637,HAP1 MUTYH-/-
CCCGCATTCAAGTAGA-1,3.4856112,1.5075125,JURKAT
CCCGCATTCACTAGAT-1,9.222663,4.3606124,NALM6
CCCGCATTCCGCGAAT-1,15.194785,4.7416353,143B
CCCGCATTCGAGTCCG-1,9.141235,-4.1288877,CHLA06ATRT
CCCGCTTAGGAATTGA-1,14.376991,14.689359,JM1
CCCGCTTAGGATAGCG-1,11.946827,11.503511,JM1
CCCGCTTAGTCATGCA-1,7.819123,-3.3097718,CHLA06ATRT
CCCGGTAAGCGAAGTG-1,6.438802,17.4728,SUPT11
CCCGGTAAGGGGATCA-1,11.480148,0.3563938,ALLSIL
CCCGGTAAGGTTGCCG-1,5.033121,7.285775,PF382
CCCGGTAAGTGAATCT-1,15.583653,5.458782,143B
CCCGGTAAGTGGCAGA-1,19.374079,7.3803096,143B
CCCGGTTTCACCTATC-1,20.373936,-2.3840854,SAOS2
CCCGGTTTCATGCTCT-1,17.412798,6.557189,143B
CCCGGTTTCGCTCACC-1,10.427345,-0.6714359,ALLSIL
CCCGGTTTCTATCTCA-1,12.280493,0.11309969,ALLSIL
CCCGTAAGTTCATCCC-1,-1.772576,-4.0953293,HELA XPA-/-
CCCGTAAGTTCTGGGC-1,20.815802,6.4414144,143B
CCCGTTGCAAGCATGT-1,16.770504,5.742239,143B
CCCGTTGCAATAGCAC-1,14.879542,5.140922,143B
CCCGTTGCACAACCCT-1,15.016363,5.2426796,143B
CCCGTTGCAGCCTACT-1,2.1310747,12.531794,DND41
CCCGTTGCAGGTTCCT-1,-2.4343715,-2.3822882,HELA XPA-/-
CCCTAACCACATGAAC-1,9.145327,4.547249,NALM6
CCCTAACCATAACCAA-1,3.7114778,4.337192,PF382
CCCTAACCATAGACCG-1,-1.339961,3.349098,HAP1 MUTYH-/-
CCCTAATTCACGCCTC-1,9.288709,4.40959,NALM6
CCCTACGCATAACTCT-1,8.106753,-4.7997184,CHLA06ATRT
CCCTACGCATCCGGTT-1,-2.7261379,-2.596066,HELA XPA-/-
CCCTAGCTCACAGGCT-1,19.636007,5.5915556,143B
CCCTAGTCAAATGACC-1,11.257625,-10.746739,TK6 LIG4-/-
CCCTAGTCACCATGTC-1,11.840551,11.44985,JM1
CCCTAGTCAGCTCACT-1,5.227611,-3.2335541,CHLA06ATRT
CCCTAGTCATCGACTC-1,17.50264,4.3993692,143B
CCCTATGTCAGTTAGT-1,14.77845,6.3051424,143B
CCCTATGTCGCATTGA-1,1.0593204,6.787007,PF382
CCCTCACAGCTTACAG-1,6.2492313,10.654826,RH30
CCCTCACAGGAATCGG-1,1.859818,7.968637,PF382
CCCTCACAGGGCTCCA-1,14.951802,4.3818903,143B
CCCTCACAGTAATCAC-1,9.143698,4.060158,NALM6
CCCTCAGCACATACTT-1,1.9586141,5.8230534,PF382
CCCTCAGCAGCACGTA-1,8.131783,16.696259,SUPT11
CCCTCAGCATCCGTGT-1,3.3792682,2.7861118,JURKAT
CCCTGAGAGCCACATA-1,-4.829473,3.6632307,HAP1 MUTYH-/-
CCCTGGTTCGATGAGG-1,8.72234,-4.3327394,CHLA06ATRT
CCCTGTTGTAATCCTA-1,9.474276,-11.791419,TK6 LIG4-/-
CCCTTAGTCGAACGCT-1,17.922329,6.5419254,143B
CCCTTGATCCCGGCTT-1,1.5322812,5.2505703,PF382
CCCTTGATCTGGCCTC-1,4.7352533,4.2704034,PF382
CCCTTTAGTAGCCTGC-1,8.8990555,4.0343275,NALM6
CCCTTTAGTTGAGTAG-1,-2.163655,2.9401896,HAP1 MUTYH-/-
CCGAACTAGCATGGAG-1,6.6118793,17.229029,SUPT11
CCGAATATCCTCACGC-1,8.717964,-3.0200772,CHLA06ATRT
CCGAATATCGTGAATT-1,4.5618005,5.9339476,PF382
CCGAATGCATGCGTAG-1,-2.6190708,-3.2308903,HELA XPA-/-
CCGACATAGATAGATG-1,20.769995,-2.1686263,SAOS2
CCGACCAAGGCAAGTG-1,16.12472,5.746883,143B
CCGACCAAGGTTAATC-1,2.6069305,-8.89875,U2OS OGG-/-
CCGACCTTCCCTCATG-1,-3.7805183,14.072656,KHM1B
CCGACCTTCCTGCGCT-1,8.813744,-10.819164,TK6 LIG4-/-
CCGACTAGTAACTGTC-1,17.551735,5.5173893,143B
CCGACTTCAAGCGCGT-1,11.417346,-8.974897,TK6 LIG4-/-
CCGACTTCACAACTAA-1,2.9643035,6.6220336,PF382
CCGACTTCACTCGCTG-1,-0.12839007,-2.421621,HELA XPA-/-
CCGATTAAGGTCATTG-1,2.905437,1.9038025,JURKAT
CCGATTAAGGTCGAGA-1,-4.0212207,3.5921967,HAP1 MUTYH-/-
CCGATTAAGGTGATCC-1,20.230648,-0.84447247,SAOS2
CCGATTGGTGATGCCC-1,2.7222226,1.6800157,JURKAT
CCGATTGGTGCAAGGT-1,-4.1846485,0.7806074,HAP1 MUTYH-/-
CCGCAAGTCATGGCGT-1,8.591863,3.7444546,NALM6
CCGCAAGTCGATTGCA-1,12.686864,7.1969256,143B
CCGCAATAGCAATGAA-1,14.281336,5.3357754,143B
CCGCAATAGGTTCGGT-1,2.0151513,-9.29978,U2OS OGG-/-
CCGCATGAGGTGCTTA-1,21.589506,-1.7411528,SAOS2
CCGCCAAAGAACCTTG-1,13.895422,-5.8138347,C8166
CCGCCAAAGAAGCATA-1,15.438375,7.504812,143B
CCGCCAAAGTCGCATA-1,-3.7362525,1.731955,HAP1 MUTYH-/-
CCGCCATTCGCATTAG-1,13.540753,-5.424611,C8166
CCGCCATTCGTACGGT-1,7.9937167,3.8344843,NALM6
CCGCCATTCGTAGTCA-1,11.587922,11.196986,JM1
CCGCCATTCGTGCCTC-1,13.1280985,-0.9112205,ALLSIL
CCGCCTTAGCGATGGA-1,2.0272331,-9.05611,U2OS OGG-/-
CCGCCTTAGGCTTAAT-1,3.6225576,0.6862505,JURKAT
CCGCCTTAGGTCGAAG-1,5.379645,1.1041954,JURKAT
CCGCGAATCATGTCAG-1,16.749779,5.2526145,143B
CCGCGATGTGACCGAG-1,4.837892,5.8689513,PF382
CCGCGATGTTTGAGGA-1,11.946143,11.730941,JM1
CCGCGTTTCCATAGCA-1,4.6703215,-4.960703,CHLA06ATRT
CCGCGTTTCGACCGCA-1,2.2132413,8.650325,PF382
CCGCTAAGTAGTGACA-1,1.9671022,16.031296,TE617T
CCGCTAGAGGCACGAA-1,12.844236,-0.1369423,ALLSIL
CCGCTAGAGGGTCCTG-1,13.069696,14.448553,JM1
CCGCTAGAGTGCCGTG-1,8.458341,6.0070934,NALM6
CCGCTCACAGCTCATC-1,16.115004,7.850599,143B
CCGCTTATCCCGCACT-1,4.027182,7.3874817,PF382
CCGCTTATCCGTCATT-1,-4.1422267,3.0012434,HAP1 MUTYH-/-
CCGGAACCAAGCGCAC-1,16.719172,5.1233644,143B
CCGGAAGGTTATGCTA-1,15.207248,4.9980497,143B
CCGGATTAGCGCTCCT-1,12.471706,7.104239,143B
CCGGATTAGTCATACG-1,2.8311317,7.061714,PF382
CCGGCAATCAATCAAC-1,9.24323,5.937154,NALM6
CCGGCAATCTAACCGA-1,20.250921,6.440984,143B
CCGGCATGTCTTGGAT-1,-3.5731351,-2.2396014,HELA XPA-/-
CCGGCTAAGGTGCTGT-1,9.7033205,-12.156277,TK6 LIG4-/-
CCGGTACGTCAGGAGT-1,19.960037,-0.8656706,SAOS2
CCGGTACGTCTGGCGT-1,8.626359,3.138043,NALM6
CCGGTACGTGAGTTAG-1,-2.9828913,-3.0122387,HELA XPA-/-
CCGGTATAGCCAGTCG-1,15.257287,5.5590043,143B
CCGGTATAGGAGCTAG-1,15.598651,6.2332034,143B
CCGGTCAAGCGATGAG-1,-3.080426,3.738611,HAP1 MUTYH-/-
CCGGTCAAGCGGCATT-1,16.560715,5.897049,143B
CCGGTCAAGCTAAGTT-1,13.4344,13.207096,JM1
CCGGTCAAGCTTCCAT-1,7.6599636,-2.9878085,CHLA06ATRT
CCGGTCAAGTGCAACC-1,18.803871,8.274414,143B
CCGGTTAGTGGCTGCT-1,-2.878194,4.576517,HAP1 MUTYH-/-
CCGGTTGAGCGCATCG-1,-4.259422,3.3373592,HAP1 MUTYH-/-
CCGGTTGAGGATAGGT-1,4.771128,5.965593,PF382
CCGGTTGAGTAGTCGC-1,16.52722,7.473556,143B
CCGTAAATCATGACTG-1,19.799633,-1.0476389,SAOS2
CCGTAACAGTAAGCGG-1,2.6869152,6.0549154,PF382
CCGTAACAGTCATGGC-1,-1.933477,3.4102507,HAP1 MUTYH-/-
CCGTACCTCAGTTGGC-1,1.6740841,6.35236,PF382
CCGTACCTCGTGCGTG-1,19.525244,7.19744,143B
CCGTAGTAGAAGGACT-1,14.823003,5.2999873,143B
CCGTAGTAGTCGACCG-1,8.571578,-2.9871123,CHLA06ATRT
CCGTATGGTTCAAGGA-1,-1.9699256,-3.3599877,HELA XPA-/-
CCGTCATCATCACTTG-1,13.067844,14.070453,JM1
CCGTCCACACCAGGAC-1,-4.795685,3.2714093,HAP1 MUTYH-/-
CCGTCCACATGGTCCT-1,-3.0638704,-2.3768148,HELA XPA-/-
CCGTCGAAGGAGCTAG-1,1.8894184,7.790281,PF382
CCGTCGTTCTATCCTA-1,12.3712015,-0.0014999296,ALLSIL
CCGTGATAGGAGGTCA-1,3.4907115,1.1497521,JURKAT
CCGTGCAAGAAGCACG-1,18.330286,5.2563577,143B
CCGTGCAAGCCTGATA-1,15.503125,7.189536,143B
CCGTGCTTCAAGTCGC-1,17.581253,7.456224,143B
CCGTGCTTCAGGTCCG-1,-3.0373108,-4.3130207,HELA XPA-/-
CCGTGCTTCCCATGCC-1,2.7030175,8.634861,PF382
CCGTGCTTCGAACCGT-1,7.7015142,15.084001,SUPT11
CCGTGTGAGTGAGCCT-1,14.523276,6.7980766,143B
CCGTGTTCACAAGCTG-1,15.42333,5.8697906,143B
CCGTGTTCATCACGAG-1,14.909512,6.9262075,143B
CCGTGTTCATCGTACC-1,-4.6704807,3.4114757,HAP1 MUTYH-/-
CCGTTAGGTAGGCGAT-1,1.8699976,7.4113383,PF382
CCGTTAGGTATGTCCG-1,7.8564935,-2.6573308,CHLA06ATRT
CCGTTAGGTTTACGAC-1,15.169822,7.0696573,143B
CCGTTCATCGACTGAC-1,15.062996,4.9264894,143B
CCGTTCGCAATGTAGC-1,20.42347,6.317325,143B
CCGTTGAGTGAGACTA-1,16.022064,5.2210555,143B
CCGTTGAGTTAGTTGC-1,21.689684,-0.32966968,SAOS2
CCGTTGCTCGATAGCC-1,12.831543,7.2474685,143B
CCGTTGCTCTGGCCCT-1,14.606003,8.058247,143B
CCGTTGGAGATACTCG-1,8.137392,3.5709543,NALM6
CCGTTGGAGATAGTTC-1,15.15922,5.3995514,143B
CCTAACCCAACCTCAC-1,5.9126816,15.657126,SUPT11
CCTAACCCAAGTATCA-1,9.088226,-10.916284,TK6 LIG4-/-
CCTAACCCATAAGCTA-1,1.2080027,6.31785,PF382
CCTAACCCATTAGATG-1,12.251328,-0.765875,ALLSIL
CCTAACTTCACACATG-1,4.394619,-4.762728,CHLA06ATRT
CCTAACTTCCGTAGAC-1,3.6732395,4.4740825,PF382
CCTAACTTCGAACCAC-1,3.6384976,7.886933,PF382
CCTAATGAGCAAGGAT-1,-3.6233258,14.644652,KHM1B
CCTAATGAGGTCCAGT-1,19.36687,5.8164263,143B
CCTAATGAGGTGGCTT-1,19.867643,-2.3439643,SAOS2
CCTAATTCATTACCAT-1,15.274221,5.3579283,143B
CCTACCATCCGTCACC-1,7.486215,16.38118,SUPT11
CCTACCGCATCATCGC-1,6.3198376,17.118567,SUPT11
CCTACCGCATGACTAA-1,9.01739,-4.206467,CHLA06ATRT
CCTACCTGTCAGTTCG-1,9.434222,5.4968996,NALM6
CCTACCTGTCATCCAG-1,-3.7478411,4.292963,HAP1 MUTYH-/-
CCTACGAGTATTGCCG-1,13.698202,-5.91643,C8166
CCTACGAGTGAGGCAT-1,1.2027198,8.027003,PF382
CCTACGAGTTCGCGTA-1,-4.45025,4.369582,HAP1 MUTYH-/-
CCTACGGAGGCGTAGA-1,1.7613057,15.584934,TE617T
CCTAGCCTCAGGCACT-1,-3.0901065,-2.3403876,HELA XPA-/-
CCTAGCCTCCGTGCGA-1,21.476713,-0.07219672,SAOS2
CCTAGCGAGCGGTCCA-1,6.615935,15.822083,SUPT11
CCTAGCGAGTGATCCA-1,1.0936941,5.8131375,PF382
CCTAGCTCATAGGCTG-1,3.5569963,6.320756,PF382
CCTAGCTCATTGCACC-1,-0.2019243,-2.503668,HELA XPA-/-
CCTAGGTAGCGCCTCT-1,20.284822,6.411442,143B
CCTAGGTAGGCACGTT-1,3.3426328,-9.91727,U2OS OGG-/-
CCTAGTAAGCATAGCC-1,6.764641,11.909005,RH30
CCTAGTAAGGCACTGT-1,15.157654,-3.5712578,C8166
CCTAGTTTCAATCCCT-1,-5.165526,3.5157642,HAP1 MUTYH-/-
CCTAGTTTCATCGTGA-1,2.9812233,8.443189,PF382
CCTAGTTTCGTTACCT-1,6.724095,10.877445,RH30
CCTATAGAGGATCCCG-1,1.845935,12.590063,DND41
CCTATAGAGGTTGCAC-1,15.913482,-5.1433444,C8166
CCTATCACATCCTGCG-1,3.6821876,4.6468816,PF382
CCTATCCGTATAGCTC-1,7.9202414,11.362442,RH30
CCTATCCGTGCGGCTT-1,2.9418364,-8.653277,U2OS OGG-/-
CCTATCCGTTTAAGCC-1,0.9466694,6.1344247,PF382
CCTATGGGTCCATTAA-1,4.5448966,-4.7674646,CHLA06ATRT
CCTATGGGTTTAATCG-1,-2.2136366,-2.8972292,HELA XPA-/-
CCTATGGGTTTGACTA-1,0.62416095,8.68098,PF382
CCTATTATCAGCTCGG-1,6.3774915,11.573999,RH30
CCTCAACCAAGGTATC-1,-3.629595,13.569534,KHM1B
CCTCAACCATGGATTA-1,15.4330635,8.213602,143B
CCTCAACCATGGTACG-1,3.5482166,8.040175,PF382
CCTCAACCATTACAGA-1,12.615827,-4.5793047,C8166
CCTCAACCATTACTCG-1,-2.6622362,3.4119842,HAP1 MUTYH-/-
CCTCAAGGTAGCTGCC-1,13.019438,14.464584,JM1
CCTCAAGGTCAGGATA-1,6.1812043,16.727526,SUPT11
CCTCAAGGTGGCTCGT-1,3.4293268,-4.074225,CHLA06ATRT
CCTCAATTCAGTAGGG-1,1.301305,5.9731183,PF382
CCTCACGCATCGGGAC-1,8.317981,-2.6483698,CHLA06ATRT
CCTCAGCTCATCTCAC-1,9.863124,-12.144978,TK6 LIG4-/-
CCTCAGCTCTAAGCTG-1,8.152355,-4.014222,CHLA06ATRT
CCTCAGTCACAAGCCA-1,10.536671,-10.551127,TK6 LIG4-/-
CCTCAGTCAGGCTATG-1,9.152127,1.4132332,ALLSIL
CCTCATTAGCCATCCC-1,12.513556,0.21708122,ALLSIL
CCTCATTAGCCATGCG-1,2.5841408,7.1827703,PF382
CCTCATTAGCCCTTGC-1,16.987446,5.7478776,143B
CCTCATTAGCTAAGTT-1,-3.7763247,0.74665964,HAP1 MUTYH-/-
CCTCCAGCACCTTGCG-1,2.3776612,-8.958694,U2OS OGG-/-
CCTCCTAAGATTCGAT-1,-3.1497722,3.474745,HAP1 MUTYH-/-
CCTCCTAAGCGGTCAT-1,21.634295,-1.9311825,SAOS2
CCTCGAAGTTTGCCCT-1,15.674697,-5.09193,C8166
CCTCGATCACCTGCCA-1,15.179576,4.541322,143B
CCTCGATCAGGGCCAT-1,16.571384,7.846955,143B
CCTCGATCATGCGTAG-1,10.059092,4.1154613,NALM6
CCTCGTTGTAACCCAT-1,-3.8713505,3.561009,HAP1 MUTYH-/-
CCTCGTTGTAGTGACA-1,7.8767824,4.252028,NALM6
CCTCGTTGTCTCAGGC-1,7.341695,11.136208,RH30
CCTCTAACAATACTCT-1,7.3308454,16.277704,SUPT11
CCTCTCAAGCATCGAC-1,12.932235,7.2573094,143B
CCTCTCAAGCTACTCT-1,14.409513,14.358427,JM1
CCTCTCAAGGGGACTA-1,9.285307,-10.261043,TK6 LIG4-/-
CCTCTGATCGCTTGAA-1,10.228385,-0.7989024,ALLSIL
CCTCTTGAGGATCCCG-1,8.791759,-3.5799682,CHLA06ATRT
CCTGAACAGCCTCTAT-1,12.044691,-5.5964737,C8166
CCTGAATGTTCCAGAT-1,1.5095721,5.12344,PF382
CCTGAGACAGCATGGC-1,9.7750025,-12.23935,TK6 LIG4-/-
CCTGAGACAGGTTCCT-1,6.520422,15.733092,SUPT11
CCTGATCCACATTACT-1,7.0196447,15.39678,SUPT11
CCTGATCCAGTACCCT-1,8.434832,-2.613749,CHLA06ATRT
CCTGATCCATTCGCCG-1,11.569336,12.407685,JM1
CCTGATGGTAATCACC-1,6.0577035,16.454885,SUPT11
CCTGATGGTCCATAGT-1,8.414426,10.390796,RH30
CCTGATGGTTCCTCAC-1,-1.9650625,4.4325457,HAP1 MUTYH-/-
CCTGATTTCGTCTATC-1,19.982769,6.665155,143B
CCTGATTTCTCATCGT-1,7.535065,-3.0250452,CHLA06ATRT
CCTGCAAGTAGTGATG-1,-0.14864543,-2.5917025,HELA XPA-/-
CCTGCAAGTGCGGAAT-1,17.984354,5.288601,143B
CCTGCAAGTGGCTCAC-1,6.0576754,6.480009,PF382
CCTGCAAGTTAGTAGG-1,16.114204,7.600662,143B
CCTGCAAGTTCGAGTT-1,15.337358,-6.2069025,C8166
CCTGCATCAAATCGGT-1,-1.3914009,3.6158478,HAP1 MUTYH-/-
CCTGCATCAGGATTAC-1,14.29576,5.185013,143B
CCTGCCACAATAGTTG-1,2.2995105,6.717174,PF382
CCTGCCACAATCCTCA-1,14.029808,8.345812,143B
CCTGCCACACAAGGAA-1,20.030836,-0.9181353,SAOS2
CCTGCGAAGATTCGTG-1,17.851316,4.2857647,143B
CCTGCGAAGTCAAGGG-1,-2.98174,3.3651352,HAP1 MUTYH-/-
CCTGCTCAGCATGGAG-1,17.944277,4.3992214,143B
CCTGCTCAGGATGGGC-1,17.459913,7.699758,143B
CCTGGCAAGCGCCAAT-1,16.6764,6.653809,143B
CCTGGCAAGTGATTAC-1,15.09482,6.6173954,143B
CCTGGCTTCTCATCTA-1,2.3343263,6.2594175,PF382
CCTGGCTTCTGGGATC-1,8.066613,4.0248947,NALM6
CCTGGTAGTCCATCTC-1,13.579819,12.19408,JM1
CCTGGTGAGATACTCG-1,-3.0849364,4.579762,HAP1 MUTYH-/-
CCTGGTGAGTAATCGT-1,4.798465,-3.7620785,CHLA06ATRT
CCTGGTGAGTTACCGA-1,15.53776,4.5021415,143B
CCTGTAAAGAACGGGC-1,7.5657034,10.007721,RH30
CCTGTAAAGGTAACTT-1,4.811042,5.297689,PF382
CCTGTAAAGTCGAATT-1,-2.9390595,2.745343,HAP1 MUTYH-/-
CCTGTCATCCCTCATG-1,17.534555,7.723054,143B
CCTGTCATCTCATTCA-1,-1.405279,3.2705407,HAP1 MUTYH-/-
CCTGTCATCTGGATCA-1,-2.7608864,5.208891,HAP1 MUTYH-/-
CCTGTGAGTCAACCCA-1,-2.790034,-3.8082108,HELA XPA-/-
CCTGTGAGTGCAGCTC-1,14.510449,7.8699465,143B
CCTGTGAGTTGAGCAA-1,2.8466728,6.262385,PF382
CCTGTGAGTTTGGAGA-1,-2.1694045,-3.3219643,HELA XPA-/-
CCTGTGGAGGTATGGG-1,11.178127,0.5936088,ALLSIL
CCTGTGGAGTGATCGC-1,-4.769916,3.6908176,HAP1 MUTYH-/-
CCTGTGGAGTGCCGAT-1,-2.9465196,3.1407511,HAP1 MUTYH-/-
CCTGTTGTCCAGCGCA-1,19.477688,-2.098686,SAOS2
CCTGTTGTCCGCGCTT-1,16.792479,6.8872647,143B
CCTTATATCCAACCGG-1,14.3782425,7.1132846,143B
CCTTATCAGCATCGCG-1,4.07917,0.83929753,JURKAT
CCTTATCAGCTAGCCG-1,4.473298,6.9255576,PF382
CCTTATCAGGATAGCG-1,19.042698,7.733907,143B
CCTTCCTTCACGTGTA-1,7.5731063,16.55947,SUPT11
CCTTCCTTCGACTATG-1,1.6168134,7.3903747,PF382
CCTTGAAAGGCGTAGA-1,20.74228,-1.1378864,SAOS2
CCTTGAAAGTAGTGCC-1,18.131561,5.2311025,143B
CCTTGAAAGTTGGCCG-1,15.278829,5.0214863,143B
CCTTGAGGTAGCCATT-1,3.2305331,-1.8408571,CHLA06ATRT
CCTTGAGGTTCACGGC-1,6.996821,16.342768,SUPT11
CCTTGCATCGTTCGGG-1,2.1191823,8.191506,PF382
CCTTGGTCAAGGTGAA-1,15.859723,-4.3461995,C8166
CCTTGGTCACAAGGAA-1,-2.8664184,3.2708502,HAP1 MUTYH-/-
CCTTTAATCTATCTGC-1,0.9409927,6.0825624,PF382
CCTTTAGCATAAGTTG-1,13.131181,12.161228,JM1
CCTTTAGCATAATTCC-1,7.495601,15.804034,SUPT11
CCTTTAGCATTCATCG-1,16.561474,7.1025443,143B
CCTTTCAGTTCTGGAT-1,6.449978,10.582059,RH30
CCTTTCCTCAGCAAGG-1,9.136154,3.0288143,NALM6
CCTTTCCTCCCCAGCT-1,11.530606,10.952657,JM1
CCTTTCCTCGTGCCCT-1,13.8255005,-5.0846696,C8166
CCTTTGGTCACAGGCT-1,-2.7992826,4.3286676,HAP1 MUTYH-/-
CGAAACCTCACCATTC-1,10.175908,-11.485858,TK6 LIG4-/-
CGAAACCTCAGGTCAC-1,-3.1080153,-2.7862968,HELA XPA-/-
CGAAACCTCATAGAGA-1,15.241041,-4.001441,C8166
CGAACATCATTACCCA-1,6.871586,17.664946,SUPT11
CGAACCACAAAGGGTA-1,7.0012646,-2.8655124,CHLA06ATRT
CGAACCACAAGCATGT-1,-3.9468956,13.658077,KHM1B
CGAACCACAGGAACCC-1,10.426604,-11.054309,TK6 LIG4-/-
CGAACCACAGGATGGG-1,-2.3483312,-2.579508,HELA XPA-/-
CGAACCACATGGCTCT-1,12.970771,7.2961774,143B
CGAACGAAGCGCTTCC-1,-3.36781,1.5276452,HAP1 MUTYH-/-
CGAACGAAGGTTCAGC-1,5.8187456,6.954333,PF382
CGAACGAAGTCAAGGG-1,10.78178,-9.34263,TK6 LIG4-/-
CGAACGAAGTGTCAAT-1,-2.2737763,-3.6037717,HELA XPA-/-
CGAACGGGTTAAGTCC-1,15.829201,7.046081,143B
CGAACGGGTTAGCATC-1,7.307865,16.642267,SUPT11
CGAACTATCACCAGAC-1,2.9497983,-8.779047,U2OS OGG-/-
CGAACTATCAGCACTA-1,14.07662,12.645246,JM1
CGAACTATCCGTGTCC-1,-1.0887083,-3.372717,HELA XPA-/-
CGAACTTGTAAGCAGC-1,-2.5981526,-2.6178832,HELA XPA-/-
CGAACTTGTCTAGAGA-1,13.256796,12.252133,JM1
CGAAGCAAGCCGCATG-1,2.9865022,7.3461504,PF382
CGAAGCAAGCGGATAG-1,6.153837,14.570183,SUPT11
CGAAGCAAGTGATCTG-1,19.612024,7.4468727,143B
CGAAGGATCCTCGTGC-1,11.091946,-1.0971324,ALLSIL
CGAAGTGAGAAGGTTA-1,13.701563,6.4443493,143B
CGAAGTGAGCTACTCT-1,17.351772,6.8559027,143B
CGAAGTGAGTTAGCAT-1,10.430325,-0.7869647,ALLSIL
CGAATAGGTCTAGGCC-1,15.587885,-5.269874,C8166
CGAATAGGTGCAGGTG-1,-3.8621051,3.8163836,HAP1 MUTYH-/-
CGAATAGGTTTACTAG-1,16.990633,7.5463295,143B
CGAATCATCACATAGT-1,15.454706,7.0318084,143B
CGAATCATCTGGTCAA-1,-2.5873575,-4.1831098,HELA XPA-/-
CGAATCATCTGTAAGT-1,-0.54591084,12.377816,DND41
CGAATCTGTAAGGTAT-1,8.126803,15.880641,SUPT11
CGAATTTAGGTGCGTT-1,17.020382,6.720516,143B
CGACACTAGGAGGACC-1,4.8060074,5.727475,PF382
CGACACTAGGTGGCTT-1,-3.1998248,2.8121,HAP1 MUTYH-/-
CGACAGCCAATCAATG-1,6.9889474,-2.4788713,CHLA06ATRT
CGACCAACAATTAGCA-1,-1.8976117,-4.69868,HELA XPA-/-
CGACCAACATAATCTC-1,17.451889,4.3852196,143B
CGACCAACATCACTTG-1,15.624934,6.3210835,143B
CGACCATAGCTTCCGC-1,7.8371477,3.8507466,NALM6
CGACCATAGTAGTGAA-1,9.381411,-11.138655,TK6 LIG4-/-
CGACCATAGTCAGCAC-1,8.06533,16.561598,SUPT11
CGACCCTTCCACCAGG-1,4.7133756,-3.923804,CHLA06ATRT
CGACCCTTCCTGATAG-1,8.784947,3.0612307,NALM6
CGACCCTTCTAGCTGA-1,14.045901,-5.856045,C8166
CGACGTTAGGCATGTC-1,9.810817,-10.800278,TK6 LIG4-/-
CGACGTTAGTAATCGT-1,13.269893,-5.67288,C8166
CGACTAGCAGTTAGGT-1,-2.039694,-2.8478281,HELA XPA-/-
CGACTAGCATCCTTAG-1,21.037525,-2.0419924,SAOS2
CGACTATGTCAGCTTG-1,5.345456,0.65029395,JURKAT
CGACTATGTCTTGACG-1,6.3108144,11.002976,RH30
CGACTCCTCAGGGATG-1,15.6327505,5.348034,143B
CGACTCCTCCCAGGAT-1,-3.3692627,3.0910687,HAP1 MUTYH-/-
CGACTGACACAATCAA-1,20.152071,-2.1427302,SAOS2
CGACTGACAGGAGCAG-1,13.378214,-5.2611914,C8166
CGACTGACATTAAGTG-1,-0.6473445,-2.3302913,HELA XPA-/-
CGACTGGTCGCTCATT-1,15.686044,3.7707195,143B
CGACTGGTCTATGCTC-1,11.568814,12.455312,JM1
CGACTTGGTTGCGAGG-1,-1.2444527,-3.1858325,HELA XPA-/-
CGACTTGGTTGCGGAG-1,3.2091746,0.99130595,JURKAT
CGACTTGGTTTACTGA-1,-2.796733,4.984895,HAP1 MUTYH-/-
CGAGCAAAGCCGATTA-1,-2.5790153,-3.2372286,HELA XPA-/-
CGAGCAAAGCTTACGA-1,-2.544221,3.603417,HAP1 MUTYH-/-
CGAGCACCAATCAAGC-1,9.531272,-10.576989,TK6 LIG4-/-
CGAGCACCATAGACCG-1,-2.8083034,3.2349834,HAP1 MUTYH-/-
CGAGCACCATGGTACG-1,6.182704,16.906673,SUPT11
CGAGCAGGTAATGCAG-1,3.7606344,-2.8974783,CHLA06ATRT
CGAGCAGGTCAGGCAG-1,3.1433742,8.290982,PF382
CGAGCCATCACTCTCG-1,0.9210313,12.915817,DND41
CGAGCCATCATCTCAC-1,16.896652,8.094661,143B
CGAGCCATCTAGTCTC-1,8.916344,-4.3640656,CHLA06ATRT
CGAGCCATCTCATCTA-1,0.517867,8.70277,PF382
CGAGCCTGTAACGTCT-1,12.620166,-4.62077,C8166
CGAGCCTGTTGCTCCT-1,1.9382752,8.911423,PF382
CGAGCGAGTGATTCGT-1,9.407232,-10.115171,TK6 LIG4-/-
CGAGCGAGTTGCAGCC-1,2.7059186,7.375979,PF382
CGAGGAATCACATAGT-1,19.600956,-1.6519446,SAOS2
CGAGGAATCACGCCGA-1,-2.684862,4.7977896,HAP1 MUTYH-/-
CGAGGAATCATCTCAC-1,15.509318,-3.6865716,C8166
CGAGGAATCGCATAGC-1,20.63226,-0.7859472,SAOS2
CGAGGAATCTATCGTC-1,18.991312,7.7274446,143B
CGAGGGACAAACTGAC-1,18.303782,4.84955,143B
CGAGGGACAACTAGAC-1,16.26649,4.549906,143B
CGAGGGTAGCCATTAG-1,2.9753783,1.9848273,JURKAT
CGAGTAAGTAGTGACA-1,-2.4115105,-3.9217782,HELA XPA-/-
CGAGTAAGTAGTGTGA-1,2.0595365,5.868599,PF382
CGAGTAAGTATGTGCT-1,3.514568,7.4968243,PF382
CGAGTAAGTTATGGAG-1,14.429807,6.7684917,143B
CGAGTAAGTTCCTGCT-1,18.317715,4.7922435,143B
CGAGTAAGTTGTGGAA-1,17.277449,7.773441,143B
CGAGTGAAGAACCATT-1,3.374292,0.6755739,JURKAT
CGAGTGAAGAACCTTG-1,4.656231,-4.582081,CHLA06ATRT
CGAGTGAAGGTTCGTA-1,18.563143,7.4940476,143B
CGATAACCAGCACTCT-1,9.031431,6.1417313,NALM6
CGATAAGGTAACGGCG-1,-2.9237971,4.572882,HAP1 MUTYH-/-
CGATAAGGTAGCTAAG-1,3.129475,7.202227,PF382
CGATAAGGTTTGGGAA-1,3.3123763,6.6438236,PF382
CGATAGCTCACCCTGC-1,15.527825,-6.302061,C8166
CGATAGCTCCGCGAAT-1,16.043755,6.6050363,143B
CGATAGCTCTAGTGAT-1,15.669154,-6.0358205,C8166
CGATAGCTCTGGGAAG-1,15.8794775,6.7061596,143B
CGATAGTCACCACAGA-1,4.4760656,6.9558105,PF382
CGATAGTCACCATCAC-1,6.967912,-2.8177571,CHLA06ATRT
CGATCACAGGTTGGTC-1,13.266556,-5.6653743,C8166
CGATCACAGTCAGGCT-1,9.331435,5.7450724,NALM6
CGATCCCTCAATCCAG-1,16.738314,6.302186,143B
CGATCCCTCCTTAGCT-1,4.3420043,0.15772747,JURKAT
CGATCCTCACAACCGA-1,-1.4648243,-2.6685514,HELA XPA-/-
CGATCCTCATGCGTCT-1,21.111061,0.3530595,SAOS2
CGATCTAAGGAACCGA-1,9.535435,-8.920287,TK6 LIG4-/-
CGATCTAAGGTACCGT-1,5.2798934,1.0772347,JURKAT
CGATGAGAGGTCCATA-1,10.925177,-8.037669,TK6 LIG4-/-
CGATGAGAGTATGTGT-1,8.337196,-2.8402255,CHLA06ATRT
CGATGGGGTAACGTAG-1,6.915053,-3.868675,CHLA06ATRT
CGATGGGGTGGCTGAG-1,-3.136988,1.7953569,HAP1 MUTYH-/-
CGATGGTTCCCAATTC-1,18.79042,5.0781817,143B
CGATGGTTCCGGGCTA-1,9.990169,-11.647368,TK6 LIG4-/-
CGATGGTTCTGTGAGC-1,-2.8316615,2.4177125,HAP1 MUTYH-/-
CGATGTCAGGTGAGTG-1,18.385386,6.439036,143B
CGATGTTGTAATCCCG-1,16.555298,4.9507675,143B
CGATTAACACTCAGCT-1,11.651461,-9.764865,TK6 LIG4-/-
CGATTAACAGCCAGAC-1,-4.7163644,3.2163086,HAP1 MUTYH-/-
CGATTACGTGATTGAG-1,3.611109,1.4567188,JURKAT
CGATTACGTTAGTTCA-1,12.708781,12.494939,JM1
CGATTACGTTCGTTCC-1,15.785629,4.7932253,143B
CGATTATAGGTACCAC-1,4.6135297,-4.8632274,CHLA06ATRT
CGATTCCCAATCAGGT-1,9.862908,4.0211153,NALM6
CGATTCCCATTAAGCA-1,16.282993,7.028917,143B
CGATTCCCATTCGCAC-1,21.257366,-0.0001901689,SAOS2
CGATTTAGTAGGTGCG-1,10.47246,-0.86731327,ALLSIL
CGATTTAGTTTCCTAT-1,5.8447742,6.9587083,PF382
CGATTTGAGAACCTTG-1,4.712592,2.4301455,JURKAT
CGATTTGAGAAGCGAT-1,11.493305,0.5929102,ALLSIL
CGATTTGAGTTACAGT-1,19.334314,7.5233254,143B
CGCAAATCAAGCTCCT-1,19.533213,-1.0493801,SAOS2
CGCAAATCATTGGCAG-1,14.417946,13.579839,JM1
CGCAACTAGTTAGCCA-1,-2.306954,2.2319012,HAP1 MUTYH-/-
CGCAATATCATAGAGA-1,15.846446,-5.245895,C8166
CGCAATATCGTCTACT-1,1.1938437,6.44887,PF382
CGCAATTGTAATTCGC-1,20.08782,-2.1023407,SAOS2
CGCAATTGTCTAATTG-1,11.371002,-9.720996,TK6 LIG4-/-
CGCAATTGTGACGAGT-1,3.755658,4.0777225,DND41
CGCAATTGTGAGGATC-1,15.309149,7.520479,143B
CGCAATTGTTGAGTTC-1,-2.5192938,-2.8585334,HELA XPA-/-
CGCACAACAAGCCGGT-1,8.306345,10.2116995,RH30
CGCACTTCAACCTCTA-1,9.373695,5.415749,NALM6
CGCACTTCATAACTCT-1,11.628061,-1.0769085,ALLSIL
CGCACTTCATCCAGCT-1,3.2330816,-8.678924,U2OS OGG-/-
CGCAGATTCCGCCTAC-1,10.792702,-7.933087,TK6 LIG4-/-
CGCAGCTGTGAGATTG-1,4.3495965,5.685432,PF382
CGCAGCTGTTCGTATA-1,15.421704,-4.13466,C8166
CGCAGGTCAAGCATCG-1,7.788606,4.743761,NALM6
CGCAGGTCAAGGGCTC-1,-3.3001091,4.7693887,HAP1 MUTYH-/-
CGCAGGTCAGCTAGTG-1,-1.1953915,-2.6236222,HELA XPA-/-
CGCAGGTCATTCATCG-1,10.964009,0.3315044,ALLSIL
CGCAGTTAGGCTTGGT-1,5.5314326,7.061438,PF382
CGCATAATCAGCCCGA-1,-4.746744,2.9146416,HAP1 MUTYH-/-
CGCATAATCCTTGGTT-1,18.315128,6.0481925,143B
CGCATAATCGAATGAA-1,15.534184,6.4932857,143B
CGCATAGCACTTCGGT-1,-5.0702496,2.8917813,HAP1 MUTYH-/-
CGCATATGTAACGCTT-1,1.5987933,5.3533344,PF382
CGCATATGTTAGTGTC-1,1.8673248,6.559099,PF382
CGCATCCTCCGCACTC-1,2.7133162,-10.02602,U2OS OGG-/-
CGCATCCTCCGTCAGG-1,-2.3278053,2.5025094,HAP1 MUTYH-/-
CGCATCTCAATATCAG-1,19.5126,-2.3326154,SAOS2
CGCATCTCAGGTTGGC-1,7.1561074,11.896595,RH30
CGCATGGTCCAGATGC-1,17.712215,8.173377,143B
CGCATGGTCCTTGATC-1,13.189858,-5.177986,C8166
CGCATGGTCTATCTGC-1,12.002203,12.185079,JM1
CGCCAAGTCAGGGACA-1,19.335684,6.1389804,143B
CGCCAAGTCCCGTACC-1,3.7715003,4.6325226,PF382
CGCCAAGTCCTCTCAG-1,7.146837,16.660765,SUPT11
CGCCAATAGCCATCGG-1,6.849914,9.794126,RH30
CGCCAATAGGGGCTAA-1,-5.1986065,2.305405,HAP1 MUTYH-/-
CGCCACAAGGCGAATG-1,3.963154,1.3041697,JURKAT
CGCCACTTCCAGGTGT-1,-1.5322516,-2.8657498,HELA XPA-/-
CGCCACTTCTAGCTGA-1,1.950339,14.790627,TE617T
CGCCATAGTCTAGTGT-1,4.1785765,3.5636373,JURKAT
CGCCATAGTTGCTTGG-1,1.9881616,6.1412725,PF382
CGCCATAGTTTGCGTG-1,-4.1520677,3.0313454,HAP1 MUTYH-/-
CGCCATGAGAAGCCAG-1,8.252671,6.421801,NALM6
CGCCATGAGGTATGGG-1,14.347845,-5.279268,C8166
CGCCATTCATTAGGCG-1,7.9916987,16.092508,SUPT11
CGCCCAAAGGCATCAC-1,10.158267,1.0051161,ALLSIL
CGCCCAAAGTCAACCA-1,10.590617,-9.105333,TK6 LIG4-/-
CGCCCATTCAGCCCGA-1,3.140641,6.1477604,PF382
CGCCCATTCTAGTAAC-1,11.433687,-9.303721,TK6 LIG4-/-
CGCCTAAGTATTAGGG-1,3.455508,-2.0360165,CHLA06ATRT
CGCCTAGAGAAGGTAC-1,-2.502363,-3.4896545,HELA XPA-/-
CGCCTAGAGGCAAGCA-1,18.370117,6.181717,143B
CGCCTAGAGTGATCGC-1,15.476002,-5.457576,C8166
CGCCTCACAATTACGA-1,16.31842,5.30024,143B
CGCCTCACACCTGTAC-1,-2.9630408,-2.7253726,HELA XPA-/-
CGCCTGAAGCATCTCT-1,1.8494927,12.518024,DND41
CGCCTGAAGCCAACCG-1,12.031729,-5.5814443,C8166
CGCCTGAAGCGGTGAA-1,16.062002,6.680386,143B
CGCCTGAAGCTGGATC-1,3.1400166,2.3155277,JURKAT
CGCCTGAAGGTACATT-1,3.505892,-1.9872131,CHLA06ATRT
CGCCTGTTCAGTTGAT-1,10.217553,-11.948974,TK6 LIG4-/-
CGCCTGTTCCCCATCA-1,8.391405,4.8598886,NALM6
CGCCTGTTCGAACGGA-1,12.822653,-4.815351,C8166
CGCCTGTTCGTAACTG-1,-3.7550797,0.81669647,HAP1 MUTYH-/-
CGCGAACCATCACTTG-1,-3.4430845,-3.4845045,HELA XPA-/-
CGCGAACCATGACACG-1,10.728577,-7.8905177,TK6 LIG4-/-
CGCGAACCATTGCGTC-1,13.528691,-5.7250657,C8166
CGCGAAGGTTATCGCG-1,14.54291,8.10238,143B
CGCGAAGGTTCGCCAA-1,15.771277,-7.565903,C8166
CGCGAAGGTTGGGACG-1,15.379472,-5.9545555,C8166
CGCGATTAGGCGAATG-1,-4.4558845,4.1907043,HAP1 MUTYH-/-
CGCGATTAGTTACCTC-1,9.7413,-10.951377,TK6 LIG4-/-
CGCGCAATCACTTCGT-1,-0.80004597,-2.1311326,HELA XPA-/-
CGCGCAATCGAAGCTC-1,18.736217,5.324126,143B
CGCGGTTGTCTTGCAG-1,14.72156,13.910689,JM1
CGCGTACGTAGCTCAT-1,-2.4083223,4.268249,HAP1 MUTYH-/-
CGCGTACGTTTGAGTC-1,1.9517268,5.1595316,PF382
CGCGTCAAGCAAGGGC-1,14.168205,6.144512,143B
CGCGTCAAGGCTACCG-1,15.429481,5.3273253,143B
CGCGTCAAGGTCAATT-1,10.071994,-8.585154,TK6 LIG4-/-
CGCGTTAGTAAGCGCG-1,2.7672284,6.823827,PF382
CGCGTTAGTTCGTAGT-1,12.076878,13.403841,JM1
CGCGTTAGTTGCTCGA-1,5.343245,0.6848604,JURKAT
CGCTAACAGGTGAACG-1,0.85466146,6.891445,PF382
CGCTAACAGTAGCGTC-1,-3.0376868,3.394168,HAP1 MUTYH-/-
CGCTAACAGTGATGCC-1,15.058884,7.593328,143B
CGCTAATGTTGACGCC-1,19.545412,7.4460526,143B
CGCTACCTCACGCATA-1,-0.48532003,-3.0993967,HELA XPA-/-
CGCTACTCATCGCTCG-1,2.1541533,15.245059,TE617T
CGCTATGGTCAGTAGA-1,6.819327,9.857786,RH30
CGCTATGGTCAGTGCC-1,-4.6044297,3.3580265,HAP1 MUTYH-/-
CGCTATGGTTATCCGG-1,12.12065,12.195976,JM1
CGCTCATCAGGCAGAG-1,11.652992,-8.945008,TK6 LIG4-/-
CGCTCATCATGATATG-1,4.6099777,-4.866567,CHLA06ATRT
CGCTCCACAAGGTCTG-1,3.391658,0.61248106,JURKAT
CGCTCCACAATCGCCT-1,2.54994,-8.522345,U2OS OGG-/-
CGCTCCACAGGTAGTT-1,0.91111904,6.257519,PF382
CGCTGATAGCCTGTAA-1,-4.732599,2.2057357,HAP1 MUTYH-/-
CGCTGATAGCGGTAAG-1,14.983363,-4.7976704,C8166
CGCTGATAGCTACTCT-1,11.0294,-0.17205271,ALLSIL
CGCTGATAGGCGTAAG-1,-4.0634475,14.705795,KHM1B
CGCTGCTTCCATTACC-1,0.63324606,7.7965,PF382
CGCTGCTTCCGTTAAG-1,6.3678637,10.918723,RH30
CGCTGCTTCGCGAATC-1,13.606826,12.194595,JM1
CGCTGCTTCTCACATC-1,15.733155,-5.334031,C8166
CGCTGTGAGGTGCTAC-1,-2.6603034,-2.5941887,HELA XPA-/-
CGCTGTGAGTTAACGT-1,-3.073706,-1.6176615,HELA XPA-/-
CGCTGTTCAAGCTATA-1,-2.241288,3.0356429,HAP1 MUTYH-/-
CGCTGTTCAGGGCAGA-1,17.101948,6.322031,143B
CGCTTAGGTTCCCGTT-1,-2.6958797,4.554892,HAP1 MUTYH-/-
CGCTTAGGTTTGAGTC-1,11.438379,-8.8773365,TK6 LIG4-/-
CGCTTCATCCCATATC-1,14.592697,5.9671326,143B
CGCTTGCTCAGCGACT-1,16.754427,7.362569,143B
CGCTTGCTCGATCACA-1,10.523301,-9.126062,TK6 LIG4-/-
CGGAAAGTCCACGGCA-1,6.937132,16.127703,SUPT11
CGGAAAGTCGCGATGT-1,-3.8069916,4.4179516,HAP1 MUTYH-/-
CGGAACCCACTATGGG-1,3.366708,8.207573,PF382
CGGAACGGTGCATTAC-1,16.071735,7.845649,143B
CGGAACGGTTGACCAT-1,8.825278,-3.1322248,CHLA06ATRT
CGGAACGGTTGGCCTA-1,-1.4842827,3.3572543,HAP1 MUTYH-/-
CGGACAGGTTGAAGTG-1,2.7367697,15.035513,TE617T
CGGACATTCAATTCCC-1,13.894051,-4.9884715,C8166
CGGACATTCATGCCAA-1,3.591776,-2.858291,CHLA06ATRT
CGGACATTCCGCACTC-1,18.198053,5.636026,143B
CGGACATTCGACCAAC-1,16.663612,5.195212,143B
CGGACTTAGTAGTAAG-1,21.639845,-0.031436894,SAOS2
CGGATAAGTGAAGTTG-1,6.956245,16.294905,SUPT11
CGGATAAGTGGCCATC-1,3.945215,4.6898336,PF382
CGGATCACAACGTTAA-1,15.3960705,-3.8387868,C8166
CGGATCACAAGCTACG-1,15.351155,6.342806,143B
CGGATCACAATTACTC-1,-1.6473691,-2.5286589,HELA XPA-/-
CGGATCACACAACTAA-1,20.4818,-1.7960336,SAOS2
CGGATCACATGGCAAT-1,11.391837,-10.855331,TK6 LIG4-/-
CGGATTCAGATTCGCA-1,20.890755,-2.4848266,SAOS2
CGGATTCAGCGAACTC-1,2.4090986,8.77105,PF382
CGGCAAGGTTCGCACA-1,8.626496,6.2297125,NALM6
CGGCATTAGTAGTCGC-1,16.938953,5.9465933,143B
CGGCCAATCACGTTAG-1,7.7093725,4.7887692,NALM6
CGGCCAATCTAGCCTT-1,6.0792236,16.771244,SUPT11
CGGCCAATCTGTCTGT-1,3.8803277,-8.432659,U2OS OGG-/-
CGGCCTAAGCCACTCC-1,20.363747,6.4497557,143B
CGGCCTAAGCCTGTAA-1,9.270937,1.2928846,ALLSIL
CGGCCTAAGCGGGAAC-1,1.8125752,12.520435,DND41
CGGCCTAAGGCTTACA-1,-2.6038775,4.5584493,HAP1 MUTYH-/-
CGGCTAACAAATGGCT-1,10.697232,-10.485,TK6 LIG4-/-
CGGCTAACACCATCGT-1,2.2392836,-9.613462,U2OS OGG-/-
CGGCTAACACCTGCCA-1,-2.0501816,2.6321795,HAP1 MUTYH-/-
CGGCTAGTCAGGTGAG-1,2.7071915,5.345079,PF382
CGGCTAGTCCTTCGTG-1,12.87898,14.475167,JM1
CGGCTCAAGCGGATTC-1,19.103348,6.5051312,143B
CGGCTGATCGATGTAT-1,5.3378654,6.591748,PF382
CGGCTTGAGCGAGACA-1,0.9871995,11.604954,DND41
CGGCTTGAGGATGTAA-1,15.080631,-3.483366,C8166
CGGCTTGAGGCTTCGG-1,3.18839,8.742964,PF382
CGGCTTGAGTTGGCGT-1,3.9537091,7.792691,PF382
CGGGACTCAATCAGGT-1,1.2482228,7.4912314,PF382
CGGGACTCATCGGTTC-1,7.8015914,14.931014,SUPT11
CGGGATGGTCAGGCTC-1,7.598235,11.235703,RH30
CGGGATGGTTAGTCAC-1,14.477065,-3.798792,C8166
CGGGCAAGTCAGTCGC-1,3.6545985,7.7410216,PF382
CGGGCAAGTTCGTGAT-1,9.772273,-11.041062,TK6 LIG4-/-
CGGGCAAGTTTGCCCT-1,20.1759,6.2546225,143B
CGGGCTATCACCTAAG-1,7.9590163,15.878295,SUPT11
CGGGCTATCCTCATAC-1,8.189355,3.2685113,NALM6
CGGGCTTGTCTTGAGT-1,-3.3199003,2.1733782,HAP1 MUTYH-/-
CGGGCTTGTTGTGACT-1,13.330849,-5.4513426,C8166
CGGGGAACATGACCTC-1,14.686564,4.129057,143B
CGGGGATAGAACGGGC-1,-1.2339214,-2.794307,HELA XPA-/-
CGGGGATAGATTCGGC-1,14.545278,4.248616,143B
CGGGGATAGCGCTGCA-1,0.9304155,8.478612,PF382
CGGGGTAGTCTCAGTG-1,1.615991,14.9946375,TE617T
CGGGGTAGTGAGGAAG-1,19.133844,7.4596124,143B
CGGGGTAGTTTACGAC-1,-1.3705997,-2.591753,HELA XPA-/-
CGGGTAGGTGCGCAGA-1,7.471379,10.5816,RH30
CGGGTAGGTGCGGTGA-1,2.876367,1.3416768,JURKAT
CGGGTAGGTGGCTCTA-1,-3.920582,4.3296294,HAP1 MUTYH-/-
CGGGTAGGTGGGTCAG-1,-3.6588318,-2.3446345,HELA XPA-/-
CGGGTAGGTTAGCTGT-1,15.892227,6.7495646,143B
CGGGTAGGTTCCCAAG-1,10.7017565,-11.6046715,TK6 LIG4-/-
CGGGTAGGTTCCCAGA-1,-3.2357755,-2.9707506,HELA XPA-/-
CGGGTAGGTTCGTCTC-1,13.9908695,12.312138,JM1
CGGGTGAGTCTTGCAG-1,11.02065,-0.16562214,ALLSIL
CGGGTGAGTGAACGCG-1,15.031576,6.3133206,143B
CGGGTTACAACTAGGT-1,14.8783245,-5.526361,C8166
CGGGTTACATAACCAA-1,3.0843031,2.0136986,JURKAT
CGGGTTTAGGTACCCG-1,15.432495,-4.218462,C8166
CGGTAAAGTCTAATCA-1,10.416981,-11.628114,TK6 LIG4-/-
CGGTAAAGTGGCCTGT-1,3.0113635,1.780176,JURKAT
CGGTAAAGTTGAGGCG-1,15.967625,4.7548175,143B
CGGTAATCAAACCGAT-1,4.9354568,5.6828685,PF382
CGGTAATCAATGCCGA-1,-2.2618663,-2.9636028,HELA XPA-/-
CGGTAATCAGTAATGC-1,11.390502,-8.843487,TK6 LIG4-/-
CGGTAATCATGCTGCT-1,16.944038,4.412865,143B
CGGTATATCAATCGCA-1,1.2308416,5.522927,PF382
CGGTATATCATGCTCT-1,13.994547,13.063714,JM1
CGGTATATCCAGCGCA-1,13.307667,12.990779,JM1
CGGTATATCCCCTGAC-1,-2.1263142,-4.554083,HELA XPA-/-
CGGTATATCCTGAATG-1,3.3539364,8.48522,PF382
CGGTATTGTAACGAGC-1,13.0666485,12.966333,JM1
CGGTATTGTCTAGTTA-1,20.370216,-1.9190843,SAOS2
CGGTCAACAACCAGGC-1,8.439778,10.268616,RH30
CGGTCAACACTAAGGT-1,3.572903,-3.3349934,CHLA06ATRT
CGGTCAACACTCGCTG-1,-3.4744766,14.180839,KHM1B
CGGTCAACACTTGGGA-1,2.8357217,-2.3291605,CHLA06ATRT
CGGTGAAAGGCGCTAT-1,15.520094,-6.29328,C8166
CGGTGAGGTAGCGCCT-1,11.83961,12.252052,JM1
CGGTGCATCCCGGCAA-1,16.588825,5.064976,143B
CGGTGCATCCCTGGTC-1,8.222665,3.4304585,NALM6
CGGTGCATCCGTGGAT-1,5.5084896,6.660039,PF382
CGGTGCATCTCATCTA-1,20.41853,-1.8762944,SAOS2
CGGTGTTAGCTGGTTA-1,10.436576,-8.0101595,TK6 LIG4-/-
CGGTTAATCAGCTCAA-1,5.4286485,6.9909124,PF382
CGGTTAATCATGGTAT-1,2.7257895,6.1822643,PF382
CGGTTAATCCTCATTA-1,16.863068,5.450002,143B
CGGTTAATCGATGTCA-1,-4.32908,1.0607052,HAP1 MUTYH-/-
CGGTTAATCTATGCGA-1,8.760201,1.450653,JURKAT
CGGTTAATCTCATTCA-1,-1.297605,2.916618,HAP1 MUTYH-/-
CGGTTAGCAAATGGTC-1,12.518802,-1.1041033,ALLSIL
CGGTTAGCAACCTGTC-1,-5.359742,2.5803564,HAP1 MUTYH-/-
CGGTTAGCAAGTATCA-1,18.752354,6.9558644,143B
CGGTTATGTTCGTTGG-1,15.059285,5.1998744,143B
CGGTTATGTTTCGTCC-1,1.3530068,9.198641,PF382
CGGTTCCTCACCAGTA-1,3.635534,2.8229494,JURKAT
CGGTTCCTCGACTACA-1,-3.4785588,1.1418524,HAP1 MUTYH-/-
CGGTTCTCAACATGCG-1,-2.051833,-3.0117228,HELA XPA-/-
CGGTTTGGTGCAGTAA-1,21.075542,0.40889552,SAOS2
CGGTTTGGTGCATTCG-1,-0.6523369,-3.2019436,HELA XPA-/-
CGGTTTGGTTCCGGTA-1,0.92316663,15.872772,TE617T
CGGTTTGGTTTCGAGT-1,15.813029,4.3581657,143B
CGTAAACCATAGAGGA-1,2.7204318,-7.8788147,U2OS OGG-/-
CGTAAACCATGGAACT-1,4.1251235,-3.4077425,CHLA06ATRT
CGTAAAGGTCTGTGTG-1,14.191026,-4.8525877,C8166
CGTAAATTCGAACGAG-1,11.785696,-8.821808,TK6 LIG4-/-
CGTAAATTCTAGCCAA-1,13.662611,-5.9202466,C8166
CGTAACATCACATTCC-1,-2.6297297,-5.349887,HELA XPA-/-
CGTAATGTCCGTGAAC-1,1.9344333,5.238903,PF382
CGTAATGTCGTACCGG-1,-4.570117,3.8749638,HAP1 MUTYH-/-
CGTAATGTCTAGCTGA-1,-0.93083084,-2.6185865,HELA XPA-/-
CGTAATTAGAAGGATC-1,3.530162,8.2655945,PF382
CGTAATTAGCATGGTC-1,10.071896,-8.480454,TK6 LIG4-/-
CGTAATTAGCGCTTCC-1,7.989112,3.9793591,NALM6
CGTAATTAGCTAAGTT-1,14.739004,7.6963325,143B
CGTAATTAGGTTACAT-1,6.2513437,15.551874,SUPT11
CGTAATTAGTCGATTG-1,-3.6038754,14.593573,KHM1B
CGTACAGCAGCATGTG-1,19.493238,7.315382,143B
CGTACCCTCCTGTACT-1,15.324431,7.0030365,143B
CGTACCCTCGCTCATT-1,9.398354,5.162318,NALM6
CGTACCTCAGCAGTAT-1,5.3116193,5.608571,PF382
CGTACCTCATGGTCTC-1,3.4871588,7.8431253,PF382
CGTACGTAGATTGCAT-1,7.8778596,16.815083,SUPT11
CGTACGTAGCGCCAAT-1,-4.1138616,1.0608157,HAP1 MUTYH-/-
CGTACTAAGAACGATA-1,-3.0537798,-2.5379424,HELA XPA-/-
CGTACTAAGCGGACTT-1,8.215601,-2.8378026,CHLA06ATRT
CGTACTAAGGTTGCGT-1,19.445402,5.748936,143B
CGTACTGGTAACGCGG-1,7.7391453,-3.1417477,CHLA06ATRT
CGTACTGGTCATGTGT-1,0.8124494,8.568957,PF382
CGTACTGGTTATGGGA-1,15.531401,-7.737538,C8166
CGTAGGCCACATTCAT-1,15.21381,6.360812,143B
CGTAGGCCATCACATT-1,11.843004,11.305315,JM1
CGTAGGGGTTGCGATT-1,-2.4991121,2.6316116,HAP1 MUTYH-/-
CGTAGGTTCCAACTCT-1,10.389105,0.5593441,ALLSIL
CGTAGGTTCCAGCCGA-1,10.238675,-11.924855,TK6 LIG4-/-
CGTAGTCAGTGATTAC-1,16.805536,4.2155795,143B
CGTAGTTGTAGGTCGG-1,-3.1733286,-2.821073,HELA XPA-/-
CGTAGTTGTTCGCTCT-1,7.589357,-4.2623563,CHLA06ATRT
CGTATATAGAAGGTGT-1,9.934253,4.9613314,NALM6
CGTATCCCAACTAGCG-1,2.1801562,15.189614,TE617T
CGTATCCCAGGCATAT-1,15.36436,-6.498596,C8166
CGTATGATCCTGAATG-1,18.19604,5.7048416,143B
CGTATTGAGCTATGCA-1,1.6858441,7.9393716,PF382
CGTCAAATCAGCCATA-1,1.5626724,15.592894,TE617T
CGTCAAATCCATCGGG-1,18.338781,6.8679833,143B
CGTCAATGTCTTGAAC-1,-0.83183926,-2.7829766,HELA XPA-/-
CGTCAATGTGATTAGG-1,9.470231,-11.095278,TK6 LIG4-/-
CGTCAATGTTCAAGTC-1,-3.9180841,3.4568255,HAP1 MUTYH-/-
CGTCACCTCATATGGT-1,13.980229,14.935449,JM1
CGTCACCTCATCAGTG-1,6.882996,9.971003,RH30
CGTCACCTCGCTTCGC-1,17.48331,5.839471,143B
CGTCAGGTCCAATGCA-1,7.253915,14.820275,SUPT11
CGTCAGTAGCAAGTGG-1,17.15821,5.560581,143B
CGTCAGTAGGTAGGGC-1,-3.3623884,1.8728344,HAP1 MUTYH-/-
CGTCATCCACTAAGCG-1,2.5931728,-10.197962,U2OS OGG-/-
CGTCATGGTAACTTCA-1,10.517171,-11.425708,TK6 LIG4-/-
CGTCATGGTAGTGACA-1,20.24734,-2.0725343,SAOS2
CGTCCAAGTCATCCGA-1,8.916473,4.3761334,NALM6
CGTCCAAGTCATTGCG-1,3.179328,6.9888835,PF382
CGTCCAAGTTAGTAGG-1,9.593207,-9.381321,TK6 LIG4-/-
CGTCCATCAAGCTGTG-1,11.065009,0.7636762,ALLSIL
CGTCCATCACATTGAA-1,3.576659,-7.5037417,U2OS OGG-/-
CGTCCATCACCTACGT-1,3.8709645,7.4013896,PF382
CGTCCATCATGGCTTC-1,17.406118,5.427829,143B
CGTCCCACACTTACAT-1,-1.8511248,-2.7145832,HELA XPA-/-
CGTCCCACATAAGGCT-1,5.3144093,7.1013412,PF382
CGTCCGTTCCCTGGCT-1,4.783329,-4.2715945,CHLA06ATRT
CGTCCGTTCGTTGCCC-1,0.6096093,8.636408,PF382
CGTCCTGCAAAGGAAT-1,1.4511611,9.279771,PF382
CGTCCTGCAGCCATGA-1,14.966349,5.179735,143B
CGTCCTGCATAGAGGA-1,14.810364,5.7409854,143B
CGTCCTTGTAATCACC-1,15.535502,6.672879,143B
CGTCCTTGTCAACTCG-1,15.850221,6.8904305,143B
CGTCCTTGTGCAGCGA-1,8.663148,-2.98974,CHLA06ATRT
CGTCCTTGTTCGAGTT-1,15.726866,4.712432,143B
CGTCTATTCAATCCGA-1,15.733779,4.761669,143B
CGTCTATTCCTGATAG-1,9.009377,-10.954886,TK6 LIG4-/-
CGTCTATTCGTGCTCC-1,1.8096203,5.257907,PF382
CGTCTCATCAGCTGCG-1,9.926738,3.5569577,NALM6
CGTCTCATCCCATAGA-1,14.602019,3.789419,143B
CGTCTCATCCGCGAAT-1,11.931223,-0.26388904,ALLSIL
CGTCTTGTCCGTCAGG-1,8.602536,-2.5532768,CHLA06ATRT
CGTGAAAGTAGCTATC-1,-4.330019,3.0111625,HAP1 MUTYH-/-
CGTGAAAGTCTGTCCT-1,2.706147,-7.9188848,U2OS OGG-/-
CGTGAAAGTGGCTTCA-1,1.7162824,5.1668453,PF382
CGTGAAAGTTTCCTCA-1,-4.0567656,2.6347973,HAP1 MUTYH-/-
CGTGACCGTGAACCGG-1,1.7394668,7.397969,PF382
CGTGACCGTGGGAACT-1,16.450905,6.128703,143B
CGTGACCGTTGGTAAG-1,15.578865,5.4099326,143B
CGTGAGAAGCGAGGAC-1,7.2949877,-3.6146505,CHLA06ATRT
CGTGAGAAGCGCTCTC-1,9.917425,-10.8014555,TK6 LIG4-/-
CGTGAGGGTAGCGATA-1,20.773962,-1.810675,SAOS2
CGTGAGGGTTAGTCAC-1,18.26916,6.664365,143B
CGTGAGGGTTCGTAAC-1,15.50455,-6.2740936,C8166
CGTGATGCACTAATGA-1,9.761687,-9.196299,TK6 LIG4-/-
CGTGATGCAGCACGGT-1,7.9915795,3.8991065,NALM6
CGTGATTGTAGGCGTG-1,2.4437685,-9.613382,U2OS OGG-/-
CGTGCAACACCACATC-1,14.287039,-5.682098,C8166
CGTGCAACACCTCGTG-1,8.7772045,10.567214,RH30
CGTGCAACAGGATAGA-1,11.376772,11.173454,JM1
CGTGCCTTCGCATAGC-1,10.542866,-10.238913,TK6 LIG4-/-
CGTGCTAGTAGCGAGT-1,6.5265875,16.159319,SUPT11
CGTGCTAGTTATCACA-1,9.149897,-10.082792,TK6 LIG4-/-
CGTGCTAGTTGGTGCC-1,-3.7144656,3.1893814,HAP1 MUTYH-/-
CGTGCTGAGCCGACCA-1,16.541586,5.0384636,143B
CGTGCTGAGTAATGCT-1,3.9410813,2.1221726,JURKAT
CGTGGCTGTGCAACCC-1,-2.4424138,-5.515143,HELA XPA-/-
CGTGGTTAGTCGCGCA-1,1.2154132,6.4267464,PF382
CGTGTATGTGAAGGTC-1,6.942009,15.870626,SUPT11
CGTGTATGTGAGTTGA-1,11.905778,13.247499,JM1
CGTGTCAGTCAACCAT-1,9.28215,3.2114105,NALM6
CGTGTTAAGCGATTGC-1,17.373213,6.080534,143B
CGTGTTAAGGGGCTAA-1,0.75506586,6.353814,PF382
CGTGTTAAGTCGAAGG-1,-2.6743064,4.461326,HAP1 MUTYH-/-
CGTGTTAAGTCGAGTC-1,13.32446,-0.91157466,ALLSIL
CGTGTTGGTGAGTATG-1,15.336505,7.2329297,143B
CGTGTTGGTTCGGCTA-1,-3.320004,-3.6425426,HELA XPA-/-
CGTTAATAGCCCTGTC-1,12.054542,12.592665,JM1
CGTTACAAGCTGGACT-1,15.939685,5.396435,143B
CGTTACCCACATGATA-1,8.3148985,6.036111,NALM6
CGTTACTTCACTCCTG-1,7.8454437,11.50795,RH30
CGTTACTTCAGGTCTA-1,17.116404,5.2712927,143B
CGTTATAGTGAGTGTA-1,10.311763,-8.158485,TK6 LIG4-/-
CGTTATAGTTAACCGT-1,11.77752,-1.0882599,ALLSIL
CGTTATAGTTCCTGTC-1,17.50557,5.3663254,143B
CGTTATAGTTGGAGAC-1,7.890733,11.32842,RH30
CGTTATGAGAATCAAG-1,1.541842,6.480252,PF382
CGTTATGAGCCTAAGC-1,12.284854,-0.9978284,ALLSIL
CGTTATGAGTAGTTCG-1,15.239121,7.879537,143B
CGTTCACCAACGGTAT-1,0.66915476,15.435954,TE617T
CGTTCACCAGCTCTCG-1,7.2621565,16.915842,SUPT11
CGTTCACCAGTAAGCT-1,17.226925,4.3937845,143B
CGTTCACCATCCGGTT-1,14.9565115,7.1713047,143B
CGTTCAGGTTGGAGAC-1,13.968372,4.121362,143B
CGTTCATTCACGTGCG-1,10.784227,0.24436589,ALLSIL
CGTTCATTCGAACCAC-1,11.295159,11.480861,JM1
CGTTCCATCGACCGCA-1,14.830405,7.5146093,143B
CGTTCCATCGCATCCC-1,-5.1411686,2.4988043,HAP1 MUTYH-/-
CGTTCCGCAAAGGTAG-1,-3.1146092,3.9089568,HAP1 MUTYH-/-
CGTTCCTGTGAGCATA-1,18.120861,5.57205,143B
CGTTCCTGTTAGGGAC-1,5.972368,15.119552,SUPT11
CGTTCGCTCAGCATTG-1,19.128359,6.225243,143B
CGTTCGCTCCTTCGCA-1,7.865363,-4.5789237,CHLA06ATRT
CGTTGAATCGTACCGG-1,19.333155,7.674111,143B
CGTTGAATCTATGTGG-1,15.7365465,5.8387375,143B
CGTTGCCTCGACTTGA-1,2.916537,-9.940361,U2OS OGG-/-
CGTTGCCTCGATAGTT-1,15.692269,6.2962027,143B
CGTTGGACAATCTCGC-1,8.5008745,4.992544,NALM6
CGTTGGACATAAGCGT-1,0.057276722,11.925879,DND41
CGTTGGACATCCTGCG-1,5.48195,5.5727425,PF382
CGTTGGGTCCGCTGAG-1,-3.0013072,-3.8388228,HELA XPA-/-
CGTTGTAAGCAAGGCA-1,18.028168,7.7294006,143B
CGTTGTAAGTAGGCTC-1,20.620255,6.446502,143B
CGTTGTCCACAGCCAA-1,-3.6456075,-3.086688,HELA XPA-/-
CGTTGTCCACCATCGT-1,8.133119,-2.8409595,CHLA06ATRT
CGTTTAAGTGATTACC-1,-4.880339,3.771427,HAP1 MUTYH-/-
CGTTTAAGTGGAGAGA-1,14.931251,6.4696016,143B
CGTTTCACAAATCGAC-1,8.235272,10.797223,RH30
CGTTTCACACAGGATT-1,16.742853,7.1968203,143B
CGTTTCACAGCCTAGA-1,6.961735,11.487433,RH30
CGTTTCACAGTTAAGC-1,11.721401,-0.30779675,ALLSIL
CGTTTCCGTGCAGGCA-1,-3.601779,-2.8654122,HELA XPA-/-
CGTTTCCGTGGCAGCA-1,2.4150412,15.071719,TE617T
CGTTTCCGTTAGTGTC-1,16.096481,7.3188553,143B
CGTTTCCGTTGGCATT-1,-1.9986937,-5.059739,HELA XPA-/-
CGTTTGAAGAACCTTG-1,3.9552157,1.1120313,JURKAT
CGTTTGAAGCCGCATG-1,14.442824,3.8590736,143B
CGTTTGAAGGTCATTG-1,3.6355655,8.239216,PF382
CGTTTGGGTCCATAGT-1,2.3842738,5.615982,PF382
CGTTTGGGTGGACACG-1,6.0374203,6.821462,PF382
CTAAACCGTCAGTTCG-1,9.703501,5.080068,NALM6
CTAAACCGTTCGCCAA-1,-2.358779,2.8665988,HAP1 MUTYH-/-
CTAAACCGTTTGAGGA-1,10.372666,-7.870192,TK6 LIG4-/-
CTAAACCGTTTGGCGC-1,10.097934,-11.362826,TK6 LIG4-/-
CTAAACTAGAAGCTCC-1,14.2364435,4.5798235,143B
CTAAACTAGCCTGATA-1,2.5105195,-8.648393,U2OS OGG-/-
CTAAACTAGCGCCTGA-1,-3.7301154,2.021133,HAP1 MUTYH-/-
CTAAAGCCAAGCCGTA-1,-5.0989046,3.1504533,HAP1 MUTYH-/-
CTAAAGCCAATTCACT-1,17.282,6.4903164,143B
CTAAAGCCATGCGTAG-1,14.107492,14.853596,JM1
CTAAAGGGTATAGCGA-1,-0.34650493,12.306208,DND41
CTAAAGGGTCATTGCG-1,16.359745,-5.806841,C8166
CTAAATGCAATAGGTC-1,17.208767,4.304792,143B
CTAACATAGGTCATCA-1,15.437829,-7.503055,C8166
CTAACCAAGCTACTGA-1,7.701649,11.220398,RH30
CTAACCAAGGTACATT-1,11.958346,11.420824,JM1
CTAACCTTCAGGGCTT-1,11.010866,-8.659012,TK6 LIG4-/-
CTAACGATCATCAGTG-1,9.880622,4.066389,NALM6
CTAACGATCCCCATTG-1,-2.2765605,4.5663757,HAP1 MUTYH-/-
CTAACGATCTGTGCGG-1,-4.812826,2.4548714,HAP1 MUTYH-/-
CTAACGATCTTGACGA-1,6.701219,10.879583,RH30
CTAAGCATCGTTCCGC-1,6.7541823,-2.7082915,CHLA06ATRT
CTAAGCATCTATCTCA-1,-2.131902,3.0896797,HAP1 MUTYH-/-
CTAAGCCAGCTGGACT-1,11.716834,-8.584198,TK6 LIG4-/-
CTAAGCCAGGCGCTTG-1,10.184284,-12.085765,TK6 LIG4-/-
CTAAGGCTCACAGACC-1,2.0882983,8.803335,PF382
CTAAGGTCATTCCTAG-1,7.9939218,15.146439,SUPT11
CTAATCCTCCCAATCT-1,1.9429444,14.822027,TE617T
CTAATCTCACCTCGAT-1,15.644521,-4.087602,C8166
CTAATGGTCCAGCATA-1,14.85754,4.9022784,143B
CTAATGGTCCGGGTAT-1,15.151029,7.556697,143B
CTAATTGGTGGGTAAC-1,5.23749,7.2857227,PF382
CTAATTGGTTTGAGTC-1,2.6025782,6.844363,PF382
CTACAATAGAAGGGTT-1,3.3065069,8.330508,PF382
CTACAATAGCGCCTCT-1,2.7579064,-9.6816635,U2OS OGG-/-
CTACAATAGCTGGAGA-1,8.37004,-3.256312,CHLA06ATRT
CTACAATAGTAGAGAC-1,-3.061379,-3.254446,HELA XPA-/-
CTACAATAGTGATCTG-1,6.977063,-3.9775805,CHLA06ATRT
CTACACCCAAGTTCGG-1,14.850571,4.2050786,143B
CTACACCCACAATGGT-1,12.674619,14.34892,JM1
CTACACCCAGCCATCT-1,15.670838,-4.4847198,C8166
CTACAGGCAACGTGGC-1,12.256333,-5.453566,C8166
CTACATAGTAAGTCGA-1,10.353072,-10.611457,TK6 LIG4-/-
CTACATAGTGAGTAAT-1,21.327415,-0.29193142,SAOS2
CTACATAGTGCAACTT-1,14.339658,6.651719,143B
CTACATGAGGGGTACA-1,16.36468,4.088004,143B
CTACATGAGTAAGGGT-1,1.2231165,8.984601,PF382
CTACATTCACATACTT-1,2.3168793,15.59228,TE617T
CTACATTCAGGGCAGA-1,-3.8080285,-2.92053,HELA XPA-/-
CTACCAAAGGCTAGAG-1,12.20211,12.682435,JM1
CTACCCGCAAGCTGGC-1,4.9302473,5.5827274,PF382
CTACCCGCAATTACAG-1,-3.661858,0.8477031,HAP1 MUTYH-/-
CTACCCGCACCTACTA-1,3.5987153,6.448866,PF382
CTACCCGCATGGTAAC-1,18.398867,8.507056,143B
CTACCCTGTCATCCCT-1,8.602319,3.2059374,NALM6
CTACCCTGTTCCCTGT-1,15.323293,4.64471,143B
CTACCGCTCACTTGGA-1,15.77757,4.0085,143B
CTACCGCTCCTGAGCG-1,14.901502,-5.2686915,C8166
CTACCGCTCCTTAGCT-1,1.7824597,9.080951,PF382
CTACGAATCACGGCTG-1,17.317871,6.329626,143B
CTACGAATCATCACAG-1,3.0247936,6.7953954,PF382
CTACGAATCCTGTCTG-1,1.262475,7.9444966,PF382
CTACGATGTGCAGGTG-1,2.1113906,9.310535,PF382
CTACGATGTTCCTGAG-1,-2.9993458,5.450824,HAP1 MUTYH-/-
CTACGATGTTTCGGCA-1,17.206282,6.8186502,143B
CTACGCCTCCATCGCC-1,3.6884851,7.9181204,PF382
CTACGCCTCCGCGCTT-1,3.2256548,1.8273417,JURKAT
CTACGCCTCCTGAAGC-1,12.439657,12.400868,JM1
CTACGGACATTGCACC-1,-3.137405,2.2227554,HAP1 MUTYH-/-
CTACGGGTCCAATGCA-1,-2.3557947,4.382235,HAP1 MUTYH-/-
CTACGGGTCGATCAAT-1,-1.8040353,-2.9490843,HELA XPA-/-
CTACGGGTCTTGAGGC-1,14.325793,14.457066,JM1
CTACGTAAGATTCCAG-1,2.471049,-9.415057,U2OS OGG-/-
CTACGTAAGGTTGGTC-1,14.497668,14.525606,JM1
CTACGTTTCGCGCGTA-1,15.597392,-4.377128,C8166
CTACGTTTCTAATCGG-1,3.7430425,5.680915,PF382
CTACTCACAATTCGCC-1,3.060874,-9.847248,U2OS OGG-/-
CTACTCCGTAGTGCCC-1,1.9109194,-8.890862,U2OS OGG-/-
CTACTCCGTCAGCCGT-1,13.632629,12.313737,JM1
CTACTCCGTTCCCTTA-1,10.727117,-8.959336,TK6 LIG4-/-
CTACTGTTCAAGTAGA-1,15.2894335,-4.209536,C8166
CTACTGTTCAATGGCC-1,17.111673,8.38673,143B
CTACTTATCCAATTCC-1,7.9001455,15.256924,SUPT11
CTACTTATCCTGACGG-1,-3.3131435,14.614397,KHM1B
CTACTTATCGCGAATC-1,17.053732,5.708772,143B
CTACTTGCATCGCTCG-1,9.167987,5.1167355,NALM6
CTAGAACCAATCATAG-1,4.475587,-0.009438971,JURKAT
CTAGAACCATAGACAC-1,6.6028996,-3.2769814,CHLA06ATRT
CTAGAACCATCGTTGC-1,3.649578,1.5135915,JURKAT
CTAGAAGGTAGGTAGC-1,14.870456,-3.8283749,C8166
CTAGATTAGGCACTCG-1,15.558797,-6.2547827,C8166
CTAGCATGTAGCTATC-1,7.6896334,15.591793,SUPT11
CTAGCATGTTGGATTC-1,-3.2694788,2.7093189,HAP1 MUTYH-/-
CTAGCATGTTGTCACG-1,-4.3735976,3.0797794,HAP1 MUTYH-/-
CTAGCCAGTTGCTCAG-1,1.6397216,5.2536826,PF382
CTAGCCTCAAGTGCCA-1,9.164383,-10.730798,TK6 LIG4-/-
CTAGCCTCATTACTCG-1,14.44656,6.2296515,143B
CTAGCGCGTGGCTTCA-1,15.726342,7.2368774,143B
CTAGCGCGTTAAGGAT-1,15.035747,5.979393,143B
CTAGCTGGTAGCAGAC-1,16.127907,4.841531,143B
CTAGCTGGTTGGACCC-1,14.646103,14.227175,JM1
CTAGGTCAGCGGATTC-1,15.23208,6.6590147,143B
CTAGGTTGTTAACCGT-1,9.36403,3.849672,NALM6
CTAGGTTGTTAACGCT-1,6.751844,16.732595,SUPT11
CTAGGTTGTTATGGTC-1,2.8914633,6.4324536,PF382
CTAGTAACATGACCCT-1,-3.7050045,4.151677,HAP1 MUTYH-/-
CTAGTATAGGGGATAT-1,0.15665461,12.596955,DND41
CTAGTCAAGCCCTTCA-1,10.077269,-11.796451,TK6 LIG4-/-
CTAGTCAAGTGCAATT-1,8.763121,5.230108,NALM6
CTAGTTAGTATTGGCT-1,5.195893,1.1399686,JURKAT
CTAGTTAGTCATTCCC-1,8.947819,-9.457282,TK6 LIG4-/-
CTAGTTAGTGCGTAGG-1,16.3471,-4.2265015,C8166
CTAGTTGAGCCCTGAG-1,4.520485,-3.5541232,CHLA06ATRT
CTATAGGTCCCGTGAG-1,20.279999,-2.0692875,SAOS2
CTATAGTAGGATGACG-1,15.543498,-5.0494637,C8166
CTATATGGTTAATGGG-1,13.4775,13.186495,JM1
CTATATGGTTTACGGT-1,5.894168,6.4210052,PF382
CTATCAAGTGAAGTGC-1,8.086692,-3.3318598,CHLA06ATRT
CTATCAAGTGATCCTG-1,-2.8729954,3.1316245,HAP1 MUTYH-/-
CTATCGAAGCGAGACA-1,-3.944603,3.8253677,HAP1 MUTYH-/-
CTATCGAAGGCAATCC-1,-1.6994787,3.0413816,HAP1 MUTYH-/-
CTATCGCCAAGCGCAC-1,14.425949,7.6567893,143B
CTATCGCCACCTTGGT-1,7.408386,-3.044275,CHLA06ATRT
CTATCGCCAGGAATGA-1,2.895433,-10.30826,U2OS OGG-/-
CTATCGTTCCAGATAT-1,8.7347,5.1271043,NALM6
CTATCGTTCCGGTTAA-1,14.672562,13.208425,JM1
CTATCGTTCCGTTACT-1,14.95268,4.48689,143B
CTATCTATCATCGAGC-1,12.0637245,11.677155,JM1
CTATGCAAGGATGCGA-1,-3.0252774,2.1436362,HAP1 MUTYH-/-
CTATGCAAGGCATGTC-1,8.753994,5.579018,NALM6
CTATGCTTCCATCGAA-1,6.9925094,15.5606785,SUPT11
CTATGCTTCGACTGCG-1,-3.598778,-2.4662635,HELA XPA-/-
CTATGGATCCCAGTCC-1,5.331373,0.7319618,JURKAT
CTATGGATCCGCAACG-1,-2.0330696,3.9024465,HAP1 MUTYH-/-
CTATGGGCAATCCATT-1,-1.8173817,-2.9186132,HELA XPA-/-
CTATGGGCACATGACG-1,14.711499,4.115548,143B
CTATGGGCATTAGCTT-1,-2.4955144,-3.5402393,HELA XPA-/-
CTATGTTCAAATCGCG-1,-2.8391192,4.930149,HAP1 MUTYH-/-
CTATGTTCATCCAGAG-1,2.6214223,1.079741,JURKAT
CTATGTTCATTCATAC-1,17.139284,8.20223,143B
CTATTCATCAGCTCAA-1,21.654745,-0.048060063,SAOS2
CTATTCATCTAGCGCG-1,-2.151015,-4.8920603,HELA XPA-/-
CTATTGAGTCTTACCC-1,6.575725,16.558481,SUPT11
CTATTGCTCCTCTATA-1,-1.3705101,-3.0492527,HELA XPA-/-
CTATTGCTCGAGTGTC-1,11.755961,11.983012,JM1
CTATTGCTCGATACTG-1,-3.6463695,3.3288178,HAP1 MUTYH-/-
CTCAAAGTCCGTATAG-1,19.295815,-1.7067517,SAOS2
CTCAAAGTCTGTCTAC-1,8.062958,-3.418389,CHLA06ATRT
CTCAACGGTAATGTCC-1,-3.9251332,0.9332999,HAP1 MUTYH-/-
CTCAACGGTGAGATCA-1,1.2092898,15.798739,TE617T
CTCAACTTCCGTGATA-1,10.351095,-0.5979734,ALLSIL
CTCAACTTCGTGAATT-1,11.02192,-7.8233137,TK6 LIG4-/-
CTCAATAGTAGGTCGG-1,-3.3797712,-3.2948244,HELA XPA-/-
CTCAATAGTCCATCTC-1,5.5281644,6.7044497,PF382
CTCAATAGTTATCATG-1,6.832149,17.155107,SUPT11
CTCAATAGTTCCTGAG-1,8.47771,5.97264,NALM6
CTCAATTCAATGTAGC-1,0.79259515,6.0878673,PF382
CTCAATTCAGGCAAGG-1,20.878826,6.4304504,143B
CTCAATTCATCCCATA-1,2.894928,-7.4881473,U2OS OGG-/-
CTCACACCAACTGTAA-1,3.2685103,6.5873356,PF382
CTCACACCATCCGTAC-1,15.645431,-4.065295,C8166
CTCACATTCATCAGGC-1,-4.5413017,3.47312,HAP1 MUTYH-/-
CTCACATTCATCAGTG-1,4.5366707,-4.32732,CHLA06ATRT
CTCACCATCGTACCTT-1,16.300636,4.626291,143B
CTCACCTGTCATCCAG-1,10.351744,-0.79923326,ALLSIL
CTCACCTGTTGTCCAG-1,15.3068285,6.3329787,143B
CTCACCTGTTGTCTAA-1,14.664236,4.5851436,143B
CTCACGAGTTAAGGGC-1,-2.6683025,2.7780538,HAP1 MUTYH-/-
CTCACGAGTTCGTCCT-1,8.661706,3.816615,NALM6
CTCAGCTCACCACAGA-1,15.237466,5.1499257,143B
CTCAGCTCATCATATC-1,15.408517,-4.1800385,C8166
CTCAGGTAGCGATCCG-1,-5.199417,2.7458334,HAP1 MUTYH-/-
CTCAGGTAGGCGTATC-1,-2.1255755,3.9596124,HAP1 MUTYH-/-
CTCAGGTAGTCAGCCG-1,18.501343,7.930019,143B
CTCAGTAAGCGAGTGA-1,7.685337,15.637977,SUPT11
CTCAGTTTCTGTCATC-1,8.304565,-3.708144,CHLA06ATRT
CTCATAAGTAACCGAA-1,5.9133897,6.201436,PF382
CTCATAAGTATGTCCG-1,1.8797864,9.310919,PF382
CTCATAAGTTGGGCAG-1,18.294687,8.19996,143B
CTCATAGAGGCTCCTC-1,7.7818537,10.392657,RH30
CTCATCACAAGCGACC-1,-1.7299658,-4.697928,HELA XPA-/-
CTCATCACAAGTAAGG-1,11.038602,0.032092713,ALLSIL
CTCATCACACATTAGA-1,3.310221,-2.012903,CHLA06ATRT
CTCATCACACTCGGTT-1,4.4834595,-3.7586215,CHLA06ATRT
CTCATCACAGGGCAAG-1,2.7615635,6.8146257,PF382
CTCATCCGTTTCAGCG-1,15.919738,7.190671,143B
CTCATGGGTTAGCCCA-1,6.563701,15.860792,SUPT11
CTCATGTTCATGGTCA-1,9.863687,-11.411912,TK6 LIG4-/-
CTCATGTTCCAGATAT-1,15.359413,5.0458403,143B
CTCATTATCTAACCTC-1,2.926152,-7.5801377,U2OS OGG-/-
CTCATTCAGTTGGCTA-1,19.633198,-2.4029508,SAOS2
CTCATTGCAAGGGACG-1,15.588035,7.353,143B
CTCATTGCAAGTGGAA-1,4.3344073,5.6095133,PF382
CTCCAAGGTTATCTAG-1,11.264576,10.897472,JM1
CTCCAATTCCAGCAAC-1,8.301864,3.3629766,NALM6
CTCCAATTCCTGAATG-1,9.819617,-12.003672,TK6 LIG4-/-
CTCCAATTCCTTAGTC-1,14.973393,-3.5544662,C8166
CTCCAGCTCCAGCGCA-1,-2.6293972,4.846097,HAP1 MUTYH-/-
CTCCAGCTCGACTGGT-1,15.402909,-6.7264304,C8166
CTCCATTAGAAGGGTT-1,4.9563446,2.0470676,JURKAT
CTCCATTAGCAAGGTG-1,13.52785,7.2883224,143B
CTCCATTAGCGCCTGA-1,15.149034,5.880293,143B
CTCCCAATCCAGATGC-1,-6.921655,8.367503,EOL1
CTCCCAATCGACTGCG-1,14.159656,13.359101,JM1
CTCCCAATCGCTGAGT-1,-1.5585561,-3.2133775,HELA XPA-/-
CTCCCTAAGAAGCCAG-1,-3.6033707,1.3408397,HAP1 MUTYH-/-
CTCCCTAAGCAATCTG-1,-2.2561088,-2.5270612,HELA XPA-/-
CTCCCTAAGCATTGAT-1,-4.193864,3.6831725,HAP1 MUTYH-/-
CTCCCTAAGCCATCCC-1,9.608745,-10.198258,TK6 LIG4-/-
CTCCCTAAGCGAGCAA-1,-3.6625845,1.5397197,HAP1 MUTYH-/-
CTCCCTAAGGGGATCA-1,10.401594,0.6834851,ALLSIL
CTCCCTAAGGTCAATT-1,2.26089,-9.526578,U2OS OGG-/-
CTCCCTAAGGTCGTTA-1,8.9953375,-4.2018914,CHLA06ATRT
CTCCCTAAGTGACGGA-1,8.307666,10.676758,RH30
CTCCGTTGTTAGGTGA-1,-0.74839216,-2.2685468,HELA XPA-/-
CTCCTAGTCACAGCGT-1,-3.1829808,-3.1071076,HELA XPA-/-
CTCCTCAAGAACGGAT-1,15.25521,-4.6191316,C8166
CTCCTCAAGGATAGTA-1,15.300088,4.659184,143B
CTCCTCAAGTGAATCT-1,15.673509,-5.8906956,C8166
CTCCTTAGTATTGCTA-1,13.165724,12.642586,JM1
CTCCTTAGTTATCCGG-1,15.71354,6.3852468,143B
CTCCTTGAGGTATGGG-1,2.768765,-9.9735985,U2OS OGG-/-
CTCCTTGAGTAGGAAC-1,2.3592014,5.996197,PF382
CTCCTTGAGTCATGCA-1,3.1153069,6.8641667,PF382
CTCCTTGAGTGATCTG-1,-1.9955657,-2.0246627,HELA XPA-/-
CTCGAACAGAACCTTG-1,21.04981,-0.8561713,SAOS2
CTCGACTCAGCCTAAG-1,8.697889,-4.7207375,CHLA06ATRT
CTCGACTCAGGATAGA-1,17.55255,6.162452,143B
CTCGATCCAAATGACC-1,8.251895,6.0339675,NALM6
CTCGATCCAGGATCTG-1,15.527974,-4.1017203,C8166
CTCGATCCATCCATCA-1,14.367386,3.352962,143B
CTCGATTTCCAATGCA-1,1.1087298,15.623214,TE617T
CTCGCCACAATGCCCT-1,7.1262693,15.644396,SUPT11
CTCGCCACACTCGGAA-1,2.8936474,-2.3259807,CHLA06ATRT
CTCGCCACAGCCTAGA-1,8.365248,-4.2078676,CHLA06ATRT
CTCGCGAAGCATAGCC-1,17.236732,7.3147416,143B
CTCGCGAAGTTACACG-1,11.852295,-1.3911283,ALLSIL
CTCGCTATCAAGTGAA-1,12.626755,-4.749518,C8166
CTCGCTGCAATCCTGC-1,18.929314,5.9849463,143B
CTCGCTGCACAAGCAT-1,-4.1304665,3.3982997,HAP1 MUTYH-/-
CTCGCTGCACTTGGTC-1,14.4791565,14.452043,JM1
CTCGCTTGTGCAGCGA-1,14.57104,13.188296,JM1
CTCGCTTGTTTGGCAT-1,-3.8437123,4.6755366,HAP1 MUTYH-/-
CTCGGATAGCCAGGTT-1,8.088054,6.413392,NALM6
CTCGGCAAGTCATGCA-1,3.8677263,-8.467442,U2OS OGG-/-
CTCGGTTCAGGGCCAT-1,15.621641,-3.9642713,C8166
CTCGTAAAGTGAGCCT-1,12.893694,7.3057137,143B
CTCGTAGGTTATATCG-1,-2.9071,4.921691,HAP1 MUTYH-/-
CTCGTAGGTTGGTTCG-1,14.963815,7.0986147,143B
CTCGTCTGTAAGGTCA-1,1.932836,15.312586,TE617T
CTCGTCTGTAATGTGG-1,14.476284,14.454627,JM1
CTCGTGAGTGATCCAT-1,20.870947,-2.225006,SAOS2
CTCGTGAGTTAGACAG-1,9.754877,-9.64346,TK6 LIG4-/-
CTCGTTGTCAGTTGCA-1,11.199173,-9.431047,TK6 LIG4-/-
CTCGTTGTCCATGCTT-1,3.360422,0.65443027,JURKAT
CTCGTTGTCTATGGAT-1,-1.9289988,-2.7717233,HELA XPA-/-
CTCTAATCAAATGCAC-1,8.916265,-4.581074,CHLA06ATRT
CTCTAATCAGCACTTC-1,-2.0968287,3.3943813,HAP1 MUTYH-/-
CTCTAGAAGCGCTGTG-1,-2.9943607,-3.970653,HELA XPA-/-
CTCTAGAAGCTACAGC-1,11.62262,0.02728478,ALLSIL
CTCTAGAAGGTACCAC-1,2.832197,7.240353,PF382
CTCTAGAAGTGCTCGG-1,-3.3272572,1.5728811,HAP1 MUTYH-/-
CTCTAGCCAACCTGGA-1,14.979108,5.6578903,143B
CTCTAGCCAACTGTGG-1,12.945435,-5.063421,C8166
CTCTAGCCACTAATTC-1,15.687276,-5.611928,C8166
CTCTAGCCAGGTTCCT-1,17.143381,4.0234675,143B
CTCTATATCCATTGAG-1,14.71603,5.493873,143B
CTCTCAACAAGTTCCC-1,19.714993,7.222457,143B
CTCTCGATCGTGCCCT-1,13.868563,7.3717923,143B
CTCTGACCACAAGGCC-1,3.0457184,1.273368,JURKAT
CTCTGATTCAATGTCG-1,14.9091215,-5.420837,C8166
CTCTGATTCCCTGACC-1,0.9588622,5.966468,PF382
CTCTGATTCCGCTGTC-1,19.069393,7.758201,143B
CTCTGATTCCTGATGA-1,2.1966834,14.934144,TE617T
CTCTGATTCGCTGATA-1,6.079909,17.00588,SUPT11
CTCTGATTCTGGGCTG-1,2.9917474,6.3344984,PF382
CTCTGCATCACCATGA-1,2.9469128,6.582224,PF382
CTCTGCATCAGTACGC-1,1.4678032,5.218597,PF382
CTCTGGTCAACCTTCA-1,11.059669,0.18040875,ALLSIL
CTCTGGTCAAGCCAGC-1,1.7267865,11.603424,DND41
CTCTGGTCACCAACTC-1,13.408708,12.998769,JM1
CTCTGGTCAGGAATGA-1,-3.457947,-2.7571046,HELA XPA-/-
CTCTGTTAGGGGCTAA-1,18.119184,7.851114,143B
CTCTGTTAGGTGCTCG-1,1.8345753,8.726053,PF382
CTCTTAATCGTGATTG-1,12.329205,12.041986,JM1
CTCTTCTCATCACAGG-1,6.898155,-2.549245,CHLA06ATRT
CTCTTGGTCATCATCC-1,14.521528,7.5644097,143B
CTCTTGGTCCCCATAT-1,0.85152024,6.592885,PF382
CTCTTGGTCCCGCATC-1,-3.0397668,-3.1211333,HELA XPA-/-
CTGAAAGGTATGGTGA-1,11.651223,12.266259,JM1
CTGAAAGGTTGGATGA-1,8.334732,-2.821108,CHLA06ATRT
CTGAAAGGTTGTGCCA-1,21.044449,-1.940128,SAOS2
CTGAACATCAATCCGA-1,-2.0021784,-3.4813762,HELA XPA-/-
CTGAATGTCACTCGAA-1,11.920605,-1.3545765,ALLSIL
CTGAATGTCAGTTACG-1,1.0677329,15.92513,TE617T
CTGAATGTCCCGCGAA-1,7.1461735,-2.9365697,CHLA06ATRT
CTGAATGTCCTCATGT-1,5.4459276,5.62239,PF382
CTGAATGTCGTACCAA-1,1.0149662,8.171927,PF382
CTGAATGTCTGTCTAC-1,19.30553,5.3961854,143B
CTGAATTAGGATAGAC-1,8.169252,-2.8147647,CHLA06ATRT
CTGACAATCCGGTAAC-1,6.1497946,16.720074,SUPT11
CTGACAATCGACCGCA-1,6.74849,17.089163,SUPT11
CTGACAATCGCGTTCC-1,3.2334275,-9.955403,U2OS OGG-/-
CTGACCCTCAAGTGAA-1,18.08618,5.5954614,143B
CTGACCTCAACCGGAC-1,15.639869,6.7960167,143B
CTGACCTCACATTGCC-1,-2.5321538,-2.3792272,HELA XPA-/-
CTGACCTCATAATCCT-1,11.45547,11.003924,JM1
CTGACCTCATCACAGG-1,-2.7933016,-2.814327,HELA XPA-/-
CTGACCTCATTCAGCC-1,13.893165,-5.5439897,C8166
CTGACGTAGCGCAACT-1,14.630481,6.9775887,143B
CTGACGTAGCTGGTAC-1,11.488052,-8.587776,TK6 LIG4-/-
CTGATAGTCAGCTCAA-1,10.41618,-8.135769,TK6 LIG4-/-
CTGATAGTCGTGCTAA-1,12.608821,-4.6234894,C8166
CTGATATAGCGAGTCT-1,12.9103775,7.067425,143B
CTGATATAGGATCACC-1,14.895158,5.5118995,143B
CTGATCAAGATAGGCG-1,18.757082,8.035822,143B
CTGATTAGTGGACACG-1,13.40577,-5.306334,C8166
CTGATTAGTTATGGTC-1,4.815498,2.054144,JURKAT
CTGATTAGTTTGGGTT-1,7.908572,3.5492613,NALM6
CTGATTGAGATAGGTA-1,14.697861,5.175423,143B
CTGATTGAGCAGGGTA-1,11.281624,-0.9698689,ALLSIL
CTGATTGAGCGGGTAA-1,0.3718574,11.780712,DND41
CTGATTGAGCTAGAGG-1,20.451956,-1.9017338,SAOS2
CTGATTGAGGATATAG-1,7.3222294,9.875402,RH30
CTGATTGAGTGCAACC-1,12.748195,0.1250079,ALLSIL
CTGATTTCAAGTTCAA-1,14.432691,13.194424,JM1
CTGCAAATCCATGCGG-1,8.208797,10.39303,RH30
CTGCAACAGCGCCAAT-1,15.550222,-7.1408896,C8166
CTGCAACAGCTAATCG-1,18.96326,5.586967,143B
CTGCAACAGTGGGTCT-1,-5.146625,3.195101,HAP1 MUTYH-/-
CTGCAATGTAATGTGG-1,9.05564,5.0432024,NALM6
CTGCAATGTCATCCTC-1,6.17858,17.13103,SUPT11
CTGCACCTCCATTGCT-1,3.4981792,1.9143116,JURKAT
CTGCACCTCTAAGCCA-1,8.063079,11.293046,RH30
CTGCATCCAAATGCAC-1,15.986843,4.4222803,143B
CTGCATCCATTACGAA-1,15.61158,6.876822,143B
CTGCATGGTGATGGCG-1,20.244036,-2.1417613,SAOS2
CTGCATTTCACCAAGC-1,14.548029,4.69474,143B
CTGCCATCATCGCTTA-1,3.7083688,1.2535945,JURKAT
CTGCCATCATTAGTGA-1,-0.7221957,-2.3059597,HELA XPA-/-
CTGCCATCATTCCTCT-1,-5.4775467,3.5289423,HAP1 MUTYH-/-
CTGCCTATCCGGTAGT-1,-0.59107506,11.867881,DND41
CTGCCTATCGCATAGC-1,-2.3085213,-4.383821,HELA XPA-/-
CTGCCTGCAAGCGGAG-1,-0.6087964,12.381782,DND41
CTGCCTGCACTCAATT-1,12.768397,13.512334,JM1
CTGCCTGCATTAGTAG-1,5.2519155,1.094254,JURKAT
CTGCCTTGTAATGAGT-1,14.93034,-4.188782,C8166
CTGCCTTGTTCAAGCT-1,11.474802,-1.032655,ALLSIL
CTGCCTTGTTGGCCTA-1,1.4219215,5.212476,PF382
CTGCGATAGATAGGTA-1,-3.1326609,-2.8988564,HELA XPA-/-
CTGCGATAGGTGATGG-1,16.779306,4.3191924,143B
CTGCGATAGGTGCAAG-1,2.2215323,8.559861,PF382
CTGCGATAGTACCAAT-1,10.856886,0.6811907,ALLSIL
CTGCGCAAGCGCATTA-1,7.039542,16.662348,SUPT11
CTGCGCAAGGGTGATG-1,1.1626992,8.883886,PF382
CTGCGCAAGGTACGCT-1,15.698046,5.910825,143B
CTGCGGATCGACTTGA-1,8.466603,6.178861,NALM6
CTGCGTAGTAACGCTT-1,-3.731366,0.7454356,HAP1 MUTYH-/-
CTGCGTAGTTCCAGAT-1,4.053236,-4.469066,CHLA06ATRT
CTGCGTAGTTTCGGCA-1,4.5620737,-4.8803387,CHLA06ATRT
CTGCTAAAGCCATGCG-1,16.71413,6.3045573,143B
CTGCTAAAGGCAAGCA-1,6.713207,-2.5010307,CHLA06ATRT
CTGCTCGCAAGCACCA-1,9.601532,-10.66767,TK6 LIG4-/-
CTGCTCGCAATCGAGT-1,-1.617387,-2.7576022,HELA XPA-/-
CTGCTCGCAATCTGCC-1,4.6093426,-4.316066,CHLA06ATRT
CTGCTCGCACCATCTA-1,3.2214682,-7.962532,U2OS OGG-/-
CTGCTCGCATAAGCAC-1,18.587162,8.288524,143B
CTGCTCGCATCCGCTG-1,13.448848,12.201919,JM1
CTGCTCTGTGATCCCA-1,8.328995,16.285906,SUPT11
CTGCTGCTCATATAGC-1,7.210367,11.849523,RH30
CTGCTGCTCCCCAGAG-1,15.498278,-6.4501147,C8166
CTGCTGCTCGAATCCA-1,-3.5801218,-2.1480155,HELA XPA-/-
CTGCTGCTCTCATCCG-1,13.198929,-5.1594143,C8166
CTGCTTACAATAGGCT-1,6.2666297,15.559143,SUPT11
CTGCTTACATAGGCCA-1,11.536326,-9.06044,TK6 LIG4-/-
CTGGAAAGTTTCCATT-1,4.408689,-4.5890512,CHLA06ATRT
CTGGACTAGCTTACAG-1,11.543275,0.240353,ALLSIL
CTGGACTAGGATGCTC-1,-3.169949,-2.759669,HELA XPA-/-
CTGGACTAGGGTCCTG-1,18.892075,7.5820413,143B
CTGGCAACAATTCGTT-1,20.435503,-1.9609762,SAOS2
CTGGCAACATCCTGAC-1,14.769418,7.8572216,143B
CTGGCCAAGGAATTAG-1,10.083467,-12.187666,TK6 LIG4-/-
CTGGCCAAGGTGGAGC-1,9.51768,1.2250541,ALLSIL
CTGGCCAAGTTAGTCG-1,16.925264,5.6297836,143B
CTGGCTAGTGAGATCA-1,-5.455672,3.5849352,HAP1 MUTYH-/-
CTGGGCATCACCTCTG-1,-4.2306676,2.135274,HAP1 MUTYH-/-
CTGGGCATCGCTCATT-1,-2.5045965,3.7637606,HAP1 MUTYH-/-
CTGGGGTCAGGAACGG-1,14.704653,14.078458,JM1
CTGGGTTAGTCTAGGC-1,9.975069,-11.455632,TK6 LIG4-/-
CTGGTAATCCTCTCAG-1,14.336402,6.4832244,143B
CTGGTAATCGACCTGG-1,11.974601,-0.027544502,ALLSIL
CTGGTATGTTATCTAG-1,13.42222,-5.5958343,C8166
CTGGTATGTTCCTGCT-1,8.9309635,-3.989805,CHLA06ATRT
CTGGTCAGTAATTGCC-1,-5.499753,3.567963,HAP1 MUTYH-/-
CTGGTTAAGGCAAGGC-1,12.420646,7.0294776,143B
CTGGTTAAGGCTGTAC-1,8.618819,4.3335285,NALM6
CTGGTTGGTGGACTAA-1,6.435377,17.07572,SUPT11
CTGGTTGGTTAAGGTG-1,12.714134,12.745647,JM1
CTGTAAGTCAGCCTAA-1,15.914197,-5.4997025,C8166
CTGTAAGTCCTTGATC-1,14.814568,5.616396,143B
CTGTAATAGCGCTCCT-1,12.332328,-5.5063396,C8166
CTGTAATAGGGTAGCA-1,16.193125,7.7479014,143B
CTGTACCCACCTGCTG-1,5.101115,-3.3907254,CHLA06ATRT
CTGTACCCAGGATCAT-1,7.401181,17.019896,SUPT11
CTGTACGGTGAAGTCA-1,10.70417,-8.381475,TK6 LIG4-/-
CTGTACGGTTGCCCAA-1,17.261656,3.9650226,143B
CTGTACTTCACGCCGA-1,14.191813,14.549837,JM1
CTGTACTTCATACTGG-1,8.874888,-3.910538,CHLA06ATRT
CTGTACTTCCAATGAT-1,-2.3954241,2.5771105,HAP1 MUTYH-/-
CTGTACTTCCTGAGCG-1,6.400575,11.400491,RH30
CTGTACTTCTGGGCAT-1,16.966011,4.428146,143B
CTGTATAGTGAACGAC-1,7.6858335,15.08089,SUPT11
CTGTATAGTGCGCAGA-1,5.4824877,6.590914,PF382
CTGTCAAAGCCCTGAG-1,19.309744,7.2821336,143B
CTGTCAAAGGTACGAG-1,1.6480464,5.0212874,PF382
CTGTCAAAGGTGAGCA-1,17.32693,5.3497276,143B
CTGTCAAAGTAGGCTC-1,3.441421,-9.121835,U2OS OGG-/-
CTGTCACCAAGCTAGT-1,3.468081,-7.4456735,U2OS OGG-/-
CTGTCACCACTATACT-1,21.447603,-1.9460955,SAOS2
CTGTCACCATTGCGCT-1,7.1343665,-3.9002974,CHLA06ATRT
CTGTCATTCCATTGCT-1,14.40751,7.5518303,143B
CTGTCATTCCCCAGCT-1,3.4860651,-9.410749,U2OS OGG-/-
CTGTCATTCCCCATCA-1,13.477435,5.640664,143B
CTGTCATTCGTAGTCA-1,13.298398,14.310578,JM1
CTGTCCATCGATACTG-1,-3.7981384,0.61294174,HAP1 MUTYH-/-
CTGTCGCTCATCGTGA-1,2.9607892,7.078994,PF382
CTGTCGCTCCACCTCA-1,-2.1649363,-4.956415,HELA XPA-/-
CTGTCGCTCCATGAAT-1,5.765589,6.07411,PF382
CTGTCGCTCCCATTAC-1,4.756225,2.0775363,JURKAT
CTGTCGCTCGCTCACC-1,7.0213037,15.017614,SUPT11
CTGTGAATCGATCACA-1,-4.0680857,4.214492,HAP1 MUTYH-/-
CTGTGAATCTATCCGT-1,8.186278,6.3369265,NALM6
CTGTGAATCTTGATGG-1,2.3766427,5.2753553,PF382
CTGTGATGTTCGCTGA-1,4.5779033,-3.2064173,CHLA06ATRT
CTGTGCCTCACTAGGC-1,7.8749523,16.69877,SUPT11
CTGTGCCTCAGGTGAG-1,13.149427,12.828048,JM1
CTGTGCCTCCGTGTAA-1,8.63106,-10.217961,TK6 LIG4-/-
CTGTGCCTCGAAGGGC-1,2.8834684,6.586653,PF382
CTGTGGGTCACGGCCA-1,3.090442,8.041504,PF382
CTGTGGGTCATCTAGG-1,17.372152,7.5271583,143B
CTGTGGGTCCATCTAC-1,3.9899523,-4.1909003,CHLA06ATRT
CTGTGGGTCCTCGTGC-1,7.3535566,-3.0919237,CHLA06ATRT
CTGTGGGTCTCACAGA-1,11.013473,-1.3702637,ALLSIL
CTGTGGGTCTGGATCA-1,15.619761,4.80926,143B
CTGTGTCCACAATGAC-1,15.141783,5.28853,143B
CTGTTAAGTCAGTTCG-1,10.17191,-8.3006,TK6 LIG4-/-
CTGTTAAGTGAAGGCT-1,12.407196,-0.9050854,ALLSIL
CTGTTAGAGCTAGTCA-1,15.61261,7.379111,143B
CTGTTAGAGGTGGATG-1,-4.3788757,3.7906759,HAP1 MUTYH-/-
CTGTTGAAGGGTCTCG-1,9.115319,2.9482586,NALM6
CTGTTGGGTATGGTAG-1,-2.4367766,4.1226187,HAP1 MUTYH-/-
CTTAATCCAAACTTGA-1,15.987913,7.107103,143B
CTTAATCCAATCCATT-1,11.314213,0.1264897,ALLSIL
CTTAATCCACCAACGA-1,2.7923388,-2.474922,CHLA06ATRT
CTTAATGGTCAAGTGA-1,15.40195,7.897246,143B
CTTAATGGTCTCACAG-1,2.742736,5.9959836,PF382
CTTAATGGTTCACTAA-1,20.250664,-0.98927796,SAOS2
CTTACAAGTAGTAGTG-1,-0.41236266,12.592403,DND41
CTTACATCAACCCGTT-1,7.783315,15.804289,SUPT11
CTTACATCACTTCAGC-1,15.939116,7.474949,143B
CTTACATCAGGTTGCA-1,3.6266508,1.3807976,JURKAT
CTTACATCATAGAGAG-1,-3.2086127,-3.5939295,HELA XPA-/-
CTTACGAAGGTAGTGG-1,-3.1832154,-2.3761492,HELA XPA-/-
CTTACGAAGTGCCGTG-1,2.0428514,8.617808,PF382
CTTACGGGTAATCACC-1,-2.1500354,-2.524876,HELA XPA-/-
CTTACGGGTTATGAGG-1,17.648682,4.6729846,143B
CTTACGTTCTGGCATA-1,15.708341,8.110151,143B
CTTACTATCGCGCATG-1,-2.7187743,4.848393,HAP1 MUTYH-/-
CTTACTATCTGTAACG-1,15.752097,-4.355105,C8166
CTTACTTGTAGCGGTG-1,3.3289685,2.4519553,JURKAT
CTTACTTGTCTCCATC-1,14.718862,6.2489133,143B
CTTACTTGTGAACCGG-1,0.69340634,7.3496766,PF382
CTTACTTGTTCCTCGT-1,16.035135,-7.164653,C8166
CTTAGCAAGATACTAC-1,17.301819,5.040264,143B
CTTAGCTTCCGTGTGG-1,2.2285054,-9.707081,U2OS OGG-/-
CTTAGGATCACTAGCA-1,3.1523364,-10.030292,U2OS OGG-/-
CTTAGTAGTAAGTGTG-1,15.364061,-3.6397443,C8166
CTTAGTAGTCTAGCCA-1,14.543053,8.04275,143B
CTTAGTAGTCTGGGCT-1,-3.7658732,1.3823209,HAP1 MUTYH-/-
CTTAGTAGTGAAGCTA-1,1.962798,5.280053,PF382
CTTAGTAGTTAGTGTC-1,14.687578,6.9653816,143B
CTTAGTAGTTGGCGCT-1,14.895948,6.3846674,143B
CTTAGTGAGAACCTTG-1,10.115323,-11.801171,TK6 LIG4-/-
CTTAGTGAGGTCCAAC-1,7.106416,10.420469,RH30
CTTATAGGTTCGCGTA-1,10.185584,-0.9370647,ALLSIL
CTTATAGGTTGAATGG-1,-5.545137,3.7705107,HAP1 MUTYH-/-
CTTATCGCAGGCAGGA-1,9.362223,5.059926,NALM6
CTTATCGCATCCATGC-1,7.7793794,3.9181788,NALM6
CTTATCGCATCCTATG-1,-2.094467,-2.1636343,HELA XPA-/-
CTTATCTGTGATGCGG-1,12.922947,-4.876544,C8166
CTTATGAGTGAGAGTC-1,2.9354036,7.0895314,PF382
CTTATGAGTTGCCTTC-1,4.41497,-4.6539116,CHLA06ATRT
CTTATGCTCAGTGCGT-1,9.371092,3.9745376,NALM6
CTTATGCTCCAACCGG-1,2.5401466,4.917432,PF382
CTTATGGAGTAGACCC-1,6.370104,16.315292,SUPT11
CTTCAATCAACGGTGC-1,13.726441,-5.7934966,C8166
CTTCAGCCAAACCGAT-1,5.5839796,5.8145375,PF382
CTTCAGCCAAGCCACA-1,8.847642,5.6900926,NALM6
CTTCAGCCAATTGGAC-1,3.302528,4.760437,PF382
CTTCATATCACTCGCC-1,7.8027854,11.672122,RH30
CTTCATATCCATGACA-1,11.121192,-1.7480727,ALLSIL
CTTCATATCGTGATTG-1,-3.855551,3.66579,HAP1 MUTYH-/-
CTTCATCAGGAATCAA-1,2.323853,-8.803479,U2OS OGG-/-
CTTCATCAGTCAATGT-1,14.552683,4.0280695,143B
CTTCATCAGTGGCAAG-1,20.647224,6.309989,143B
CTTCGAGGTTATCCAA-1,7.438686,16.012367,SUPT11
CTTCGAGGTTTGGATC-1,-2.2399786,-4.450869,HELA XPA-/-
CTTCGATTCAGTTCGA-1,15.144999,-3.515429,C8166
CTTCGATTCCACCTTG-1,12.069324,12.673484,JM1
CTTCGATTCCGTGGCA-1,5.6183763,5.444355,PF382
CTTCGATTCGATGCTA-1,11.854626,13.1380005,JM1
CTTCGATTCGATGGCT-1,16.31807,5.878933,143B
CTTCGCATCATCGAAT-1,-2.8215873,-2.8265128,HELA XPA-/-
CTTCGCATCCACCTCA-1,1.816052,6.4921722,PF382
CTTCGCATCCTGCGTC-1,6.8631606,15.489076,SUPT11
CTTCGCGCAATCGTCC-1,3.2791414,6.814634,PF382
CTTCGCGCACTATGCC-1,17.501686,6.005161,143B
CTTCGGCTCGCATTGA-1,16.320381,-6.048242,C8166
CTTCGGCTCTGTGGAC-1,1.2346007,8.050037,PF382
CTTCGGTCAAATGCGT-1,-2.3912709,-3.8962142,HELA XPA-/-
CTTCGGTCAACTGGCA-1,2.336375,6.099506,PF382
CTTCGGTCAGCACTAG-1,6.1365237,7.057362,PF382
CTTCGTTAGATTAACC-1,19.366537,7.4799833,143B
CTTCTAATCCTCATGT-1,-3.3581834,4.6612363,HAP1 MUTYH-/-
CTTCTATGTAAGGTAT-1,-4.7199306,2.6212847,HAP1 MUTYH-/-
CTTCTATGTGACGAGT-1,5.0047135,7.429636,PF382
CTTCTCCTCATAGGTT-1,6.5280623,11.708938,RH30
CTTCTCCTCCTGCATT-1,14.647692,6.145147,143B
CTTCTCCTCTATGGAT-1,16.971485,5.8957763,143B
CTTCTGGTCCTGCTGC-1,16.694921,6.065936,143B
CTTGAACGTGAGTGAC-1,-3.9227839,14.155039,KHM1B
CTTGAATAGGCGCTTG-1,2.607807,-2.175867,CHLA06ATRT
CTTGAATAGGCGTAAG-1,-2.2778628,4.3962245,HAP1 MUTYH-/-
CTTGAATAGTTGCACA-1,8.146721,6.46756,NALM6
CTTGACTTCGATGGCT-1,14.370209,-5.0550632,C8166
CTTGAGGCAAGCCACA-1,12.297555,6.9850626,143B
CTTGAGGCAGCTATGG-1,12.866815,-5.0631747,C8166
CTTGATAGTTTACAGC-1,18.864079,5.735689,143B
CTTGATGAGATTCACG-1,8.7524185,-3.4179602,CHLA06ATRT
CTTGATGAGTACCATG-1,4.941278,7.0755134,PF382
CTTGCAAAGCCTATCT-1,11.451496,-8.758652,TK6 LIG4-/-
CTTGCAAAGGAGGCGT-1,12.046995,13.198589,JM1
CTTGCAAAGGTAGTCC-1,-2.6416438,-2.8112853,HELA XPA-/-
CTTGCACCAATCGAAC-1,1.2906115,8.6334915,PF382
CTTGCACCACTTAGCC-1,-3.5764842,-2.1052134,HELA XPA-/-
CTTGCACCATGGAGCC-1,8.527588,-4.822071,CHLA06ATRT
CTTGCAGGTTAAGTGG-1,3.182647,6.1073046,PF382
CTTGCATTCAGGAGAT-1,3.6531157,1.2964501,JURKAT
CTTGCATTCCGCCAGA-1,5.6271853,6.3025994,PF382
CTTGCATTCTAGTTCC-1,-3.3136265,2.1010144,HAP1 MUTYH-/-
CTTGCCATCACGCTCC-1,10.017913,-11.329625,TK6 LIG4-/-
CTTGCCATCCTCTAAC-1,7.603141,-4.5399837,CHLA06ATRT
CTTGCCTGTGAGTTAG-1,3.0938036,1.2845047,JURKAT
CTTGCGAGTTGAGGCG-1,5.755035,7.113985,PF382
CTTGCGGAGCATTGAT-1,-2.3178837,-3.066788,HELA XPA-/-
CTTGCGGAGGTACTGC-1,5.4380064,5.766035,PF382
CTTGCTTAGAACGGTG-1,9.526622,5.2589912,NALM6
CTTGGATGTGGACAGT-1,-1.8055996,3.7232342,HAP1 MUTYH-/-
CTTGGATGTTCCGTTC-1,1.4762664,8.3828125,PF382
CTTGGCCTCCGTCCTA-1,3.7255101,-9.634734,U2OS OGG-/-
CTTGGCCTCCTCGTGC-1,3.033183,-9.032302,U2OS OGG-/-
CTTGGCCTCGACCCAG-1,-3.1322696,-1.9257846,HELA XPA-/-
CTTGGCCTCGCTGGCA-1,-4.3366394,1.8649468,HAP1 MUTYH-/-
CTTGGCGAGGGCAGAC-1,13.105606,-5.4144783,C8166
CTTGGCTCAATATCTC-1,15.24914,-6.074491,C8166
CTTGGCTCATCGTTGC-1,7.7645087,5.177796,NALM6
CTTGGGACACCTTCCC-1,15.090873,6.399927,143B
CTTGGGCGTATGGTTC-1,2.5014367,-9.275396,U2OS OGG-/-
CTTGGGCGTTGTAGAG-1,14.799666,7.875142,143B
CTTGGGTAGATTAGAG-1,-1.020575,-3.1140573,HELA XPA-/-
CTTGGGTAGCTGGGTT-1,14.096403,6.767694,143B
CTTGGGTAGGGTCAAG-1,11.266966,-9.802395,TK6 LIG4-/-
CTTGGGTAGTAAGGGT-1,5.4617333,7.171936,PF382
CTTGTAAGTAAGCGCG-1,4.0550194,3.2819686,JURKAT
CTTGTAAGTAAGTCCT-1,9.117501,-10.664993,TK6 LIG4-/-
CTTGTGAAGCTACGGT-1,13.471851,7.5302567,143B
CTTGTGAAGCTATCGA-1,15.705566,-3.9310825,C8166
CTTGTGAAGGATATAG-1,-3.0392377,4.8639164,HAP1 MUTYH-/-
GCAAACCTCTGGCATA-1,20.390688,-1.7352976,SAOS2
GCAAAGGTCTAATCGG-1,16.557404,4.8636203,143B
GCAACATCATGAGCCA-1,8.275708,16.800983,SUPT11
GCAACCACACTCAATT-1,12.066749,11.487464,JM1
GCAACGGGTCCATAGT-1,15.516207,6.021608,143B
GCAACGGGTGCAACCC-1,13.558046,-5.8998685,C8166
GCAACGTTCCATCAGA-1,14.895936,-3.6674316,C8166
GCAACGTTCCTGTCGC-1,-3.8548136,2.533704,HAP1 MUTYH-/-
GCAACTATCCCCTTGA-1,-7.1893735,8.642576,EOL1
GCAAGCAAGGGCTCTG-1,-2.7915761,-4.686804,HELA XPA-/-
GCAAGCAAGTGAGCCT-1,1.6965995,12.520149,DND41
GCAAGCTTCAATTGCG-1,-1.6555353,3.8622625,HAP1 MUTYH-/-
GCAAGGATCACTTCGT-1,2.1076312,4.9467425,PF382
GCAAGGATCACTTGGA-1,15.391109,7.9438357,143B
GCAAGGATCGTGACCG-1,-2.9035013,2.523292,HAP1 MUTYH-/-
GCAAGTGAGCAGGTCT-1,7.7800665,-2.5910492,CHLA06ATRT
GCAAGTGAGCATCTCT-1,3.4956732,7.139615,PF382
GCAATAGGTTGGATGA-1,9.846251,-10.765064,TK6 LIG4-/-
GCAATCATCCTTGGTT-1,-0.36217716,-3.2530637,HELA XPA-/-
GCAATCGCATCCGTAC-1,5.397361,5.3923936,PF382
GCAATCTGTTAGGGAC-1,14.345946,14.567867,JM1
GCAATGAGTTCTGTCC-1,14.703968,7.266592,143B
GCAATTGTCCAGCCCT-1,3.5482001,-9.715972,U2OS OGG-/-
GCAATTTAGTAGGACG-1,8.46556,10.598491,RH30
GCACAATCACATGCTC-1,6.893589,16.437452,SUPT11
GCACAATCACCAACTC-1,19.210072,5.8329635,143B
GCACAATCACCATCGT-1,14.951556,7.768254,143B
GCACAATCACCTAACC-1,-3.4899087,3.1268303,HAP1 MUTYH-/-
GCACACTAGCTGGTAC-1,15.070248,4.8855596,143B
GCACACTAGTGATTAC-1,14.721872,7.935466,143B
GCACAGCCACTAAGGT-1,-3.150606,3.799577,HAP1 MUTYH-/-
GCACAGCCAGCTCAAG-1,-0.88946575,-2.722681,HELA XPA-/-
GCACCATAGAAGCACG-1,-2.676619,3.2258894,HAP1 MUTYH-/-
GCACCATAGAAGGATC-1,6.2137356,16.899466,SUPT11
GCACCATAGCGAGTAG-1,-3.4667826,-3.2870498,HELA XPA-/-
GCACCATAGGGTTAGG-1,3.1764834,5.8628583,PF382
GCACCATAGTGACGAG-1,15.148031,-3.62801,C8166
GCACCATAGTTAGTAC-1,18.379595,5.1232095,143B
GCACCGATCAGTTCCT-1,0.9265332,6.3986073,PF382
GCACCGATCCGGTGTG-1,6.564544,17.255907,SUPT11
GCACCGATCCTCTCTC-1,3.511781,8.035079,PF382
GCACCTAGTGGAGCAT-1,17.307869,7.600237,143B
GCACCTAGTTCGCATG-1,7.9372926,15.136868,SUPT11
GCACGAAAGGCACTGT-1,3.149937,6.707447,PF382
GCACGAAAGTTAGCTG-1,3.9195015,4.2086487,NALM6
GCACGAAAGTTGCTCT-1,13.999331,5.9758773,143B
GCACGAGGTAAGCTCT-1,2.0277915,6.277229,PF382
GCACGAGGTATGGATG-1,9.539804,5.3666143,NALM6
GCACGAGGTCATGTCG-1,4.309743,2.690205,JURKAT
GCACGGTCATGCGTTC-1,14.206547,13.37743,JM1
GCACGTTAGGGCCATT-1,14.4878435,-5.015184,C8166
GCACTAATCAGTAATC-1,3.405165,-9.783019,U2OS OGG-/-
GCACTAATCCGCGTAG-1,18.862305,8.152173,143B
GCACTAGCATAGGCGC-1,-1.8584726,-2.9040446,HELA XPA-/-
GCACTGACAATAGACC-1,-2.9680305,3.1725838,HAP1 MUTYH-/-
GCACTGACACCTTGGT-1,3.017231,-2.1953104,CHLA06ATRT
GCACTGACATGAGCAT-1,1.5595107,7.5245714,PF382
GCACTTGGTGAAGGAG-1,13.668483,-5.6938086,C8166
GCACTTGGTTGTCTGG-1,2.3152232,15.13967,TE617T
GCAGCCATCATCGAAT-1,-3.6285853,13.571613,KHM1B
GCAGCCATCCCATACT-1,1.4596156,16.977962,TE617T
GCAGCGAGTATTGGCT-1,19.928429,-0.9491732,SAOS2
GCAGCGAGTGGCTACC-1,14.223144,14.302533,JM1
GCAGGATGTCAACCTG-1,10.420695,-8.767164,TK6 LIG4-/-
GCAGGATGTTATCACA-1,3.373235,-3.6101568,CHLA06ATRT
GCAGGATGTTGTGCAT-1,12.219968,6.6232285,143B
GCAGGATGTTTACTTC-1,-2.3243358,4.218091,HAP1 MUTYH-/-
GCAGGCTCATCGACTC-1,18.977184,6.183767,143B
GCAGGGTAGGAACCAG-1,-1.7402703,3.5410645,HAP1 MUTYH-/-
GCAGTAAGTAGCTCGC-1,12.869088,12.925088,JM1
GCAGTAAGTCTGTCGA-1,-3.286638,-2.8589396,HELA XPA-/-
GCAGTAAGTCTTGAGT-1,15.11167,5.512271,143B
GCAGTAAGTTGTCTCC-1,17.278328,6.2738295,143B
GCAGTGAAGTGACCGT-1,9.0900345,3.1577218,NALM6
GCATAACCAAATGCCG-1,11.684292,11.104752,JM1
GCATAAGGTTCACTAA-1,3.6494906,2.9681258,JURKAT
GCATAAGGTTGCAGGG-1,-5.1602263,2.1434963,HAP1 MUTYH-/-
GCATAGCTCCGCGTAG-1,3.6544635,2.9356256,JURKAT
GCATAGCTCTGTCTGT-1,11.9921255,12.115546,JM1
GCATAGTCAGGATCGC-1,21.051102,0.19139688,SAOS2
GCATCAATCACCATTC-1,14.217342,3.4733183,143B
GCATCAATCGATCAGC-1,18.254097,6.05249,143B
GCATCACAGAAGCAAC-1,10.072591,-9.987054,TK6 LIG4-/-
GCATCAGCAACATGAC-1,15.092025,6.2478952,143B
GCATCAGCATAAGTGC-1,18.66566,8.080259,143B
GCATCCCTCACCTGCC-1,18.226858,8.44818,143B
GCATCCCTCATAGGCC-1,10.285051,-11.644997,TK6 LIG4-/-
GCATCCCTCATGCAAT-1,15.456371,5.8649926,143B
GCATCCCTCGTGACTA-1,12.615261,-4.651981,C8166
GCATCTAAGGTAGGGC-1,1.6048216,5.7077084,PF382
GCATGAGAGCGCTTAA-1,18.35483,5.6324635,143B
GCATGAGAGCTAGTGC-1,10.136083,-11.3900175,TK6 LIG4-/-
GCATGAGAGGATCATT-1,8.011033,16.682213,SUPT11
GCATGAGAGTCGAATT-1,10.588578,-8.010695,TK6 LIG4-/-
GCATGGTTCAATCACG-1,16.284782,6.4323077,143B
GCATGGTTCGTGATTG-1,10.132832,-8.499146,TK6 LIG4-/-
GCATGGTTCTGTGCGG-1,-3.0731766,2.2628968,HAP1 MUTYH-/-
GCATGTCAGCCAGATC-1,1.2089615,8.843282,PF382
GCATGTCAGCGAGACA-1,8.218302,-4.702628,CHLA06ATRT
GCATGTCAGGTACGAG-1,9.886036,4.91538,NALM6
GCATGTTGTTCCCTGT-1,14.033215,3.4990263,143B
GCATTAACACATGCCT-1,6.4857297,16.703215,SUPT11
GCATTAACAGGAAGCG-1,14.636671,13.487659,JM1
GCATTACGTCTTGGTG-1,3.1048288,6.8855443,PF382
GCATTACGTGCGGCTT-1,9.1718855,-10.545954,TK6 LIG4-/-
GCATTAGTCACCTGCC-1,18.829796,7.0325336,143B
GCATTAGTCAGCTACA-1,0.84620243,15.50014,TE617T
GCATTAGTCGTTACTC-1,14.235081,4.6864834,143B
GCATTATAGCATCGAC-1,18.65258,5.2105203,143B
GCATTATAGTGCCGTG-1,2.9068182,1.5097166,JURKAT
GCATTCAAGATAGATG-1,15.613637,-5.88271,C8166
GCATTCAAGCTAATGT-1,21.69795,-0.020041697,SAOS2
GCATTCAAGGCAACCT-1,7.3757434,16.348114,SUPT11
GCATTCAAGGTCGAGA-1,15.284036,6.4861774,143B
GCATTGATCAGCTGCG-1,7.3270645,16.665712,SUPT11
GCATTGATCGACCAAC-1,13.513113,13.275109,JM1
GCATTGATCGTCTATC-1,17.292244,5.0451035,143B
GCATTTAGTGAGTAAT-1,-3.1888306,-2.5139327,HELA XPA-/-
GCATTTAGTGATCCGC-1,17.919096,4.69864,143B
GCATTTAGTTAGGCTT-1,6.629777,17.310614,SUPT11
GCATTTGAGCCAACTA-1,12.056749,-5.6247106,C8166
GCATTTGAGCTACCAA-1,0.7356968,15.794861,TE617T
GCATTTGAGTAACCTG-1,1.2458898,7.914963,PF382
GCCAAATCAACGGTGC-1,-2.0068157,4.046743,HAP1 MUTYH-/-
GCCAACTAGAAGCTAA-1,5.4162526,5.9022465,PF382
GCCAACTAGGATGCCT-1,9.03435,-10.300361,TK6 LIG4-/-
GCCAAGCCAATCCAGG-1,-4.048492,2.2478611,HAP1 MUTYH-/-
GCCAATATCGTGCCCT-1,15.596103,-3.8900502,C8166
GCCAATGCAACTCGGA-1,18.212345,5.7776194,143B
GCCAATGCAGCTCTGT-1,17.72071,5.6926823,143B
GCCAATGCATCATCTG-1,-2.5249453,2.6094222,HAP1 MUTYH-/-
GCCAATGCATTACCAT-1,17.41888,5.370734,143B
GCCACAACACAGGGTC-1,17.336393,4.4740787,143B
GCCACAACAGTTGGAT-1,6.637294,17.11401,SUPT11
GCCACAACATAGGCGC-1,-2.1930254,3.0776415,HAP1 MUTYH-/-
GCCACAACATGGTCCT-1,15.653354,-5.828652,C8166
GCCACATAGAATCATC-1,14.565642,13.892531,JM1
GCCACATAGCGCAATC-1,15.61642,-7.8271146,C8166
GCCACATAGTCAAGCC-1,1.0349698,5.9349303,PF382
GCCACATAGTCGATCA-1,10.471241,-8.615699,TK6 LIG4-/-
GCCACTTCAACTGTGG-1,-2.770369,-3.1738534,HELA XPA-/-
GCCACTTCAACTTAGA-1,7.4832916,11.497005,RH30
GCCATAATCAGGTCCG-1,3.2785728,-8.412789,U2OS OGG-/-
GCCATAATCCCAGGCA-1,7.1444707,9.785939,RH30
GCCATAATCCTTAGCT-1,19.603493,7.240518,143B
GCCATAGCACCTCGTG-1,8.050517,16.8197,SUPT11
GCCATAGCAGCCATCT-1,7.985309,15.25671,SUPT11
GCCATATGTCAACTTA-1,-2.619211,2.1633906,HAP1 MUTYH-/-
GCCATATGTCAGGACG-1,18.530794,5.5824823,143B
GCCATATGTCATGAAG-1,7.004,17.046276,SUPT11
GCCATCAGTCAATGGA-1,8.310152,16.319345,SUPT11
GCCATCAGTTGCGAGG-1,7.997217,15.620793,SUPT11
GCCATCAGTTGCTTAA-1,7.6662607,4.0991735,NALM6
GCCATCCTCACGCTCC-1,15.650532,-5.408527,C8166
GCCATCCTCTAGCCGG-1,7.5540657,15.359577,SUPT11
GCCATCTCAACCTCGT-1,4.2528205,-4.387799,CHLA06ATRT
GCCATCTCATCCCTAA-1,2.8320892,7.00058,PF382
GCCATGGTCATACTCC-1,4.878474,-3.8452947,CHLA06ATRT
GCCATTCCAACTGGTG-1,13.809258,7.8197417,HELA XPA-/-
GCCATTCCAATGACAC-1,11.619199,-9.867008,TK6 LIG4-/-
GCCATTCCATAACGGT-1,17.743027,5.7840877,143B
GCCATTCCATTAGCAA-1,8.398918,-2.666319,CHLA06ATRT
GCCCAAGTCCGGTAGT-1,4.7432194,7.2203765,PF382
GCCCAATAGGTAGCGA-1,9.007451,5.44093,NALM6
GCCCATAGTAGCTTAC-1,-2.349388,4.399412,HAP1 MUTYH-/-
GCCCATAGTCATCGGC-1,4.874817,-4.926727,CHLA06ATRT
GCCCATAGTTCCTCAC-1,17.786812,4.6597514,143B
GCCCATTCAGGCTACA-1,15.195709,-3.5907073,C8166
GCCCATTCATGGCAGC-1,-2.8717484,-1.9693253,HELA XPA-/-
GCCCCAAAGCGAGCTT-1,15.633645,-5.958735,C8166
GCCCCATTCACCCTTG-1,12.156915,12.533156,JM1
GCCCCATTCATCAAGT-1,17.957891,8.377825,143B
GCCCCATTCATCTACC-1,15.546544,7.1571302,143B
GCCCCTTAGGCGCTCA-1,16.544336,4.2782173,143B
GCCCGTAAGCATCGAC-1,20.885616,-2.036059,SAOS2
GCCCTAAGTTTCCTGC-1,11.549979,11.596387,JM1
GCCCTAGAGGGCAGAC-1,1.9439539,15.681273,TE617T
GCCCTAGAGGGTGACA-1,5.7507963,15.130795,SUPT11
GCCCTAGAGTAAGTGA-1,18.563818,6.6820397,143B
GCCCTCACACAATGAC-1,18.854149,7.4745154,143B
GCCCTGAAGCAAGGGC-1,9.887945,-9.673349,TK6 LIG4-/-
GCCCTGAAGGATGGAT-1,20.127455,-2.069973,SAOS2
GCCCTGAAGGGTGAGC-1,3.2488225,2.6010003,JURKAT
GCCCTGAAGTGGCTGT-1,-3.1282878,2.0300925,HAP1 MUTYH-/-
GCCCTGTTCATCACGA-1,2.7876225,-9.902029,U2OS OGG-/-
GCCCTTGCACTTGGAG-1,16.078724,8.093374,143B
GCCCTTGCATAACCTT-1,16.589924,5.792928,143B
GCCCTTGCATCGGCTT-1,17.39451,5.7975936,143B
GCCGAACCACTTAACT-1,3.4190624,-10.317217,U2OS OGG-/-
GCCGAAGGTCTAATTG-1,17.294857,4.48633,143B
GCCGAAGGTCTGGCTA-1,5.670938,0.64787745,JURKAT
GCCGAAGGTGAGGCAT-1,10.649219,-9.205525,TK6 LIG4-/-
GCCGAGTCAAATCATG-1,-4.7024856,3.7124686,HAP1 MUTYH-/-
GCCGAGTCAATAGTGC-1,1.97524,9.008445,PF382
GCCGAGTCACCTTCGG-1,15.964546,4.8300886,143B
GCCGCTAAGCAGTTCA-1,14.806809,7.282997,143B
GCCGCTAAGGGTTGGA-1,-0.2079056,11.516895,DND41
GCCGCTAAGTCAGGCT-1,7.1702347,-2.456265,CHLA06ATRT
GCCGGTTGTATAGACG-1,2.34597,15.059929,TE617T
GCCGGTTGTGATAGGC-1,20.851059,6.32303,143B
GCCGTACGTTACTGCG-1,3.4104083,-8.007272,U2OS OGG-/-
GCCGTCAAGCAAGGGC-1,10.007694,4.182339,NALM6
GCCGTCAAGGCAATGG-1,13.864934,14.00082,JM1
GCCGTTAGTGAGTGTA-1,1.4998434,5.4698977,PF382
GCCGTTGAGGTTGATT-1,14.724408,7.3106008,143B
GCCTAAATCAGTTACG-1,-2.8474486,-2.94477,HELA XPA-/-
GCCTAAATCAGTTCGA-1,12.9758835,-5.0147996,C8166
GCCTAACAGGAGTAAC-1,3.605732,-9.764409,U2OS OGG-/-
GCCTAACAGTGATAGA-1,21.236584,-0.1798638,SAOS2
GCCTAATGTGAGCAAC-1,19.592178,7.207378,143B
GCCTACCTCACAGACC-1,8.059828,4.17732,NALM6
GCCTACCTCCAGATGC-1,-3.4745162,4.028996,HAP1 MUTYH-/-
GCCTACCTCGAATCCA-1,17.743238,5.404534,143B
GCCTACCTCTAAGCAT-1,-1.9376485,-2.3469076,HELA XPA-/-
GCCTACTCAACCTGTC-1,0.87985015,6.6249704,PF382
GCCTACTCAAGGGATA-1,8.021765,-4.581399,CHLA06ATRT
GCCTACTCACTAGCTC-1,-3.078201,2.6362054,HAP1 MUTYH-/-
GCCTATGGTATGGTCT-1,4.4699264,-4.2674127,CHLA06ATRT
GCCTATGGTATGTGGA-1,10.816966,-0.10150727,ALLSIL
GCCTATGGTCTGGGTC-1,4.424294,-2.9805257,CHLA06ATRT
GCCTATGGTCTTGAGT-1,21.835777,0.14914212,SAOS2
GCCTATGGTGAGCGTG-1,9.301558,4.287412,NALM6
GCCTCATCAGCTACCT-1,16.218508,-5.2063694,C8166
GCCTCCACAACCAAGT-1,-1.4508276,-2.0933201,HELA XPA-/-
GCCTCCACAATGCCTC-1,21.049105,6.3365464,143B
GCCTCCACACTAAGGT-1,19.595984,7.1748796,143B
GCCTCCACAGTTGGCA-1,11.901247,11.261654,JM1
GCCTGCTTCTCATGTC-1,2.7842407,4.808377,PF382
GCCTGGATCCCAGTCC-1,11.855981,11.427607,JM1
GCCTGGATCCGGTGTG-1,4.204235,6.782378,PF382
GCCTGGATCCTTAGCT-1,3.4518063,4.843385,PF382
GCCTGGATCGACATGC-1,16.09261,4.8352537,143B
GCCTGGATCTATCCAC-1,-2.7826686,-2.2946353,HELA XPA-/-
GCCTGTGAGCGCCTCT-1,8.466853,16.598804,SUPT11
GCCTGTGAGGTCATAT-1,1.3116176,5.735012,PF382
GCCTGTTCAAACCGAT-1,0.7545574,5.941135,PF382
GCCTTCATCAGGTTGC-1,14.759769,13.721108,JM1
GCCTTCATCGAATCTG-1,10.935424,-0.0419572,ALLSIL
GCCTTGCTCACTCCTG-1,20.057762,-1.6756368,SAOS2
GCCTTGCTCCTGCCAC-1,8.323841,-4.7425356,CHLA06ATRT
GCGAAAGTCGCTGACG-1,18.253345,7.548994,143B
GCGAATAGTCTGGGTC-1,20.261316,-1.1155255,SAOS2
GCGAATTCACAGCAGC-1,-0.133519,11.746305,DND41
GCGAATTCACTTGCTA-1,-1.6677904,-2.8073926,HELA XPA-/-
GCGACAGGTCAACGGG-1,-2.85648,-4.5071983,HELA XPA-/-
GCGACAGGTCATGGAA-1,10.164685,-0.7067956,ALLSIL
GCGACAGGTGAGATAT-1,9.050359,-3.3104217,CHLA06ATRT
GCGACAGGTGCGTGCT-1,17.654549,4.5422,143B
GCGACAGGTTTGAGGA-1,5.3662167,1.0898092,JURKAT
GCGACATTCACGTTGA-1,8.467923,-4.5861664,CHLA06ATRT
GCGACATTCCTGCTAT-1,13.117334,-4.9947195,C8166
GCGACATTCGCTAATG-1,2.3657553,5.5749626,PF382
GCGACTTAGGAGTCGA-1,-5.3633647,3.574597,HAP1 MUTYH-/-
GCGACTTAGGTAGATA-1,18.534208,7.1047535,143B
GCGAGGTAGCGAGTTC-1,1.6237092,16.790897,TE617T
GCGAGGTAGGGGTACA-1,4.3597126,2.8647978,JURKAT
GCGAGGTAGTCATCGA-1,15.374573,-7.407515,C8166
GCGAGTAAGATAGTTC-1,14.536571,4.368782,143B
GCGAGTTTCCGTTACT-1,18.054241,6.7764792,143B
GCGAGTTTCTGTGCAA-1,-1.6547576,-2.2190754,HELA XPA-/-
GCGATAAGTCAAGGGT-1,9.416406,-10.608849,TK6 LIG4-/-
GCGATAAGTCAGTCAT-1,17.905191,4.427817,143B
GCGATAAGTGCACCAC-1,19.551044,-2.525405,SAOS2
GCGATAAGTTAACCGT-1,5.4764256,5.3378005,PF382
GCGATAAGTTTGAGCT-1,15.264607,-6.496912,C8166
GCGATCCGTAAGCCAA-1,15.676801,-5.5690637,C8166
GCGATCCGTAAGTCAG-1,18.72525,5.796452,143B
GCGATCCGTCAACCAT-1,6.6346965,16.254107,SUPT11
GCGATCCGTTTCCTTG-1,12.474665,-5.4185224,C8166
GCGATCCGTTTGACAC-1,2.7077026,1.9216031,JURKAT
GCGATGTTCGAAGGGC-1,-0.685825,-2.9842315,HELA XPA-/-
GCGATGTTCGCTGACG-1,10.161219,-11.86177,TK6 LIG4-/-
GCGATTCAGAACGAGT-1,7.8708262,10.978275,RH30
GCGATTCAGCGAAGCA-1,17.144918,4.3805037,143B
GCGATTCAGCGCTCAG-1,16.139051,-5.507462,C8166
GCGATTCAGTAGCGAG-1,17.942642,6.6084743,143B
GCGCATTAGCATGCCG-1,7.1471443,9.689428,RH30
GCGCATTAGCCATCAA-1,7.0604506,16.84761,SUPT11
GCGCCAATCAATTGGT-1,4.2880635,0.7909237,JURKAT
GCGCCAATCGAACGAG-1,3.063912,2.4207132,JURKAT
GCGCCTAAGGTTACTG-1,2.1599722,-9.389765,U2OS OGG-/-
GCGCTAACAACATAGC-1,11.021483,-9.146242,TK6 LIG4-/-
GCGCTAACAGGCTCAA-1,-3.932057,0.7256937,HAP1 MUTYH-/-
GCGCTAACATAGATCA-1,14.568395,13.471305,JM1
GCGCTAGTCCATCAGA-1,-3.4800735,4.6216373,HAP1 MUTYH-/-
GCGCTAGTCCCCATCA-1,8.081708,3.947154,NALM6
GCGCTAGTCCCGCTAC-1,-2.0137007,-2.4074743,HELA XPA-/-
GCGCTCAAGGTCACGT-1,18.306377,5.463306,143B
GCGCTCAAGTGATGAA-1,-4.0027103,4.211689,HAP1 MUTYH-/-
GCGCTTAGTCAGCTTG-1,14.701701,4.805605,143B
GCGCTTAGTTCGCACA-1,7.576515,-3.353564,CHLA06ATRT
GCGCTTAGTTCGTGGC-1,2.3312366,4.94977,PF382
GCGCTTAGTTTACCTT-1,15.344173,8.051453,143B
GCGGACTCACCAGGAC-1,6.8846703,10.912157,RH30
GCGGACTCATAGATCA-1,17.168173,4.226039,143B
GCGGAGACAACTGTCC-1,2.2575495,5.310949,PF382
GCGGCTATCATGCGCG-1,5.462254,1.0239065,JURKAT
GCGGCTATCCCGTACC-1,7.7537713,-2.919843,CHLA06ATRT
GCGGCTATCCTCTAAC-1,14.9419985,-5.025518,C8166
GCGGCTATCGTTAGTG-1,9.769526,-9.623705,TK6 LIG4-/-
GCGGCTTGTAGTGATG-1,12.18011,-0.94075173,ALLSIL
GCGGCTTGTCAGGACG-1,9.809272,4.9338636,NALM6
GCGGCTTGTCAGTTAC-1,11.121641,-9.006868,TK6 LIG4-/-
GCGGCTTGTTGGAATG-1,15.715067,5.1147914,143B
GCGGGAACAACTGCGA-1,15.505573,-3.6836758,C8166
GCGGGAACACAATCGG-1,10.265935,-11.575961,TK6 LIG4-/-
GCGGGAACACGCCATT-1,4.3016677,4.1803083,JM1
GCGGGTAGTAAGTGAT-1,7.0258203,9.883351,RH30
GCGGGTAGTGGGTTAA-1,12.910646,0.11486973,ALLSIL
GCGGGTAGTTGCAGTT-1,-2.2885976,-2.9528759,HELA XPA-/-
GCGGGTAGTTGCGCTA-1,15.206669,5.091175,143B
GCGGGTTCAAATGACC-1,4.1554055,-2.5338168,CHLA06ATRT
GCGGGTTCACATGCAG-1,10.509968,-8.108104,TK6 LIG4-/-
GCGGTAAAGTAACCTG-1,-1.7369485,3.2605653,HAP1 MUTYH-/-
GCGGTAGGTGGCTGAG-1,4.6290092,5.5593963,PF382
GCGGTAGGTTCACCAG-1,8.84018,-9.557932,TK6 LIG4-/-
GCGGTAGGTTTGGACT-1,11.373985,-0.39256668,ALLSIL
GCGGTCATCCTCTAGT-1,0.91863275,12.816438,DND41
GCGGTCATCCTGAGAC-1,3.4495986,1.1274402,JURKAT
GCGGTGAGTATAGACG-1,-3.7065086,2.3203206,HAP1 MUTYH-/-
GCGGTGAGTCTAATCA-1,15.2267685,5.0620356,143B
GCGGTGAGTGAGGACT-1,2.975697,1.0108083,JURKAT
GCGGTGAGTGGAGAGA-1,-3.0460894,4.954583,HAP1 MUTYH-/-
GCGGTGAGTTCTGGTG-1,-2.9495368,3.1960235,HAP1 MUTYH-/-
GCGGTTACACATGCTC-1,15.236446,-5.594622,C8166
GCGGTTACACCATTGC-1,-3.6250188,3.8529282,HAP1 MUTYH-/-
GCGGTTACAGGTTAGT-1,8.614777,4.17742,NALM6
GCGGTTACATTCGTGC-1,15.07527,5.578373,143B
GCGGTTTAGCCCTTGC-1,14.661612,5.250879,143B
GCGGTTTAGCTTCCAT-1,11.247056,-1.8037084,ALLSIL
GCGTAAAGTAGCTATC-1,8.074374,4.150758,NALM6
GCGTAAAGTATGTGTC-1,17.900593,5.0515623,143B
GCGTAATCAATTGACA-1,6.539064,17.538256,SUPT11
GCGTAATCACCTAATT-1,11.11704,-1.2159389,ALLSIL
GCGTAATCAGCCAGGT-1,19.581926,-2.3233976,SAOS2
GCGTACCGTCTAACCG-1,6.068233,16.975412,SUPT11
GCGTACCGTTGGTCTG-1,16.54367,6.0668845,143B
GCGTATATCGCTGGAT-1,9.875261,-8.421719,TK6 LIG4-/-
GCGTATTGTAGTCATC-1,9.1277895,4.7934713,NALM6
GCGTATTGTGAGTTGA-1,-2.698759,4.647561,HAP1 MUTYH-/-
GCGTCCTTCACATACG-1,17.185125,5.0952916,143B
GCGTCCTTCGAGTGGA-1,10.003981,-9.715051,TK6 LIG4-/-
GCGTCCTTCGTACACA-1,2.0786605,5.1482754,PF382
GCGTGAAAGCATCGCG-1,15.097641,6.7386293,143B
GCGTGAAAGGATGACG-1,17.5223,6.5011897,143B
GCGTGAAAGGCACATC-1,7.590357,-2.8599703,CHLA06ATRT
GCGTGAAAGTAGACCC-1,16.246817,6.846815,143B
GCGTGAAAGTCATCCT-1,7.7560906,4.362915,NALM6
GCGTGAGGTCAACCAT-1,13.598399,-0.8144812,ALLSIL
GCGTGAGGTGCGAGAT-1,5.2936206,7.2250934,PF382
GCGTGAGGTTGGCATT-1,16.076878,7.1311707,143B
GCGTGCATCCTTGATC-1,15.048962,-4.350577,C8166
GCGTGCATCGCTCGCT-1,7.895513,-3.0451345,CHLA06ATRT
GCGTGTTAGAATCACT-1,8.270753,16.312859,SUPT11
GCGTTAATCCGTTGCC-1,7.4116983,17.283672,SUPT11
GCGTTAATCGACTTAG-1,-2.5523007,-3.0007486,HELA XPA-/-
GCGTTAGCAAGGTCTG-1,21.122429,-1.9716839,SAOS2
GCGTTAGCAAGTGCAT-1,4.729354,2.1811738,JURKAT
GCGTTAGCACAGGATT-1,12.967942,0.23462212,ALLSIL
GCGTTAGCACCACATC-1,16.881533,6.6267204,143B
GCGTTATGTAATCAGG-1,1.7791955,5.061107,PF382
GCGTTATGTCAATGCT-1,12.751457,7.2686357,143B
GCGTTATGTTTCCGCT-1,2.537196,-10.248404,U2OS OGG-/-
GCGTTCCTCGTTCGCC-1,-2.038497,3.268502,HAP1 MUTYH-/-
GCGTTCTCAAACCACG-1,-3.818414,0.73125386,HAP1 MUTYH-/-
GCGTTCTCAAGCGTGC-1,8.359268,6.1174397,NALM6
GCGTTTCCAGGTATCG-1,10.049712,-11.086577,TK6 LIG4-/-
GCGTTTGGTAGCAGAC-1,9.722109,-8.764264,TK6 LIG4-/-
GCGTTTGGTCATCAGT-1,-2.369713,-2.98558,HELA XPA-/-
GCGTTTGGTCATTGGT-1,2.9242618,-10.29201,U2OS OGG-/-
GCGTTTGGTGAAGGAG-1,2.607034,5.282727,PF382
GCGTTTGGTTAAGCAG-1,3.4661098,-8.925882,U2OS OGG-/-
GCTAAACCAGCTCTAC-1,12.725735,-1.0916661,ALLSIL
GCTAAACCATAGGTCG-1,16.018599,6.5306664,143B
GCTAAAGGTCATCCTC-1,0.7617555,8.215237,PF382
GCTAAAGGTCATTCCC-1,13.35561,-5.7140207,C8166
GCTAAAGGTGAGGTGT-1,10.005826,-11.338413,TK6 LIG4-/-
GCTAAAGGTTCGATTA-1,12.628314,-4.774294,C8166
GCTAAAGGTTGCGCGT-1,7.7846336,16.259743,SUPT11
GCTAAATTCACAGGCT-1,16.968054,6.1657653,143B
GCTAACATCAATCCTC-1,5.6018877,6.5902815,PF382
GCTAACATCGATCCGG-1,11.99867,13.399829,JM1
GCTAACATCGTTCGCC-1,13.157319,13.329864,JM1
GCTAAGTCACTAGCCT-1,-2.6381936,-1.8928798,HELA XPA-/-
GCTAATGTCCATATCC-1,13.3833065,12.638717,JM1
GCTACAGCAAACCAGT-1,7.6666713,17.005434,SUPT11
GCTACAGCAGTTGGAT-1,1.9703025,15.931103,TE617T
GCTACAGCATAATTGG-1,8.035386,10.36072,RH30
GCTACCCTCACCATTC-1,-2.0889013,-3.6335633,HELA XPA-/-
GCTACCCTCATATGGT-1,15.3211775,5.3778257,143B
GCTACCCTCGTAGTCA-1,20.20031,-1.0384116,SAOS2
GCTACCCTCTAACCGA-1,18.515274,5.49916,143B
GCTACTGGTAACTGCT-1,8.798073,3.0464773,NALM6
GCTACTGGTCCATTAA-1,14.106951,14.715193,JM1
GCTACTGGTTCGTTGG-1,15.473048,-3.3338387,C8166
GCTAGGCCAATCCTAT-1,8.807485,-10.266592,TK6 LIG4-/-
GCTAGGCCAGGTTACG-1,10.42464,0.40493348,ALLSIL
GCTAGGGGTCAAGGTA-1,-5.292146,2.9302301,HAP1 MUTYH-/-
GCTAGGGGTCTGGTTG-1,11.892813,12.563488,JM1
GCTAGGGGTTGAGGCG-1,12.699163,14.393925,JM1
GCTAGGTTCCATAGTG-1,2.3821995,15.292645,TE617T
GCTAGGTTCCATTAGG-1,4.317243,6.116348,PF382
GCTAGGTTCCCCAATT-1,7.0151925,11.310888,RH30
GCTAGGTTCGAGTCCG-1,8.752861,6.020578,NALM6
GCTAGTCAGTAAGGTA-1,10.780196,-11.4064,TK6 LIG4-/-
GCTAGTCAGTTAGTGT-1,2.233703,8.354845,PF382
GCTAGTTGTAAGTCGA-1,15.294705,6.0385027,143B
GCTAGTTGTCAATCGT-1,21.099525,-1.6994334,SAOS2
GCTAGTTGTCAATGCT-1,3.7948852,0.8580184,JURKAT
GCTAGTTGTGACGTGG-1,8.430113,3.1269467,NALM6
GCTATCCCACTAATTC-1,-3.1089191,-2.5279028,HELA XPA-/-
GCTATGATCATCAGCA-1,3.890783,2.1541755,JURKAT
GCTATTGAGATTAACC-1,14.337196,13.277343,JM1
GCTATTGAGCCCTGTC-1,12.013146,11.791414,JM1
GCTATTGAGCGGTAAG-1,10.741995,-8.462,TK6 LIG4-/-
GCTATTGAGTAGGAGT-1,13.233256,-5.271243,C8166
GCTATTGAGTTGGTAT-1,15.390779,3.6841056,143B
GCTCACCTCACCTGAA-1,7.806709,10.648053,RH30
GCTCACCTCACTGGGT-1,-4.15801,3.5416296,HAP1 MUTYH-/-
GCTCACCTCATCGTAG-1,-3.1456828,3.0446653,HAP1 MUTYH-/-
GCTCACCTCTCATTCA-1,-0.94322824,-3.1347613,HELA XPA-/-
GCTCAGGTCAGCATCA-1,3.8455324,0.58998334,JURKAT
GCTCAGGTCATAGGTT-1,13.614541,5.0839763,143B
GCTCAGGTCTATCGCT-1,7.0433545,14.842009,SUPT11
GCTCAGTAGGTGCAGA-1,13.601189,14.704838,JM1
GCTCAGTAGTGATCTG-1,15.565615,6.315187,143B
GCTCATAAGGCACGTT-1,3.2030523,5.697091,PF382
GCTCATAAGGGGATGC-1,-4.22819,3.2608287,HAP1 MUTYH-/-
GCTCATAAGTGGCTGT-1,20.128489,-2.1696846,SAOS2
GCTCATCCAACGTGAT-1,11.147775,10.841369,JM1
GCTCATCCACAGGACC-1,7.3434076,16.072489,SUPT11
GCTCATCCATAACTGA-1,7.813385,15.066655,SUPT11
GCTCCAAGTGGCGATG-1,-2.9895973,-2.7638822,HELA XPA-/-
GCTCCATCAATACTCT-1,-2.8533945,5.2253246,HAP1 MUTYH-/-
GCTCCATCACCTTGGT-1,15.807756,4.423748,143B
GCTCCATCAGGCTATG-1,3.3615656,-9.643373,U2OS OGG-/-
GCTCCGTTCCATTCGT-1,-2.4666243,3.7780058,HAP1 MUTYH-/-
GCTCCGTTCGAACGGA-1,2.1443002,8.646479,PF382
GCTCCTTGTTGGTCTG-1,17.804085,7.917566,143B
GCTCGATAGGCGCTTG-1,2.9236057,6.1941867,PF382
GCTCGATAGTAGGAGT-1,2.4836411,8.718694,PF382
GCTCGCTTCTGTCTGT-1,17.098263,5.726076,143B
GCTCGTAGTTGACTGT-1,18.39868,6.961194,143B
GCTCGTAGTTGTCAGT-1,-5.3337173,3.335609,HAP1 MUTYH-/-
GCTCGTTCAAATCCGG-1,5.3318515,0.8880574,JURKAT
GCTCGTTCACAAGCCA-1,8.244955,15.883349,SUPT11
GCTCTATTCATAGGTT-1,2.808243,-2.7235332,CHLA06ATRT
GCTCTATTCCGCATCC-1,4.3991528,2.3841414,JURKAT
GCTCTATTCCTTCCAG-1,6.4392414,16.583483,SUPT11
GCTCTATTCTGGCCCT-1,12.1323185,6.85053,143B
GCTCTCATCGAACCGT-1,16.147083,7.7242503,143B
GCTCTTGTCCCTGGAG-1,8.91862,5.0113983,NALM6
GCTCTTGTCGATGGCT-1,-2.6576815,-3.3943896,HELA XPA-/-
GCTCTTGTCTGGGACT-1,9.58705,-11.318163,TK6 LIG4-/-
GCTGAAAGTCAGCCTA-1,11.1983185,-9.501839,TK6 LIG4-/-
GCTGAAAGTGGCTAGG-1,3.7518587,-2.1788263,CHLA06ATRT
GCTGAAAGTTTGCCTC-1,1.6310402,12.6316185,DND41
GCTGACTAGCCAGCAT-1,8.755249,2.9708164,NALM6
GCTGACTAGCCAGGAA-1,-3.0161505,-2.7964468,HELA XPA-/-
GCTGACTAGCTTAGGC-1,8.705499,-3.3782609,CHLA06ATRT
GCTGACTAGGATCCCG-1,-3.846494,1.6026613,HAP1 MUTYH-/-
GCTGAGGGTCTTGCAG-1,3.686707,0.82930934,JURKAT
GCTGATGCAACTACCC-1,4.2908773,5.7937183,PF382
GCTGATTGTGAGGCCA-1,17.2485,4.927905,143B
GCTGATTGTTATGTGC-1,-3.1350598,-1.7250944,HELA XPA-/-
GCTGCCTTCATGCCAA-1,8.457458,-4.7555623,CHLA06ATRT
GCTGCCTTCGCGTGAT-1,-5.403172,2.7129488,HAP1 MUTYH-/-
GCTGCGATCATGCTTC-1,15.527166,3.9596562,143B
GCTGCGATCCCTTGCA-1,7.696028,4.3408685,NALM6
GCTGCGATCCGTCATT-1,20.196985,6.347291,143B
GCTGCTAGTGCGAGTG-1,-3.969994,3.8967128,HAP1 MUTYH-/-
GCTGGATTCAGTTGCA-1,9.07029,3.3384643,NALM6
GCTGGATTCATGGTCA-1,14.79347,-4.6432505,C8166
GCTGGATTCCTCACCA-1,3.0658522,-2.8249426,CHLA06ATRT
GCTGGATTCGAGTCCG-1,16.160414,5.4868503,143B
GCTGGGTCAACGTTCC-1,7.8796573,10.214025,RH30
GCTGGGTCACAGGCAC-1,1.1587704,5.6568136,PF382
GCTGGGTCACCAATCC-1,19.133856,7.604451,143B
GCTGGTTAGGTAAGTA-1,18.664715,7.04436,143B
GCTGGTTAGGTAGCGA-1,2.3115783,9.016944,PF382
GCTGTATGTCTCCATC-1,15.6105585,-4.267045,C8166
GCTGTATGTCTGGCAC-1,6.8456063,-4.193432,CHLA06ATRT
GCTGTTAAGGTAGCGA-1,15.271954,5.8174734,143B
GCTGTTGGTAGCTGAA-1,15.364359,-5.83167,C8166
GCTGTTGGTTCCGGTA-1,6.670897,15.659723,SUPT11
GCTGTTGGTTCCTGCT-1,6.5773516,16.808916,SUPT11
GCTTAACGTAGCTTAC-1,9.403606,4.568753,NALM6
GCTTAACGTTCGTGGC-1,13.577338,13.993836,JM1
GCTTAATAGTGACGAG-1,10.611519,-8.687191,TK6 LIG4-/-
GCTTACAAGCCATCGG-1,1.6698604,5.502183,PF382
GCTTACAAGGGGCAAC-1,2.0287066,5.7712727,PF382
GCTTACAAGTTGGCTA-1,2.1078057,15.608391,TE617T
GCTTACCCATCCTGAC-1,4.056096,0.8790484,JURKAT
GCTTACTTCAGCTGCG-1,1.5831728,7.259734,PF382
GCTTACTTCGATATAC-1,3.1354277,-2.0463417,CHLA06ATRT
GCTTACTTCTAGCCAA-1,15.248628,4.4307384,143B
GCTTACTTCTGGCCGA-1,19.94038,-1.0215437,SAOS2
GCTTATAGTAGGTCAA-1,7.8022084,14.942545,SUPT11
GCTTATAGTGAGAGTC-1,10.013099,4.285822,NALM6
GCTTATAGTGAGTGAC-1,-1.7376084,4.3533955,HAP1 MUTYH-/-
GCTTATAGTTCCTTGC-1,1.1157889,8.265408,PF382
GCTTATGAGCAAGCGA-1,3.051115,0.9462015,JURKAT
GCTTATGAGCGAGTGA-1,14.1188965,6.7937913,143B
GCTTCACCATGATCCC-1,3.4903955,6.6991124,PF382
GCTTCATTCCACCGGA-1,1.0031282,6.7428355,PF382
GCTTCATTCCGTGCTC-1,-1.4934559,3.5620441,HAP1 MUTYH-/-
GCTTCATTCCTGCTGC-1,1.7052958,15.831069,TE617T
GCTTCCATCCCATGCC-1,2.3303208,-9.531928,U2OS OGG-/-
GCTTCCATCGTCTCAT-1,1.2836709,-8.806932,U2OS OGG-/-
GCTTCCGCAATCCAGG-1,10.73834,-1.0150646,ALLSIL
GCTTCCGCACAACCAG-1,13.586628,12.2316475,JM1
GCTTCCGCAGCTCACT-1,7.3631153,15.718989,SUPT11
GCTTCCGCAGTTAGCG-1,2.0636966,-9.563702,U2OS OGG-/-
GCTTCCTGTAACTGCT-1,14.125049,3.5874066,143B
GCTTCCTGTGACTCCA-1,15.686165,5.144851,143B
GCTTCCTGTTAAGTCC-1,10.972991,0.33322334,ALLSIL
GCTTCGCTCAGGACTC-1,-2.6007807,-4.8582454,HELA XPA-/-
GCTTCGCTCCTCGTTG-1,3.7424173,4.435573,PF382
GCTTCGCTCGTGCTGG-1,1.015932,6.2250185,PF382
GCTTGAATCCGCGACA-1,20.599192,-1.7412213,SAOS2
GCTTGGGTCACTCCTG-1,15.03365,6.9619756,143B
GCTTGGGTCAGGTCTA-1,8.019383,6.441965,NALM6
GCTTGGGTCCACCGTC-1,1.8310949,9.438356,PF382
GCTTGTAAGAATCACT-1,17.165718,4.3557315,143B
GCTTGTAAGGATGAAC-1,3.2223034,8.4124975,PF382
GCTTGTAAGGTTGATT-1,8.692382,-4.78984,CHLA06ATRT
GCTTGTCCAACATCCC-1,2.7339942,-8.518274,U2OS OGG-/-
GCTTGTCCATGAGCAT-1,15.82776,6.520297,143B
GCTTGTCCATGAGCGC-1,15.088497,5.9955254,143B
GCTTTCACAACCAACG-1,9.86112,-11.540385,TK6 LIG4-/-
GCTTTCACAAGCCACA-1,-1.7053908,3.9152915,HAP1 MUTYH-/-
GCTTTCACAATGCCCT-1,6.311185,11.566814,RH30
GCTTTCACACCTCGCA-1,4.844649,1.8137586,JURKAT
GCTTTCACACCTTAGC-1,-1.4471267,-2.723916,HELA XPA-/-
GGAAACTAGAAGGTGT-1,1.2969452,5.8839645,PF382
GGAAACTAGTCGATAT-1,-3.05497,2.8033056,HAP1 MUTYH-/-
GGAAAGCCAAACCAAC-1,11.638452,11.919971,JM1
GGAAAGCCAAAGGAGC-1,1.552388,5.1677995,PF382
GGAAAGCCAATGCCCT-1,-2.7419722,-2.96321,HELA XPA-/-
GGAAAGCCAGGAAGCG-1,-4.1105375,3.9051418,HAP1 MUTYH-/-
GGAAAGCCAGGGCAAG-1,11.875471,12.330282,JM1
GGAAAGCCATTAGCCC-1,15.275095,5.5495543,143B
GGAAATGCAAGCTATA-1,3.5528343,8.238848,PF382
GGAAATTGTTGAGCGG-1,6.9173813,14.674564,SUPT11
GGAACATAGGATGTCC-1,11.325989,-8.781427,TK6 LIG4-/-
GGAACATAGGGTCAAG-1,7.8703055,4.179801,NALM6
GGAACATAGTAACCCA-1,-0.57873243,-2.3750367,HELA XPA-/-
GGAACCAAGAAGCTAA-1,2.2376506,5.1945753,PF382
GGAACCAAGCGGGAAC-1,9.981676,-8.3359375,TK6 LIG4-/-
GGAACCAAGTCGAACC-1,-1.4399012,-2.5329385,HELA XPA-/-
GGAACCAAGTGGGTCT-1,-4.731407,4.1601977,HAP1 MUTYH-/-
GGAACCTTCATGATCG-1,2.5837255,15.431371,TE617T
GGAACGATCAATGGAA-1,-2.9095182,3.2676656,HAP1 MUTYH-/-
GGAACGATCACTCACT-1,3.113862,0.8905731,JURKAT
GGAACTGAGATTCGCA-1,17.049923,4.165141,143B
GGAAGATTCACTGTCT-1,-5.2030606,3.6783168,HAP1 MUTYH-/-
GGAAGATTCCGCGGTA-1,0.19105724,11.605951,DND41
GGAAGCATCAGGACAG-1,13.784834,-4.235403,C8166
GGAAGCATCATGTCGA-1,18.462183,6.90181,143B
GGAAGCATCTCATCTA-1,3.5562718,0.79980606,JURKAT
GGAAGCCAGCCCGTAG-1,-2.4709227,2.9808664,HAP1 MUTYH-/-
GGAAGCCAGGTGGAAT-1,14.332405,8.153901,143B
GGAAGGCTCAGTATCG-1,2.8743446,-2.8277755,CHLA06ATRT
GGAAGGTCATTACGGG-1,7.5678535,15.313117,SUPT11
GGAAGTTAGCAAGGTG-1,10.750764,-11.2038145,TK6 LIG4-/-
GGAAGTTAGGTACACC-1,10.497554,-8.507498,TK6 LIG4-/-
GGAAGTTAGGTGATCC-1,20.415218,-2.0616102,SAOS2
GGAAGTTAGTGAAGTA-1,12.938861,14.392947,JM1
GGAATATGTGAGACCG-1,2.6085322,5.2631,PF382
GGAATATGTGATCCAT-1,3.9694884,1.7345996,JURKAT
GGAATCTCACATAGCG-1,18.926079,6.998085,143B
GGAATCTCACTCATGC-1,16.056065,3.993012,143B
GGAATTAAGCATCTCT-1,-4.8797917,3.1803567,HAP1 MUTYH-/-
GGAATTAAGCGAACTC-1,-4.132639,14.476279,KHM1B
GGAATTGGTGGCGCAA-1,14.915611,-3.5063212,C8166
GGACACCCAGCTCTAC-1,17.07302,4.8879986,143B
GGACACCCAGGCAAGG-1,-2.8427975,2.308196,HAP1 MUTYH-/-
GGACACCCATGAAGTC-1,-3.490228,1.9962734,HAP1 MUTYH-/-
GGACACGGTGCACGTC-1,21.384956,-1.4221822,SAOS2
GGACACGGTTTGGGCC-1,15.256699,-4.3241353,C8166
GGACAGGCAAGCTGTG-1,-3.8126552,4.183123,HAP1 MUTYH-/-
GGACAGGCATAACGTA-1,12.6181135,-5.311276,C8166
GGACATAGTTCCGCAA-1,7.5600133,16.646631,SUPT11
GGACATAGTTCTGGCA-1,12.66552,0.17011143,ALLSIL
GGACATGAGCCATACA-1,4.422825,1.9387842,JURKAT
GGACATGAGCGCTCAG-1,-2.419331,-5.1597166,HELA XPA-/-
GGACATGAGGCACTGT-1,4.9483304,5.5439324,PF382
GGACATGAGGTACCAC-1,-2.561336,-2.077307,HELA XPA-/-
GGACATGAGTGCCTGG-1,12.537856,7.0708113,143B
GGACCCTGTTCAAGTC-1,7.2877946,-3.521209,CHLA06ATRT
GGACCTTAGAATCGCC-1,8.842979,5.9721475,NALM6
GGACCTTAGCTGGGTT-1,5.6703386,7.06755,PF382
GGACCTTAGGGTCACT-1,3.3882048,6.4696474,PF382
GGACGACAGGGGATGC-1,11.720328,11.715489,JM1
GGACGACAGTAGGCAG-1,-2.8807397,1.8603834,HAP1 MUTYH-/-
GGACGGACAATTCGCC-1,0.61835223,15.291253,TE617T
GGACGGACAGCTAGGC-1,2.0820248,-10.367118,U2OS OGG-/-
GGACGTAAGCCTAGAC-1,13.979308,7.5092115,143B
GGACGTTTCACTTCAC-1,-4.272669,3.626553,HAP1 MUTYH-/-
GGACGTTTCAGGAGCA-1,6.8596163,-3.1140068,CHLA06ATRT
GGACGTTTCCGCGATG-1,15.721659,-3.8274705,C8166
GGACGTTTCGCTCCTA-1,15.673707,-5.3799496,C8166
GGACGTTTCTGGATTG-1,20.02904,-1.9746258,SAOS2
GGACTCACATCCTCGG-1,6.891663,17.044008,SUPT11
GGACTCACATTCAACT-1,6.992351,16.488613,SUPT11
GGACTTATCAATTGGT-1,20.244291,-1.358756,SAOS2
GGACTTATCGATCGCG-1,5.0784717,1.2634256,JURKAT
GGACTTGCAAACTTAG-1,13.199187,-4.384917,NALM6
GGACTTGCAGTTGCAG-1,15.7208395,7.8931303,143B
GGAGAAGGTTATCGGT-1,16.97798,6.266771,143B
GGAGAAGGTTATGCGT-1,9.261684,-11.522581,TK6 LIG4-/-
GGAGAAGGTTGGCTAT-1,12.033198,-1.0472616,ALLSIL
GGAGAGGAGCAGGGTA-1,-4.7041373,3.0928676,HAP1 MUTYH-/-
GGAGAGGAGGCTAGAG-1,-5.2716813,3.4246438,HAP1 MUTYH-/-
GGAGAGGAGGGGTTGA-1,4.7108293,6.507016,PF382
GGAGAGTCAACTGGCA-1,18.612417,6.5372834,143B
GGAGAGTCACTTGACC-1,11.210935,-0.24527487,ALLSIL
GGAGATTAGAAGGTAC-1,11.231838,-8.597537,TK6 LIG4-/-
GGAGATTAGGTAACGG-1,15.840649,6.399704,143B
GGAGATTAGTAGCCGT-1,10.122535,-8.821729,TK6 LIG4-/-
GGAGATTAGTTACACG-1,8.93837,4.192835,NALM6
GGAGCAATCCTCAGCC-1,15.402242,-3.7169843,C8166
GGAGCAATCTGGTAGC-1,12.82019,0.3698464,ALLSIL
GGAGCATGTTCCCGAA-1,13.115318,14.065535,JM1
GGAGCATGTTGCTCGA-1,10.837482,-9.911223,TK6 LIG4-/-
GGAGCATGTTTGACCG-1,15.649829,6.4063473,143B
GGAGCCAGTAGCTCAT-1,2.9338856,2.4071329,JURKAT
GGAGCCAGTTGCCTAG-1,12.988181,-5.3937426,C8166
GGAGCTAAGAAGGTAC-1,12.226379,12.855238,JM1
GGAGCTAAGCGAGCAA-1,10.884683,-8.883144,TK6 LIG4-/-
GGAGCTGGTTCCAGGC-1,-2.7172334,4.069468,HAP1 MUTYH-/-
GGAGGTTGTGAAGGTC-1,7.0961843,16.959005,SUPT11
GGAGGTTGTTGCACAT-1,13.682403,-5.9017067,C8166
GGAGTAACATCCATTG-1,21.890966,-0.13285638,SAOS2
GGAGTAGTCACATACG-1,2.6460056,7.246055,PF382
GGAGTAGTCAGCAGAG-1,11.995654,11.927573,JM1
GGAGTAGTCCAACTCT-1,9.727088,-12.05202,TK6 LIG4-/-
GGAGTAGTCCGCCTGT-1,10.899229,-8.572774,TK6 LIG4-/-
GGAGTAGTCGCGCCTT-1,10.97876,0.9901397,ALLSIL
GGAGTATAGCCATTGA-1,15.43595,7.576397,143B
GGAGTATAGTAACCTG-1,13.433925,12.26214,JM1
GGAGTCAAGCTAACCA-1,14.120694,-4.0592656,C8166
GGAGTCAAGGCACACT-1,1.400662,8.679953,PF382
GGAGTGATCACACACA-1,3.3503017,-8.464155,U2OS OGG-/-
GGAGTGATCACATGCA-1,-3.97349,13.850493,KHM1B
GGAGTTAGTTAATGGG-1,8.217737,-3.0158334,CHLA06ATRT
GGAGTTAGTTCACTAA-1,1.6105545,-8.961079,U2OS OGG-/-
GGATAACAGCCGACAT-1,5.1717353,5.1370625,PF382
GGATAACAGCTAGTGC-1,10.175352,-0.84147877,ALLSIL
GGATAACAGGGGACGT-1,8.236646,16.486315,SUPT11
GGATAACAGTGCTCAA-1,2.1917174,6.178778,PF382
GGATAATGTAATGAAC-1,1.1570385,6.2885485,PF382
GGATAATGTCATGCTG-1,-0.30359176,11.942027,DND41
GGATAATGTTTGCACG-1,20.901258,-2.2525856,SAOS2
GGATAGGTCAGCAGGA-1,19.750975,5.516741,143B
GGATAGGTCCAGCGCA-1,6.4926596,16.781752,SUPT11
GGATAGGTCGCGTTGG-1,-4.6400294,3.443582,HAP1 MUTYH-/-
GGATAGGTCGTGCCTC-1,3.5501392,5.3266187,PF382
GGATAGGTCTAAGCGC-1,-3.8469822,13.855147,KHM1B
GGATAGGTCTGTGCAA-1,21.749678,0.09562936,SAOS2
GGATATGGTTCCCGTT-1,10.539155,-9.24625,TK6 LIG4-/-
GGATATGGTTTCGATA-1,18.705828,8.335726,143B
GGATCGCCAATCTGAA-1,8.523121,5.8307824,NALM6
GGATCGCCATCCTACA-1,-4.521237,2.687131,HAP1 MUTYH-/-
GGATCGTTCACCTCAT-1,-3.0156085,-2.5466104,HELA XPA-/-
GGATCGTTCATCACGA-1,14.384477,-5.3002763,C8166
GGATCGTTCCACCATT-1,-3.8474057,3.853503,HAP1 MUTYH-/-
GGATCGTTCCGTTAGA-1,6.162435,15.49914,SUPT11
GGATCTATCAATCCCT-1,11.276905,-0.4992197,ALLSIL
GGATCTATCATGCGCG-1,13.271431,-0.9340687,ALLSIL
GGATCTATCATGGCAC-1,14.476358,5.26153,143B
GGATCTATCCATTGCT-1,14.121316,-5.7325916,C8166
GGATCTATCCCCATTG-1,2.4146898,5.0425153,PF382
GGATCTATCGAACGGA-1,2.8340316,-9.747562,U2OS OGG-/-
GGATCTATCTAGGCGT-1,2.0353436,9.004889,PF382
GGATGCAAGAAGGAAG-1,4.875386,7.378272,PF382
GGATGCAAGGCGAGAC-1,3.1993995,-3.39069,CHLA06ATRT
GGATGCAAGTGATGAA-1,8.247931,5.890031,NALM6
GGATGGATCCAACTGA-1,7.0326543,-4.1016216,CHLA06ATRT
GGATGGATCCAGCCCT-1,-4.864513,3.270377,HAP1 MUTYH-/-
GGATGGATCGTGCCCT-1,-2.9293423,-4.1067834,HELA XPA-/-
GGATGGGCAATAGTCA-1,8.640244,4.859789,NALM6
GGATGTGAGCAGGCTT-1,2.722887,-8.62203,U2OS OGG-/-
GGATGTGAGTGAGGTG-1,2.8394318,-8.396406,U2OS OGG-/-
GGATGTGAGTTGCGGT-1,15.439121,-6.189026,C8166
GGATGTTCAATCGCCT-1,11.964786,12.753779,JM1
GGATTAAAGAAGCTGG-1,1.6007155,5.102327,PF382
GGATTCATCACCAGAC-1,2.2074614,7.564551,PF382
GGATTCATCACTCAGA-1,17.46005,6.496374,143B
GGATTCATCGAGGTCT-1,18.131456,6.160058,143B
GGATTCATCTATCCGT-1,19.658323,5.816971,143B
GGATTCGCAAGGGCAG-1,8.892558,-10.760355,TK6 LIG4-/-
GGATTCGCAGGAGCGA-1,-2.344436,-3.4568863,HELA XPA-/-
GGATTCGCATTAGGGT-1,1.3548547,9.536435,PF382
GGATTGAGTAGCCCTA-1,17.402895,6.247202,143B
GGATTGAGTCCATCTC-1,-5.191244,3.771931,HAP1 MUTYH-/-
GGATTGAGTGGCGACA-1,7.688347,15.973632,SUPT11
GGATTGAGTTCACGCA-1,-2.4688172,4.375782,HAP1 MUTYH-/-
GGATTGAGTTCGGGCT-1,2.9205453,8.620909,PF382
GGATTGCTCAAGTCTG-1,11.217695,-9.677063,TK6 LIG4-/-
GGATTGCTCATCGAGC-1,7.2010355,15.798954,SUPT11
GGATTGCTCGATCATG-1,6.3688545,10.757594,RH30
GGATTGCTCTGGGACT-1,4.03499,1.099214,JURKAT
GGCAAAGTCACCCTTG-1,8.309581,5.096638,NALM6
GGCAAAGTCGCTAGGT-1,14.21267,14.575953,JM1
GGCAAAGTCTAATCGG-1,14.857899,-3.9207544,C8166
GGCAAAGTCTCATTGC-1,1.2277163,15.950722,TE617T
GGCAACCCACCTACTA-1,1.9581243,15.822328,TE617T
GGCAACCCACTAATTC-1,15.557924,5.1757493,143B
GGCAACTTCCCAGGCA-1,15.80561,5.9506106,143B
GGCAACTTCCGGTATA-1,5.7457256,0.73496175,PF382
GGCAACTTCCTGACGG-1,2.7658842,6.2248144,PF382
GGCAACTTCTAATGCG-1,-2.833464,-2.3907743,HELA XPA-/-
GGCAATAGTAGTGAGC-1,19.401922,-1.376883,SAOS2
GGCAATGAGCTGGGTT-1,-3.9357097,3.9734325,HAP1 MUTYH-/-
GGCAATGAGGCTAGAG-1,3.2893229,-3.876757,CHLA06ATRT
GGCAATGAGTGGCCTG-1,18.058327,7.798398,143B
GGCACACCAAGCACCA-1,19.72831,6.9513063,143B
GGCACACCAAGTGCTG-1,8.664733,6.1200643,NALM6
GGCACACCAGCCAAGC-1,9.927283,4.9197145,NALM6
GGCACACCAGTAAGCT-1,-2.4561822,2.5633729,HAP1 MUTYH-/-
GGCACACCATAGGTCG-1,6.7368035,16.7844,SUPT11
GGCACATTCAGGTTGC-1,7.9921236,15.9844265,SUPT11
GGCACATTCGCGCATG-1,15.596678,-3.5217993,C8166
GGCACCATCAAGTCTG-1,14.503892,3.8511367,143B
GGCACCATCATGCGGT-1,10.130802,-11.045743,TK6 LIG4-/-
GGCACCATCCAGGTCG-1,-4.6472073,3.9878638,HAP1 MUTYH-/-
GGCACCATCCGCGCAA-1,12.732634,7.100275,143B
GGCACGAGTGATCAAG-1,0.8508229,6.35454,PF382
GGCACGAGTTAGGTAG-1,-0.8865177,-2.5587142,HELA XPA-/-
GGCACGAGTTATCTAG-1,20.404854,-2.1629753,SAOS2
GGCATAAGTGCGCCAT-1,11.357869,-1.654763,ALLSIL
GGCATAGAGCTTCCTG-1,2.903319,1.8653891,JURKAT
GGCATAGAGTGCTTAG-1,10.847178,-8.123352,TK6 LIG4-/-
GGCATCACAACCCGTT-1,7.184503,11.70626,RH30
GGCATCACAACCTCTA-1,-1.9832418,3.625172,HAP1 MUTYH-/-
GGCATCACATAAGGCT-1,11.838179,-9.468289,TK6 LIG4-/-
GGCATCCGTTGACTGT-1,8.25155,4.7926903,NALM6
GGCATCCGTTGTCTAA-1,-3.7010903,2.7857306,HAP1 MUTYH-/-
GGCATGAAGATTACGT-1,14.169895,-4.232421,C8166
GGCATGAAGTTACACG-1,20.452406,6.518142,143B
GGCATGGGTATTGGAG-1,-4.214558,14.269714,KHM1B
GGCATGGGTGCACCAC-1,7.1051097,17.086199,SUPT11
GGCATGGGTTAAGTGG-1,1.2058316,9.119066,PF382
GGCATGTTCCCAGACG-1,2.5140061,6.7644935,PF382
GGCATGTTCCTGGGAT-1,-0.028401818,12.59425,DND41
GGCATGTTCGCATTAG-1,13.03724,0.16185056,ALLSIL
GGCATTATCCAGAGCT-1,14.66318,5.9670076,143B
GGCATTATCCGTAGCG-1,15.240509,-5.895791,C8166
GGCATTCAGGAGTATA-1,-2.9169912,2.886572,HAP1 MUTYH-/-
GGCCAATTCCACCTTG-1,3.5420527,4.693653,PF382
GGCCAATTCCTTAGAG-1,12.242518,6.811963,143B
GGCCCTAAGCCGCGTA-1,13.704367,-5.965515,C8166
GGCCCTAAGCGGATTC-1,8.494293,-4.7338715,CHLA06ATRT
GGCCCTAAGGTAACTT-1,15.342371,-3.740503,C8166
GGCCCTAAGTCGAGAG-1,19.946764,-2.2314818,SAOS2
GGCCGAAGTAGCGGAT-1,-2.6821241,4.1952977,HAP1 MUTYH-/-
GGCCGAAGTCAATCAC-1,9.884895,-10.915558,TK6 LIG4-/-
GGCCGATCAACGTGAT-1,4.627229,2.2216659,JURKAT
GGCCGTTGTAGTTGGA-1,12.578257,14.243921,JM1
GGCCGTTGTTAGACAG-1,2.9267952,8.649327,PF382
GGCCTAACAAGCTAAC-1,7.265978,15.397944,SUPT11
GGCCTAACACCATACC-1,7.8587046,5.5281496,NALM6
GGCCTAGTCCCATACT-1,-2.9226394,4.800931,HAP1 MUTYH-/-
GGCCTAGTCCCGTTCA-1,14.1553545,3.5729282,143B
GGCCTCAAGCGGTTCG-1,3.5721564,-3.7941172,CHLA06ATRT
GGCCTCAAGGTTGGTC-1,3.2512355,-7.847284,U2OS OGG-/-
GGCCTCAAGTGCAATT-1,1.1661817,9.243064,PF382
GGCCTTGAGGAGGTAT-1,3.5713682,-2.0830045,CHLA06ATRT
GGCGAACAGCTATGTG-1,10.045733,3.849059,NALM6
GGCGAACAGCTGGAAG-1,-2.9541805,4.511076,HAP1 MUTYH-/-
GGCGAACAGTAGTCTG-1,20.157167,6.3941956,143B
GGCGAATGTGCAATTC-1,8.373445,-4.235304,CHLA06ATRT
GGCGACTCACCATGCT-1,-5.3999157,3.2608602,HAP1 MUTYH-/-
GGCGACTCACTTCGCG-1,8.711509,-4.648638,CHLA06ATRT
GGCGACTCAGGATGCC-1,14.891182,-5.3032103,C8166
GGCGAGACACTTAATC-1,-3.95016,4.588168,HAP1 MUTYH-/-
GGCGAGACAGCCTAGA-1,0.5273837,12.470846,DND41
GGCGAGACATTGGCGA-1,16.21082,5.31534,143B
GGCGATCCAACCCTAC-1,8.5179615,5.928968,NALM6
GGCGATCCAACTAATG-1,7.053104,-4.1147175,CHLA06ATRT
GGCGATCCAGTACTCC-1,7.2074213,-3.9743958,CHLA06ATRT
GGCGATGGTTCCGTCT-1,-3.7587664,2.7203593,HAP1 MUTYH-/-
GGCGATGGTTGCGATT-1,10.967018,-9.663916,TK6 LIG4-/-
GGCGATTTCATGCTTC-1,3.2636893,-1.866012,CHLA06ATRT
GGCGCTATCCTGCCTA-1,-2.5568328,4.155918,HAP1 MUTYH-/-
GGCGCTATCGACATGC-1,12.983816,-0.5604173,ALLSIL
GGCGCTTGTCAGGAAC-1,18.63267,5.3976274,143B
GGCGGATAGATACTCG-1,4.4488106,5.811439,PF382
GGCGGTAGTGAGTCGG-1,11.149715,-8.591209,TK6 LIG4-/-
GGCGGTAGTTATGTCA-1,3.9297662,3.6793492,JURKAT
GGCGGTAGTTGCGATT-1,7.591452,16.356415,SUPT11
GGCGGTTCAAGTATGC-1,-2.5553465,2.4999442,HAP1 MUTYH-/-
GGCGGTTCATAGATCA-1,15.105114,7.0127134,143B
GGCGGTTCATTCATAC-1,17.57669,7.988935,143B
GGCGTAAAGGGGTCAA-1,11.139239,12.152676,JM1
GGCGTAAAGGTTGACC-1,7.6874905,15.445335,SUPT11
GGCGTAAAGTGATACT-1,2.4771733,15.824714,TE617T
GGCGTAGGTTTGGACT-1,16.629198,6.6729074,143B
GGCGTCTGTTGGTGAA-1,3.3770764,7.528779,PF382
GGCGTCTGTTGTCCGA-1,18.226662,4.5041237,143B
GGCGTGAGTGCGTGCT-1,7.195926,17.027847,SUPT11
GGCGTGAGTTCTGGTG-1,10.516735,-0.053388044,ALLSIL
GGCGTGAGTTGTGCTG-1,13.819934,14.006852,JM1
GGCGTTACAACGTTCC-1,14.817747,4.7201166,143B
GGCGTTGTCCCGTGCT-1,18.266459,4.985052,143B
GGCTAATCAAGGTCCA-1,-3.6006055,3.6340725,HAP1 MUTYH-/-
GGCTAATCACTAGTCC-1,-3.4434931,2.1425858,HAP1 MUTYH-/-
GGCTAGAAGCAGGCTT-1,20.412163,-2.1730268,SAOS2
GGCTAGAAGGCGATCT-1,1.7091213,6.1436625,PF382
GGCTAGAAGGGTGAAT-1,-3.2247446,3.4483254,HAP1 MUTYH-/-
GGCTATATCACGCTAA-1,7.1419206,-2.946005,CHLA06ATRT
GGCTATATCACTCTGT-1,1.0303583,7.9827614,PF382
GGCTATTGTCAGTCGC-1,18.205639,8.086886,143B
GGCTATTGTTAGTGCT-1,1.8651068,-8.815887,U2OS OGG-/-
GGCTATTGTTTCGCTC-1,11.725819,12.197917,JM1
GGCTCAACAATAGGCT-1,8.679593,-4.1710253,CHLA06ATRT
GGCTCAACACTTACTG-1,11.753756,11.301055,JM1
GGCTCAACATGGCAAT-1,18.427671,7.6352262,143B
GGCTCGATCGAACGAG-1,8.713046,-4.06254,CHLA06ATRT
GGCTCGATCGCATCCC-1,12.643007,-4.7219005,C8166
GGCTGAAAGCGCTTCC-1,4.3635597,-3.9313254,CHLA06ATRT
GGCTGAAAGGATATAG-1,-2.655836,3.7517648,HAP1 MUTYH-/-
GGCTGACCACAGGCGT-1,8.869856,-10.389108,TK6 LIG4-/-
GGCTGACCAGGCATTG-1,5.7493696,15.094257,SUPT11
GGCTGACCATAGGCAT-1,11.970885,-1.2940041,ALLSIL
GGCTGAGGTTAGGGAC-1,2.764932,-8.704206,U2OS OGG-/-
GGCTGAGGTTATCTCT-1,3.524431,-9.521948,U2OS OGG-/-
GGCTGCATCATCTGTC-1,-3.416821,5.1764064,HAP1 MUTYH-/-
GGCTGCATCGTTGCTT-1,19.642616,-2.38049,SAOS2
GGCTGCATCTCATCTA-1,-3.5884588,3.5496807,HAP1 MUTYH-/-
GGCTGGTCACATGCAG-1,16.346157,5.887035,143B
GGCTGGTCAGGTTACG-1,16.168062,7.8750243,143B
GGCTGGTCAGTTGCCT-1,15.844179,5.8969126,143B
GGCTGGTCATAGACAC-1,14.995161,-6.280983,C8166
GGCTGTTAGGAATGAC-1,1.4799185,7.743745,PF382
GGCTGTTAGGGTGAAT-1,6.999535,17.3281,SUPT11
GGCTTATGTAAGCTGA-1,2.8793232,-2.0945878,CHLA06ATRT
GGCTTATGTAGCGGTG-1,8.521285,-3.1180396,CHLA06ATRT
GGCTTCCTCCCTCGAC-1,-2.6501427,-2.9067123,HELA XPA-/-
GGCTTCCTCCTGCGGA-1,4.5606337,2.3486114,JURKAT
GGCTTCTCATAATCGA-1,-4.0626516,13.614506,KHM1B
GGCTTGGTCACACTTC-1,-3.1967773,3.704334,HAP1 MUTYH-/-
GGCTTGGTCAGTTGCA-1,16.036644,4.823847,143B
GGCTTGGTCGATACGC-1,12.564124,14.223502,JM1
GGCTTGGTCGCGATGT-1,11.656259,11.093642,JM1
GGCTTTGGTTGTAAGG-1,7.5987077,15.378486,SUPT11
GGGAACATCAAGTAGA-1,1.9505715,5.021689,PF382
GGGAACATCACCCTTG-1,6.7698774,17.586119,SUPT11
GGGAACATCATGCCTT-1,5.098977,5.385488,PF382
GGGAACATCGTGAGGA-1,2.3174567,8.253544,PF382
GGGAATGTCAATCAAC-1,-3.4185696,1.3528783,HAP1 MUTYH-/-
GGGAATGTCCCAGTAA-1,-5.1687818,2.6212842,HAP1 MUTYH-/-
GGGAATGTCTGGGCTG-1,13.257327,14.24079,JM1
GGGAATTAGCCCTGAG-1,11.744577,-9.7583475,TK6 LIG4-/-
GGGAATTAGCCTGCTC-1,12.753817,-5.02135,C8166
GGGAATTAGGGGTTGA-1,15.111265,6.9539723,143B
GGGAATTAGTCAGTGC-1,11.478377,-10.713606,TK6 LIG4-/-
GGGACAATCATCACTC-1,3.224696,4.768982,PF382
GGGACAATCCCTGGCT-1,-2.9390295,-2.6183429,HELA XPA-/-
GGGACAATCGTGAGAG-1,14.226202,-5.4344573,C8166
GGGACAATCTATCTGC-1,16.12247,-5.933863,C8166
GGGACACAGGGTAGGC-1,-1.4304035,-3.400729,HELA XPA-/-
GGGACACAGGTGCAGA-1,14.119734,7.5686507,143B
GGGACACAGTAAGTAG-1,-0.35092714,11.412744,DND41
GGGACCTCAAAGGAAT-1,-3.8028367,1.3903946,HAP1 MUTYH-/-
GGGACCTCAAGGTCCA-1,-3.538717,1.3657421,HAP1 MUTYH-/-
GGGACCTCACATACTT-1,19.062037,7.19566,143B
GGGACGTAGCTTCCGC-1,3.638739,4.3784685,PF382
GGGACGTAGGAATGCG-1,11.977396,12.774761,JM1
GGGACGTAGGATTGCC-1,6.441212,16.638199,SUPT11
GGGACTAAGCCACATA-1,-1.7411927,4.0075855,HAP1 MUTYH-/-
GGGACTAAGCGGTCAT-1,20.22318,-1.8522531,SAOS2
GGGACTGGTAGTAGAT-1,-2.3645394,3.5390456,HAP1 MUTYH-/-
GGGACTGGTGAGTAGC-1,-0.1364058,-2.7894957,HELA XPA-/-
GGGATAGTCAATGTGT-1,13.786755,6.51496,143B
GGGATAGTCACTCAAG-1,13.167189,14.359375,JM1
GGGATAGTCAGTTGAT-1,6.740494,15.528053,SUPT11
GGGATAGTCCGCGGTA-1,10.5277,-10.900215,TK6 LIG4-/-
GGGATAGTCCTTAGTC-1,16.511883,5.4053955,143B
GGGATCAAGCTGGCAT-1,15.909194,7.1381164,143B
GGGATTAGTCAGTTAC-1,0.9661139,6.5486283,PF382
GGGATTAGTTGAAGGC-1,4.810977,5.4920254,PF382
GGGATTGAGCCAGTAC-1,11.478604,11.965875,JM1
GGGATTGAGGATGGCA-1,8.481925,16.26702,SUPT11
GGGATTGAGGGTACGA-1,11.493215,-9.423811,TK6 LIG4-/-
GGGCAAATCAGCCATA-1,0.9765328,6.7629194,PF382
GGGCAAATCCAGATGC-1,-0.8826787,-2.7098,HELA XPA-/-
GGGCAAATCGCTCGCT-1,3.304649,1.3380358,JURKAT
GGGCAAATCGCTTGAA-1,3.04525,6.768182,PF382
GGGCAAATCTAGCCTT-1,3.5127335,-9.940097,U2OS OGG-/-
GGGCAACAGGTGCGTT-1,9.155229,5.4132447,NALM6
GGGCAACAGTGAGCCT-1,15.933933,7.892191,143B
GGGCAATGTGAGTAGC-1,15.72907,-6.411093,C8166
GGGCAGACACATAGAC-1,18.587765,5.302016,143B
GGGCAGACACCTATGC-1,5.684312,6.8939643,PF382
GGGCATCCAAGGTGCC-1,3.6847806,8.063989,PF382
GGGCATCCAATGGAAG-1,12.204201,12.214072,JM1
GGGCATCCACCATACC-1,-2.9791777,-2.68193,HELA XPA-/-
GGGCATCCACTTCAGC-1,2.972271,6.8690515,PF382
GGGCATGGTCTTGGAT-1,1.4899769,8.157401,PF382
GGGCATGGTTTCGCCT-1,6.74272,16.766075,SUPT11
GGGCATTTCACTTCAC-1,9.569385,-9.43518,TK6 LIG4-/-
GGGCATTTCCGCCTAC-1,9.869235,-12.290799,TK6 LIG4-/-
GGGCATTTCCTGACCC-1,6.2984047,16.01467,SUPT11
GGGCATTTCGCATCAA-1,-2.893199,-3.3331864,HELA XPA-/-
GGGCCTTGTAGGCGCA-1,13.330004,14.695549,JM1
GGGCCTTGTAGTCAGA-1,2.0671566,5.4616456,PF382
GGGCCTTGTCAAGGTA-1,4.284376,1.4176173,JURKAT
GGGCGATAGAAGCTAA-1,11.898753,-5.651695,C8166
GGGCGATAGGCATGTC-1,-4.3067,14.143506,KHM1B
GGGCGATAGTGCCGAT-1,-0.19410963,-3.0045278,HELA XPA-/-
GGGCGTAGTCAGTATC-1,14.602079,13.317038,JM1
GGGCGTAGTCTAAGTC-1,-2.492625,-5.421045,HELA XPA-/-
GGGCTAAAGATTCCTC-1,2.9376957,-2.3766556,CHLA06ATRT
GGGCTAAAGCGATGAG-1,15.411155,-4.231416,C8166
GGGCTAAAGGCAATGG-1,18.479902,4.6227565,143B
GGGCTAAAGGGGACAC-1,18.25085,5.088419,143B
GGGCTAAAGGGGCTAA-1,17.954924,6.275256,143B
GGGCTAGGTCAATGGA-1,-3.1221373,-4.2698126,HELA XPA-/-
GGGCTAGGTCATCGCA-1,3.8196645,-8.290689,U2OS OGG-/-
GGGCTTACAAGTAGAG-1,14.3226385,-4.0582795,C8166
GGGCTTACACTCGCTG-1,-2.4709992,4.0309114,HAP1 MUTYH-/-
GGGCTTACAGCAGGGA-1,-0.019394498,11.831885,DND41
GGGCTTGTCTAACCGA-1,7.4555745,16.054747,SUPT11
GGGGATGCACTTACCA-1,1.683653,7.56634,PF382
GGGGATGCAGGCAATT-1,17.594149,4.744194,143B
GGGGATGCATCCCGTG-1,-2.5037236,-4.8769827,HELA XPA-/-
GGGGCAACAATCCGCT-1,16.55002,8.085413,143B
GGGGCAACACCATAGG-1,2.777077,6.907256,PF382
GGGGCTAGTAATTCGC-1,5.7900844,6.8247943,PF382
GGGGCTAGTCAATCTA-1,19.78727,-0.8294625,SAOS2
GGGGCTAGTCTGTGGC-1,8.563426,-2.975314,CHLA06ATRT
GGGGCTAGTTGCGAGG-1,14.116507,6.05638,143B
GGGGTAATCATGGCCG-1,8.298066,-4.782107,CHLA06ATRT
GGGGTATGTAACTGTC-1,10.102037,-12.167876,TK6 LIG4-/-
GGGGTCAGTAATGGGC-1,9.994355,-10.458541,TK6 LIG4-/-
GGGGTCAGTAATTGCC-1,18.229666,6.6602364,143B
GGGGTCAGTAGCTAGA-1,-5.3793263,2.5459542,HAP1 MUTYH-/-
GGGGTTAAGATACTAC-1,0.8771037,15.850969,TE617T
GGGGTTAAGCATAGGG-1,18.90248,7.161341,143B
GGGGTTAAGCGGATGA-1,-1.404674,-2.8575978,HELA XPA-/-
GGGGTTAAGTAGCTGC-1,13.724176,5.6561813,143B
GGGTAACGTAGCTCCA-1,11.78916,-0.3352228,ALLSIL
GGGTAACGTGCGGTTC-1,12.856498,-4.8876076,C8166
GGGTAACGTGGAAGGA-1,-3.3059025,-3.462241,HELA XPA-/-
GGGTAACGTTCCGGGT-1,9.365293,4.476321,NALM6
GGGTAACGTTGCTCGA-1,-3.3625245,4.7069416,HAP1 MUTYH-/-
GGGTAATAGCAATCAT-1,7.357433,11.248821,RH30
GGGTAATAGGTTACAT-1,3.9299796,3.3871596,JURKAT
GGGTACTTCACTCCAT-1,21.21477,-0.24231331,SAOS2
GGGTACTTCCATCGGG-1,1.0764142,6.2915964,PF382
GGGTACTTCCCTCACA-1,3.4147935,-9.793894,U2OS OGG-/-
GGGTATAGTAGGTACA-1,9.976113,-10.89996,TK6 LIG4-/-
GGGTATGAGCATCACA-1,-4.6560664,4.401402,HAP1 MUTYH-/-
GGGTATGAGGATCCAC-1,10.731687,-8.032573,TK6 LIG4-/-
GGGTATGAGGCGTCTG-1,14.562441,-6.3310375,C8166
GGGTCAAAGAACGAAC-1,2.5043657,-8.798885,U2OS OGG-/-
GGGTCAGGTCAGGACG-1,7.5555787,16.482712,SUPT11
GGGTCAGGTGAGAGGA-1,8.964598,3.0222192,NALM6
GGGTCAGGTTATCGCG-1,8.159545,4.514773,NALM6
GGGTCATTCCGGACAT-1,3.0686061,-2.6505659,CHLA06ATRT
GGGTCATTCTCACACT-1,-0.33682582,-2.9142256,HELA XPA-/-
GGGTCATTCTTGAGCA-1,9.677064,5.0709653,NALM6
GGGTCCATCACAGATT-1,8.511864,16.245628,SUPT11
GGGTCCATCAGGGCAA-1,19.577066,7.322881,143B
GGGTGAATCTCATTGC-1,10.121083,4.0501056,NALM6
GGGTGTCCAGCACTAG-1,-1.0528797,-2.6268942,HELA XPA-/-
GGGTGTCCAGGATCAT-1,3.5522008,-8.202844,U2OS OGG-/-
GGGTTAAGTAGTCAAG-1,11.898704,12.334784,JM1
GGGTTAAGTTATCATG-1,-3.3237379,-2.867761,HELA XPA-/-
GGGTTAAGTTGAGGAC-1,15.361878,4.9133687,143B
GGGTTAGAGGGTGACA-1,16.880386,5.0523744,143B
GGGTTAGAGTAGACTT-1,11.278118,-10.039747,TK6 LIG4-/-
GGGTTAGAGTAGAGAC-1,2.4518094,15.173016,TE617T
GGGTTAGAGTCGAGGA-1,-3.8777905,3.1012802,HAP1 MUTYH-/-
GGGTTAGAGTGAGGAT-1,8.884686,-3.6273901,CHLA06ATRT
GGGTTCCGTAAGGTTG-1,11.9025135,12.4166155,JM1
GGGTTCCGTTCACCAG-1,16.92452,5.9351897,143B
GGGTTGAAGTCAAGTT-1,16.21112,6.15307,143B
GGGTTGAAGTTACGAT-1,10.855354,-10.716236,TK6 LIG4-/-
GGGTTGGGTTGCGGCT-1,15.627588,6.01348,143B
GGGTTTCAGGATGTAA-1,17.474503,4.496577,143B
GGGTTTCAGGTAAGGT-1,11.303234,-10.012387,TK6 LIG4-/-
GGGTTTGCAACTAATG-1,14.228133,8.072524,143B
GGGTTTGCATAACTCT-1,-1.8720561,-3.340902,HELA XPA-/-
GGTAAATGTAGCGGAT-1,2.5785954,-9.681906,U2OS OGG-/-
GGTAACAGTTCGTGGC-1,10.021965,-11.127875,TK6 LIG4-/-
GGTAACAGTTGGTTCG-1,15.61644,7.204638,143B
GGTAAGGTCCTCACAT-1,7.2668967,12.034687,RH30
GGTAAGGTCTGGAACC-1,8.625648,4.47969,NALM6
GGTAATCCAACGTTCC-1,20.142345,-2.306982,SAOS2
GGTAATCCACAGCGGT-1,15.664007,7.1390443,143B
GGTAATCCACATACCC-1,8.332615,-4.3465896,CHLA06ATRT
GGTAATCCATGAGCCA-1,9.233766,3.329613,NALM6
GGTAATGGTATTAGCC-1,-1.809877,-3.7127237,HELA XPA-/-
GGTAATGGTGGGTCGA-1,16.80995,6.8033886,143B
GGTAATTTCCCGCTGT-1,13.152909,-5.506764,C8166
GGTAATTTCCGTGAAC-1,10.408115,-0.50795376,ALLSIL
GGTACATCAAGCCAGC-1,12.880685,0.20155223,ALLSIL
GGTACGAAGCAAGTCC-1,-3.6221058,-2.6864283,HELA XPA-/-
GGTACGAAGTCATCTC-1,-3.3451607,3.2133112,HAP1 MUTYH-/-
GGTACGAAGTCATTGG-1,10.790498,-10.060647,TK6 LIG4-/-
GGTACGAAGTGCCGTG-1,3.198368,-2.085526,CHLA06ATRT
GGTACGCCAAGCTTCC-1,21.007294,6.4329667,143B
GGTACGCCATAACTTC-1,15.847723,-7.3046417,C8166
GGTACGGGTCATTAGC-1,8.5264015,5.9515305,NALM6
GGTACGGGTTCGTCCT-1,-2.8220825,3.4086983,HAP1 MUTYH-/-
GGTACGTTCAATCGCA-1,-4.265485,2.419125,HAP1 MUTYH-/-
GGTACGTTCACCAAGC-1,2.0283868,5.6558595,PF382
GGTACGTTCATGTGGC-1,1.2015734,11.453553,DND41
GGTACTATCCCAGAGT-1,-1.965522,4.058267,HAP1 MUTYH-/-
GGTACTATCGTTAAGT-1,2.1134262,5.1874604,PF382
GGTACTTGTAGCAGCG-1,2.5880618,8.290197,PF382
GGTAGCAAGGATTAGA-1,18.289433,5.938149,143B
GGTAGCAAGGTTCCAA-1,-4.0956383,1.3327814,HAP1 MUTYH-/-
GGTAGCTTCCGTTAAG-1,17.431192,5.762523,143B
GGTAGCTTCTATGCCT-1,17.951906,8.120467,143B
GGTAGGATCACACCAA-1,14.598714,6.656197,143B
GGTAGGATCACATTGG-1,2.112167,6.3323975,PF382
GGTAGGATCACGCCAG-1,17.638481,6.225279,143B
GGTAGGATCAGGGATG-1,15.616255,-6.674562,C8166
GGTAGGATCAGGTCAC-1,8.744621,6.252226,NALM6
GGTAGGATCCGCAAGT-1,-2.129256,-2.8390417,HELA XPA-/-
GGTAGGATCCGTGATA-1,8.827795,-4.3455067,CHLA06ATRT
GGTAGGATCCGTGCTC-1,15.267259,6.2504396,143B
GGTAGTAGTGAGCACG-1,15.727928,7.9006257,143B
GGTAGTAGTTCAAGCT-1,8.916751,-10.134101,TK6 LIG4-/-
GGTATAGGTAGCGCCT-1,14.985546,6.8179193,143B
GGTATATTCACATGAT-1,-4.917252,2.9329903,HAP1 MUTYH-/-
GGTATATTCGATTAGT-1,5.013695,5.329677,PF382
GGTATCGCAAGTGCGC-1,11.160127,-1.3261721,ALLSIL
GGTATCGCAGGAAGCG-1,-4.895772,2.6542678,HAP1 MUTYH-/-
GGTATCGCATTAAGCA-1,17.344664,5.447507,143B
GGTATGAGTAAGCACA-1,14.553363,14.228762,JM1
GGTATGAGTAAGTCCT-1,0.85485923,6.460095,PF382
GGTATGAGTCCATTAA-1,9.169371,5.129475,NALM6
GGTATGAGTCCCGAAC-1,13.294784,6.5474668,143B
GGTATGGAGCAAGGTG-1,4.5338726,-3.1839213,CHLA06ATRT
GGTATGTCAACTCGCT-1,18.107862,7.0340624,143B
GGTATTGTCACACATG-1,14.347355,14.486231,JM1
GGTATTGTCACGCCAG-1,4.8588367,7.4693985,PF382
GGTATTGTCGTGCGTG-1,14.445483,5.633648,143B
GGTATTGTCTCACAGA-1,14.5118265,4.7799835,143B
GGTCAATCAAAGGTTC-1,1.6395795,7.575852,PF382
GGTCAATCAATCGAGT-1,9.811113,5.172403,NALM6
GGTCACTAGCCTTGGG-1,20.811373,6.350736,143B
GGTCACTAGGAGGTCA-1,16.43139,6.3359413,143B
GGTCAGCCAACGTGCA-1,13.392649,-5.881201,C8166
GGTCAGCCAAGCTCAG-1,8.555546,6.018819,NALM6
GGTCAGCCATTCCTAG-1,9.624671,4.972188,NALM6
GGTCATATCAATCGGC-1,10.601803,-11.33272,TK6 LIG4-/-
GGTCATATCCCCATGC-1,11.361811,-10.558093,TK6 LIG4-/-
GGTCATATCGAACGCT-1,17.091732,4.5539913,143B
GGTCATCAGCCTATCT-1,7.932867,10.487963,RH30
GGTCATCAGGAGTATA-1,-1.0716969,-3.2989817,HELA XPA-/-
GGTCCTGAGCGGAGTA-1,-2.7355983,-2.8947773,HELA XPA-/-
GGTCCTGAGCTGGTCG-1,6.4961734,-2.7659981,CHLA06ATRT
GGTCGAGGTGATTACC-1,-1.8728025,-2.1591513,HELA XPA-/-
GGTCGCATCGCTGAAC-1,10.89235,-7.874632,TK6 LIG4-/-
GGTCGCATCTGGATAT-1,-2.7186987,-5.4383407,HELA XPA-/-
GGTCGGTCAACTGCGA-1,-2.2050173,2.4966369,HAP1 MUTYH-/-
GGTCGGTCACTAGGCA-1,3.740965,0.67766064,JURKAT
GGTCGTTAGAAGGGAA-1,11.356118,0.11688154,ALLSIL
GGTCGTTAGCGGTAAG-1,12.29659,12.452002,JM1
GGTCGTTAGTTAGCAT-1,7.5885787,-4.268981,CHLA06ATRT
GGTCTAATCAGGTCGT-1,2.2572792,8.854142,PF382
GGTCTAATCGTTCGCC-1,1.6668583,7.787244,PF382
GGTCTAGCATAAGCAC-1,-3.1159947,3.852322,HAP1 MUTYH-/-
GGTCTATGTGATCCCA-1,17.553457,6.622557,143B
GGTCTATGTGCAGTCC-1,11.344385,0.06816902,ALLSIL
GGTCTATGTTGGCTGC-1,17.028126,6.58167,143B
GGTCTTAAGTCGAACC-1,2.874533,-9.970956,U2OS OGG-/-
GGTGAACGTAATCCAC-1,8.514663,-3.2333488,CHLA06ATRT
GGTGAACGTAATCGTC-1,17.651735,6.7679567,143B
GGTGAATAGGAACCCT-1,16.227163,4.8692575,143B
GGTGAATAGGCACGAA-1,4.907503,5.703054,PF382
GGTGAATAGTAATCCG-1,9.027365,3.1171052,NALM6
GGTGACTTCAGGCTCG-1,8.898989,-10.696786,TK6 LIG4-/-
GGTGACTTCCATCGAA-1,1.8551728,15.895768,TE617T
GGTGAGGCAGCTAAGT-1,2.8303356,1.1058012,JURKAT
GGTGATAGTTCGTGGC-1,7.72791,4.624794,NALM6
GGTGATGAGCATGGCT-1,8.463165,-4.6396303,CHLA06ATRT
GGTGCAGGTCTAGGCC-1,1.9834177,5.1806226,PF382
GGTGCAGGTGGCTCTA-1,2.2657933,9.339489,PF382
GGTGCAGGTTGGAGCG-1,7.557083,15.163933,SUPT11
GGTGCATTCGAATCTG-1,-1.157591,6.930713,C8166
GGTGCATTCGTGCTAA-1,16.58448,7.3276725,143B
GGTGCCTGTTTGCAGT-1,18.943558,6.9875283,143B
GGTGCGAGTCTAGCAT-1,6.4911113,16.28613,SUPT11
GGTGCGAGTGATTCGT-1,2.2868907,8.245537,PF382
GGTGCGAGTTTGGCAT-1,8.303256,10.419729,RH30
GGTGGATGTAACCGAA-1,6.5786357,15.678378,SUPT11
GGTGGATGTATTAGCC-1,6.003767,6.421125,PF382
GGTGGCAGTAGTCATC-1,-3.843549,4.4410725,HAP1 MUTYH-/-
GGTGGCTCACTACCGT-1,11.930501,-1.21279,ALLSIL
GGTGGTAAGAAGCTGG-1,1.3239553,16.81677,TE617T
GGTGGTAAGGGGCTAA-1,3.8917575,1.7505,JURKAT
GGTGTCCGTTAGTGCT-1,19.23066,7.6644936,143B
GGTGTCCGTTGCAATC-1,-3.3204489,3.3062034,HAP1 MUTYH-/-
GGTGTTGCATCCCAAC-1,9.927191,-11.40018,TK6 LIG4-/-
GGTTAAGGTGATGCCC-1,15.406406,-3.9238796,C8166
GGTTAAGGTTAGCTCG-1,18.334393,5.3725004,143B
GGTTAAGGTTGCTTCC-1,1.0999523,5.8799686,PF382
GGTTAAGGTTGTCTCC-1,17.938606,6.7024736,143B
GGTTAATTCCAGCACG-1,-1.8052793,-2.8480647,HELA XPA-/-
GGTTAATTCCCCTGTA-1,-1.4504267,-2.6773973,HELA XPA-/-
GGTTACATCAGGTCGT-1,2.824584,5.9579096,PF382
GGTTACATCCCTGGCT-1,9.017583,5.43819,NALM6
GGTTACATCCTGCCGT-1,15.566734,5.020572,143B
GGTTACATCGAAGGGC-1,21.006334,0.34825528,SAOS2
GGTTAGTCAATAGTCA-1,-2.4809246,3.2819426,HAP1 MUTYH-/-
GGTTAGTCACTCAACC-1,10.330047,-8.49837,TK6 LIG4-/-
GGTTATGTCCCCAGAG-1,10.7057495,-11.165485,TK6 LIG4-/-
GGTTCAATCCGTAGTA-1,15.08699,4.3829045,143B
GGTTCAGCAAGCCGAC-1,9.854123,-12.293618,TK6 LIG4-/-
GGTTCAGCAAGCTCAG-1,2.988549,5.7561316,PF382
GGTTCCTCAACGTTAA-1,9.00669,-10.21211,TK6 LIG4-/-
GGTTCCTCAATAGGAG-1,-3.12147,1.6245412,HAP1 MUTYH-/-
GGTTCCTCAGGCAGAG-1,-4.3418,2.791594,HAP1 MUTYH-/-
GGTTCTAAGTACGGGA-1,-3.4984224,4.47668,HAP1 MUTYH-/-
GGTTCTAAGTCGAGGA-1,6.646953,16.729334,SUPT11
GGTTGGGGTTTACAGC-1,3.443978,-9.738593,U2OS OGG-/-
GGTTGGTTCTAAGCGC-1,14.376895,14.575356,JM1
GGTTGTCAGGTAGAGT-1,11.117376,-10.49615,TK6 LIG4-/-
GGTTTACGTAACCCAT-1,19.360249,-1.1095786,SAOS2
GGTTTAGTCAGTTACG-1,-3.184459,2.1173942,HAP1 MUTYH-/-
GGTTTAGTCGACCCGA-1,19.173897,7.4508367,143B
GGTTTAGTCGTCTCTG-1,14.512333,13.645717,JM1
GGTTTGATCAGGAGAT-1,7.598096,-3.2231271,CHLA06ATRT
GTAAACCCACAGCCAA-1,-4.154747,2.0900092,HAP1 MUTYH-/-
GTAAACCCACTTACGC-1,16.664253,4.7667828,143B
GTAAACCCATTACGAA-1,-2.5823047,-4.504707,HELA XPA-/-
GTAAACGGTAGTAGGC-1,8.044226,-3.421888,CHLA06ATRT
GTAAACGGTCAGGCAG-1,2.1566212,8.542747,PF382
GTAAACGGTTTACTAG-1,20.551632,-1.8255192,SAOS2
GTAAACTTCACGGAAG-1,0.56116045,8.622156,PF382
GTAAACTTCATCTGTC-1,1.556833,7.247741,PF382
GTAAAGGCATAGACCG-1,-1.8103275,-2.8304858,HELA XPA-/-
GTAAATGAGCCACTAA-1,2.4306524,5.1924205,PF382
GTAAATGAGGATGGGC-1,16.765787,4.0828285,143B
GTAACCATCAATCTGG-1,1.7882082,9.619432,PF382
GTAACCATCATAGGAA-1,14.1081505,5.1682343,143B
GTAACCCAGGGGTACA-1,15.470752,-4.892118,C8166
GTAACCGCAATGAGTC-1,6.0880113,6.561723,PF382
GTAACCTGTGGCAGCA-1,15.087155,-4.9776006,C8166
GTAACCTGTTTCCGAG-1,8.726162,-10.438411,TK6 LIG4-/-
GTAACGGAGGAGGCAC-1,17.708023,5.507512,143B
GTAACGGAGGGGATGC-1,7.8105774,16.871458,SUPT11
GTAACGGAGTAGCCAC-1,14.313332,14.363352,JM1
GTAAGCCTCACAGGCT-1,-5.4477715,3.366456,HAP1 MUTYH-/-
GTAAGCCTCCAGAGAG-1,8.635262,3.72507,NALM6
GTAAGCCTCTGGATTG-1,-3.1730714,-2.8598945,HELA XPA-/-
GTAAGCGAGCCGCATG-1,3.6376307,8.146444,PF382
GTAAGCTCAAATGGTC-1,16.159456,4.0914245,143B
GTAAGCTCAGCCAATG-1,8.188547,4.7938848,NALM6
GTAAGCTCAGTTGCAG-1,19.689306,-2.2519958,SAOS2
GTAAGCTCATAGGTAC-1,15.147414,-3.759385,C8166
GTAAGCTCATTAGATG-1,14.223048,7.792431,143B
GTAAGGCGTAATTGGG-1,17.252508,5.0206723,143B
GTAAGGCGTCTAGCTG-1,17.526579,6.1477895,143B
GTAAGGCGTGATGATG-1,0.1815587,11.79477,DND41
GTAAGGCGTGATGCCC-1,9.479071,4.8445425,NALM6
GTAAGGCGTGCGGTGA-1,4.741601,2.2298677,JURKAT
GTAAGGGTCTAGGCGT-1,3.4897368,8.2135315,PF382
GTAAGGTAGGATGGCA-1,13.42408,13.208248,JM1
GTAAGTAAGAACCTAT-1,2.3526964,-8.72356,U2OS OGG-/-
GTAAGTTTCGTTACTC-1,12.195584,11.470844,JM1
GTAATCACACCAATCC-1,-0.96497726,-3.5254757,HELA XPA-/-
GTAATCACATCGGTAG-1,13.975742,-6.063265,C8166
GTAATCACATGCTTGC-1,10.373495,-11.652484,TK6 LIG4-/-
GTAATCACATTAGTAG-1,11.389453,-8.755256,TK6 LIG4-/-
GTAATCCGTGATCAAG-1,16.224304,5.7882743,143B
GTAATCCGTGCAGCGA-1,15.245198,4.2327886,143B
GTAATGGGTGATCCCA-1,14.877351,4.954234,143B
GTAATGTTCGCGATGT-1,13.287397,12.544159,JM1
GTACAACCAGTTAAGC-1,16.883276,5.431787,143B
GTACACGCAGTACCAG-1,2.186159,6.358481,PF382
GTACACGCATAACGTA-1,9.490052,-11.510667,TK6 LIG4-/-
GTACATTAGAAGGTTA-1,8.636781,-3.061588,CHLA06ATRT
GTACATTAGGTTAGCC-1,8.989386,-9.676631,TK6 LIG4-/-
GTACATTAGTACGGAG-1,-2.0612788,4.5577903,HAP1 MUTYH-/-
GTACCAATCTTGAGCA-1,8.823395,2.9096763,NALM6
GTACCAGCATGCGTTC-1,-4.1053157,3.4980447,HAP1 MUTYH-/-
GTACCCAGTAGCCTGC-1,4.590542,6.8190084,PF382
GTACCCAGTCTGGTGC-1,20.937906,6.4017186,143B
GTACCCAGTCTTGGAT-1,16.021814,7.5899305,143B
GTACCCTCACCAGCAA-1,5.019551,7.013392,PF382
GTACGAAGTTATCCAA-1,8.027302,5.1698937,NALM6
GTACGAAGTTCACGCA-1,3.0026453,8.67616,PF382
GTACGAAGTTTGCCTC-1,9.025531,5.04074,NALM6
GTACGATCAAATCTAG-1,-3.1934357,2.3363361,HAP1 MUTYH-/-
GTACGATCAATATGTG-1,8.366816,10.435832,RH30
GTACGATCATCACGTC-1,8.335583,10.742995,RH30
GTACGGGGTTAGAGCA-1,-1.5572919,3.9747963,HAP1 MUTYH-/-
GTACGGTTCCATCGAA-1,-3.1447206,3.6705806,HAP1 MUTYH-/-
GTACGGTTCCCCATCA-1,14.589529,3.6731293,143B
GTACGGTTCCCTCGGT-1,18.374485,5.230115,143B
GTACGTTGTAGGTATG-1,-3.7982316,2.914539,HAP1 MUTYH-/-
GTACGTTGTTTGAGGA-1,-1.7302848,3.8381526,HAP1 MUTYH-/-
GTACTAGTCCACCTCA-1,8.357284,10.498447,RH30
GTACTCCCAAGCTCAG-1,1.6872922,7.9203734,PF382
GTACTCCCAGCTCGAA-1,-2.764431,5.199453,HAP1 MUTYH-/-
GTACTCCCAGGAACCC-1,20.41573,-2.2140634,SAOS2
GTACTCCCAGTAAGCT-1,-4.7377105,2.7190168,HAP1 MUTYH-/-
GTAGAATGTGCGGACA-1,8.155348,5.1084876,NALM6
GTAGAATGTTCGGCTA-1,-1.5227324,3.7036836,HAP1 MUTYH-/-
GTAGACTCACCTTCGG-1,1.9932852,-8.897682,U2OS OGG-/-
GTAGACTCAGGGCTAC-1,-1.085501,-2.6572702,HELA XPA-/-
GTAGCAAGTCTTGAAC-1,19.421621,5.8074846,143B
GTAGCAAGTTCCTTCA-1,14.217038,3.9917607,143B
GTAGCCACAAGCGGTC-1,15.468925,-6.8557954,C8166
GTAGCCACACCTTGAC-1,0.66070294,15.3960905,TE617T
GTAGCCACAGCCAGGT-1,17.130274,6.3107443,143B
GTAGCCCGTAACCCAT-1,18.249191,7.9693155,143B
GTAGCGAAGGCTCCGA-1,-0.41245338,-2.327188,HELA XPA-/-
GTAGCGAAGTGACCGT-1,-4.3974137,2.9252954,HAP1 MUTYH-/-
GTAGCGGGTGCGATCC-1,14.600547,13.786921,JM1
GTAGCGGGTTCCTTGC-1,2.9851625,-9.979055,U2OS OGG-/-
GTAGCTATCCTCACTG-1,-1.2344961,-2.7792401,HELA XPA-/-
GTAGCTTGTTAACCGT-1,18.70681,7.736086,143B
GTAGGAACATAAGGTC-1,17.761791,6.1293316,143B
GTAGGATAGCCTAAGC-1,10.959387,-1.1282674,ALLSIL
GTAGGCGGTTATCAGC-1,-1.8818883,4.1717567,HAP1 MUTYH-/-
GTAGGCGGTTCGTGTG-1,5.9662886,6.9155107,PF382
GTAGGGGCAAGCGCGT-1,14.46866,6.6114964,143B
GTAGGTAGTAAGTCTC-1,3.8407044,1.534914,JURKAT
GTAGGTAGTCATTCCC-1,15.45801,6.122353,143B
GTAGGTAGTTCACTCC-1,-1.5705293,3.4439595,HAP1 MUTYH-/-
GTAGGTGAGATTCCTC-1,4.1523356,2.9863296,JURKAT
GTAGGTGAGCATGCGT-1,7.4737415,14.868483,SUPT11
GTAGGTGAGGAGGCAC-1,15.501874,-6.7917633,C8166
GTAGGTGAGGCTCAGT-1,10.590347,-8.008802,TK6 LIG4-/-
GTAGGTTCAGCTCGAA-1,12.808832,14.493528,JM1
GTAGGTTCATAGGCGC-1,-1.8678105,-2.130299,HELA XPA-/-
GTAGGTTCATCGACCT-1,10.609496,-0.2571047,ALLSIL
GTAGTAAAGCCACACG-1,-4.4610596,3.3375075,HAP1 MUTYH-/-
GTAGTAAAGGTTAGGG-1,-3.7188454,2.743322,HAP1 MUTYH-/-
GTAGTAGGTAACTGCT-1,0.78917474,6.612342,PF382
GTAGTAGGTTAGTGTC-1,15.996931,7.687007,143B
GTAGTAGGTTCGCACA-1,13.124887,0.32150015,ALLSIL
GTAGTCATCAATTGCG-1,10.951788,-1.2481008,ALLSIL
GTAGTCATCGTGCTAA-1,15.441108,-6.9340806,C8166
GTAGTCATCTAACCCT-1,8.226465,3.4640574,NALM6
GTAGTCATCTCACACT-1,-3.063993,3.345671,HAP1 MUTYH-/-
GTAGTCGCACCATCGT-1,9.59708,-9.971392,TK6 LIG4-/-
GTAGTCGCAGGACATT-1,-2.6143563,2.746688,HAP1 MUTYH-/-
GTAGTCTGTCAGCACC-1,-4.2533703,4.2242436,HAP1 MUTYH-/-
GTAGTGAGTAACGTCT-1,1.3592361,9.156593,PF382
GTAGTGAGTAATGCCT-1,6.0908475,6.7507987,PF382
GTAGTGAGTTGGAATG-1,4.4055305,0.2960498,JURKAT
GTAGTTACAGCCAGTA-1,2.7418544,-8.789009,U2OS OGG-/-
GTAGTTACATCGCGTT-1,7.0621195,14.668224,SUPT11
GTAGTTACATCGGGAC-1,16.469307,7.157967,143B
GTAGTTGTCCATGCAA-1,14.5967455,5.4022837,143B
GTATAGAAGCGACTGT-1,14.551185,6.8800797,143B
GTATAGAAGGCATCAC-1,-3.4049098,1.7593632,HAP1 MUTYH-/-
GTATAGAAGGTGACTC-1,-1.07826,-2.4294698,HELA XPA-/-
GTATAGAAGTAGCACC-1,15.622869,-3.5892427,C8166
GTATAGAAGTGATGGG-1,15.849713,4.7306843,143B
GTATAGCCACTTCGCG-1,8.668852,5.3751087,NALM6
GTATAGCCAGTTGCAG-1,-2.069375,4.194285,HAP1 MUTYH-/-
GTATAGCCATAAGCCG-1,3.5887928,0.89401406,JURKAT
GTATCCGGTCAACGGG-1,2.1965857,-8.690515,U2OS OGG-/-
GTATCCGGTTATCTGA-1,15.81834,-7.713954,C8166
GTATCCTTCGACCCGA-1,5.7742796,0.66400474,JURKAT
GTATCGATCTTGAGTG-1,19.054935,7.5780916,143B
GTATGAAAGGAGCTGA-1,3.3177698,2.9322345,JURKAT
GTATGAAAGGCTCAGT-1,8.698229,3.0768473,NALM6
GTATGAAAGGTAGCGA-1,17.416397,4.9858975,143B
GTATGAAAGTTACGGC-1,3.3912902,-1.8767009,CHLA06ATRT
GTATGAAAGTTGCTGA-1,8.931011,-10.722305,TK6 LIG4-/-
GTATGAGGTAGCGAGT-1,7.63132,16.882542,SUPT11
GTATGCATCCTCTCTC-1,-3.512574,-2.3225114,HELA XPA-/-
GTATGGCTCAAGTTCG-1,2.357142,9.332811,PF382
GTATGGGAGCATTACG-1,14.441448,13.26049,JM1
GTATGGTCACCATACC-1,9.597823,-10.238083,TK6 LIG4-/-
GTATGGTCACTTGCTA-1,8.986491,-3.75914,CHLA06ATRT
GTATGGTCAGCTCAAG-1,-1.0862154,-2.5355444,HELA XPA-/-
GTATGGTCATCGAACG-1,3.9642537,-3.0846448,CHLA06ATRT
GTATGGTCATGGTACG-1,8.204889,-2.7577026,CHLA06ATRT
GTATGTTAGCGGTAGA-1,9.489125,5.2468185,NALM6
GTATGTTAGGTTCGTA-1,8.526215,-2.517479,CHLA06ATRT
GTATGTTAGTGCTCAA-1,-4.3167243,1.0664896,HAP1 MUTYH-/-
GTATTAGCAAGCGCAC-1,18.258818,4.92405,143B
GTATTCAGTAGTTGGA-1,16.687702,6.173757,143B
GTATTCAGTGCACCAC-1,11.416582,11.161719,JM1
GTATTCAGTTCTGTGG-1,1.7796359,8.781751,PF382
GTATTCAGTTGACCTG-1,-4.6036115,2.998668,HAP1 MUTYH-/-
GTATTCCTCGATCCTT-1,15.574569,-3.8342953,C8166
GTATTGGTCAGTAGTT-1,4.904768,1.2239058,JURKAT
GTATTGGTCATGCACA-1,15.144722,8.1891,143B
GTATTGGTCCCTGTCA-1,-1.4411191,-3.5456977,HELA XPA-/-
GTATTGGTCCTCAACT-1,-2.5117717,3.608622,HAP1 MUTYH-/-
GTATTGGTCGACCAAC-1,2.978305,-2.5081341,CHLA06ATRT
GTCAAACCACTTCGTA-1,15.332361,-6.159539,C8166
GTCAAACCAGGTTGCA-1,-1.0100182,-2.8589,HELA XPA-/-
GTCAAACCATGTCGGA-1,10.008908,-12.0164385,TK6 LIG4-/-
GTCAAAGGTAATGTCC-1,15.415528,-7.3445964,C8166
GTCAAAGGTTCGGTTG-1,-3.396231,-3.4955616,HELA XPA-/-
GTCAACATCAGTTCGA-1,11.785191,-1.1681333,ALLSIL
GTCAACATCCCATACT-1,3.807621,-2.1194348,CHLA06ATRT
GTCAACATCCTCGACC-1,5.871242,6.242513,PF382
GTCAATGTCCAACCAA-1,3.798186,-2.4371133,CHLA06ATRT
GTCAATGTCCAACCTT-1,9.936714,-11.452494,TK6 LIG4-/-
GTCAATGTCCCGCAGA-1,18.03751,6.8587203,143B
GTCAATGTCGTAGTTG-1,6.489015,-3.396064,CHLA06ATRT
GTCAATGTCTGGGATC-1,3.1910338,2.005717,JURKAT
GTCAATTAGCTACCAA-1,2.7648056,15.368424,TE617T
GTCAATTAGTAGTTCG-1,10.975753,-9.663964,TK6 LIG4-/-
GTCACCCTCCAGGTGT-1,5.0347877,5.339856,PF382
GTCACCCTCCCAGACG-1,3.0345533,-8.282854,U2OS OGG-/-
GTCACCCTCCGCTGCT-1,3.5280411,-9.730409,U2OS OGG-/-
GTCACCCTCGTTCGGG-1,16.627792,5.8568215,143B
GTCACCTCAGCAGGAG-1,10.398586,-11.75672,TK6 LIG4-/-
GTCACCTCAGGAACGG-1,1.6374707,7.232209,PF382
GTCACCTCATGACAGT-1,13.607797,12.277895,JM1
GTCACGTAGGCAACGA-1,3.202134,2.10869,JURKAT
GTCACGTAGTCATCTC-1,1.5272824,9.426784,PF382
GTCATAACACAATGCG-1,12.49629,6.9123597,143B
GTCATATAGGAGGACC-1,0.8712165,7.4619813,PF382
GTCATATAGGCAAGTG-1,-4.302341,1.0400236,HAP1 MUTYH-/-
GTCATATAGGTCACGT-1,10.054631,3.9025006,NALM6
GTCATATAGTCATGTG-1,7.5390434,16.19427,SUPT11
GTCATCAAGCATATAC-1,-2.7459545,2.7189448,HAP1 MUTYH-/-
GTCATCAAGCTGGCTG-1,2.383022,8.400725,PF382
GTCATCAAGTTGCAGC-1,12.186247,11.653417,JM1
GTCATTTCAATGCCTC-1,14.751446,4.4329195,143B
GTCATTTCAGCAGGGA-1,5.3015127,0.913187,JURKAT
GTCATTTCAGGCTACA-1,2.843096,-7.9519567,U2OS OGG-/-
GTCATTTCATGGTGTG-1,15.52502,-4.1936026,C8166
GTCCAATGTGACTCGC-1,1.2232362,6.8053527,PF382
GTCCAGGTCAGGTCGT-1,-4.520873,3.2570386,HAP1 MUTYH-/-
GTCCAGTAGGTAATTC-1,9.69603,-8.453579,TK6 LIG4-/-
GTCCATAAGTTACGAT-1,15.02089,-4.835746,C8166
GTCCATCCATGGTTAA-1,5.3161516,5.2530003,PF382
GTCCATGGTGAGGACT-1,12.523908,0.3488537,ALLSIL
GTCCATGGTTATCTCT-1,7.5988903,14.857926,SUPT11
GTCCATTTCCGGTTAA-1,9.074241,4.1796627,NALM6
GTCCCAAGTGCAAGTA-1,-4.8664064,3.548194,HAP1 MUTYH-/-
GTCCCAAGTGCGATCC-1,15.396217,6.76474,143B
GTCCCAAGTTCGATTA-1,14.579492,6.1329265,143B
GTCCCAAGTTTACAGC-1,15.439724,4.4631333,143B
GTCCCAAGTTTGACAC-1,-2.529207,4.664725,HAP1 MUTYH-/-
GTCCCGAAGGTGAGCA-1,15.748495,-6.5656533,C8166
GTCCCGTTCCACCGTC-1,10.433898,-0.7072054,ALLSIL
GTCCCGTTCCCTCTGA-1,10.398313,-11.839668,TK6 LIG4-/-
GTCCCTCAGTAACCTG-1,-2.6750548,5.116514,HAP1 MUTYH-/-
GTCCCTTGTAGCGCCT-1,-3.2845955,13.948717,KHM1B
GTCCCTTGTAGTGCCC-1,15.510879,7.499192,143B
GTCCCTTGTCTGTGAT-1,9.402769,-10.869578,TK6 LIG4-/-
GTCCGAACAATCGGGC-1,11.153155,-10.483774,TK6 LIG4-/-
GTCCGAACACCTGGAA-1,10.670151,-7.863324,TK6 LIG4-/-
GTCCGAACATCCTGAC-1,-4.2497663,13.730702,KHM1B
GTCCGATAGCCAACTA-1,3.7854476,-4.411648,CHLA06ATRT
GTCCGATAGTCGACAC-1,-3.3676107,3.660272,HAP1 MUTYH-/-
GTCCGCAAGGTTCAAT-1,11.570598,12.021278,JM1
GTCCGCAAGTCATAGT-1,10.460006,-9.240223,TK6 LIG4-/-
GTCCGCAAGTCGCATA-1,8.494468,3.3376276,NALM6
GTCCGCAAGTGCTGCG-1,1.6232212,5.005488,PF382
GTCCGCTTCGTGCGAT-1,5.466983,1.1510775,JURKAT
GTCCGTGAGCATGTGC-1,8.1312895,5.1972795,NALM6
GTCCGTGAGCCACTCC-1,14.135077,4.9232235,143B
GTCCGTGAGTTGGTCA-1,3.2873259,1.70049,JURKAT
GTCCGTTCAAGGTATC-1,16.390667,5.183419,143B
GTCCGTTCACATTGCC-1,-3.6276095,1.0196384,HAP1 MUTYH-/-
GTCCTAAAGCGGATTC-1,0.49452,15.042954,TE617T
GTCCTATTCTTGAACG-1,-3.0228724,-1.8847449,HELA XPA-/-
GTCCTCTGTATGTGCT-1,-2.6224449,-5.3757696,HELA XPA-/-
GTCCTCTGTTAGTGTC-1,15.558673,-6.6220717,C8166
GTCCTCTGTTCGGCGT-1,7.759639,16.792473,SUPT11
GTCCTGCTCATGGTTG-1,5.1190424,7.0364437,PF382
GTCCTGCTCCTGAAGC-1,10.97793,-8.051358,TK6 LIG4-/-
GTCCTGCTCGTGAATT-1,16.71219,5.9450736,143B
GTCCTTTAGGATTAGA-1,3.6377785,2.5734463,JURKAT
GTCCTTTAGTTGCTCT-1,4.5638967,-4.372179,CHLA06ATRT
GTCGACTAGCCTAAGC-1,14.865416,6.7300377,143B
GTCGACTAGGTAACTT-1,15.689962,8.11414,143B
GTCGAGGGTAACCACT-1,11.799759,-5.7028193,C8166
GTCGAGGGTCTAAGGA-1,21.49322,-0.2544848,SAOS2
GTCGATGCAGCCAATG-1,10.960233,-0.19024502,ALLSIL
GTCGATTGTTCGGTTG-1,19.015186,6.8435464,143B
GTCGCAACAACATGCG-1,-4.5095534,3.528956,HAP1 MUTYH-/-
GTCGCAACAGCACCAA-1,-2.4984832,-5.2895503,HELA XPA-/-
GTCGCCAAGGGTCCAT-1,-2.80235,-4.076735,HELA XPA-/-
GTCGCCAAGTAATGTC-1,15.47213,5.6922927,143B
GTCGCCAAGTGCGGAA-1,1.8441075,5.254162,PF382
GTCGCTAGTATTGGGA-1,8.190647,10.691891,RH30
GTCGCTAGTTGCGTGC-1,9.771432,3.8725452,NALM6
GTCGCTAGTTGTCTAA-1,3.7816288,1.0738702,JURKAT
GTCGGATTCGTTAGTG-1,-3.1528924,4.4533596,HAP1 MUTYH-/-
GTCGGCTGTCTTGGTG-1,-2.6335344,-3.7494223,HELA XPA-/-
GTCGGCTGTTATGTCA-1,-0.5180379,-3.6530395,HELA XPA-/-
GTCGGGTCAACCCTAC-1,8.837561,3.8437297,NALM6
GTCGGGTCAAGTGTCG-1,3.0945337,-2.6962352,CHLA06ATRT
GTCGGGTCAGGACTAT-1,-2.7431965,4.5662737,HAP1 MUTYH-/-
GTCGGGTCATCCCGTG-1,4.6589637,5.5377417,PF382
GTCGGTTAGCTGGAGA-1,14.696688,7.7209654,143B
GTCGGTTAGGTTGGGA-1,8.450099,4.723467,NALM6
GTCGTAATCGACTATG-1,11.962557,12.354159,JM1
GTCGTAATCGATAGCC-1,15.153105,-3.5600493,C8166
GTCTAACGTTGTCCGA-1,19.143436,5.5679893,143B
GTCTAAGTCTTGACTC-1,15.280237,-4.1927257,C8166
GTCTACAAGCAAGTGG-1,15.601102,6.745453,143B
GTCTACAAGCATATAC-1,8.175302,6.21808,NALM6
GTCTACAAGTATGACT-1,2.478565,-8.822833,U2OS OGG-/-
GTCTACCCATGGTAGT-1,-4.029465,3.143741,HAP1 MUTYH-/-
GTCTACTTCCCGCAAG-1,13.886896,7.354818,143B
GTCTATGAGCGAGCTT-1,-2.2746148,3.417328,HAP1 MUTYH-/-
GTCTCAAAGCGAAGTG-1,9.7805395,-10.277154,TK6 LIG4-/-
GTCTCACCAACGGCTA-1,11.039873,-10.915887,TK6 LIG4-/-
GTCTCACCAAGTGAAG-1,2.7373455,-9.268148,U2OS OGG-/-
GTCTCACCACAGGCGT-1,-1.3488829,-2.626679,HELA XPA-/-
GTCTCCGCATTCGCTA-1,8.100382,-3.2284555,CHLA06ATRT
GTCTCGCTCACACAGC-1,-0.42073923,-2.855744,HELA XPA-/-
GTCTCGCTCCAGGTGT-1,15.3518095,4.456595,143B
GTCTCGCTCCATAGAT-1,-2.3708138,-5.031224,HELA XPA-/-
GTCTCGCTCCGCCTGT-1,3.2837625,-9.631026,U2OS OGG-/-
GTCTGGACAACTCGCT-1,4.5377517,-4.874654,CHLA06ATRT
GTCTGGGTCTCACTCG-1,4.4526196,-2.8517423,CHLA06ATRT
GTCTGTCCAAGCTATA-1,13.3759985,-0.62630516,ALLSIL
GTCTGTCCAGCCAAGC-1,3.7447412,-8.04842,U2OS OGG-/-
GTCTTAAGTAAGGACC-1,11.320922,-5.8468056,JURKAT
GTCTTAAGTCCATTCC-1,-2.3876805,-4.0458093,HELA XPA-/-
GTCTTAAGTTCGAGTT-1,13.305257,14.397263,JM1
GTCTTAAGTTTGGTGT-1,18.375092,7.505872,143B
GTCTTCACAAGTGTGT-1,3.2389498,7.501109,PF382
GTCTTCACAGCACTAG-1,3.478079,2.5939245,JURKAT
GTGAAATGTGAGGCAT-1,1.7537005,12.628532,DND41
GTGAAATGTTCCCGTT-1,3.2536554,1.1093693,JURKAT
GTGAACAGTTCCCTTA-1,7.780152,-3.1003213,CHLA06ATRT
GTGAACAGTTTCACGG-1,14.053138,14.828188,JM1
GTGAAGGTCAGGGAAT-1,11.807047,12.11666,JM1
GTGAATCCAACTGGTG-1,-4.705,1.9872618,HAP1 MUTYH-/-
GTGAATCCAATCCCGT-1,18.58227,5.973561,143B
GTGAATCCAGGGCCAT-1,4.4376693,-3.1403682,CHLA06ATRT
GTGAATGGTAAGCAGC-1,1.4922065,16.89257,TE617T
GTGAATGGTTCCTCAC-1,8.727686,4.075946,NALM6
GTGACGAAGCGCATCG-1,7.350084,15.0819235,SUPT11
GTGACGTTCATGCAGC-1,3.5692437,-8.348158,U2OS OGG-/-
GTGACGTTCCCAGGCA-1,3.015939,2.1661756,JURKAT
GTGACTATCCTGACGG-1,-3.2726464,-2.886591,HELA XPA-/-
GTGACTATCGACATCA-1,18.784472,6.2155256,143B
GTGACTATCTGGCACG-1,18.401167,4.7262206,143B
GTGAGCGGTAACTCTA-1,6.6386576,16.699554,SUPT11
GTGAGCGGTCTCACTC-1,-0.6233986,-3.8117237,HELA XPA-/-
GTGAGGATCAGCCAAC-1,9.665381,-11.182963,TK6 LIG4-/-
GTGAGGATCGAACGCT-1,-2.224411,-5.470553,HELA XPA-/-
GTGAGGATCGTTACTC-1,19.123482,6.1423745,143B
GTGAGTAGTTGCTTCC-1,-3.4729917,-2.1823833,HELA XPA-/-
GTGAGTGAGTATGTAC-1,3.099784,-9.726705,U2OS OGG-/-
GTGATATTCGATATGT-1,-2.320746,-3.1752825,HELA XPA-/-
GTGATGCTCATCGTTC-1,11.371697,0.1491144,ALLSIL
GTGATGCTCATGCCTT-1,10.178735,-10.329639,TK6 LIG4-/-
GTGATGCTCCATTGCT-1,9.128735,-10.641267,TK6 LIG4-/-
GTGATGCTCCTGCCGT-1,2.1271923,15.124191,TE617T
GTGATGGAGCAGGTTC-1,13.820071,12.276848,JM1
GTGATGGAGGCGAGTA-1,3.496225,-1.7947599,CHLA06ATRT
GTGATGGAGGCGTATC-1,1.8018943,5.4412904,PF382
GTGATGGAGTTGGCGT-1,8.150644,16.229696,SUPT11
GTGATTGTCACTAACG-1,10.714224,-8.501631,TK6 LIG4-/-
GTGATTGTCATACTCC-1,-3.1720269,-2.571285,HELA XPA-/-
GTGATTTAGGTGAGCA-1,2.778123,6.6849165,PF382
GTGATTTAGTATGTAC-1,8.675993,10.500976,RH30
GTGCAATCAGTAAGTC-1,16.350689,7.689395,143B
GTGCACTAGAACGGGC-1,11.546183,0.35361603,ALLSIL
GTGCACTAGCCATGCG-1,-3.304541,2.768779,HAP1 MUTYH-/-
GTGCACTAGGGTGAAT-1,1.8505745,8.514982,PF382
GTGCACTAGTGAGCGA-1,4.9431252,7.510066,PF382
GTGCAGCCAACTTCCA-1,15.195858,4.0901704,143B
GTGCATATCGCTGACG-1,3.0782926,-3.5586295,CHLA06ATRT
GTGCATATCTTGACTC-1,4.071556,-3.4180253,CHLA06ATRT
GTGCATTGTAGGTGCG-1,1.5626581,-8.832598,U2OS OGG-/-
GTGCATTGTCTAAGTC-1,1.9257785,-8.880601,U2OS OGG-/-
GTGCATTGTTATGTGC-1,8.087057,3.451074,NALM6
GTGCCCAAGATTAGGA-1,15.102765,7.2720413,143B
GTGCCCAAGGCTCTGG-1,3.7352972,4.6263895,PF382
GTGCCTAGTCAACCCA-1,2.5018072,7.074996,PF382
GTGCCTAGTGATTAGG-1,8.649307,6.2615037,NALM6
GTGCCTAGTTGACTAC-1,15.020734,-5.9777045,C8166
GTGCGAAAGTACGCAC-1,9.996406,-12.2209215,TK6 LIG4-/-
GTGCGAAAGTTAGGCC-1,11.016971,-0.5120614,ALLSIL
GTGCGAGGTTAATTCG-1,-3.813774,4.531026,HAP1 MUTYH-/-
GTGCGAGGTTGACGTT-1,-2.088332,2.9587317,HAP1 MUTYH-/-
GTGCGAGGTTTGGTAC-1,7.106133,-4.0676556,CHLA06ATRT
GTGCGATTCGTTCCTG-1,-5.465499,3.078185,HAP1 MUTYH-/-
GTGCGATTCTGGTGTA-1,16.145702,5.8818226,143B
GTGCGCATCAGGTCCG-1,-2.8883955,2.3360348,HAP1 MUTYH-/-
GTGCGCATCGCTCGCT-1,3.360993,6.8255186,PF382
GTGCTAATCAGCTACA-1,16.362772,8.029347,143B
GTGCTAATCCATGCAA-1,12.139887,6.809765,143B
GTGCTAATCTAAGTCG-1,2.5852344,6.5683656,PF382
GTGCTATGTATAGCTC-1,4.745084,6.6792316,PF382
GTGCTCAGTAGTAGTG-1,14.71157,6.2181787,143B
GTGCTCAGTTCCGCAA-1,11.229031,12.356787,JM1
GTGCTCAGTTCCGGGT-1,15.67988,7.498543,143B
GTGCTCAGTTTGCATA-1,-1.7656467,4.198724,HAP1 MUTYH-/-
GTGCTTGGTCCATTAA-1,-3.1306677,-2.30817,HELA XPA-/-
GTGCTTGGTTGGAGTA-1,11.637163,-0.37312162,ALLSIL
GTGGAACGTAGCAGGT-1,15.532045,-4.341682,C8166
GTGGAACGTTATATCG-1,2.9454217,6.1045446,PF382
GTGGAACGTTGGATAG-1,1.9170921,15.499388,TE617T
GTGGAACGTTGTAGAG-1,21.16793,-0.57334715,SAOS2
GTGGACAAGGTTCCAA-1,8.517809,3.069431,NALM6
GTGGACCCAGCCATTC-1,17.065828,4.517659,143B
GTGGACCCATCCTCGG-1,7.942215,10.944061,RH30
GTGGACCCATCCTGAC-1,-0.7949738,-2.47267,HELA XPA-/-
GTGGAGGCACAGGATT-1,2.647551,15.511582,TE617T
GTGGATAGTTCACGCA-1,7.5082436,-2.9934604,CHLA06ATRT
GTGGATAGTTCGCTCT-1,5.649656,6.46984,PF382
GTGGATTCATTGGCGA-1,2.811032,-2.1583421,CHLA06ATRT
GTGGCAAAGCAATTAC-1,-3.3055787,4.0730267,HAP1 MUTYH-/-
GTGGCAAAGCGCTCTC-1,15.355339,5.364088,143B
GTGGCAAAGCTAGTTG-1,8.235917,-2.6921592,CHLA06ATRT
GTGGCAAAGGGGACGT-1,8.67144,5.9100304,NALM6
GTGGCAAAGGGTATCC-1,-3.8844292,1.4700311,HAP1 MUTYH-/-
GTGGCAAAGTATGACT-1,15.465426,6.351521,143B
GTGGCAGGTGGAAGTC-1,1.7624205,9.410178,PF382
GTGGCAGGTTATGACC-1,4.8209925,-5.000199,CHLA06ATRT
GTGGCAGGTTGAGTAG-1,-3.1142278,4.330581,HAP1 MUTYH-/-
GTGGCAGGTTGCTATA-1,8.292926,-3.0825992,CHLA06ATRT
GTGGCCATCAATGTAC-1,8.086825,3.8869214,NALM6
GTGGCCATCAGTATGT-1,-2.8597815,4.352208,HAP1 MUTYH-/-
GTGGCCATCGAATCTG-1,14.408994,3.4321344,143B
GTGGCCATCGTGAATT-1,-3.2183604,4.8692827,HAP1 MUTYH-/-
GTGGCGAGTAGTGAGC-1,2.8384771,8.479085,PF382
GTGGGATGTCTTGAAC-1,14.157135,6.0501976,143B
GTGGGCAGTGCGATGG-1,-4.0588355,0.8389715,HAP1 MUTYH-/-
GTGGGCAGTTGGCTGC-1,6.9576087,17.439606,SUPT11
GTGGGTAAGGATTAGA-1,-0.54935575,11.654168,DND41
GTGGGTAAGTCGAGCT-1,1.2500355,5.3817143,PF382
GTGGGTTTCAGGATGG-1,1.8590558,5.7705603,PF382
GTGGGTTTCATGGACC-1,-2.3692787,2.605695,HAP1 MUTYH-/-
GTGGTAAGTGATGGAC-1,3.416012,-9.707777,U2OS OGG-/-
GTGGTCACAATTAACG-1,17.875025,4.536384,143B
GTGGTCACACAGCATG-1,13.375658,-0.8467136,ALLSIL
GTGGTCACACCAGCTT-1,-0.95025474,-2.5774872,HELA XPA-/-
GTGGTCACAGGATTCG-1,5.8168473,6.944643,PF382
GTGGTCACATAGATGC-1,4.7652683,-3.440004,CHLA06ATRT
GTGGTGAAGCCACGCA-1,7.512673,16.209589,SUPT11
GTGGTGAAGGCATTCA-1,8.54323,-3.0125554,CHLA06ATRT
GTGGTGAAGTCATGTG-1,15.895381,5.788201,143B
GTGGTTATCATGGCCG-1,8.467327,3.4935923,NALM6
GTGGTTATCCCCAACC-1,13.861162,5.513153,143B
GTGGTTGCATGATCGG-1,11.767285,12.183239,JM1
GTGTAACCAGGGACGA-1,8.464058,16.32032,SUPT11
GTGTAACCAGGTAACT-1,13.6643915,-5.996053,C8166
GTGTAACCATCAATTC-1,13.168614,-0.086254984,ALLSIL
GTGTAACCATCCTCGG-1,-4.5632157,2.8036866,HAP1 MUTYH-/-
GTGTAAGGTTATCGGT-1,-2.2901049,-2.8645144,HELA XPA-/-
GTGTAGTCATTAGACA-1,19.788958,-2.3669283,SAOS2
GTGTCAATCCATATCC-1,7.404796,15.392544,SUPT11
GTGTCAATCCTGAAGC-1,-2.8100817,-5.156378,HELA XPA-/-
GTGTCAATCGACTTGA-1,-0.8186119,-2.5298824,HELA XPA-/-
GTGTCCCTCCGTGAAC-1,4.9392905,1.6471564,JURKAT
GTGTCCCTCCGTGATA-1,14.494513,13.664516,JM1
GTGTCCCTCCTCAATC-1,16.055946,6.41603,143B
GTGTCCCTCCTGGTAA-1,2.947356,7.442013,PF382
GTGTGAGAGCTAGTAT-1,-3.733746,14.229847,KHM1B
GTGTGGCCAATCAAGC-1,20.406979,-2.0133002,SAOS2
GTGTGTTGTCTAGAGA-1,3.9457786,-9.202768,U2OS OGG-/-
GTGTTACGTGCGTGGA-1,18.17648,8.380195,143B
GTGTTACGTTGGCCTA-1,10.199468,-10.317589,TK6 LIG4-/-
GTGTTAGTCCATTACC-1,17.064182,7.840702,143B
GTGTTAGTCGCGCTCT-1,-4.6659813,2.0742612,HAP1 MUTYH-/-
GTGTTATAGCAGTTCA-1,2.8726523,2.1729288,JURKAT
GTGTTATAGGTCAACC-1,3.062181,1.6644363,JURKAT
GTGTTATAGTCAAGGG-1,-3.4241824,2.8210144,HAP1 MUTYH-/-
GTGTTATAGTTACACG-1,-2.5417726,3.4344923,HAP1 MUTYH-/-
GTGTTCAAGAAGCGAT-1,7.069638,17.343487,SUPT11
GTGTTCAAGCGGTCTG-1,2.3760629,4.96989,PF382
GTGTTCCCACATACCC-1,3.315428,-2.0920403,CHLA06ATRT
GTGTTCCCACATGCTC-1,14.649984,6.4902215,143B
GTGTTCCCATAGACAC-1,18.490454,7.930752,143B
GTTAACTAGGTATAGA-1,8.590026,-2.7164044,CHLA06ATRT
GTTAAGGGTCAATGCT-1,13.783461,-5.77426,C8166
GTTAAGGGTCAGTAAG-1,-2.7921598,-2.8412035,HELA XPA-/-
GTTAAGGGTTCAAGTC-1,9.684579,-9.742512,TK6 LIG4-/-
GTTACCAAGGATGCCT-1,9.396254,-9.923648,TK6 LIG4-/-
GTTACCCCATGATATG-1,-4.6841393,3.7840512,HAP1 MUTYH-/-
GTTACCTTCCCTCAAT-1,17.527254,4.185965,143B
GTTACTTCACATACTT-1,-3.1686118,-2.8502097,HELA XPA-/-
GTTACTTCACTCATAT-1,7.8171253,16.251472,SUPT11
GTTACTTCAGTAAGGA-1,11.826535,-0.032673445,ALLSIL
GTTACTTCATCCTTAG-1,21.190649,-1.9369873,SAOS2
GTTAGAGGTTAGCGTT-1,3.7254808,0.5928814,JURKAT
GTTAGAGGTTCGCCAA-1,17.175247,6.0633745,143B
GTTAGCCAGGTGCAAG-1,16.834623,4.977042,143B
GTTAGCGCAAATCAGC-1,21.061522,-1.8221236,SAOS2
GTTAGCTGTAATGGAT-1,8.596487,3.2560165,NALM6
GTTAGGCTCCGTATGA-1,16.004074,5.14645,143B
GTTAGGGAGTAGAGTA-1,13.293356,-5.3280272,C8166
GTTAGGTCAAGGTCTG-1,14.85919,6.3173003,143B
GTTAGGTCAAGTCGTG-1,8.166276,6.204181,NALM6
GTTAGGTCACCTACTA-1,-0.18650083,-2.641374,HELA XPA-/-
GTTAGGTCATAACTGA-1,12.548398,-0.02954454,ALLSIL
GTTAGGTCATGGATGT-1,8.489491,-2.7225215,CHLA06ATRT
GTTAGGTCATGGCCTT-1,7.9607325,11.431414,RH30
GTTAGTTAGCTGGTCG-1,-3.246385,1.9252051,HAP1 MUTYH-/-
GTTAGTTAGGAGCCTT-1,15.536864,-3.6979356,C8166
GTTATCAGTCAGTCGC-1,15.278212,-4.055798,C8166
GTTATCAGTGCACGAG-1,15.507303,-7.6244173,C8166
GTTATCAGTTAGCGAA-1,14.464545,12.987428,JM1
GTTATCCTCAGCACGT-1,5.677501,0.60866266,JURKAT
GTTATCCTCCATGCCC-1,6.595822,17.55966,SUPT11
GTTATCCTCGCTAGAC-1,4.075114,-7.2645636,U2OS OGG-/-
GTTATCTCACCTGTGT-1,0.011276199,12.725046,DND41
GTTATGGTCACTCTGT-1,2.9753888,-10.1068945,U2OS OGG-/-
GTTATGGTCCATCTGT-1,15.27002,-5.001142,C8166
GTTATGGTCCCCTTAG-1,-4.5930514,3.7235942,HAP1 MUTYH-/-
GTTATGGTCCGGACAT-1,1.5131202,4.9437246,PF382
GTTCAATAGGAACCTC-1,16.330711,4.9851885,143B
GTTCAATAGGGGCAAC-1,-4.362815,2.5605855,HAP1 MUTYH-/-
GTTCACAAGCCAGGAA-1,9.625318,-10.377648,TK6 LIG4-/-
GTTCACAAGTCATCTC-1,6.907202,15.71137,SUPT11
GTTCACCCATCGATCC-1,10.881434,-0.31376952,ALLSIL
GTTCACTTCACGGACT-1,-1.3479775,3.6014192,HAP1 MUTYH-/-
GTTCACTTCAGCACGT-1,15.876645,4.6455913,143B
GTTCACTTCGTTAGCA-1,17.150572,4.477908,143B
GTTCAGGCAATGACAC-1,8.14603,10.985848,RH30
GTTCATTCATCCTGAC-1,14.620017,4.6308737,143B
GTTCATTCATCGGTAG-1,-3.8557036,3.4398017,HAP1 MUTYH-/-
GTTCATTCATGATTAG-1,18.14526,7.6061907,143B
GTTCCAAAGGTGCAGA-1,-3.8192706,2.3813496,HAP1 MUTYH-/-
GTTCCAAAGGTGGCAA-1,13.054576,-5.3897576,C8166
GTTCCAGGTTTACTAG-1,3.0141587,-7.7333326,U2OS OGG-/-
GTTCCCTGTGAGGAAG-1,10.791756,-8.596841,TK6 LIG4-/-
GTTCCGGAGTAACCAT-1,13.068367,-5.6301384,C8166
GTTCCTTAGATTAGAG-1,17.242157,5.545517,143B
GTTCCTTAGGATACTT-1,5.210695,0.92423964,JURKAT
GTTCCTTAGGCAATCC-1,9.87845,0.961082,ALLSIL
GTTCGAATCAGGCTTA-1,9.095134,-9.945423,TK6 LIG4-/-
GTTCGAATCCAATGCA-1,6.1342783,16.969051,SUPT11
GTTCGAATCGAATGGG-1,-3.1605277,4.4996796,HAP1 MUTYH-/-
GTTCGAATCTATGGGC-1,13.330046,0.129585,ALLSIL
GTTCGATGTTGCGCTA-1,2.1741314,-9.846368,U2OS OGG-/-
GTTCGCCTCGACTATG-1,13.393235,-0.011590463,ALLSIL
GTTCGTCCATTGCCAC-1,1.1097268,5.551746,PF382
GTTCGTTTCCTGTGAA-1,14.869178,5.3427744,143B
GTTCTAAGTAAGCGTA-1,3.2197134,-8.5602255,U2OS OGG-/-
GTTCTAAGTCATTCAA-1,21.757135,0.022240153,SAOS2
GTTCTAAGTGGGTAAC-1,15.533807,6.835018,143B
GTTCTAAGTTAAGGGC-1,3.3364925,6.930932,PF382
GTTCTAAGTTATCGTA-1,-2.3845947,3.8218398,HAP1 MUTYH-/-
GTTCTCACAAGTCGCA-1,5.393208,5.6441126,PF382
GTTCTCACATAGATGC-1,14.189101,13.680009,JM1
GTTCTCACATTAGGTA-1,6.6330376,16.117012,SUPT11
GTTGAAGGTAGCTGGG-1,1.3219326,7.8824263,PF382
GTTGAAGGTCTGGGTC-1,3.5033302,8.06601,PF382
GTTGAGGAGAACCTGC-1,1.3062508,8.423105,PF382
GTTGAGGAGGTTCCAA-1,13.531791,-5.3366475,C8166
GTTGATTAGCTAGTTG-1,-1.7998886,-4.935959,HELA XPA-/-
GTTGATTAGGTGAACG-1,13.013988,12.618919,JM1
GTTGCAATCCCCAGCT-1,-5.4810643,3.6869323,HAP1 MUTYH-/-
GTTGCAATCTAACCCT-1,-3.071332,-2.517146,HELA XPA-/-
GTTGCATGTCTAAGTC-1,10.743655,0.56911886,ALLSIL
GTTGCATGTTCGCGGT-1,15.474803,-5.281939,C8166
GTTGCCAGTAAGTGCA-1,2.5123098,4.800129,PF382
GTTGCCCTCACAGCCG-1,11.334013,12.547093,JM1
GTTGCCCTCACTAGCA-1,14.678042,5.813526,143B
GTTGCCCTCCTCTATA-1,11.522408,-9.881673,TK6 LIG4-/-
GTTGCCCTCGCTGACG-1,15.701665,4.7290306,143B
GTTGCCCTCGTGCTCC-1,2.775999,-8.547433,U2OS OGG-/-
GTTGCCTCAACTTCGC-1,3.6706126,0.5881461,JURKAT
GTTGCCTCATTAAGTG-1,1.091999,5.5570464,PF382
GTTGCGCGTAGCTATC-1,14.455059,3.5490422,143B
GTTGCGCGTTCGCCAA-1,9.520614,3.988267,NALM6
GTTGCGCGTTCGCGGT-1,9.297612,3.0927227,NALM6
GTTGCTGGTCTAACTA-1,17.018694,6.1926694,143B
GTTGGGTTCACTCGAA-1,2.3111145,-9.911342,U2OS OGG-/-
GTTGGGTTCCGCTGTC-1,15.362405,-5.097287,C8166
GTTGGGTTCTTGAGTG-1,15.413629,-3.7470949,C8166
GTTGGTTGTCCCGAAC-1,-3.8061333,2.3370287,HAP1 MUTYH-/-
GTTGGTTGTTGACCGC-1,3.3629177,-10.124644,U2OS OGG-/-
GTTGTACGTAACTTCA-1,8.712009,-3.2666793,CHLA06ATRT
GTTGTACGTGAACTAG-1,-5.1957235,2.2468455,HAP1 MUTYH-/-
GTTGTACGTGCGAGCA-1,3.1432493,-2.1155748,CHLA06ATRT
GTTGTACGTGGCTGAG-1,8.606106,-4.554253,CHLA06ATRT
GTTGTGATCAGGTCAC-1,12.070058,11.647491,JM1
GTTGTGATCCCAGGCA-1,9.309146,4.7263637,NALM6
TAAACGAAGCATCAAT-1,18.243317,6.30223,143B
TAAACGAAGGTATCGC-1,-4.647552,2.7685266,HAP1 MUTYH-/-
TAAACGGGTAGGTCGG-1,13.015542,0.21824668,ALLSIL
TAAACGGGTGAAGTTG-1,11.345917,11.394658,JM1
TAAACGGGTTAGCGTT-1,9.091058,-3.0114038,CHLA06ATRT
TAAATCGCAAACCCGA-1,3.8816824,6.08208,PF382
TAAATCGCAAATCACA-1,-0.5780344,-2.2718306,HELA XPA-/-
TAAATGCTCACTTGCT-1,2.8556616,1.434881,JURKAT
TAAATGCTCAGGACTC-1,3.324553,6.8894825,PF382
TAAATGCTCCTGCCGT-1,6.8498354,15.792965,SUPT11
TAACACTAGTAGACCC-1,0.6023911,7.378925,PF382
TAACAGCCAAATCGGT-1,-2.2271817,-4.13892,HELA XPA-/-
TAACAGCCACATTGCC-1,1.2268672,5.3492618,PF382
TAACAGCCACCTTCCC-1,-1.5043874,-2.9742727,HELA XPA-/-
TAACAGCCATCAAGTA-1,10.832322,0.097694196,ALLSIL
TAACCAACAAGTGGAA-1,17.964516,4.9610734,143B
TAACCAACATCCAAGG-1,3.5608954,6.926397,PF382
TAACCATAGCTATGTG-1,7.5184855,15.0738535,SUPT11
TAACCCTTCACAGGAG-1,3.2167604,-2.9094129,CHLA06ATRT
TAACCCTTCCTCGACC-1,8.813742,-4.799345,CHLA06ATRT
TAACCCTTCGCTCTAT-1,7.411309,15.991572,SUPT11
TAACCCTTCGCTGACG-1,11.568453,-1.4094388,ALLSIL
TAACCTAGTAGCCTGC-1,-2.873142,4.8650365,HAP1 MUTYH-/-
TAACCTAGTTATGGAG-1,0.73219246,11.440359,DND41
TAACCTAGTTCGATTA-1,18.44672,7.662543,143B
TAACGAAAGCCATTGA-1,13.691783,-5.506315,C8166
TAACGAAAGGATTGAA-1,-3.7024558,14.8862505,KHM1B
TAACGAGGTAACGCAA-1,19.416996,5.8912416,143B
TAACGAGGTGCGCGTT-1,-2.8621013,4.460779,HAP1 MUTYH-/-
TAACGAGGTTCCCGAA-1,2.5745153,-9.985005,U2OS OGG-/-
TAACGAGGTTTCAGGT-1,15.041974,8.025223,143B
TAACGATTCCGCGGTA-1,1.3592886,15.943761,TE617T
TAACGATTCCTGATAG-1,17.184845,4.6531754,143B
TAACGATTCTCATCTA-1,-1.8468223,-3.2215621,HELA XPA-/-
TAACGCGCACCACATC-1,4.8411126,7.2099524,PF382
TAACGCGCACTATGGG-1,-0.6414561,-3.4507146,HELA XPA-/-
TAACGGTCATAATTGG-1,11.439628,0.21426292,ALLSIL
TAACGGTCATGATTGA-1,15.225063,-4.563596,C8166
TAACTAGCAACCTCTA-1,17.431538,4.354846,143B
TAACTAGCATGGATCG-1,3.2670646,-3.5794866,CHLA06ATRT
TAACTCCTCATGTGAT-1,-0.19907859,12.407393,DND41
TAACTGACACCATTCA-1,3.1690457,6.989905,PF382
TAACTTGGTAGTGCAA-1,4.6347327,-2.7740421,CHLA06ATRT
TAAGCAAAGGCGCTAT-1,11.811991,11.418008,JM1
TAAGCAAAGTTGGTGC-1,-2.899612,-2.5237656,HELA XPA-/-
TAAGCACCATGGCCTT-1,16.708826,4.952648,143B
TAAGCAGGTCAAGTGA-1,8.303206,6.2606835,NALM6
TAAGCAGGTGATTACC-1,14.225686,14.22919,JM1
TAAGCAGGTTCCAGAT-1,4.0648603,-2.971503,CHLA06ATRT
TAAGCCATCACATACG-1,-5.49849,3.8391318,HAP1 MUTYH-/-
TAAGCCATCAGTTGAT-1,19.51238,-1.2925895,SAOS2
TAAGCCATCCCGCATC-1,18.966227,7.2509475,143B
TAAGCCATCCGTGAGT-1,-2.8671844,-4.907654,HELA XPA-/-
TAAGCCATCCTCTCAG-1,21.364658,-0.58327204,SAOS2
TAAGCCTGTAAGTTCC-1,3.347624,6.1746383,PF382
TAAGCCTGTAGTCAGA-1,11.031598,-10.940462,TK6 LIG4-/-
TAAGCCTGTTTGCATA-1,11.395531,-1.4503255,ALLSIL
TAAGCGCTCACACCAA-1,17.32423,6.3283443,143B
TAAGCGCTCAGGCAAG-1,16.269125,5.492068,143B
TAAGCGCTCGTTGCGG-1,7.165247,16.264214,SUPT11
TAAGCGGAGTGCGCTG-1,17.355677,8.166203,143B
TAAGGATGTCTGGGCT-1,15.43402,5.024634,143B
TAAGGCGAGAAGCCAG-1,16.967583,6.751001,143B
TAAGGCGAGCTAATGT-1,9.707676,-9.565397,TK6 LIG4-/-
TAAGGCGAGGCGATGA-1,20.20079,-1.7723348,SAOS2
TAAGGCGAGGCTACGT-1,-1.7564278,3.264331,HAP1 MUTYH-/-
TAAGGCGAGTAACCTG-1,3.4135168,6.8685365,PF382
TAAGGCGAGTACGGCT-1,15.298374,-5.682032,C8166
TAAGGCTCAAGGGTCC-1,1.751704,15.902332,TE617T
TAAGGCTCAGCAGGCT-1,7.5745473,-4.293818,CHLA06ATRT
TAAGGCTCAGGACTTG-1,1.7875578,8.776414,PF382
TAAGGCTCATTCAGCC-1,11.252509,-8.451476,TK6 LIG4-/-
TAAGGGGTCCACCTAT-1,-2.9772792,-2.8925476,HELA XPA-/-
TAAGGGGTCCACCTGC-1,9.692751,-9.838397,TK6 LIG4-/-
TAAGGGGTCGATGTAT-1,1.583638,9.026227,PF382
TAAGGGTAGTGGGTCT-1,-3.0695698,4.5546827,HAP1 MUTYH-/-
TAAGTCACAATGAGTC-1,16.357466,5.0833626,143B
TAAGTCACACCACAGA-1,5.1894097,1.0774034,JURKAT
TAAGTCCGTTGGGCCT-1,1.6201932,6.5232387,PF382
TAAGTGAAGCTTAGAT-1,3.3547165,1.7866011,JURKAT
TAATAGCTCACGGATC-1,18.86094,7.722268,143B
TAATAGCTCCTTGGTT-1,6.455313,10.684218,RH30
TAATCACAGATTCACG-1,14.366871,14.410548,JM1
TAATCACAGCGATACC-1,14.001736,14.723293,JM1
TAATCACAGCGCTTCC-1,10.462637,-9.462301,TK6 LIG4-/-
TAATCAGCACAACTAA-1,2.913125,6.471766,PF382
TAATCAGCATGCTGAG-1,16.105143,7.28055,143B
TAATCCCTCGATGTGC-1,3.2870922,-8.90394,U2OS OGG-/-
TAATCCCTCTGTCACT-1,0.9133131,6.121989,PF382
TAATCCTCAAGCGTGC-1,18.231785,6.2931423,143B
TAATCCTCAGTTGCGA-1,3.1843684,1.848201,JURKAT
TAATGAGAGCGATACC-1,2.625517,-8.418039,U2OS OGG-/-
TAATGGGGTTGCGATT-1,14.354595,13.590571,JM1
TAATGGTTCCCTTGAT-1,3.6119049,3.7027714,JURKAT
TAATGGTTCTGGTCGG-1,3.2565727,-7.9410815,U2OS OGG-/-
TAATTCCCACTCAGGA-1,-2.598917,-4.5634828,HELA XPA-/-
TAATTCCCAGCAGGGA-1,4.4310455,-3.464669,CHLA06ATRT
TAATTCCCAGCCATTC-1,19.828306,6.0155554,143B
TACAAGCCACAGGGCT-1,-4.153776,14.412213,KHM1B
TACAATGCAACTACTT-1,1.9793134,12.672414,DND41
TACAATGCACAAGGCC-1,7.504934,11.059557,RH30
TACAATGCACATTGCC-1,2.7895901,-9.764794,U2OS OGG-/-
TACAATGCAGCTAACG-1,19.081219,6.0093756,143B
TACACAACAATCAGCG-1,5.2416043,0.7400429,JURKAT
TACACAACATCGGTAG-1,3.6077561,-9.822428,U2OS OGG-/-
TACACCGGTCTAACCG-1,5.94195,6.9531417,PF382
TACACCGGTTCGGCTA-1,11.659137,-9.314348,TK6 LIG4-/-
TACACCTTCACTCCTG-1,3.549754,-10.071085,U2OS OGG-/-
TACACCTTCCACCTGC-1,-3.5775778,3.75287,HAP1 MUTYH-/-
TACACCTTCCTGCGCT-1,1.9538007,14.721011,TE617T
TACACTAGTCTGGTCA-1,11.868445,11.75649,JM1
TACACTTCATAGGGTT-1,10.154374,-12.203274,TK6 LIG4-/-
TACACTTCATGGATGT-1,4.209295,-8.574157,U2OS OGG-/-
TACAGATTCCTGTACT-1,7.5836563,15.497329,SUPT11
TACAGATTCGACTTGA-1,14.496261,6.676606,143B
TACAGCCAGCATGGAG-1,3.4963205,6.778575,PF382
TACAGCCAGGTACGAG-1,7.013185,16.930304,SUPT11
TACAGCCAGGTGACAG-1,12.101641,-5.589033,C8166
TACAGCGCACAAGGAA-1,12.52295,7.158846,143B
TACAGGGAGCGCTGCA-1,-4.8305306,2.9294996,HAP1 MUTYH-/-
TACAGGGAGGCGATAG-1,-2.3847773,-2.9846573,HELA XPA-/-
TACAGGGAGGGCTACT-1,-0.50880617,-2.5622964,HELA XPA-/-
TACAGGTCAGGACTTG-1,15.05046,-4.976572,C8166
TACAGTTAGTTGGGTC-1,15.524237,6.678959,143B
TACATAGCAACGTGCA-1,11.98434,11.288136,JM1
TACATAGCAATAGGGA-1,1.1781654,8.909042,PF382
TACATAGCAATATCGA-1,3.2954915,5.845625,PF382
TACATAGCATGGTCGA-1,-2.1067607,-2.6501513,HELA XPA-/-
TACATCAGTTGAGGTA-1,-4.184901,13.679669,KHM1B
TACATCCTCAGCCCGA-1,-3.359948,-3.8205228,HELA XPA-/-
TACATCCTCCAATGAT-1,2.9430554,2.4173129,JURKAT
TACATCCTCGTTAAGT-1,1.1715884,5.768299,PF382
TACATGACAACCAAGT-1,-3.5878048,2.0454988,HAP1 MUTYH-/-
TACATGACAAGGTATC-1,4.15161,-3.7770252,CHLA06ATRT
TACATGACATCGGTAG-1,-0.72653484,11.729104,DND41
TACATGACATGACCAG-1,16.582747,4.547181,143B
TACATTCCATAAGCCG-1,2.3638585,8.015942,PF382
TACATTCCATCACGTC-1,1.0643556,12.8949585,DND41
TACCAAGTCAAGTCGC-1,0.98398465,15.014015,TE617T
TACCAAGTCGTAACCA-1,14.8210945,-5.5598946,C8166
TACCAATAGGTCCAAC-1,7.9320126,4.6778736,NALM6
TACCAATAGGTTGGTC-1,6.48831,10.800411,RH30
TACCACGGTAACTCGT-1,1.391319,7.9416995,PF382
TACCACGGTGATCAGA-1,-0.10531885,-2.8723407,HELA XPA-/-
TACCAGGCACTTAGGG-1,4.3436017,-8.1897335,U2OS OGG-/-
TACCATAGTTATGCTA-1,3.7795327,1.0527492,JURKAT
TACCATAGTTGGGCAG-1,2.9396276,1.2245635,JURKAT
TACCATGAGGTTCAAT-1,17.612352,6.7229333,143B
TACCATTCAAGCATGT-1,8.816724,4.3455915,NALM6
TACCCAAAGGATGACG-1,-3.7543354,13.929627,KHM1B
TACCCAAAGTCGATCA-1,7.4749417,17.071674,SUPT11
TACCCAAAGTTAATGC-1,2.2519426,8.888671,PF382
TACCCAGGTCTAGAGA-1,8.765925,-9.747586,TK6 LIG4-/-
TACCCAGGTTAGCAGA-1,-2.3531919,-3.4819062,HELA XPA-/-
TACCCATTCCATTCGT-1,2.8420525,6.830772,PF382
TACCCCATCAGCTGGT-1,8.384424,4.109512,NALM6
TACCCCTGTAGTAACG-1,1.3865278,7.9436126,PF382
TACCCCTGTATAGTCC-1,-3.6872673,-2.8601296,HELA XPA-/-
TACCCCTGTGGCTGTC-1,2.9129632,1.7972798,JURKAT
TACCCGCTCGCGACAT-1,-2.520211,2.7755632,HAP1 MUTYH-/-
TACCCGCTCTAGTCGA-1,15.031025,5.0084577,143B
TACCCTTAGCGAGACA-1,2.131954,7.378503,PF382
TACCCTTAGCTATCAG-1,17.724384,6.5038323,143B
TACCCTTAGTAGCACC-1,15.595003,5.2830567,143B
TACCCTTAGTATCTCC-1,18.272797,7.976879,TK6 LIG4-/-
TACCCTTAGTCGACAC-1,-2.268099,4.162976,HAP1 MUTYH-/-
TACCCTTAGTGACCCG-1,8.571647,5.419134,NALM6
TACCGACAGGCAACGA-1,12.028682,6.933936,143B
TACCGACAGGTGAGCA-1,4.6741796,7.4985642,PF382
TACCGGACACCATCAC-1,9.934589,-12.1375885,TK6 LIG4-/-
TACCGGACAGGAGCCT-1,-1.6137402,-2.668772,HELA XPA-/-
TACCGGACATGACAGT-1,7.6167903,14.943788,SUPT11
TACCGTCCAACATAGC-1,16.057186,-4.723361,C8166
TACCGTCCACTCAAGG-1,-3.2021153,-3.234533,HELA XPA-/-
TACCGTCCATGATTAG-1,2.6361144,-8.715918,U2OS OGG-/-
TACCTAGAGCTATGTG-1,4.007542,6.103546,PF382
TACCTAGAGTAGCGAG-1,16.137127,4.583916,143B
TACCTCACAAAGGCAA-1,8.422087,10.598579,RH30
TACCTCACAACATGCG-1,16.602299,6.2234597,143B
TACCTCACAATTGACA-1,-1.7095907,-2.3690653,HELA XPA-/-
TACCTCACACTTAGGG-1,14.826474,6.741325,143B
TACCTCACATCCTGTA-1,4.231265,-3.6780913,CHLA06ATRT
TACCTCACATGGTAAC-1,19.482891,5.485792,143B
TACCTCCGTTAGGCTT-1,2.8413062,-7.9653425,U2OS OGG-/-
TACCTCCGTTCCCATC-1,19.967314,-2.1893635,SAOS2
TACCTGAAGTCAGGCT-1,-3.211439,-2.4001753,HELA XPA-/-
TACCTGTTCCCAGAGT-1,6.640335,16.987534,SUPT11
TACCTTGCAACGTGCA-1,-2.345666,-5.507466,HELA XPA-/-
TACCTTGCACATAGTA-1,15.584261,-6.22721,C8166
TACCTTGCAGCCAGGT-1,15.623398,8.356128,143B
TACCTTGCAGTACCCT-1,9.566472,5.5685062,NALM6
TACCTTGCATGATTGA-1,9.674611,-11.4581375,TK6 LIG4-/-
TACGAACCAGTAATCA-1,16.909916,3.9966807,143B
TACGAAGGTTACACAC-1,7.1043587,-2.5209262,CHLA06ATRT
TACGAGGAGCCGACAT-1,11.325184,-10.660205,TK6 LIG4-/-
TACGAGTCAAGCTTAA-1,0.51646405,15.284707,TE617T
TACGAGTCAATACTTC-1,-4.276461,4.42452,HAP1 MUTYH-/-
TACGAGTCACCATGCT-1,5.712183,6.8735814,PF382
TACGAGTCACTAGCAG-1,19.714994,-1.2824494,SAOS2
TACGATTAGCATGATT-1,9.380288,4.50226,NALM6
TACGATTAGGGCTGAA-1,-2.2086155,-3.0499327,HELA XPA-/-
TACGCAATCCAGCCCT-1,15.859696,-7.02677,C8166
TACGCAATCCAGGCCA-1,-1.5018777,-2.2350178,HELA XPA-/-
TACGCAATCGTACACA-1,18.53691,5.888997,143B
TACGCATGTGAGGACT-1,2.9011075,-2.6109734,CHLA06ATRT
TACGCCTCAAGCACGC-1,15.020862,6.984515,143B
TACGCCTCAATTGCCC-1,14.260734,6.199188,143B
TACGCCTCATGACCGA-1,4.030507,0.75579506,JURKAT
TACGCTAAGGTCATAT-1,5.811338,6.1010394,PF382
TACGCTGGTTGAAGGC-1,13.177265,13.699167,JM1
TACGGGCCAAACTACA-1,-4.3471203,3.4855638,HAP1 MUTYH-/-
TACGGGCCATTAGTAG-1,17.39048,7.3517084,143B
TACGGTTGTCAAGTCT-1,11.556808,-10.287426,TK6 LIG4-/-
TACGTAGTCACTCCAT-1,7.7762976,16.243517,SUPT11
TACGTAGTCCTCACTG-1,13.360432,6.963487,143B
TACGTAGTCGATTCCT-1,3.5405042,-9.901939,U2OS OGG-/-
TACGTAGTCTAGCGCG-1,3.1303637,-2.1234858,CHLA06ATRT
TACGTAGTCTATCCGT-1,12.059936,12.511437,JM1
TACGTCAAGAACGAGT-1,-2.6918614,2.7833393,HAP1 MUTYH-/-
TACGTTGAGCCCGTCT-1,3.1833785,-3.5979273,CHLA06ATRT
TACGTTGAGTCAGGAG-1,2.7865124,1.6665511,JURKAT
TACTACCTCCCCTGGT-1,-2.5465117,-3.263532,HELA XPA-/-
TACTACCTCCTGATTC-1,5.5288057,5.513195,PF382
TACTACTCACAAGGTT-1,15.231424,-4.4291873,C8166
TACTACTCATCACGAG-1,-2.7045338,-3.1682827,HELA XPA-/-
TACTATGGTAGCAGCG-1,9.157791,-9.14352,TK6 LIG4-/-
TACTATGGTTGGTGCC-1,-2.4322057,-4.7179837,HELA XPA-/-
TACTATGGTTTGATTG-1,4.3988523,-4.203443,CHLA06ATRT
TACTCATCAACCAACG-1,9.293846,2.3675904,NALM6
TACTCATCAAGGGAAC-1,8.140756,11.192317,RH30
TACTCATCAATTCGGG-1,-3.7602174,2.999956,HAP1 MUTYH-/-
TACTCATCATTCAACT-1,-1.6418713,2.9766889,HAP1 MUTYH-/-
TACTCCACAAGGTACT-1,-1.0695871,-2.51728,HELA XPA-/-
TACTCGCCAATAGGGA-1,3.2851806,2.6458225,JURKAT
TACTCGCCACAGCATG-1,16.72455,4.269312,143B
TACTCGCCACCAACGA-1,10.853097,-8.261922,TK6 LIG4-/-
TACTCGCCACTATCCA-1,-3.2341928,14.337808,KHM1B
TACTCGCCATAGGTTA-1,5.595055,6.892782,PF382
TACTCGCCATCCCGAT-1,4.9875317,7.329609,PF382
TACTGATAGAACCAGG-1,13.610729,-0.8840078,ALLSIL
TACTGATAGATTGGCC-1,11.919999,-1.439929,ALLSIL
TACTGATAGCAGTTCA-1,11.862339,11.306072,JM1
TACTGATAGGCATCAC-1,1.4611821,8.662962,PF382
TACTGGATCACCAGAC-1,8.023996,15.842816,SUPT11
TACTGGATCCGCTGTC-1,3.7189217,-3.83859,CHLA06ATRT
TACTGTTCAACCAGAT-1,8.720176,4.7355,NALM6
TACTGTTCATTACTGT-1,14.894408,5.5281043,143B
TACTTAGGTTGGTAAG-1,5.6955037,15.065504,SUPT11
TACTTCATCAATCACG-1,11.188761,-0.23842396,ALLSIL
TACTTCATCCATAGGC-1,16.039625,4.4718013,143B
TACTTCATCCATCCTG-1,-1.4183534,7.1240387,C8166
TACTTCATCCGGTGTG-1,-3.3620186,3.4422555,HAP1 MUTYH-/-
TACTTGCTCCGTTAGA-1,-4.451835,4.384042,HAP1 MUTYH-/-
TACTTGCTCGCATGTA-1,17.13968,4.6651506,143B
TAGCACGCACAACGGC-1,7.024008,16.841251,SUPT11
TAGCACGCATCAATCT-1,3.4547718,2.2381952,JURKAT
TAGCAGTCAACTAATG-1,8.108092,-3.3178706,CHLA06ATRT
TAGCAGTCAATGCCTC-1,16.394297,-5.5531845,C8166
TAGCAGTCAGGACAGG-1,2.12938,8.793602,PF382
TAGCATTAGCCGCATG-1,9.412411,4.655739,NALM6
TAGCATTAGTGAAGCG-1,8.332917,3.4277275,NALM6
TAGCCAATCAATCGTG-1,10.142974,-10.443764,TK6 LIG4-/-
TAGCCAATCATCGAGC-1,5.231828,5.0139184,PF382
TAGCCACAGTTGCGGT-1,16.412853,6.594586,143B
TAGCCAGCAACCCGAA-1,15.371867,-4.2670474,C8166
TAGCCAGCAGCTCTGT-1,-2.0791426,-3.9205294,HELA XPA-/-
TAGCCCTCAACCAAGT-1,3.4487655,-7.2551026,U2OS OGG-/-
TAGCCCTCACCTCAGT-1,8.009359,4.5594244,NALM6
TAGCCTGGTAAGCTCT-1,9.790868,5.1312637,NALM6
TAGCCTGGTTGCATAC-1,14.240129,13.454021,JM1
TAGCCTGGTTTCCTCA-1,-2.8526819,5.29409,HAP1 MUTYH-/-
TAGCGAAGTGCGAGAT-1,-5.2349043,3.806699,HAP1 MUTYH-/-
TAGCGAAGTTCCAGGC-1,13.120325,14.054577,JM1
TAGCTAGTCACAGGAG-1,-0.069980085,12.336232,DND41
TAGCTAGTCATGCACA-1,-2.934512,-2.763481,HELA XPA-/-
TAGCTAGTCGATCGGT-1,6.182446,11.259135,RH30
TAGCTCCCAAACCTGG-1,15.14608,4.511533,143B
TAGCTCCCAAGCTATA-1,14.3393,5.01017,143B
TAGCTCCCAAGGTGAA-1,4.453232,6.8906126,PF382
TAGCTCCCAGGGCTAC-1,9.051866,3.0149636,NALM6
TAGCTCCCATTGGCAG-1,4.564166,1.2093393,JURKAT
TAGCTGATCAGTTACG-1,15.944674,7.998908,143B
TAGCTGATCGCTATCT-1,8.090735,15.744565,SUPT11
TAGGAGTAGAATCGAA-1,5.3631415,6.7451344,PF382
TAGGAGTAGCATGTAT-1,9.013676,-3.1029477,CHLA06ATRT
TAGGAGTAGCTAAGTT-1,8.0946245,5.5165215,NALM6
TAGGAGTAGGTGCTGT-1,16.023895,4.6445274,143B
TAGGAGTAGTAAGTAG-1,7.16482,17.09144,SUPT11
TAGGATGGTTAGGTAG-1,7.4695096,-2.9860477,TK6 LIG4-/-
TAGGATGGTTCATCGG-1,19.655,7.2499104,143B
TAGGATGGTTCGCTAG-1,9.350658,-10.801357,TK6 LIG4-/-
TAGGATGGTTGGGCCT-1,20.40593,-2.1826522,SAOS2
TAGGCAAGTCTGTGGC-1,3.6097677,1.5803944,JURKAT
TAGGCAAGTTATGGGA-1,1.2377765,12.210371,DND41
TAGGCCACACCTACTA-1,8.524454,16.581095,SUPT11
TAGGCGAAGGTTGAGG-1,10.685311,-8.87213,TK6 LIG4-/-
TAGGCTGCAGCCTACT-1,-3.7220771,4.229738,HAP1 MUTYH-/-
TAGGCTTGTAGCTATC-1,12.492469,-1.1409582,ALLSIL
TAGGCTTGTGATAGGC-1,12.716153,-4.7993727,C8166
TAGGCTTGTTAGAGTG-1,11.413225,0.54883546,ALLSIL
TAGGCTTGTTGAGGCG-1,0.68460983,15.023131,TE617T
TAGGGCTTCGTCTACT-1,-2.6224923,-5.4475403,HELA XPA-/-
TAGGGTAGTAGCTCGC-1,3.2251337,-10.260416,U2OS OGG-/-
TAGGGTAGTGCAACTT-1,1.7701865,5.274519,PF382
TAGGGTAGTTGTCTGG-1,8.483973,5.1462064,NALM6
TAGGGTGAGCGCTGTG-1,17.334993,7.0586243,143B
TAGGGTGAGGAGCTAG-1,-4.357247,3.011972,HAP1 MUTYH-/-
TAGGGTTCAGGCTACA-1,15.307296,4.5948267,143B
TAGGGTTCATTGCACC-1,3.8856225,-3.466722,CHLA06ATRT
TAGGTAGGTCAATCAC-1,15.375092,-6.8739266,C8166
TAGGTAGGTGCAGTCC-1,10.731149,-8.9209795,TK6 LIG4-/-
TAGGTAGGTGGCGAAT-1,18.93739,7.1023574,143B
TAGGTCATCCGGGTCA-1,14.744896,-4.1002088,C8166
TAGGTCATCGCGTGTG-1,11.256437,0.052992973,ALLSIL
TAGGTGAGTCTAAGGA-1,6.5865135,17.292023,SUPT11
TAGGTGAGTGAGTGGT-1,14.241964,14.764615,JM1
TAGGTGGAGGGGATGC-1,17.474588,8.144623,143B
TAGGTGGAGTCGAGGA-1,8.268881,16.291632,SUPT11
TAGGTTACACCATCAC-1,-1.1737932,6.914225,C8166
TAGGTTACATAATCCT-1,8.452003,5.306373,NALM6
TAGGTTTAGATTCCAG-1,3.173783,6.2012053,PF382
TAGGTTTAGGATGCCT-1,1.7578596,15.525159,TE617T
TAGTACCGTCAACCTG-1,17.627611,6.707204,143B
TAGTACCGTGACGAGT-1,14.472271,5.993519,143B
TAGTACCGTTGTGATC-1,13.353461,-4.698624,C8166
TAGTAGCCACAAGGAA-1,15.439188,4.969678,143B
TAGTAGCCATTCAACT-1,-1.4524596,3.298729,HAP1 MUTYH-/-
TAGTCAACAAGTGCTG-1,10.216108,-7.9509206,TK6 LIG4-/-
TAGTCCCCAAGCTTCC-1,2.90996,-8.721185,U2OS OGG-/-
TAGTCCCCACAAGGCC-1,18.819649,6.07984,143B
TAGTCCCCAGTTAGCG-1,3.1966693,-1.8033546,CHLA06ATRT
TAGTCCTTCAATTGCG-1,-2.0854664,3.5202706,HAP1 MUTYH-/-
TAGTCCTTCCTGCTCA-1,15.140169,-3.7437234,C8166
TAGTCCTTCGCGTTGG-1,17.504452,5.456782,143B
TAGTCCTTCTTGACGA-1,15.352286,5.6726165,143B
TAGTGAGGTTCCGTAG-1,15.165822,4.585994,143B
TAGTGCATCACGTAAT-1,15.963682,-4.871217,C8166
TAGTGCATCCGGACAT-1,18.629995,7.3653836,143B
TAGTGGCTCGATGCGT-1,15.556777,-4.576374,C8166
TAGTGGGAGTCGATCA-1,9.123147,-10.142843,TK6 LIG4-/-
TAGTTAGCAAGTAACC-1,3.130264,8.305557,PF382
TAGTTCCTCCTGTACT-1,14.544718,-4.90657,C8166
TAGTTCTCATGCGCTT-1,4.6066356,1.3856275,JURKAT
TAGTTTCCAGGTTGGC-1,16.295906,7.295323,143B
TAGTTTCCATAACCTT-1,18.908997,7.2080574,143B
TAGTTTGGTAATTCGC-1,9.438152,-9.126414,TK6 LIG4-/-
TAGTTTGGTCATGCTG-1,0.100403704,12.428148,DND41
TATACAGCATCGGTGA-1,7.874704,15.6478615,SUPT11
TATACCCTCCGCTGTC-1,7.9324102,16.47188,SUPT11
TATACCCTCCGTCATT-1,11.338806,-9.810384,TK6 LIG4-/-
TATACCCTCCTTGACT-1,12.303606,-0.250172,ALLSIL
TATACGTAGCGAGACA-1,1.7848959,9.539541,PF382
TATACGTAGGTGAACG-1,2.120657,8.401007,PF382
TATACGTAGTGAGGCA-1,15.023175,4.5682573,143B
TATACTGGTAGCCTCA-1,19.660988,5.7891936,143B
TATACTGGTCTAATGC-1,12.261576,11.820693,JM1
TATAGGCCAACTACGG-1,-3.396717,-2.4185736,HELA XPA-/-
TATAGGCCAATACGGT-1,13.352006,12.439319,JM1
TATAGGGGTAGCCATT-1,3.3963213,8.159839,PF382
TATAGGGGTAGTGTGA-1,14.733646,5.297167,143B
TATAGGTTCCTTGATC-1,8.9781475,4.2120504,NALM6
TATAGGTTCGCTATGA-1,3.468943,-3.5980968,CHLA06ATRT
TATAGTCAGCAGGGTA-1,15.580673,7.3379292,143B
TATAGTCAGCTAGGGA-1,-0.96376586,-2.6280189,HELA XPA-/-
TATAGTCAGGTTAGGG-1,17.028675,4.707503,143B
TATAGTCAGTGAGATA-1,7.808234,-4.465532,CHLA06ATRT
TATATCCCAAGTGTAC-1,3.500899,-8.816187,U2OS OGG-/-
TATATCCCATCACGAG-1,15.1143465,7.051865,PF382
TATCACCTCGCGTGTG-1,9.00558,-10.950074,TK6 LIG4-/-
TATCACCTCTGGATTG-1,10.961128,-1.2903214,ALLSIL
TATCAGTAGCATCTAG-1,10.036293,4.760292,NALM6
TATCAGTAGTAGACCC-1,15.904548,7.339547,143B
TATCAGTAGTGCGGAA-1,14.913881,-4.8619437,C8166
TATCATCCAAAGGCCC-1,9.89378,4.0126348,NALM6
TATCATCCATGAAGGA-1,9.019592,-3.086119,CHLA06ATRT
TATCATGGTCATCATA-1,7.2302628,17.500488,SUPT11
TATCCAAGTTCGAATC-1,17.7123,7.7624893,143B
TATCCGCCAAGTAGAG-1,-1.919232,-2.7080853,HELA XPA-/-
TATCCGCCAAGTGATC-1,10.918603,-0.10169475,ALLSIL
TATCCGCCATTACTGT-1,-3.3973625,3.8128467,HAP1 MUTYH-/-
TATCCTTGTCAAGGCG-1,19.786701,-0.9454804,SAOS2
TATCGAACAATAGGCT-1,2.9043336,8.999511,PF382
TATCGGGCATGCAGAT-1,3.5463476,6.6313186,PF382
TATCGTAGTGGAGCTG-1,2.3810294,6.7831097,PF382
TATCGTAGTTTCGAGT-1,0.76661474,11.387232,DND41
TATCTCATCCCCAGCT-1,14.504071,-5.175138,C8166
TATCTGCTCAATCAGT-1,14.894176,13.574265,JM1
TATCTGCTCCGTAGCG-1,2.330275,-9.996718,U2OS OGG-/-
TATCTTGTCCAGGTAC-1,-0.527757,-3.779063,HELA XPA-/-
TATCTTGTCCTCGTTG-1,18.915842,7.539724,143B
TATGAGAAGTATGGAA-1,6.671612,15.667514,SUPT11
TATGAGGGTTTAGGAG-1,13.218966,6.6035433,143B
TATGATGCAAGTATCA-1,8.876301,-11.04408,TK6 LIG4-/-
TATGATGCACTTAACT-1,17.452286,5.1918683,143B
TATGCAACAATCGTCC-1,7.4419913,15.088181,SUPT11
TATGCAACACAGCGTA-1,14.52757,14.237676,JM1
TATGCAACACAGGACC-1,15.238025,-4.118872,C8166
TATGCCCCAAGTGCGC-1,1.0222076,6.4732957,PF382
TATGCTAGTCAGGACG-1,11.968247,13.264584,JM1
TATGGCCAGCGGTCAT-1,18.46125,6.955709,143B
TATGGCCAGGGTTGAG-1,8.321307,-2.5786252,CHLA06ATRT
TATGGCGCAGTACCCT-1,18.524225,8.164441,143B
TATGGCTGTTGAGCAA-1,6.751629,15.711243,SUPT11
TATGGGTCATAAGCAC-1,11.710506,11.522101,JM1
TATGTCAGTAATGTGG-1,3.3106914,-1.8595014,CHLA06ATRT
TATGTCAGTCTAACGT-1,3.6877282,4.2773256,PF382
TCAAACTAGCGATCTA-1,-2.6683967,3.016058,HAP1 MUTYH-/-
TCAAAGCCAAAGGAGC-1,2.5753837,-10.322257,U2OS OGG-/-
TCAAAGCCAACCGTGA-1,6.2330785,10.775011,RH30
TCAAAGCCAAGCCAGC-1,9.71508,-11.55798,TK6 LIG4-/-
TCAAAGCCATAGGTTA-1,-2.7197897,-2.6943238,HELA XPA-/-
TCAAAGCCATCAAGCG-1,15.942288,-7.572698,C8166
TCAAATGCAAACCGAT-1,9.1178465,4.9930563,NALM6
TCAAATGCACAACGTG-1,15.380131,7.4358187,143B
TCAACCAAGTCGAGCT-1,4.6953144,-3.6661863,CHLA06ATRT
TCAACTGAGCATTGAT-1,-2.739313,-3.254527,HELA XPA-/-
TCAACTGAGTCAACCA-1,-1.3578675,3.8131666,HAP1 MUTYH-/-
TCAATCCTCAGCCATA-1,6.646542,16.167393,SUPT11
TCAATCCTCATCAAGT-1,-3.0645635,1.9217279,HAP1 MUTYH-/-
TCAATCTCAAGCTAAC-1,6.79517,-4.1070943,CHLA06ATRT
TCAATCTCACTAGGTG-1,-3.3477986,3.1349237,HAP1 MUTYH-/-
TCAATGGTCAATTCCC-1,-6.9437113,8.387424,EOL1
TCAATTGGTAGCGGTG-1,6.2305245,16.817762,SUPT11
TCAATTGGTTTCGGAT-1,10.430896,-0.62892276,ALLSIL
TCACAATAGCATGACC-1,17.572653,6.4226675,143B
TCACACCCAAGCGCGT-1,-3.6753654,13.559647,KHM1B
TCACACCCACTCGGTT-1,9.998559,-12.26579,TK6 LIG4-/-
TCACACCCAGCCAGTA-1,-0.85913956,-2.5168493,HELA XPA-/-
TCACACGGTCATGTCG-1,6.9647326,-2.6092875,CHLA06ATRT
TCACACGGTGATGAAT-1,3.1344042,0.9407792,JURKAT
TCACAGGCACTTGGCT-1,0.9085958,8.232281,PF382
TCACAGGCAGCATGTG-1,2.3101852,14.997017,TE617T
TCACATAGTCATCACG-1,3.079446,0.91851765,JURKAT
TCACATGAGGAACTAA-1,3.197742,6.5983005,PF382
TCACATGAGTTAGCCA-1,-2.2948046,-2.8403037,HELA XPA-/-
TCACCCGCAAAGGACA-1,17.403755,6.396741,143B
TCACCCGCAGGCTTGA-1,15.517493,-5.387571,C8166
TCACCCTGTCAACTCG-1,11.321274,-0.033554126,ALLSIL
TCACCCTGTCTGTGGC-1,19.167501,6.1480637,143B
TCACCCTGTTGCACTG-1,6.468115,-2.5711877,CHLA06ATRT
TCACCCTGTTGCGTCA-1,7.6668577,15.56367,SUPT11
TCACCGCTCGTTCCTG-1,9.247057,4.171294,NALM6
TCACGAATCACCCTTG-1,16.80266,6.71183,143B
TCACGAATCCGGTAAC-1,2.6217291,-8.315915,U2OS OGG-/-
TCACGAATCGTTCATC-1,-5.1454644,2.659051,HAP1 MUTYH-/-
TCACGACAGCCAATCA-1,3.0311382,6.990406,PF382
TCACGACAGCCTGACG-1,14.774132,7.9636397,143B
TCACGATGTTTCAGGT-1,9.307581,5.389188,NALM6
TCACGCCTCAGGAGCA-1,-2.4598007,2.6255002,HAP1 MUTYH-/-
TCACGGACACTTCACA-1,1.9099303,9.378563,PF382
TCACGGACATCCGTCG-1,-3.942879,4.082881,HAP1 MUTYH-/-
TCACGGGTCAGGCATC-1,-2.7915218,2.0242403,HAP1 MUTYH-/-
TCACGTCCAACGTTAA-1,9.973868,4.702952,NALM6
TCACGTCCAATATCCT-1,11.556822,-9.267495,TK6 LIG4-/-
TCACGTCCACATTCAT-1,-4.667197,3.9795594,HAP1 MUTYH-/-
TCACGTCCATCACAGG-1,1.070186,7.694031,PF382
TCACGTTTCAGTGCGT-1,-3.1340082,2.3740237,HAP1 MUTYH-/-
TCACGTTTCGCGTTCC-1,14.919105,-3.8621166,C8166
TCACGTTTCTAATGAC-1,20.233364,-1.0883557,SAOS2
TCACTCACAAACCAAC-1,13.936391,12.73733,JM1
TCACTCACAGCACGTA-1,11.27072,-5.8605185,PF382
TCACTCCGTTAACGAG-1,3.9211426,5.3420568,PF382
TCACTCCGTTGCTGAT-1,11.138574,-10.099498,TK6 LIG4-/-
TCACTGTTCCCGCGTT-1,-3.8927467,2.4622874,HAP1 MUTYH-/-
TCACTGTTCCTTCATA-1,8.91806,6.157192,NALM6
TCACTTATCCCTCGGT-1,-2.989726,-1.9684224,HELA XPA-/-
TCACTTATCCGCACGA-1,9.61387,-11.000072,TK6 LIG4-/-
TCACTTATCGTTACAG-1,2.0169303,15.756167,TE617T
TCACTTGCATTACTAC-1,-2.3178391,-5.5258,HELA XPA-/-
TCAGAGGAGGCTCCGA-1,9.61729,3.985587,NALM6
TCAGAGGAGGTATGGG-1,-0.8697768,-2.660088,HELA XPA-/-
TCAGAGGAGTTGGTAT-1,5.7711406,6.859145,PF382
TCAGATTAGATACTCG-1,-3.2982595,2.7898498,HAP1 MUTYH-/-
TCAGATTAGATAGGTA-1,9.844092,-11.811525,TK6 LIG4-/-
TCAGATTAGCCAGCCA-1,15.41783,-7.7274604,C8166
TCAGATTAGCTAGCGT-1,6.9391494,9.77046,RH30
TCAGATTAGGGTAGAT-1,15.42979,6.4348927,143B
TCAGCAATCACCTAAG-1,11.709315,-9.789196,TK6 LIG4-/-
TCAGCAATCATGGATT-1,13.320708,-5.3292494,C8166
TCAGCAATCATGGTGC-1,-4.457412,3.943082,HAP1 MUTYH-/-
TCAGCATGTTTAGTTG-1,-4.0267935,1.0195526,HAP1 MUTYH-/-
TCAGCCAGTGGACACG-1,8.162192,10.569474,RH30
TCAGCGCGTGACTCCA-1,10.41189,-8.014995,TK6 LIG4-/-
TCAGCTAAGATTCAGT-1,3.71323,-7.90788,U2OS OGG-/-
TCAGCTAAGATTGATC-1,2.1384242,-8.983096,U2OS OGG-/-
TCAGCTAAGGTATCGC-1,-3.5196958,4.5422716,HAP1 MUTYH-/-
TCAGCTAAGTGCAAGG-1,10.250819,-8.635262,TK6 LIG4-/-
TCAGGTCAGGTAACTT-1,-3.6462266,0.8607959,HAP1 MUTYH-/-
TCAGGTTGTGCGTGTC-1,15.417493,-7.6868987,C8166
TCAGGTTGTTAATCGC-1,13.475888,-5.516255,C8166
TCAGTAACATCCCTGG-1,-2.1999876,3.262464,HAP1 MUTYH-/-
TCAGTAGTCAGTTCGA-1,11.450666,11.109109,JM1
TCAGTAGTCATCGTTC-1,6.8216186,9.989222,RH30
TCAGTAGTCATCTCAC-1,-2.6298227,3.2755537,HAP1 MUTYH-/-
TCAGTAGTCGTCTCAT-1,17.183607,6.6664395,143B
TCAGTAGTCTATGCCT-1,6.906234,15.086001,SUPT11
TCAGTATAGCATGGAG-1,17.756657,7.2185783,143B
TCAGTATAGGGTTGAG-1,14.735151,7.4235935,143B
TCAGTATAGGTGCTAC-1,19.80347,-1.3913243,SAOS2
TCAGTCAAGTATGGCC-1,13.26811,-5.157716,C8166
TCAGTTAGTTATGGCT-1,15.005842,-4.1453648,C8166
TCAGTTGAGCGGATTC-1,14.956546,6.523094,143B
TCATAACAGCCAACTA-1,8.13273,16.360548,SUPT11
TCATAACAGCGCGATT-1,10.336089,-11.776404,TK6 LIG4-/-
TCATAACAGTTGCGTA-1,10.227268,-0.6915463,ALLSIL
TCATAGGTCACGCATA-1,2.8138535,7.2706313,PF382
TCATAGGTCGAGTGGA-1,-1.6076565,-2.771893,HELA XPA-/-
TCATAGGTCGTGCTGG-1,-1.0868185,-3.4122355,HELA XPA-/-
TCATAGTAGGTAGTAA-1,14.906274,-3.8245087,C8166
TCATAGTAGTAGCCGT-1,9.6687975,-10.352686,TK6 LIG4-/-
TCATATGGTCAATGGA-1,4.1044126,3.359459,JURKAT
TCATATGGTTGGCCGT-1,1.7925683,-9.143841,U2OS OGG-/-
TCATCAAGTCAGCCAC-1,12.8466835,6.9228773,143B
TCATCAAGTCTTACGG-1,13.043803,14.244666,JM1
TCATCAAGTGAGTAGC-1,13.290313,-5.307399,C8166
TCATCAAGTTCGGGTC-1,-3.1763563,-3.9141698,HELA XPA-/-
TCATCATCAACCTCGT-1,-3.5063758,2.7352207,HAP1 MUTYH-/-
TCATCGAAGAATCGCC-1,14.17846,3.4189336,143B
TCATCGAAGCTACCGG-1,-2.4713843,-4.6480966,HELA XPA-/-
TCATCGAAGGATCATT-1,11.356158,12.513747,JM1
TCATCGAAGTCAGGAG-1,-0.19169894,-2.421612,HELA XPA-/-
TCATCGTTCAATCTCC-1,12.609708,-4.6600256,C8166
TCATCGTTCATAGGCC-1,-2.3652627,2.9812288,HAP1 MUTYH-/-
TCATCGTTCCATGCCC-1,8.106308,16.795246,SUPT11
TCATCTATCAATCGCA-1,1.602246,8.63003,PF382
TCATCTATCCATAGGC-1,9.00663,4.372341,NALM6
TCATCTATCCTGGGAT-1,16.39648,-4.485321,C8166
TCATGCAAGCAGGCTT-1,12.575324,-4.6225333,C8166
TCATGCAAGGAACTGG-1,3.635963,8.131709,PF382
TCATGCAAGGATCTAT-1,-2.547413,-1.9614619,HELA XPA-/-
TCATGCAAGGTCACAC-1,2.5753176,-9.977717,U2OS OGG-/-
TCATGCAAGTTACCCT-1,-0.8360562,-3.0143006,HELA XPA-/-
TCATGCTTCACTCAGA-1,-3.351619,2.2230697,HAP1 MUTYH-/-
TCATGCTTCGTTCCAT-1,20.640598,6.3289733,143B
TCATGGATCAGGAGAT-1,-4.3894386,3.0347424,HAP1 MUTYH-/-
TCATGGATCCTCACGC-1,18.600233,7.423446,143B
TCATGGGCAATACTAG-1,9.06257,3.1967013,NALM6
TCATGGGCAGTTAGTA-1,13.23075,-5.613182,C8166
TCATGGGCAGTTGAGT-1,17.458616,4.070107,143B
TCATGGGCATCCTTAG-1,-5.0752974,3.2077215,HAP1 MUTYH-/-
TCATGTGAGCATCAAT-1,15.422427,-6.3375473,C8166
TCATGTGAGGTCGATC-1,14.211958,3.662442,143B
TCATGTGAGTGCTTAG-1,12.759899,-0.787555,ALLSIL
TCATGTTCAAACCAGT-1,-3.9835114,3.9976945,HAP1 MUTYH-/-
TCATGTTCAGCATGAT-1,14.260369,12.389569,JM1
TCATTAGGTGCGGACA-1,11.946135,11.581049,JM1
TCATTCATCATGCCAA-1,7.110183,10.006462,RH30
TCATTCATCATGTGTG-1,-0.5107619,-2.4445174,HELA XPA-/-
TCATTCATCCTGACTT-1,8.93613,-3.3446524,CHLA06ATRT
TCATTCATCTATCCTA-1,-2.4555013,-2.6828756,HELA XPA-/-
TCATTCGCAATCCCGT-1,16.540913,4.9364696,143B
TCATTCGCAATTGCTT-1,1.3135294,8.108914,PF382
TCATTGCTCATGCTCT-1,11.78133,11.149476,JM1
TCATTGCTCCGGTAAC-1,10.385376,-11.7392845,TK6 LIG4-/-
TCATTGCTCCTTCGAT-1,19.804749,-1.9773015,SAOS2
TCATTGCTCGCATGGT-1,15.547736,-3.3809364,C8166
TCCAAAGTCCTTGATC-1,15.481537,-4.3145647,C8166
TCCAAAGTCGAAGCTC-1,8.53372,-3.561281,CHLA06ATRT
TCCAAAGTCGTAATCG-1,9.078639,2.8696797,NALM6
TCCAAAGTCGTGACCG-1,1.125877,14.980059,TE617T
TCCAACCCACCATCTA-1,11.920155,12.398616,JM1
TCCAACCCACTCGCCA-1,-2.7759988,-3.2244847,HELA XPA-/-
TCCAACCCATCATCAT-1,2.5002441,-7.658698,U2OS OGG-/-
TCCAACCCATCGAAGT-1,18.143686,5.5403547,143B
TCCAACCCATGGTCAG-1,16.2233,-4.6819134,C8166
TCCAACTTCACTCGGG-1,15.770117,7.3979893,143B
TCCAAGGCAATCGAGT-1,6.6022687,16.2919,SUPT11
TCCAAGGCATAAGCGT-1,14.662459,14.189088,JM1
TCCAAGGCATTAGGAC-1,19.553293,7.282561,143B
TCCAATAGTAGGTAGC-1,1.5286524,7.895458,PF382
TCCAATAGTCATCATA-1,3.2849092,-1.8210355,CHLA06ATRT
TCCAATAGTTTGGGAA-1,20.516104,-1.1981058,SAOS2
TCCAATGAGAAGGAGA-1,8.527004,5.724003,NALM6
TCCAATGAGCCTTCCA-1,-1.5474474,3.7133598,HAP1 MUTYH-/-
TCCAATGAGGGGATCA-1,14.65863,-4.012016,C8166
TCCAATTCAATGCCCT-1,18.76168,6.921718,143B
TCCAATTCATAGACCG-1,6.5383735,-3.7175221,CHLA06ATRT
TCCACACCATTCGTGC-1,-2.6530662,-4.775882,HELA XPA-/-
TCCACATTCCATCAAG-1,5.4008946,7.256439,PF382
TCCACATTCCCAGTCC-1,16.662647,4.548774,143B
TCCACATTCCTCTCCT-1,6.3213806,11.609701,RH30
TCCACATTCTATCCAC-1,17.605515,5.1199384,143B
TCCACCGCATCGCTGT-1,14.081189,14.141942,JM1
TCCACCTGTAGTCCAT-1,14.575182,4.7522297,143B
TCCACCTGTGCGCATC-1,15.196145,7.9675417,143B
TCCACCTGTGGCGTTC-1,17.136734,8.026735,143B
TCCACCTGTTATGCAC-1,17.619648,4.486049,143B
TCCACTTAGCCGACTG-1,9.737709,-8.491916,TK6 LIG4-/-
TCCACTTAGCGCCAAT-1,20.745407,-2.0180335,SAOS2
TCCACTTAGCTAAGGG-1,13.713984,-5.7435846,C8166
TCCACTTAGGGTATGG-1,16.529833,4.9484954,143B
TCCACTTAGGTACGTC-1,3.4481413,0.5038643,JURKAT
TCCAGGCGTCTCACGA-1,18.953976,7.0967665,143B
TCCAGGCGTTCCCGAA-1,12.0695,11.807525,JM1
TCCAGGCGTTCGTGTG-1,9.266652,3.2064478,NALM6
TCCAGTAAGCTAGTGC-1,3.3272686,5.5173492,PF382
TCCAGTAAGTCAACTG-1,16.786983,7.326497,143B
TCCAGTTTCATCGTAG-1,18.909233,5.8009715,143B
TCCAGTTTCCCGTTGC-1,-0.4899398,-2.5651965,HELA XPA-/-
TCCATAAGTGAGGACT-1,5.154322,6.0754285,PF382
TCCATAAGTGCATCTG-1,-3.6437917,1.4593506,HAP1 MUTYH-/-
TCCATAAGTTATAGGG-1,-1.9793597,3.2728403,HAP1 MUTYH-/-
TCCATAAGTTTGCGAT-1,7.423118,10.002222,RH30
TCCATAGAGCCTTCCA-1,6.5573654,15.996547,SUPT11
TCCATAGAGCGGCATT-1,12.285399,6.5144396,143B
TCCATAGAGCTATCTC-1,15.095512,4.1884546,143B
TCCATAGAGGTACCAC-1,-3.6908271,13.695421,KHM1B
TCCATCACACTATCCA-1,15.309474,5.4057865,143B
TCCATCACAGGATGAA-1,-2.2222364,-2.9400182,HELA XPA-/-
TCCATCACATTAGTAG-1,11.507227,0.60244757,ALLSIL
TCCATCCGTCAAGGGT-1,11.190924,0.85953695,ALLSIL
TCCATCCGTCAATGTC-1,17.508966,5.323279,143B
TCCATCCGTCTAATCA-1,16.710737,6.1594324,143B
TCCATCCGTTTAGGTC-1,8.443789,3.0850685,NALM6
TCCATGAAGGAGGTAT-1,3.0437455,-2.2413478,CHLA06ATRT
TCCATGAAGTTAGGAA-1,7.153155,-2.759848,CHLA06ATRT
TCCATGAAGTTGCTGA-1,-2.6216235,-2.9785366,HELA XPA-/-
TCCATGGGTGGGTCAG-1,8.201824,10.764477,RH30
TCCATTATCCAATGCA-1,7.540254,16.412693,SUPT11
TCCATTCAGAAGCTCC-1,12.635371,-1.0422375,ALLSIL
TCCATTCAGTAGTTAC-1,17.669909,6.43736,143B
TCCATTGCAAACCAAC-1,-3.7012477,14.823719,KHM1B
TCCATTGCAATGAAGG-1,1.9935048,14.908394,TE617T
TCCATTGCACTAACTT-1,15.520466,7.4005117,143B
TCCCAACCATCGACTC-1,7.552604,9.632573,RH30
TCCCAAGGTCAGGGAT-1,4.5071764,-4.1863904,CHLA06ATRT
TCCCACGCACTTGCAC-1,2.4541304,-9.809359,U2OS OGG-/-
TCCCAGCTCACGTGTA-1,-1.938986,-2.5421891,HELA XPA-/-
TCCCAGCTCATCGACA-1,8.391287,5.081363,NALM6
TCCCAGCTCCCCAGGA-1,-1.51369,-2.6353178,HELA XPA-/-
TCCCATTAGTTAGCCA-1,1.1172061,5.897184,PF382
TCCCCAATCGAGCACT-1,15.249785,4.7753873,143B
TCCCCAGCAACCTCGT-1,19.077253,6.451007,143B
TCCCCTAAGTCATCGA-1,8.316299,-2.9525516,CHLA06ATRT
TCCCCTAAGTGAGACG-1,11.569849,-10.134649,TK6 LIG4-/-
TCCCGAAGTGAGCGTG-1,10.016033,-10.30629,TK6 LIG4-/-
TCCCGAAGTGGGTTAA-1,15.02382,6.827554,143B
TCCCGATCAGGCAATT-1,14.65734,6.4329424,143B
TCCCGATCAGGTATCG-1,-2.4767084,-2.7997541,HELA XPA-/-
TCCCGTTGTAGTCAAG-1,13.9405575,14.942589,JM1
TCCCGTTGTAGTGCAA-1,0.82108957,15.018423,TE617T
TCCCGTTGTATTGGAG-1,3.3351073,-10.191043,U2OS OGG-/-
TCCCGTTGTGGCGAAT-1,6.959593,15.551753,SUPT11
TCCCGTTGTTGTCCCT-1,12.737256,0.20846534,ALLSIL
TCCCTAACAACGGCTA-1,-1.4907262,-3.2937078,HELA XPA-/-
TCCCTAACAAGCCAAT-1,-1.6700289,3.7605066,HAP1 MUTYH-/-
TCCCTAACAATGTGCG-1,15.779405,4.676439,143B
TCCCTAGTCAGGCATC-1,2.0668426,9.354641,PF382
TCCCTAGTCATCACAG-1,17.885313,7.4974813,143B
TCCCTAGTCTGGAACC-1,18.38361,8.277453,143B
TCCCTCAAGCATAGCC-1,9.332597,5.334059,NALM6
TCCCTCAAGCGAGTCT-1,7.3088326,10.69513,RH30
TCCCTGATCCAGAGCT-1,-3.6646762,2.8603966,HAP1 MUTYH-/-
TCCCTGATCCGGTGAT-1,1.3736426,5.4462957,PF382
TCCCTTAGTTCACGAT-1,11.420536,11.565944,JM1
TCCCTTAGTTTAGGCT-1,-2.3983858,4.5730166,HAP1 MUTYH-/-
TCCCTTGAGTGCTGAC-1,-1.020171,-2.3557022,HELA XPA-/-
TCCTAATCAACCTGCT-1,3.7028482,5.490488,PF382
TCCTAATCAATCTCAT-1,-2.9497776,-2.4593644,HELA XPA-/-
TCCTAATCAGTAAGCT-1,6.3074565,11.7903595,RH30
TCCTAGAAGCGGATAG-1,-2.459943,-3.9050546,HELA XPA-/-
TCCTAGAAGGCACGAA-1,15.70786,6.65607,143B
TCCTAGAAGGCGTATC-1,1.7041972,7.863828,PF382
TCCTAGAAGGGCTAGA-1,3.6307344,3.8897638,JURKAT
TCCTATATCCCTGGTC-1,-2.8560784,-2.7552834,HELA XPA-/-
TCCTATATCCTTCAGT-1,12.764166,7.122891,143B
TCCTATTGTTCCTCTA-1,7.326062,15.457109,SUPT11
TCCTATTGTTTCCATT-1,15.35999,-4.725457,C8166
TCCTCAACACCTTGCG-1,-0.58998364,12.512002,DND41
TCCTCAACAGCTCTCG-1,-0.91921604,-2.2893815,HELA XPA-/-
TCCTCAACATTGGCGA-1,3.8779364,-4.1973147,CHLA06ATRT
TCCTCGATCATGGCCG-1,1.6395189,9.160968,PF382
TCCTCGATCTTGACAG-1,2.570392,6.229379,PF382
TCCTCTTCAATTGCCC-1,-3.681702,-2.3823302,HELA XPA-/-
TCCTCTTCACCTCGAT-1,6.3454037,16.184433,SUPT11
TCCTGACCAAGTTCGG-1,9.40335,4.2348886,NALM6
TCCTGACCATAACTCT-1,-5.2141876,3.8208106,HAP1 MUTYH-/-
TCCTGGTCAATCGTGG-1,14.92705,-5.240403,C8166
TCCTGGTCATGAATGC-1,19.333166,7.579081,143B
TCCTGTTAGCCCTGCT-1,18.622427,7.888972,143B
TCCTGTTAGGTTACGC-1,7.148666,-2.9540017,CHLA06ATRT
TCCTGTTAGGTTACTG-1,-3.5547361,1.758847,HAP1 MUTYH-/-
TCCTTAATCAATTCCC-1,-2.4678063,-2.8876574,HELA XPA-/-
TCCTTATGTGATCCTG-1,6.4656563,15.544129,SUPT11
TCCTTATGTTTACGAC-1,3.6656687,4.5031886,PF382
TCCTTCCTCAATCTGG-1,20.325596,-2.2283578,SAOS2
TCCTTCCTCATCGAAT-1,14.07347,14.762215,JM1
TCCTTCCTCCACCTTG-1,14.523114,5.695176,143B
TCCTTCCTCCATCTGT-1,14.128027,8.266176,143B
TCCTTCCTCTAAGCTG-1,-2.3742492,2.4471834,HAP1 MUTYH-/-
TCCTTCCTCTTGACTC-1,10.699871,-8.169266,TK6 LIG4-/-
TCCTTCTCAAACTAGC-1,3.079661,-2.5475812,CHLA06ATRT
TCCTTCTCAACATTAG-1,10.134298,-8.797636,TK6 LIG4-/-
TCCTTCTCATCCTGAC-1,-2.9279723,-3.0075006,HELA XPA-/-
TCCTTCTCATTCATAC-1,14.45336,3.5400248,143B
TCCTTGGTCATCACTC-1,16.936682,4.081207,143B
TCCTTTGGTAGCTAGA-1,3.4361768,5.5560336,PF382
TCCTTTGGTATGTGTC-1,8.390768,10.42108,RH30
TCCTTTGGTGAGACGT-1,17.884327,8.0750265,143B
TCCTTTGGTTGCAGTT-1,20.688753,-2.445464,SAOS2
TCGAATGTCAAGTAAG-1,-2.4232848,-3.4919717,HELA XPA-/-
TCGAATGTCACGGAAG-1,-5.2395787,2.5542638,HAP1 MUTYH-/-
TCGAATTAGAAGCTCC-1,-2.8522804,4.9595814,HAP1 MUTYH-/-
TCGAATTAGCGATCTA-1,15.01394,-3.9077275,C8166
TCGAATTAGTACGGGA-1,1.8052402,7.292738,PF382
TCGACCAGTCAGTCCA-1,13.650606,12.159948,JM1
TCGACCAGTGAAGTGC-1,8.158595,10.264846,RH30
TCGACCAGTTCGTTGG-1,4.6360846,-4.6035843,CHLA06ATRT
TCGACCAGTTGGGACG-1,-4.5491643,2.9939334,HAP1 MUTYH-/-
TCGACCAGTTTGCCAG-1,17.999891,8.172301,143B
TCGACCTCAATCTAAG-1,15.006379,5.08898,143B
TCGACCTCATCGTTGC-1,-2.9454155,-2.9817252,HELA XPA-/-
TCGACCTCATGCTGAG-1,15.137408,7.8011427,143B
TCGACTGGTTATCTCT-1,-4.184099,3.004029,HAP1 MUTYH-/-
TCGATAGTCACAGGTC-1,20.255138,-0.897824,SAOS2
TCGATAGTCACATACG-1,15.1964855,-4.371772,C8166
TCGATAGTCTATGGGC-1,0.8696591,8.420814,PF382
TCGATATAGGAGGTGC-1,-0.15573245,11.967308,DND41
TCGATATAGTAGCTTG-1,4.821067,7.0559072,PF382
TCGATCAAGCTAAGGG-1,-3.9231684,3.8793077,HAP1 MUTYH-/-
TCGATCAAGTGCCCAG-1,14.386404,7.914412,143B
TCGATTGAGCGCATAC-1,0.850012,8.184296,PF382
TCGATTGAGCTAAGGG-1,15.4009075,7.848341,143B
TCGATTGAGTGCGCTG-1,-3.5803413,1.8065177,HAP1 MUTYH-/-
TCGATTTCACTTCGGT-1,6.7269607,16.8742,SUPT11
TCGATTTCAGTAAGGA-1,-3.836945,4.516462,HAP1 MUTYH-/-
TCGCAAATCCGTAGCG-1,21.351963,-0.080468506,SAOS2
TCGCAACAGATTAAGG-1,3.171181,8.216408,PF382
TCGCAACAGCGATCCG-1,1.528446,5.109479,PF382
TCGCAACAGCTAGTCA-1,-3.2217658,3.6139743,HAP1 MUTYH-/-
TCGCAATGTAACTGTC-1,2.9303176,6.2901134,PF382
TCGCAATGTTAGAGAT-1,14.191565,14.82224,JM1
TCGCAATGTTAGTAGG-1,15.577491,7.2167454,143B
TCGCAATGTTGGAGAC-1,9.082934,-3.0937562,CHLA06ATRT
TCGCAATGTTTACACA-1,1.4511331,15.918264,TE617T
TCGCACCTCGATACTG-1,-4.371808,4.3244786,HAP1 MUTYH-/-
TCGCAGACACCTGCCA-1,2.8735929,1.2365433,JURKAT
TCGCATCCAAGTCGTG-1,-3.6873925,14.145863,KHM1B
TCGCATCCACTAGTCC-1,15.147743,5.0758586,143B
TCGCATGGTAGGTCCC-1,11.806739,-0.3709517,ALLSIL
TCGCATGGTCTGGGTC-1,7.2697406,-3.9219253,CHLA06ATRT
TCGCATGGTTTCAGTA-1,14.900616,-3.9594584,C8166
TCGCATTTCTATGGGC-1,6.9898124,15.934783,SUPT11
TCGCCAAGTAACTCCG-1,4.556967,1.4560302,JURKAT
TCGCCATCACCTCGCA-1,19.573938,6.008354,143B
TCGCCATCATGACCTC-1,-3.4725819,-2.772259,HELA XPA-/-
TCGCCTATCAATTGGT-1,21.828333,0.034973603,SAOS2
TCGCCTATCACACCAA-1,3.4109535,-2.332927,CHLA06ATRT
TCGCCTATCGACTATG-1,18.032478,5.635701,143B
TCGCCTTGTGCACGTC-1,-1.6746229,4.0043025,HAP1 MUTYH-/-
TCGCGATAGTTAGAGA-1,7.714429,4.404385,NALM6
TCGCGCAAGCCAATCA-1,10.501713,-11.64616,TK6 LIG4-/-
TCGCGCAAGCCAGAGA-1,10.117849,5.05658,NALM6
TCGCGCAAGGTCATCA-1,11.195051,-10.839153,TK6 LIG4-/-
TCGCGGATCGCGATTA-1,-0.9196311,-2.44861,HELA XPA-/-
TCGCTAAAGGTGCTGT-1,-2.3274345,2.8553636,HAP1 MUTYH-/-
TCGCTAGGTTAGTCAC-1,20.192007,-2.0350447,SAOS2
TCGCTAGGTTGAATGG-1,10.95445,0.9258008,ALLSIL
TCGCTCGCAAACTGAC-1,13.63092,12.93905,JM1
TCGCTCGCAAGTGCAT-1,7.688153,15.810985,SUPT11
TCGCTCTGTAAGGTTG-1,9.1673765,-11.086187,TK6 LIG4-/-
TCGCTGCTCGTTCCAT-1,-1.6734715,3.2173405,HAP1 MUTYH-/-
TCGCTGCTCTCATCAC-1,-5.3265257,2.9409153,HAP1 MUTYH-/-
TCGCTTACAGCCTAAG-1,-4.4185367,2.5244453,HAP1 MUTYH-/-
TCGCTTACATTAGTTC-1,1.3534297,9.315396,PF382
TCGCTTGTCATGTCAG-1,19.888906,-1.1990808,SAOS2
TCGCTTGTCTGGCTCC-1,-3.6567848,4.594279,HAP1 MUTYH-/-
TCGCTTGTCTGTCATC-1,2.95646,-2.3763118,CHLA06ATRT
TCGGCAACACATGCAG-1,17.795198,5.1442556,143B
TCGGCAACACCTATCA-1,-3.643731,13.517228,KHM1B
TCGGCCAAGATACTGT-1,5.4980946,5.2948427,PF382
TCGGCCAAGTAGGAAC-1,4.6906347,5.6189713,PF382
TCGGCCAAGTGATCGC-1,-3.4642973,2.4017437,HAP1 MUTYH-/-
TCGGCTAGTCATCATA-1,8.036758,15.761815,SUPT11
TCGGCTAGTTGACGAA-1,2.7160695,1.737632,JURKAT
TCGGCTGAGCGGTGAA-1,14.125498,14.765286,JM1
TCGGCTGAGTTGCTCT-1,3.037909,1.0492852,JURKAT
TCGGGCATCAATGTGT-1,18.180338,5.2591066,143B
TCGGGCATCAGCCCAG-1,1.6682793,6.3817825,PF382
TCGGGCATCCTTAGCT-1,11.105353,-0.31141096,ALLSIL
TCGGGGTCAACTACCC-1,15.9973755,5.7197976,143B
TCGGGGTCAGTAATTG-1,8.987225,5.280287,NALM6
TCGGGGTCATTACAGA-1,-3.3997748,3.4888103,HAP1 MUTYH-/-
TCGGGTTAGCATTAAC-1,3.1486485,-7.837637,U2OS OGG-/-
TCGGGTTAGGATTACT-1,17.8103,6.7658596,143B
TCGGTAATCCATGTCT-1,16.202963,8.085426,143B
TCGGTAATCCGCTGGA-1,10.572656,-10.85755,TK6 LIG4-/-
TCGGTATGTAGTGAGC-1,8.276899,16.63494,SUPT11
TCGGTATGTTGACGGG-1,15.619786,7.876191,143B
TCGGTCAGTCAGGACG-1,14.751703,4.097516,143B
TCGGTCAGTTCATCCC-1,4.8545094,0.8717576,JURKAT
TCGGTTAAGGTAGAGT-1,16.514154,8.172511,143B
TCGGTTGGTTTGGGTT-1,11.276993,-5.6907506,CHLA06ATRT
TCGTAATAGGTGACAG-1,-1.6528388,3.505903,HAP1 MUTYH-/-
TCGTAATAGTGAGTCC-1,13.908075,6.5805545,143B
TCGTACCCAACCCTTA-1,8.676569,3.3838863,NALM6
TCGTACCCAAGCCATG-1,9.469583,5.0227914,NALM6
TCGTACCCACCTTCGG-1,2.0354648,5.2136703,PF382
TCGTACCCAGGAACGG-1,-2.9710643,-3.0436616,HELA XPA-/-
TCGTACGGTAGTCCTG-1,-5.0230947,3.670162,HAP1 MUTYH-/-
TCGTACGGTTATGTCA-1,-0.25244996,-3.23884,HELA XPA-/-
TCGTACGGTTGAGTTC-1,-4.3694057,3.4255927,HAP1 MUTYH-/-
TCGTACGGTTTCCGCT-1,-4.1475897,3.618868,HAP1 MUTYH-/-
TCGTACTTCCAGGTTA-1,-1.8627404,-4.7626143,HELA XPA-/-
TCGTACTTCCATTAGG-1,14.72351,4.514807,143B
TCGTCACCAACGGCAC-1,-1.7630117,-3.0042436,HELA XPA-/-
TCGTCACCATTCAGTT-1,15.681833,-5.5214586,C8166
TCGTCATTCATAGGCC-1,1.391533,5.9446683,PF382
TCGTCATTCATGCGAC-1,2.590675,7.069109,PF382
TCGTGAATCACTAGAT-1,-3.7238653,14.684399,KHM1B
TCGTGAATCATAGAGA-1,13.529641,7.677299,143B
TCGTGAATCCAACCAA-1,9.443264,-10.269661,TK6 LIG4-/-
TCGTGATGTAAGTAAC-1,4.4991255,6.895461,PF382
TCGTGCCTCCGCGCAA-1,9.4613085,-9.72907,TK6 LIG4-/-
TCGTGGACACCTTGCG-1,9.925899,4.4312763,NALM6
TCGTGGACATTGGCCT-1,15.017194,7.1168375,143B
TCGTGTCCAAGTCCCT-1,13.563455,7.348797,143B
TCGTGTCCAATGAAGG-1,15.060914,8.038256,143B
TCGTGTCCAATTGCTT-1,9.0959425,-10.043388,TK6 LIG4-/-
TCGTGTCCAGCAGTCA-1,14.597724,-3.5099201,C8166
TCGTGTCCATAATCGA-1,2.6464894,-10.128174,U2OS OGG-/-
TCGTTAAGTCCATTAA-1,7.293002,16.799845,SUPT11
TCGTTAGAGCCATTAG-1,8.958604,-10.879444,TK6 LIG4-/-
TCGTTAGAGCCTAGCG-1,17.364445,6.562056,143B
TCGTTAGAGCGAGCAA-1,2.538772,15.6721525,TE617T
TCGTTAGAGGGTCTCG-1,1.576531,16.782837,TE617T
TCGTTCCGTAGTCCTG-1,-4.6690407,2.542872,HAP1 MUTYH-/-
TCGTTCCGTCTAGTTA-1,20.34963,6.6310573,143B
TCGTTCCGTGAAGTAT-1,17.660376,7.820826,143B
TCGTTGAAGCATTCGA-1,15.553048,-3.956002,C8166
TCGTTGAAGTCGCTAA-1,17.012865,4.486333,143B
TCGTTGGGTAAGGACC-1,20.044722,-1.3212562,SAOS2
TCGTTGGGTAGGTGCG-1,15.010724,-4.6560497,C8166
TCGTTGGGTAGGTTAG-1,8.939859,3.190196,NALM6
TCGTTGGGTCTCCAAG-1,1.8503706,6.993001,PF382
TCGTTTCAGCTTAACG-1,6.1904306,17.052443,SUPT11
TCGTTTCAGGATAGCG-1,-5.2693357,3.538715,HAP1 MUTYH-/-
TCGTTTCAGGATGGTG-1,-2.912994,-3.2042656,HELA XPA-/-
TCGTTTGCAAACTGCG-1,-3.5007677,1.1634246,HAP1 MUTYH-/-
TCGTTTGCAACCAGGC-1,12.679873,13.930021,JM1
TCGTTTGCACTAGCCT-1,-2.673921,-5.0470247,HELA XPA-/-
TCGTTTGCAGGCAAGG-1,12.380497,7.000015,143B
TCTAACCTCCATGCTT-1,1.029896,12.093711,DND41
TCTAACCTCCCAGTCC-1,15.33903,-5.661024,C8166
TCTAAGGTCAAGTATC-1,8.541406,4.320061,NALM6
TCTAAGGTCAGCTCAA-1,0.5572078,15.677023,TE617T
TCTAAGGTCCATCTAC-1,8.301923,3.4933493,NALM6
TCTAAGGTCCTGCATT-1,19.052399,8.034124,143B
TCTAAGGTCGTGAGTC-1,-0.42926043,12.210092,DND41
TCTAATCCAGGGATGG-1,2.207901,8.587291,PF382
TCTAATGGTCTTACGG-1,8.395555,-2.7129908,CHLA06ATRT
TCTAATGGTGCAATCT-1,15.957784,7.892085,143B
TCTACATCAGCAGGTC-1,15.553395,4.0865054,143B
TCTACGAAGCATGAGG-1,3.0841322,6.4209332,PF382
TCTACGCCAGTACCCT-1,7.7592793,16.406143,SUPT11
TCTACGGGTTATCATG-1,-3.4992583,13.598411,KHM1B
TCTACGTTCATGTGGC-1,10.7369585,0.34824005,ALLSIL
TCTACTATCAGTTCCT-1,14.7297535,-4.6604424,C8166
TCTACTATCTCACAGA-1,-3.6937363,14.067236,KHM1B
TCTACTGCATCCGCAT-1,1.1818802,8.223668,PF382
TCTACTGCATCCTTGA-1,19.077656,7.9915023,143B
TCTACTTGTAACGGTA-1,15.499596,4.6194463,143B
TCTACTTGTTAACGCT-1,-2.8577116,3.9341297,HAP1 MUTYH-/-
TCTACTTGTTCACGGC-1,20.187202,-0.93454057,SAOS2
TCTAGCGGTCTGGTTG-1,0.8475644,6.285011,PF382
TCTAGCGGTCTTGGTG-1,5.082748,7.42306,PF382
TCTAGCTTCAGTAGCC-1,-3.182218,4.192972,HAP1 MUTYH-/-
TCTAGCTTCCGGTAGT-1,8.387375,3.1240704,NALM6
TCTAGCTTCGAGCACT-1,2.8037555,6.2106867,PF382
TCTAGCTTCGTCTCGC-1,18.135965,5.870761,143B
TCTAGTGAGCTATGCA-1,9.019526,-10.604799,TK6 LIG4-/-
TCTAGTGAGCTTACAG-1,5.731896,6.306692,PF382
TCTATAGGTATGTGGA-1,13.26719,0.20108755,ALLSIL
TCTATAGGTCTGTGCA-1,3.7064795,4.3773985,PF382
TCTATCTGTCAGGAAC-1,15.812247,4.8895793,143B
TCTATGAGTTAAGGGC-1,11.512652,-9.237788,TK6 LIG4-/-
TCTATGAGTTGCATCG-1,7.88032,16.927591,SUPT11
TCTATGCTCAGGGAAT-1,7.3583393,-4.2490373,CHLA06ATRT
TCTATGCTCATGCACA-1,13.750894,-5.4273963,C8166
TCTATGCTCGTTGCGG-1,-4.125452,3.465519,HAP1 MUTYH-/-
TCTATTGTCAAGTAGA-1,-2.6960833,-3.3019319,HELA XPA-/-
TCTCAATCATTCCTGA-1,2.6061287,-9.893005,U2OS OGG-/-
TCTCACTAGATTCCAG-1,1.7776995,16.029463,TE617T
TCTCAGCCACTAGGAT-1,2.9289463,5.1343718,PF382
TCTCAGCCATGGTATA-1,3.993789,4.6989174,PF382
TCTCATATCACTAACG-1,2.1829638,8.84367,PF382
TCTCATATCCCAGAGT-1,-2.1130245,4.439111,HAP1 MUTYH-/-
TCTCATCAGAACGATA-1,7.943723,15.093581,SUPT11
TCTCATCAGCTTAACG-1,1.7703546,-9.026052,U2OS OGG-/-
TCTCATCAGTCATGGC-1,-2.888878,-2.803333,HELA XPA-/-
TCTCATCAGTGATACT-1,16.498447,5.666486,143B
TCTCATCAGTGGCGTT-1,13.761601,-5.9423375,C8166
TCTCATTGTCTGGGTC-1,-1.394394,-2.7099795,HELA XPA-/-
TCTCATTGTGGACCTC-1,17.876673,7.1215863,143B
TCTCATTGTTGCTGGC-1,15.409744,-3.8552525,C8166
TCTCCAACAGCTATCC-1,15.15487,-3.6216774,C8166
TCTCCATAGTAGCATT-1,15.689691,-6.536673,C8166
TCTCCCAAGCATGTAT-1,11.116785,-9.099942,TK6 LIG4-/-
TCTCCCAAGGCACTGT-1,-1.4535651,3.36342,HAP1 MUTYH-/-
TCTCCCAAGGTCCCGA-1,16.615866,6.0562706,143B
TCTCGAGGTCATCAGT-1,-3.0978065,-2.248096,HELA XPA-/-
TCTCGATTCAAGTCTG-1,11.354848,-8.327033,TK6 LIG4-/-
TCTCGATTCCGTGTGG-1,12.3043165,13.508384,JM1
TCTCGATTCGCTGACG-1,14.507151,6.3518944,143B
TCTCGCATCACGGCCA-1,3.0096297,-2.1861155,CHLA06ATRT
TCTCGCATCCCTTGCA-1,13.606585,7.4935617,143B
TCTCGCATCCGTAGCG-1,16.143925,5.310959,143B
TCTCGCATCCGTTACT-1,-2.5855343,-2.9330215,HELA XPA-/-
TCTCGCGCAACATAGC-1,11.873352,11.584822,JM1
TCTCGGCTCATCTAGG-1,8.013755,3.7896428,NALM6
TCTCGGCTCGATGCGT-1,8.55806,-2.854599,CHLA06ATRT
TCTCGGCTCTAATGGT-1,7.524867,16.69935,SUPT11
TCTCGTTAGGTACACC-1,-3.5471592,-2.4868357,HELA XPA-/-
TCTCGTTAGTCGAGGA-1,-4.037395,1.2520621,HAP1 MUTYH-/-
TCTCGTTAGTTACAGT-1,1.4399031,6.6354275,PF382
TCTCTAATCACGGATC-1,13.872358,8.127141,143B
TCTCTAATCCGGAACT-1,9.059977,5.462992,NALM6
TCTCTAGCAAAGGATG-1,8.557426,3.3613632,NALM6
TCTCTAGCAATCCATT-1,-2.5743713,4.648308,HAP1 MUTYH-/-
TCTCTAGCAGCTAAGT-1,2.2783327,15.089607,TE617T
TCTCTATGTCAGCCTA-1,9.08086,5.1088505,NALM6
TCTCTATGTCAGGCAG-1,2.929125,6.05769,PF382
TCTCTCCTCAGGCATC-1,14.075952,7.973603,143B
TCTCTCCTCCTTGACT-1,8.338251,16.16233,SUPT11
TCTCTGGTCGATAGCC-1,4.838884,-3.7350495,CHLA06ATRT
TCTGACAAGCGATACC-1,10.329222,-10.031246,TK6 LIG4-/-
TCTGACAAGGTTCGAC-1,8.040402,16.47348,SUPT11
TCTGACCCAAATGAGG-1,1.7936678,7.8365006,PF382
TCTGACCCACTTAACT-1,-2.4534302,-3.0615098,HELA XPA-/-
TCTGACTTCACCTAAG-1,14.726562,13.992038,JM1
TCTGACTTCTAAGCCA-1,2.9412737,-10.311559,U2OS OGG-/-
TCTGAGGCAATTGGTA-1,2.6991382,6.173281,PF382
TCTGAGGCACATTACT-1,7.882991,11.310036,RH30
TCTGAGGCAGTTGCAG-1,1.9023632,9.532753,PF382
TCTGAGGCATCGCGTT-1,8.787291,-3.4148128,CHLA06ATRT
TCTGAGGCATGGTGAT-1,16.066395,6.313287,143B
TCTGATAGTGCAATTC-1,6.59597,16.046947,SUPT11
TCTGCAAAGTGATGCC-1,6.5986204,-2.526458,CHLA06ATRT
TCTGCACCAAGTAGTC-1,1.1760933,5.223973,PF382
TCTGCACCACCTCACG-1,3.3009694,0.9884107,JURKAT
TCTGCAGGTAGGCCAG-1,8.0452175,15.959524,SUPT11
TCTGCATTCAGTTGGC-1,-2.1708698,-2.577023,HELA XPA-/-
TCTGCATTCCGTCATT-1,16.653957,4.271744,143B
TCTGCCATCGAATGGG-1,3.6305344,7.410625,PF382
TCTGCCATCGATCGTA-1,8.299916,5.2513742,NALM6
TCTGCCTGTAGCTAGA-1,1.409931,7.258788,PF382
TCTGCGGAGGCGCTTG-1,10.804836,1.034992,ALLSIL
TCTGCGGAGTAAGCCC-1,15.465537,-7.084826,C8166
TCTGGATGTAGTCCAT-1,15.477695,7.9760747,143B
TCTGGATGTGAGATCA-1,-3.4587371,4.0235395,HAP1 MUTYH-/-
TCTGGATGTTGCCTGA-1,3.527635,1.362265,JURKAT
TCTGGCCTCAATCGCA-1,10.029002,0.79273045,ALLSIL
TCTGGCCTCAATTCCC-1,-2.454399,-3.5441482,HELA XPA-/-
TCTGGCCTCACCCTTG-1,1.4280218,12.471042,DND41
TCTGGCCTCAGCGGAA-1,-0.69261014,-2.925687,HELA XPA-/-
TCTGGCCTCATCGAGC-1,1.776286,15.651538,TE617T
TCTGGCCTCATGCTAG-1,15.254957,4.5715966,143B
TCTGGCCTCTGGTCAA-1,14.468915,7.7679443,143B
TCTGGCGAGCTAGTTG-1,10.28695,-11.430402,TK6 LIG4-/-
TCTGGCGAGCTGGTCG-1,-1.4693763,-3.0355334,HELA XPA-/-
TCTGGCGAGGATGCCT-1,15.97157,6.9441533,143B
TCTGGCGAGGGTAGCA-1,17.804098,6.2359843,143B
TCTGGCGAGGTACTGC-1,15.546985,-6.461102,C8166
TCTGGCGAGTAGGGCA-1,1.523923,7.9129577,PF382
TCTGGGACAAAGGTAG-1,19.864141,6.0438995,143B
TCTGGGACACCTCATA-1,-4.012374,3.826502,HAP1 MUTYH-/-
TCTGGGCGTTAACCCG-1,13.016825,-0.5463111,ALLSIL
TCTGGGCGTTGTCCGA-1,-2.7513883,-4.1160297,HELA XPA-/-
TCTGGGGTCCATCATC-1,13.236647,-4.0927205,NALM6
TCTGGGGTCTGGGATC-1,14.498726,13.407223,JM1
TCTGGGTAGCTATGCA-1,8.446601,5.7708645,NALM6
TCTGGGTAGGTGACAG-1,3.1344764,8.379124,PF382
TCTGGGTAGTAATGGA-1,7.950909,15.65387,SUPT11
TCTGGGTAGTAGAGTA-1,3.6948285,-2.7127812,CHLA06ATRT
TCTGGTAAGCATTCAG-1,15.295691,-4.0907307,C8166
TCTGGTAAGCGCTCCT-1,18.53725,7.7103505,143B
TCTGGTAAGGTACATT-1,17.92883,4.582712,143B
TCTGTAAGTATGTGTC-1,-3.9126494,13.810791,KHM1B
TCTGTAAGTGGCCATC-1,19.637503,-1.9429626,SAOS2
TCTGTAAGTGGCGTAG-1,3.2893496,-7.5962095,U2OS OGG-/-
TCTGTAAGTTGCTATA-1,5.9211273,6.2182364,PF382
TCTGTCCGTATGGGAC-1,-0.49015647,11.704711,DND41
TCTGTCCGTGGAGCAT-1,-2.4545896,-2.8921533,HELA XPA-/-
TCTGTCCGTTAGGTGA-1,11.1837,0.540233,ALLSIL
TCTGTCCGTTCGCATG-1,10.581987,-7.9934063,TK6 LIG4-/-
TCTGTGAAGCCTAAGC-1,20.311083,-2.0909526,SAOS2
TCTGTGAAGCGGGTAA-1,9.784825,-9.39843,TK6 LIG4-/-
TCTGTGTTCCGTATGA-1,-0.9044932,-2.3457184,HELA XPA-/-
TCTGTGTTCGCGCACA-1,20.910505,-0.825091,SAOS2
TCTGTGTTCGCTAGGT-1,-2.408979,-3.59724,HELA XPA-/-
TCTGTTGCAAGGTAAG-1,8.710328,4.8013163,NALM6
TGAAACCCAAACTTAG-1,8.622428,4.8771915,NALM6
TGAAACCCACCTCAAC-1,21.32118,0.34251752,SAOS2
TGAAACGGTATTGGCT-1,1.570554,6.037075,PF382
TGAAACGGTTCACCAG-1,12.578681,0.08184989,ALLSIL
TGAAACTTCACTCCTG-1,7.3536363,-2.7299232,CHLA06ATRT
TGAAACTTCGATAGCC-1,8.969709,6.1103783,NALM6
TGAAACTTCGCGAACT-1,18.25482,5.200498,143B
TGAAAGGCAGTACTCC-1,8.462204,10.83855,RH30
TGAAATGAGCTATCCT-1,14.137962,12.9063015,JM1
TGAAATGAGGCACGAA-1,4.094176,6.5211496,PF382
TGAACAGGTAACCACT-1,18.846334,7.9323053,143B
TGAACAGGTCATCCCT-1,-1.6623613,-2.6611295,HELA XPA-/-
TGAACATTCGATATGT-1,14.380621,-3.9071476,C8166
TGAACATTCGATTACG-1,-1.8127788,3.3884087,HAP1 MUTYH-/-
TGAACATTCGCTGGCA-1,20.885216,-2.5329502,SAOS2
TGAACCATCAGGCTTA-1,9.929652,-10.712938,TK6 LIG4-/-
TGAACCGCATGGCTTC-1,4.4881625,-3.3515365,CHLA06ATRT
TGAACCTGTCAATTCA-1,14.661377,7.659413,143B
TGAACCTGTTCGCCTT-1,12.384466,13.419433,JM1
TGAACCTGTTCGTTGG-1,2.004761,9.4636345,PF382
TGAACTTAGAAGGAGA-1,-3.7407517,3.2333806,HAP1 MUTYH-/-
TGAACTTAGGGTCATC-1,-3.79805,14.969398,KHM1B
TGAACTTAGGTAGCCT-1,0.76763034,6.1399217,PF382
TGAATAGAGAACGACG-1,11.582593,-0.23775439,ALLSIL
TGAATAGAGAAGCCCT-1,15.640367,-5.8043423,C8166
TGAATAGAGCGGAGTA-1,-2.1078913,3.8844013,HAP1 MUTYH-/-
TGAATCCGTAAGTGAT-1,-2.1105554,-3.1812031,HELA XPA-/-
TGAATCCGTTCGCATG-1,-3.5426328,13.443045,KHM1B
TGAATGAAGCTTACTC-1,4.5598373,2.4379113,JURKAT
TGAATGTTCAAGTATC-1,8.219803,3.21519,NALM6
TGAATGTTCACGCTAA-1,0.4468841,8.751522,PF382
TGAATTGCAATCGGTG-1,12.392838,-0.67530245,ALLSIL
TGAATTGCACATAGTA-1,8.39879,-3.1386652,CHLA06ATRT
TGAATTGCAGTTGCGA-1,-4.354464,1.1591681,HAP1 MUTYH-/-
TGACACGCAACTAATG-1,-1.1336876,-3.0559707,HELA XPA-/-
TGACATTAGGCTTCGG-1,8.416778,-3.2784102,CHLA06ATRT
TGACCAATCCTGATGA-1,-3.674457,1.9790387,HAP1 MUTYH-/-
TGACCAGCAAACCGTG-1,9.4837,-10.6327,TK6 LIG4-/-
TGACCAGCAAGCTATA-1,-2.9800403,3.280508,HAP1 MUTYH-/-
TGACCAGCACATGCAG-1,19.44789,-2.25859,SAOS2
TGACCAGCACTTGCTA-1,4.3137245,0.070066825,JURKAT
TGACCCAGTTTAGTCA-1,9.721269,4.6963563,NALM6
TGACCCTCATCATCGC-1,4.561469,-3.6565247,CHLA06ATRT
TGACCCTCATCCGCAT-1,2.2047992,14.947701,TE617T
TGACGAAGTGAGTCCC-1,10.684045,-7.934184,TK6 LIG4-/-
TGACGGGGTCTTGATA-1,16.591255,-5.3814054,C8166
TGACGGTTCACTGTCT-1,-3.2654276,3.845028,HAP1 MUTYH-/-
TGACGGTTCATGTCCT-1,5.9909716,6.354735,PF382
TGACGGTTCCAATGAT-1,2.6776679,1.4639128,JURKAT
TGACGGTTCCCTTGAT-1,14.650642,6.6718273,143B
TGACGGTTCGCTTCGC-1,9.046848,4.019233,NALM6
TGACGTTGTGAGTCGG-1,-2.892499,-4.3810887,HELA XPA-/-
TGACTAACAATGTCAA-1,-4.2280145,4.3277473,HAP1 MUTYH-/-
TGACTAACACATTACT-1,6.135879,15.502723,SUPT11
TGACTAACATTAGGTA-1,-1.6273445,-2.0683112,HELA XPA-/-
TGACTCCCACCTGCCA-1,-2.5817924,-4.669983,HELA XPA-/-
TGACTCCCAGTACCCT-1,0.8934919,8.655357,PF382
TGACTGATCACCTGCC-1,13.574214,7.3183265,143B
TGACTGATCTAAGCCA-1,15.764446,7.040606,143B
TGAGAACAGCCTTCCA-1,19.565487,5.6859136,143B
TGAGAACAGTGACCAC-1,6.7249274,15.742831,SUPT11
TGAGAATGTTTGACTA-1,16.851223,5.60608,143B
TGAGATGGTGCGTGAG-1,2.1199806,-8.633661,U2OS OGG-/-
TGAGATGGTTATGAGG-1,15.832273,7.554049,143B
TGAGATGGTTGACGGG-1,-3.154985,-2.210119,HELA XPA-/-
TGAGATGGTTGTCAGT-1,6.147028,16.794725,SUPT11
TGAGCAAGTGAACGTA-1,-2.3760312,-5.3800282,HELA XPA-/-
TGAGCAAGTTTCGCCT-1,11.469211,-0.33163473,ALLSIL
TGAGCAAGTTTGCCAG-1,1.9239887,5.5907273,PF382
TGAGCAAGTTTGGAAG-1,-1.9651853,-2.886312,HELA XPA-/-
TGAGCATCAAGCCGAC-1,-3.4433799,-3.3796775,HELA XPA-/-
TGAGCATCAGGCAAGG-1,21.613388,0.172847,SAOS2
TGAGCCACACCTGGAA-1,9.936629,-11.041865,TK6 LIG4-/-
TGAGCCACATCGCGTT-1,12.148113,11.592766,JM1
TGAGCCACATGCGTCT-1,-1.2234855,-2.4274287,HELA XPA-/-
TGAGCCACATTAGTAG-1,2.7644172,-10.214174,U2OS OGG-/-
TGAGCCCGTAAGCCAA-1,7.88365,4.1588645,NALM6
TGAGCCCGTCAGGATA-1,11.3413515,-10.597403,TK6 LIG4-/-
TGAGCCCGTCTCCAGA-1,-0.63210815,-2.51428,HELA XPA-/-
TGAGCCCGTGAACGCG-1,7.642585,14.965158,SUPT11
TGAGCCCGTGCAGGAT-1,2.4673564,15.905565,TE617T
TGAGCCCGTTATCGAC-1,1.6204858,15.933559,TE617T
TGAGCGAAGGCAATGG-1,2.8559203,-2.8591125,CHLA06ATRT
TGAGCGCCAACATTAG-1,-5.0122075,2.893728,HAP1 MUTYH-/-
TGAGCGCCACATAGCG-1,9.277754,-10.160647,TK6 LIG4-/-
TGAGCGGGTAAGGTTG-1,-4.7738156,3.0761142,HAP1 MUTYH-/-
TGAGCGGGTGAAGCAC-1,10.171989,-0.69609845,ALLSIL
TGAGCTATCCATGACA-1,7.3365974,14.728247,SUPT11
TGAGCTATCTGGGAAG-1,-2.8709474,-2.5905058,HELA XPA-/-
TGAGCTGCAACCGGAC-1,14.594068,6.003802,143B
TGAGCTGCAACTGGCA-1,-4.925978,2.611222,HAP1 MUTYH-/-
TGAGCTGCAAGTGTCG-1,11.595006,-8.558683,TK6 LIG4-/-
TGAGCTGCAGTTGGGC-1,3.5427527,7.8441734,PF382
TGAGCTTGTAAGTGGC-1,14.189713,7.8311887,143B
TGAGCTTGTCAATCGT-1,3.7902071,-3.1141646,CHLA06ATRT
TGAGCTTGTGAAGCGT-1,14.070257,5.8049135,143B
TGAGCTTGTTCGATTA-1,6.3316736,17.422232,SUPT11
TGAGGATAGCAATTCG-1,10.849713,-8.000288,TK6 LIG4-/-
TGAGGATAGCCTGATA-1,7.4641724,-4.2187376,CHLA06ATRT
TGAGGATAGGATCCAC-1,15.954942,5.0773177,143B
TGAGGCGGTAAGGTAT-1,11.116701,-8.655581,TK6 LIG4-/-
TGAGGCGGTATGTACC-1,10.893772,-10.711782,TK6 LIG4-/-
TGAGGCGGTCAACCAT-1,9.7329,-10.671986,TK6 LIG4-/-
TGAGGCGGTGCACCAC-1,-3.70381,0.8558208,HAP1 MUTYH-/-
TGAGGCGGTGCGAGAT-1,-3.436238,4.922315,HAP1 MUTYH-/-
TGAGGCTTCAATCGTG-1,9.120834,5.29433,NALM6
TGAGGCTTCCTGATTC-1,12.344488,11.723775,JM1
TGAGGCTTCCTGTCCA-1,-1.8607024,3.2775812,HAP1 MUTYH-/-
TGAGGGATCCTGATTC-1,14.624726,13.85319,JM1
TGAGGGATCGACATTG-1,4.29303,6.162077,PF382
TGAGGTAGTCAGGAAC-1,-3.8120253,2.3770096,HAP1 MUTYH-/-
TGAGGTAGTCATGAAG-1,16.248238,7.037702,143B
TGAGGTAGTCATGCGC-1,10.660204,-8.858213,TK6 LIG4-/-
TGAGGTAGTTCCTGTC-1,11.664021,-0.95716095,ALLSIL
TGAGGTGAGGAACCCT-1,15.599246,4.289026,143B
TGAGGTGAGGAACTAA-1,15.524833,4.409025,143B
TGAGGTGAGGTCATGC-1,9.331166,1.2629408,ALLSIL
TGAGGTGAGTAGACTT-1,15.56295,-6.6692915,C8166
TGAGGTTCAAAGGAGC-1,8.525302,5.825117,NALM6
TGAGGTTCATAGAGGA-1,1.8348178,8.111503,PF382
TGAGGTTCATTCCTTC-1,6.4346747,16.91326,SUPT11
TGAGTAAAGCAGGGAC-1,6.0411367,15.48326,SUPT11
TGAGTAAAGCCGCGTA-1,19.69879,-1.6543506,SAOS2
TGAGTAAAGGTTAGCC-1,11.792097,12.921016,JM1
TGAGTAGGTCTTGATA-1,0.97968423,15.962457,TE617T
TGAGTAGGTTCGATAC-1,11.181861,11.192002,JM1
TGAGTCTGTGCGGTAG-1,5.2820597,7.126873,PF382
TGAGTCTGTTCTGTAA-1,-4.354479,14.471259,KHM1B
TGAGTGAGTCATCGTG-1,11.203038,10.793502,JM1
TGAGTGAGTTGGGACG-1,3.2283635,-9.761657,U2OS OGG-/-
TGAGTGAGTTTCGCAG-1,6.5324526,10.423808,RH30
TGAGTTGTCACAGGCT-1,9.446426,-9.789922,TK6 LIG4-/-
TGAGTTGTCCCGCATC-1,-2.5147114,3.141515,HAP1 MUTYH-/-
TGATAGAAGTACCACA-1,10.152074,4.0019317,NALM6
TGATAGCCATTACGCC-1,3.3760116,6.6852293,PF382
TGATCCCCAACCAGAT-1,3.024818,8.715172,PF382
TGATCCCCAAGCATCG-1,2.1257694,15.41159,TE617T
TGATCCCCAATATGGC-1,1.5674635,4.9022765,PF382
TGATCCCCACATGATA-1,14.526583,3.9548104,143B
TGATCCCCACTTCGGT-1,-3.0625455,-3.0362442,HELA XPA-/-
TGATCCGGTGATGCCC-1,-0.23980848,-2.6694145,HELA XPA-/-
TGATCCGGTGGACTAA-1,1.0034277,11.41393,DND41
TGATCCGGTGGCTTGC-1,-2.9929752,-2.5601804,HELA XPA-/-
TGATCCTTCCATCATC-1,13.454949,-0.72038823,ALLSIL
TGATCCTTCCCATTCG-1,16.63637,4.6083426,143B
TGATCCTTCCGTCACC-1,15.058265,6.4299226,143B
TGATGAAAGATAGGGT-1,18.46823,6.0729175,143B
TGATGAAAGGAACCCT-1,8.292956,-3.1498365,CHLA06ATRT
TGATGAAAGGATTACT-1,-3.7626386,3.3718529,HAP1 MUTYH-/-
TGATGAAAGGTTCCTT-1,5.7372956,15.175206,SUPT11
TGATGAAAGTCGCTAA-1,5.377195,5.697373,PF382
TGATGAGGTAACTCCG-1,4.05353,-8.313904,U2OS OGG-/-
TGATGAGGTTGCGACC-1,13.807421,6.498779,143B
TGATGAGGTTTCAGTA-1,14.229674,14.658644,JM1
TGATGCCAGGTTCACA-1,-5.2532144,2.2747335,HAP1 MUTYH-/-
TGATGCCAGTATGGTT-1,2.4844434,-9.2112665,U2OS OGG-/-
TGATGGCTCACGCCAG-1,15.026358,-6.611431,C8166
TGATGGTCACATAGAC-1,2.6842248,-2.1517127,CHLA06ATRT
TGATGGTCACTAATTC-1,4.391353,0.10633787,JURKAT
TGATGTTAGCCAATGC-1,2.699148,6.8422527,PF382
TGATGTTAGGCGTATC-1,9.813545,-11.759193,TK6 LIG4-/-
TGATTAGCATAACCAA-1,12.754587,-0.03861702,ALLSIL
TGATTCCTCGACCCAG-1,-4.182584,14.18657,KHM1B
TGATTCCTCGCGCTCT-1,10.085852,-11.191909,TK6 LIG4-/-
TGATTTCCAACATCAA-1,2.7556534,1.7770264,JURKAT
TGATTTCCAAGCACTG-1,13.293994,-5.721149,C8166
TGATTTCCACAACGAT-1,21.889477,-0.06525144,SAOS2
TGATTTGGTCAACCAT-1,15.410703,7.0587263,143B
TGCAAACCAACATTAG-1,7.0928607,15.5598755,SUPT11
TGCAAACCAAGTTCGG-1,-1.3373228,-2.736485,HELA XPA-/-
TGCAAACCAGTAAGCT-1,14.246277,13.117626,JM1
TGCAAAGGTCATGCCA-1,2.310977,8.807492,PF382
TGCAAAGGTTGAGGCG-1,-2.5688252,-5.4387274,HELA XPA-/-
TGCAAATTCACCATCT-1,4.0880847,2.7257318,JURKAT
TGCAAATTCGACTAGC-1,19.075735,5.3895516,143B
TGCAAATTCGAGCACT-1,6.920265,10.906057,RH30
TGCAATGTCAGCGAAG-1,-4.0594373,14.444505,KHM1B
TGCAATGTCGCGATAC-1,16.680902,4.1625757,143B
TGCACACAGGTAGTAA-1,15.747213,8.056675,143B
TGCACAGCATTCATGT-1,10.391789,-10.364591,TK6 LIG4-/-
TGCACCCTCGAACCTA-1,3.7549489,4.310954,PF382
TGCACCCTCTAACCCT-1,15.432224,-7.6791916,C8166
TGCACCTCAGCTAAGT-1,14.25635,13.407882,JM1
TGCACCTCATTACAGA-1,15.969932,5.0460067,143B
TGCACGTAGCCTACCC-1,7.9469986,16.394371,SUPT11
TGCACTAAGCGAAGCA-1,-4.150156,3.2945802,HAP1 MUTYH-/-
TGCACTAAGCTTACTC-1,9.413257,-11.425037,TK6 LIG4-/-
TGCAGGCCAATGTAGC-1,6.483728,10.566052,RH30
TGCAGGCCATTAGGAC-1,6.704169,-4.1004047,CHLA06ATRT
TGCAGGTTCCGTGCGA-1,15.407853,-4.127922,C8166
TGCAGGTTCCTTCGTG-1,8.017686,15.3229685,SUPT11
TGCAGTCAGGAGCTGA-1,8.142879,16.285852,SUPT11
TGCAGTCAGGAGTACG-1,20.298388,-2.1541126,SAOS2
TGCAGTCAGGCGATGA-1,8.582169,-3.448387,CHLA06ATRT
TGCATAACATAACCTT-1,6.829124,-3.4508326,CHLA06ATRT
TGCATAACATCACAGG-1,8.44883,5.6027403,NALM6
TGCATAGTCCAACCGG-1,1.3209217,6.549104,PF382
TGCATAGTCCGCCAGA-1,-2.0796995,-2.8332863,HELA XPA-/-
TGCATATAGCCTGTGG-1,14.52431,5.126869,143B
TGCATCAAGCGAACTC-1,15.295949,-5.4053,C8166
TGCATCAAGTGCTTGA-1,14.473216,-4.9424796,C8166
TGCATCAAGTTGGGCT-1,5.2885885,5.9241576,PF382
TGCATCCCAAGTTCCC-1,15.967413,7.331244,143B
TGCATCCCAATTAACG-1,3.372447,-2.848074,CHLA06ATRT
TGCATCCCATAATTGG-1,5.2609277,1.0037119,JURKAT
TGCATCCCATCGAAGT-1,-4.2369757,14.127608,KHM1B
TGCATCCCATGATCCC-1,3.2145412,-2.6288414,CHLA06ATRT
TGCATTGAGCGATAGG-1,18.984966,6.547855,143B
TGCATTGAGGGCTCCA-1,-1.3348923,-3.3121371,HELA XPA-/-
TGCATTGAGTGATGAA-1,10.26257,-8.082406,TK6 LIG4-/-
TGCATTTCAAGCCGTA-1,11.384592,-9.433644,TK6 LIG4-/-
TGCATTTCAAGGTCAT-1,2.1966603,8.088042,PF382
TGCATTTCACTTGGAG-1,15.415865,5.3623977,143B
TGCATTTCATGGTCGA-1,6.6045275,16.266811,SUPT11
TGCCACCTCCTTAGTC-1,17.38932,7.8601975,143B
TGCCACCTCGCGTTAA-1,-2.096947,3.6913486,HAP1 MUTYH-/-
TGCCAGACAACTACCC-1,7.0398455,17.079073,SUPT11
TGCCAGACACTAGCAG-1,11.869822,-0.34533492,ALLSIL
TGCCAGGTCACAGGAG-1,1.7514964,6.36985,PF382
TGCCAGGTCCCAGGCA-1,9.671797,3.770399,NALM6
TGCCAGGTCGAGTGTC-1,3.2106838,6.8618655,PF382
TGCCAGTAGCTAACGC-1,4.1647134,-2.3426678,CHLA06ATRT
TGCCAGTAGGTACCCG-1,7.6102877,16.879412,SUPT11
TGCCATAAGATTGAGA-1,-5.2291064,3.5517538,HAP1 MUTYH-/-
TGCCATAAGGTCAAGG-1,3.9532914,7.886261,PF382
TGCCATCCAACGGGTC-1,20.294918,-2.0644524,SAOS2
TGCCATCCAAGCTAAC-1,5.5678506,6.7645955,PF382
TGCCATGGTGGACTAA-1,-3.06068,-2.663907,HELA XPA-/-
TGCCATTTCCAGCCTC-1,4.788897,1.114382,JURKAT
TGCCATTTCTGGCAAC-1,-3.1366909,-3.9518766,HELA XPA-/-
TGCCCAAGTAATGAAC-1,8.743691,3.0470357,NALM6
TGCCCAAGTCATTGGT-1,-3.078615,-3.824356,HELA XPA-/-
TGCCCAAGTTGTCAGT-1,14.21869,12.77358,JM1
TGCCCGAAGCCAACCG-1,1.4155105,8.557447,PF382
TGCCCGTTCGTTAAGT-1,7.627409,16.931763,SUPT11
TGCCCTCAGCTGGCTG-1,0.93202037,6.4937243,PF382
TGCCCTCAGTAACGCC-1,3.6430957,5.3393836,PF382
TGCCCTCAGTCGATAT-1,8.736328,-3.4485753,CHLA06ATRT
TGCCCTCAGTTGGGTC-1,13.686023,-5.892107,C8166
TGCCCTTGTTCAATCA-1,7.120216,-2.4734201,CHLA06ATRT
TGCCCTTGTTGTCCGA-1,8.045824,6.382438,NALM6
TGCCGAACAAATGGCT-1,-6.8908,8.334726,EOL1
TGCCGAACATTGCCCG-1,4.970159,7.468575,PF382
TGCCGATAGGGGCAAC-1,18.814192,7.7615395,143B
TGCCGTAGTGCGTGCT-1,-1.1085187,-2.3459604,HELA XPA-/-
TGCCGTAGTTAGAGGC-1,8.288245,3.5094728,NALM6
TGCCGTGAGGATGCGA-1,9.026392,5.246249,NALM6
TGCCGTGAGGTGCTAC-1,-3.5918047,1.1537687,HAP1 MUTYH-/-
TGCCGTTCAAAGGTCT-1,15.430276,5.3368645,143B
TGCCGTTCAAATCCAA-1,19.962383,-0.9852542,SAOS2
TGCCGTTCAAATGAGG-1,2.0205517,5.1537533,PF382
TGCCGTTCAACCGCAA-1,2.0177422,12.449335,DND41
TGCCGTTCACAATTAG-1,-2.719094,3.4521348,HAP1 MUTYH-/-
TGCCGTTCATGATATG-1,15.6922035,4.6849384,143B
TGCCGTTCATTAATCC-1,4.7624574,-3.848011,CHLA06ATRT
TGCCTAAAGAACGAGT-1,11.854386,12.318818,JM1
TGCCTAAAGATAGGAC-1,8.561722,4.269205,NALM6
TGCCTAAAGGGGTTGA-1,-2.1247344,-5.1424956,HELA XPA-/-
TGCCTAAAGGTAACTT-1,1.4540404,5.160368,PF382
TGCCTAGGTATAGCCT-1,-4.6083603,4.031974,HAP1 MUTYH-/-
TGCCTAGGTCATTACA-1,13.823007,13.925904,JM1
TGCCTATTCAGGCAGA-1,-2.3835008,3.9865417,HAP1 MUTYH-/-
TGCCTATTCAGGGCAA-1,15.392825,5.079748,143B
TGCCTATTCCAGCGAT-1,10.869618,-8.165077,TK6 LIG4-/-
TGCCTATTCGTAACTG-1,-0.17296587,12.3897295,DND41
TGCCTATTCGTACACA-1,11.091089,-10.892698,TK6 LIG4-/-
TGCCTCATCACCAAGC-1,16.952293,6.558867,143B
TGCCTCATCGATCGCG-1,3.3476045,1.5483267,JURKAT
TGCCTCATCGCGTCGA-1,7.11626,17.095642,SUPT11
TGCCTCGCAGTAATCA-1,14.8964,7.3298182,143B
TGCCTCGCATTCAGTT-1,18.33918,6.160834,143B
TGCCTCTGTAGCCTCA-1,8.927626,-10.983714,TK6 LIG4-/-
TGCCTCTGTAGTCCCA-1,-1.2856536,-2.815088,HELA XPA-/-
TGCCTCTGTGGAAGCT-1,3.0539334,6.711304,PF382
TGCCTCTGTTGGTGAA-1,8.98844,4.681098,NALM6
TGCCTGCTCCAGGGTT-1,14.476311,13.736259,JM1
TGCCTTTAGGATTGGG-1,9.692025,-11.325456,TK6 LIG4-/-
TGCCTTTAGGTCGTAC-1,11.444575,-1.6554794,ALLSIL
TGCGAAAGTTAATTCG-1,15.922464,4.0628257,143B
TGCGACCGTCATCGGC-1,14.98377,7.38755,143B
TGCGACCGTGAAGGTC-1,7.9397326,16.44801,SUPT11
TGCGACCGTTGACGCC-1,-2.3099732,-5.457962,HELA XPA-/-
TGCGACTAGCATGATT-1,15.751641,-4.403297,C8166
TGCGACTAGGAGCTTC-1,0.48332122,15.528973,TE617T
TGCGACTAGGGTGAAT-1,11.920386,11.459441,JM1
TGCGACTAGGTCCCGA-1,21.758715,-0.2691997,SAOS2
TGCGAGGGTAAGGTAT-1,-2.4540315,-4.783293,HELA XPA-/-
TGCGATGCAATTCACT-1,13.267741,12.59426,JM1
TGCGATTGTCAGCTAT-1,-2.5839112,-3.2702122,HELA XPA-/-
TGCGATTGTTAGGCTT-1,3.3641653,1.0929381,JURKAT
TGCGGCTGTCAAGGGT-1,3.2148414,1.7827339,JURKAT
TGCGGCTGTTGACCTG-1,16.1916,5.06612,143B
TGCGGGTCAACCGCTT-1,7.0234995,11.192846,RH30
TGCGGGTCAAGCTAGT-1,10.090028,-11.389438,TK6 LIG4-/-
TGCGGGTCAGCAGGAG-1,18.187603,5.8468604,143B
TGCGGGTCATCCTGAC-1,11.085453,-9.810765,TK6 LIG4-/-
TGCGGTTAGCCACGAT-1,15.696701,-6.0852876,C8166
TGCGGTTAGCTAGTCA-1,14.746973,13.177301,JM1
TGCGGTTAGTTACGCA-1,9.1171255,-9.944671,TK6 LIG4-/-
TGCGTAATCACCAAGC-1,3.857242,4.4790206,PF382
TGCTAACGTCAGCACC-1,-2.8191442,-2.5937839,HELA XPA-/-
TGCTAACGTGATAGCA-1,9.052543,4.6011157,NALM6
TGCTAAGTCGTGAATT-1,16.046762,4.3443947,143B
TGCTACAAGCATGGCT-1,9.973807,4.192209,NALM6
TGCTACAAGCGCCTAG-1,15.092725,7.9109073,143B
TGCTACCCACTTAGCC-1,20.27986,-2.3082447,SAOS2
TGCTACTTCCATAGTG-1,2.773892,5.7108355,PF382
TGCTACTTCCGTGTCC-1,8.569864,-4.003797,CHLA06ATRT
TGCTATAGTAATCACC-1,14.06268,5.376872,143B
TGCTATAGTTAGCATC-1,8.637084,-4.426966,CHLA06ATRT
TGCTCAAAGGCGAAGC-1,-2.242422,-3.0726678,HELA XPA-/-
TGCTCAAAGGCGAGAC-1,18.09753,7.553429,143B
TGCTCACCAGTACCAG-1,14.25215,3.4006498,143B
TGCTCCATCCCTCAGC-1,20.981092,6.553978,143B
TGCTCCATCTAGATAC-1,-4.771193,2.997078,HAP1 MUTYH-/-
TGCTCCGCACCATTGC-1,4.418591,-4.8150315,CHLA06ATRT
TGCTCGCTCGCATCGG-1,2.200327,15.971128,TE617T
TGCTCGCTCTAATGAC-1,-1.8761133,4.230362,HAP1 MUTYH-/-
TGCTGATGTCAGCTCA-1,-4.7573605,2.6091778,HAP1 MUTYH-/-
TGCTGATGTGATCCCA-1,11.184243,10.790799,JM1
TGCTGATGTTTCGATA-1,13.979732,-4.9573636,C8166
TGCTGCCTCATGCTAG-1,18.125021,4.614978,143B
TGCTGCCTCCCTCAAT-1,-3.0949404,-3.283931,HELA XPA-/-
TGCTGGACACTAGCGA-1,7.077831,15.766944,SUPT11
TGCTGGACATGAGCCA-1,13.386146,-0.89823973,ALLSIL
TGCTGGGTCACTAGCA-1,11.80059,0.5546956,ALLSIL
TGCTGGGTCACTCCAT-1,1.0391295,6.607087,PF382
TGCTGGGTCATCGACA-1,20.265913,-2.1578197,SAOS2
TGCTGTCCAAGCTATA-1,2.0029435,6.215851,PF382
TGCTGTCCATCACACC-1,0.9312321,6.0849953,PF382
TGCTGTCCATTCATAC-1,3.5675485,1.1636697,JURKAT
TGCTTAAGTTGGAATG-1,14.823843,-5.0517716,C8166
TGCTTAAGTTGTAAGG-1,17.099989,5.3805585,143B
TGCTTAGAGGATTAAG-1,7.594655,15.658567,SUPT11
TGCTTCACACTACCTA-1,15.112217,6.2628016,143B
TGCTTCACATCCTACA-1,9.872173,3.8861318,NALM6
TGGAACCTCACTCGCC-1,8.382365,3.0797708,NALM6
TGGAACCTCCACCTTG-1,13.384313,12.782865,JM1
TGGAACCTCCTCACAT-1,17.207575,4.626716,143B
TGGAACCTCGACCGTG-1,-0.2403117,12.23958,DND41
TGGACAAGTGAGTGAC-1,19.571854,-1.0909119,SAOS2
TGGACAAGTGATTAGG-1,11.154655,0.4487942,ALLSIL
TGGACATCATGATCCC-1,18.55228,6.4025235,143B
TGGACATCATGGATGT-1,3.0463388,-2.1466625,CHLA06ATRT
TGGACGAAGCTAACGC-1,10.576994,0.8425447,ALLSIL
TGGACGAAGGTGCTTA-1,8.136831,-4.246031,CHLA06ATRT
TGGACGTTCCCGTTCA-1,4.8872437,5.298371,PF382
TGGACGTTCGTTCGTT-1,14.166087,5.4168844,143B
TGGACTATCCCCATCA-1,14.919827,-4.9390163,C8166
TGGACTATCGCGATTA-1,3.3106823,6.9322476,PF382
TGGACTCAGCCAGTGT-1,3.3784058,-8.072628,U2OS OGG-/-
TGGAGCAAGGGTGACA-1,6.711248,17.44949,SUPT11
TGGAGCAAGTACGCTA-1,14.36595,5.2148952,143B
TGGAGCGGTAATCCAC-1,-3.9255328,2.2047217,HAP1 MUTYH-/-
TGGAGCGGTGATGACA-1,20.62584,-2.2766223,SAOS2
TGGAGCGGTTGAGCAA-1,9.13912,5.5811987,NALM6
TGGAGGATCAGGGATG-1,2.6771715,6.1618133,PF382
TGGAGTAGTAATGGGC-1,-2.3803966,3.5736485,HAP1 MUTYH-/-
TGGAGTAGTCAACTAC-1,4.124406,-2.705021,CHLA06ATRT
TGGAGTAGTCTGTGAT-1,14.694479,6.296198,143B
TGGAGTAGTTAGGGTA-1,17.550558,5.3750587,143B
TGGAGTGAGGTATCTG-1,2.4880714,6.7248516,PF382
TGGATAGGTAAGGGTC-1,13.398267,-0.12543795,ALLSIL
TGGATATTCAGCTAAT-1,19.683485,-1.9246387,SAOS2
TGGATATTCATGCTAG-1,5.6989207,6.6204925,PF382
TGGATGCTCCGCGTGA-1,13.579356,-5.786606,C8166
TGGATGCTCCTGATAG-1,13.651425,-5.2207055,C8166
TGGATGGAGATTCAGT-1,12.89057,14.626897,JM1
TGGATGGAGCCACAGT-1,20.068932,-2.263583,SAOS2
TGGATGGAGTAGTCCA-1,16.781483,4.973898,143B
TGGATGGAGTAGTCGC-1,17.27089,6.0297475,143B
TGGATTGTCCTGCCAC-1,14.408799,-4.3210316,C8166
TGGATTGTCGACTAAT-1,16.168526,6.791657,143B
TGGATTGTCGCTCTCA-1,15.058259,-3.684058,C8166
TGGCATATCACACCAA-1,7.278884,15.307896,SUPT11
TGGCATATCACAGGAG-1,4.585281,-3.693475,CHLA06ATRT
TGGCATATCTAACCAG-1,9.018199,-10.065926,TK6 LIG4-/-
TGGCATGCATAGGGTT-1,14.539056,5.9064755,143B
TGGCATTGTCTAGGAA-1,20.001192,-1.8740762,SAOS2
TGGCCATAGGTTAGCC-1,7.2599473,15.588286,SUPT11
TGGCCTGAGCCAGACT-1,14.850377,-4.3377333,C8166
TGGCCTGAGTGAGTCC-1,13.171649,-0.9310864,ALLSIL
TGGCGAAAGAACGAAC-1,13.412697,-5.6601186,C8166
TGGCGAAAGCTACCAA-1,15.601268,7.849839,143B
TGGCGAGGTTTGCGTG-1,-0.1171825,-2.6914072,HELA XPA-/-
TGGCGATTCATGTGCA-1,4.4900923,1.5431371,JURKAT
TGGCGATTCGCGTCCT-1,14.965776,4.0821524,143B
TGGCGGTCATTCATGT-1,10.068422,-9.524982,TK6 LIG4-/-
TGGCTAATCGAACCTA-1,13.426579,12.496646,JM1
TGGCTATGTTTGAGGA-1,9.848376,4.9886165,NALM6
TGGCTCAGTCAACTGT-1,14.666791,5.700359,143B
TGGCTCAGTGGCTCAC-1,14.474149,14.210758,JM1
TGGCTCTCACCTATCA-1,8.333284,3.4006217,NALM6
TGGCTGACAAACTAGC-1,15.52827,-4.0817175,C8166
TGGCTGACAAGTCGCA-1,15.298627,3.89783,143B
TGGCTTGGTGGCGTAG-1,-2.118464,4.256686,HAP1 MUTYH-/-
TGGGAACGTAATGCGA-1,-1.704137,4.014647,HAP1 MUTYH-/-
TGGGAACGTTAGTCCG-1,-4.324177,3.9265785,HAP1 MUTYH-/-
TGGGAACGTTATAGGG-1,8.45973,3.446502,NALM6
TGGGACAAGCATTCAG-1,-3.4225228,14.542656,KHM1B
TGGGACAAGTCATTCC-1,3.38123,-9.772519,U2OS OGG-/-
TGGGATAGTCAAGCAA-1,4.7450833,5.4691634,PF382
TGGGATAGTTCCGTAG-1,10.070272,-11.271519,TK6 LIG4-/-
TGGGATAGTTGAAGTG-1,3.4180276,5.220225,PF382
TGGGATAGTTTCCGAG-1,-3.466034,1.6712487,HAP1 MUTYH-/-
TGGGATTCAATCGAAC-1,19.686546,-2.537353,SAOS2
TGGGCAAAGCAATCCA-1,11.016336,-8.512939,TK6 LIG4-/-
TGGGCAAAGCCATTAG-1,15.873607,-7.405208,C8166
TGGGCAAAGCGCATCG-1,7.2680726,-3.3360093,CHLA06ATRT
TGGGCACCACCATGTC-1,10.724042,-8.0879135,TK6 LIG4-/-
TGGGCAGGTAGCTCCA-1,14.090438,6.3557587,143B
TGGGGCAGTGCACGTC-1,4.8634005,6.832387,PF382
TGGGGCTCAAGCTATA-1,16.454184,7.8193874,143B
TGGGGCTCACCATCAC-1,8.437498,-3.4818757,CHLA06ATRT
TGGGGCTCAGCACTAG-1,14.906312,5.219495,143B
TGGGGCTCAGTTGACG-1,19.572578,-1.8169196,SAOS2
TGGGGTAAGTAGAGTA-1,21.363655,0.20361154,SAOS2
TGGGGTTTCCGCTACC-1,-2.8060036,2.217088,HAP1 MUTYH-/-
TGGGGTTTCGTAATCG-1,9.6761055,-8.375931,TK6 LIG4-/-
TGGGTCCGTTCATCCC-1,15.771179,4.853215,143B
TGGGTGAAGCGACTTA-1,17.290636,5.686469,143B
TGGGTGAAGGCGTATC-1,-1.0163304,-2.2247076,HELA XPA-/-
TGGGTGAAGTCAGGTC-1,12.879235,-4.7812777,C8166
TGGGTGAAGTGCTTAG-1,2.2611797,6.551119,PF382
TGGGTTATCCGTAGAC-1,4.8694754,1.644618,JURKAT
TGGGTTATCGTCTATC-1,3.5118802,-3.6999743,CHLA06ATRT
TGGGTTATCTAATCCC-1,16.125967,7.470838,143B
TGGGTTGCATGACAGT-1,8.558878,4.2413564,NALM6
TGGTAAGGTGGACCCT-1,-2.625883,-2.9298494,HELA XPA-/-
TGGTAAGGTTTCGCTC-1,8.834847,-10.319427,TK6 LIG4-/-
TGGTAGCTCCAGCACG-1,10.045185,-10.336692,TK6 LIG4-/-
TGGTAGCTCGATGCGT-1,10.804583,0.25175613,ALLSIL
TGGTAGGAGATTGGTT-1,8.541434,3.3891554,NALM6
TGGTAGGAGCAGGTTC-1,2.550998,-8.844163,U2OS OGG-/-
TGGTAGGAGGCGATAG-1,4.118658,-7.826045,U2OS OGG-/-
TGGTAGTCATAAGCAC-1,0.8593122,15.583445,TE617T
TGGTAGTCATTAGGGT-1,9.071149,4.6722803,NALM6
TGGTATTAGCCAGTGT-1,1.4065026,-8.9122,U2OS OGG-/-
TGGTATTAGGTGCAAG-1,4.8479285,7.5732503,PF382
TGGTCAATCACCAGCG-1,9.1991205,-11.0357275,TK6 LIG4-/-
TGGTCAATCATCGTCT-1,5.037275,5.6493125,PF382
TGGTCAATCTAGGCCG-1,9.62739,3.6232386,NALM6
TGGTCACAGGGTATCC-1,15.270614,7.8571095,143B
TGGTCCTCAAGGTCTG-1,7.509741,-2.509256,CHLA06ATRT
TGGTCCTCACTAAGGT-1,14.6716795,5.810832,143B
TGGTCCTCATTAACGA-1,3.8998141,1.1695304,JURKAT
TGGTCTAAGAAGGAAG-1,-4.2786126,2.6843455,HAP1 MUTYH-/-
TGGTGAGAGATAGAGC-1,9.450167,4.0500445,NALM6
TGGTGAGAGCGATAGG-1,20.235786,6.367826,143B
TGGTGAGAGTTACGGC-1,15.476755,6.6846304,143B
TGGTGAGAGTTGCGGT-1,10.667291,-7.8330646,TK6 LIG4-/-
TGGTGGTTCACAGATT-1,-0.6903532,-2.3145256,HELA XPA-/-
TGGTGTTGTCTTGGGC-1,2.8265448,5.5809164,PF382
TGGTGTTGTTAGCACT-1,1.1383069,8.706142,PF382
TGGTTAACACATTAGA-1,10.530505,-8.077164,TK6 LIG4-/-
TGGTTAACATAGACGT-1,13.155851,12.811762,JM1
TGGTTACGTAACGTAG-1,14.065233,-4.910855,C8166
TGGTTACGTGGCAGCA-1,0.988619,12.615964,DND41
TGGTTAGTCATAGACT-1,4.9852357,7.281125,PF382
TGGTTAGTCCAGCAGT-1,-0.46554735,11.670364,DND41
TGGTTAGTCCCTGTAT-1,11.134726,-10.668052,TK6 LIG4-/-
TGGTTAGTCGAGTGGA-1,3.238839,-2.463078,CHLA06ATRT
TGGTTATAGATTGACT-1,8.121797,11.212966,RH30
TGGTTATAGGTACGAG-1,6.5333457,10.2350445,RH30
TGGTTATAGGTATGGG-1,2.7578454,6.2651386,PF382
TGGTTCAAGAAGCTGG-1,20.646133,-1.3936473,SAOS2
TGGTTCAAGGGTACGA-1,16.696299,7.4628,143B
TGGTTCAAGGTTACGC-1,8.382654,6.012836,NALM6
TGGTTCCCAAGCGTTG-1,-1.226128,-2.6478179,HELA XPA-/-
TGGTTCCCAATCGGGC-1,18.328936,5.5114274,143B
TGGTTCCCACTCAGGA-1,16.77636,4.4006424,143B
TGGTTTAGTGAGTCGG-1,3.7782447,-2.8953946,CHLA06ATRT
TGGTTTAGTTAGGCAA-1,2.7098854,8.886761,PF382
TGGTTTGAGGAATGGT-1,7.8994155,16.14591,SUPT11
TGGTTTGAGTGAGGAT-1,17.511507,7.547055,143B
TGGTTTGAGTGCTCGG-1,19.676104,-2.1600487,SAOS2
TGTAACCGTCATCCCT-1,1.0949441,5.929432,PF382
TGTAACCGTCCATATA-1,6.2983184,15.993578,SUPT11
TGTAACCGTCTGGTTG-1,10.948429,-1.2673463,ALLSIL
TGTAACTAGGGTAGCA-1,-1.8689224,-2.2701118,HELA XPA-/-
TGTAACTAGTAGCCGT-1,9.9062805,5.041514,NALM6
TGTAAGCCAGGAACGG-1,14.158451,14.801368,JM1
TGTAAGCCATCCCGTG-1,-4.440588,4.432972,HAP1 MUTYH-/-
TGTAAGGGTGAAGCCG-1,3.8967023,4.254858,PF382
TGTAAGGGTGCACCGT-1,8.292481,-4.3560843,CHLA06ATRT
TGTAAGGGTGGCAGTG-1,-4.3754582,2.8540378,HAP1 MUTYH-/-
TGTAATGCAAACCATA-1,2.0176644,16.563398,TE617T
TGTAATGCAACTTCCA-1,15.356128,-7.5277667,C8166
TGTAATGCACTCATCA-1,15.487851,7.996049,143B
TGTAATGCATAACTCT-1,16.531788,7.5821075,143B
TGTAATGCATCCATAT-1,18.175758,5.08442,143B
TGTACCCCAATGTCGG-1,1.2779915,11.551385,DND41
TGTACCGGTAGTAGCA-1,9.932003,4.5499363,NALM6
TGTACCGGTTGCATCG-1,1.5616935,5.270067,PF382
TGTACCTTCACATTCC-1,4.667706,5.4455423,PF382
TGTACCTTCCCATTAC-1,-2.1732955,-3.1655202,HELA XPA-/-
TGTACGATCCAGGGTT-1,12.641145,12.24665,JM1
TGTACGATCGTACCTT-1,21.040644,-1.2894249,SAOS2
TGTACGATCTGTGAAT-1,1.6841953,16.896751,TE617T
TGTACTGAGCGCTATA-1,4.8067684,6.314941,PF382
TGTACTTCACATGCTC-1,10.755447,-9.687609,TK6 LIG4-/-
TGTACTTCACTCGGTT-1,3.8095794,-2.9330447,CHLA06ATRT
TGTAGCATCATGGCTA-1,3.5976799,-3.5398576,CHLA06ATRT
TGTAGCCAGTAACGCC-1,11.362617,-9.804801,TK6 LIG4-/-
TGTAGCCAGTGCCGTG-1,9.870516,-10.320569,TK6 LIG4-/-
TGTAGCGCACAGCATG-1,7.997284,15.203122,SUPT11
TGTAGGTCAACTTCGC-1,2.5920055,8.763226,PF382
TGTAGGTCAAGCGAGG-1,9.3297825,-10.365058,TK6 LIG4-/-
TGTAGTTAGCAACCCG-1,19.473293,5.9805903,143B
TGTAGTTAGGCGAGTA-1,9.559068,3.9117544,NALM6
TGTATAGCACCTTCGG-1,18.375948,6.4667373,143B
TGTATCAGTCAAGTCT-1,-2.574682,-5.446935,HELA XPA-/-
TGTATCAGTCTCAGGC-1,2.0480237,15.014109,TE617T
TGTATCAGTGAGACAC-1,10.112102,-11.7895775,TK6 LIG4-/-
TGTATCAGTGATGCGG-1,-2.8030777,2.307387,HAP1 MUTYH-/-
TGTATCCTCCACGGAT-1,19.894344,-1.7903067,SAOS2
TGTATCCTCGAATTAC-1,15.01681,4.5163894,143B
TGTATCTCAAGTGAAG-1,2.654375,14.952892,TE617T
TGTATCTCATCACATT-1,18.011408,4.945782,143B
TGTATGACAAGCGATT-1,14.927156,-5.771264,C8166
TGTATGACAAGTCGCA-1,10.326745,-0.8014995,ALLSIL
TGTATGACAATTGACA-1,-3.5949123,1.886341,HAP1 MUTYH-/-
TGTATGGTCCTGTGCC-1,1.7955074,9.336222,PF382
TGTATTCCAGGTTCGA-1,-2.8561988,4.5219116,HAP1 MUTYH-/-
TGTCACCCAACCATCC-1,-3.6559987,0.9791371,HAP1 MUTYH-/-
TGTCACCCAGGATCAT-1,-3.6284997,4.235891,HAP1 MUTYH-/-
TGTCACCCATCCGTAC-1,9.6896,4.9541554,NALM6
TGTCACTTCACCACGG-1,-1.9258829,4.1758637,HAP1 MUTYH-/-
TGTCACTTCACTCGGG-1,2.9116652,5.807617,PF382
TGTCACTTCATGCAAT-1,-3.9186287,3.0197124,HAP1 MUTYH-/-
TGTCACTTCGCTGGAT-1,17.377203,5.477353,143B
TGTCAGGCAAGCCGAC-1,6.957257,11.357941,RH30
TGTCAGGCATTAGAGC-1,-4.8522444,3.4158676,HAP1 MUTYH-/-
TGTCATGAGTGCGGAA-1,15.298152,7.836721,143B
TGTCATTCAAACTGTA-1,-3.6635578,1.9591688,HAP1 MUTYH-/-
TGTCATTCAATAGGAG-1,13.598396,-0.75134313,ALLSIL
TGTCATTCACATTCCA-1,1.2693405,8.156256,PF382
TGTCATTCACCTTGCG-1,15.58157,5.3240714,143B
TGTCCAAAGGAGCTAG-1,3.219881,6.321705,PF382
TGTCCAAAGTAGGAAC-1,15.400979,-6.375222,C8166
TGTCCAAAGTCATGGC-1,-1.892296,3.7374096,HAP1 MUTYH-/-
TGTCCACCAGGTTGGC-1,20.184229,6.5574017,143B
TGTCCAGGTAGTCCGC-1,13.81744,14.277753,JM1
TGTCCAGGTGACTCTG-1,8.620982,4.73778,NALM6
TGTCCAGGTTCCTTCA-1,-1.1872902,-4.230935,HELA XPA-/-
TGTCCAGGTTGCTTCC-1,19.25955,5.565782,143B
TGTCCAGGTTTGGAAG-1,2.7668102,6.925619,PF382
TGTCCCATCACTCTAC-1,13.872761,6.224987,143B
TGTCCCATCATGCGTA-1,1.9551296,5.1861563,PF382
TGTCCCATCTATGCAG-1,-3.3148196,3.1205528,HAP1 MUTYH-/-
TGTCCCGCAAATGCGT-1,10.06954,-11.688372,TK6 LIG4-/-
TGTCCCGCACAAGCGC-1,14.7882805,3.7191088,143B
TGTCCCGCATTGGGCA-1,16.006086,7.894187,143B
TGTCCGCTCCAATGAT-1,1.6647928,5.593484,PF382
TGTCCGGAGCAAGGTG-1,0.75631785,11.358165,DND41
TGTCCGGAGCATCTAG-1,1.8939178,9.018591,PF382
TGTCCTTAGATTAGTC-1,1.1257172,12.172613,DND41
TGTCCTTAGCCCGTCT-1,8.245827,-2.7570138,CHLA06ATRT
TGTCCTTAGGTGCGTT-1,-2.7496014,-4.670411,HELA XPA-/-
TGTCCTTAGTAACCGC-1,-1.7458999,-2.8901756,HELA XPA-/-
TGTCGATGTGAAGCTA-1,4.1126256,3.522953,JURKAT
TGTCGATGTTGCACAT-1,0.8233554,6.9068847,PF382
TGTCGCCTCAATTCCC-1,21.489822,-0.08702578,SAOS2
TGTCGCCTCACTCAAG-1,16.275068,-5.014924,C8166
TGTCGCCTCCAACCTT-1,4.2614036,-2.4179244,CHLA06ATRT
TGTCGTCCAAACCAGT-1,10.633563,-8.902628,TK6 LIG4-/-
TGTCGTCCAACCAACG-1,-3.7073572,1.8463365,HAP1 MUTYH-/-
TGTCGTCCAACGTTAA-1,15.096655,5.224661,143B
TGTCGTCCATCGATCC-1,2.7293909,-2.4610088,CHLA06ATRT
TGTCGTCCATTGGCAG-1,15.1425705,3.73293,143B
TGTCGTTTCCCTCGTA-1,3.1261005,-2.1997414,CHLA06ATRT
TGTCGTTTCGAACGCT-1,1.1459973,11.466836,DND41
TGTCGTTTCTCACACT-1,15.052487,-3.56955,C8166
TGTCTAAGTAACGATG-1,13.594271,14.038433,JM1
TGTCTCACAGTTGCGA-1,6.1873393,15.313859,SUPT11
TGTCTCACATAGGTTA-1,12.813441,12.610742,JM1
TGTCTGTTCACGGAGA-1,14.829433,6.2733374,143B
TGTCTGTTCCAGGTGT-1,20.499636,-2.3548105,SAOS2
TGTCTGTTCCGCGCTT-1,3.1214662,7.0231566,PF382
TGTCTGTTCCGTCAGG-1,6.452339,16.881826,SUPT11
TGTCTGTTCCTTCGCA-1,12.252061,6.8198404,143B
TGTCTGTTCTATGGTG-1,-0.7724115,-2.5581248,HELA XPA-/-
TGTCTTGCATCACTAT-1,18.74612,8.088358,143B
TGTGAACCACATGCGA-1,9.317574,4.7237973,NALM6
TGTGAAGGTAACGTGA-1,14.22818,13.997061,JM1
TGTGAAGGTTGTGGTT-1,19.888056,-1.7180976,SAOS2
TGTGAAGGTTTCACTT-1,13.422628,12.38194,JM1
TGTGAGGAGCGATTCA-1,3.4905534,3.2891715,JURKAT
TGTGAGGAGGGGATAT-1,16.531898,4.6719737,143B
TGTGAGGAGTAATCCG-1,-1.306754,-3.461039,HELA XPA-/-
TGTGAGGAGTGGCAAG-1,12.807621,7.1883516,143B
TGTGATTAGGAGGACC-1,16.807306,4.5520086,143B
TGTGATTAGGGCTCCA-1,0.21524854,12.515292,DND41
TGTGATTAGGGGATCA-1,7.133409,17.166832,SUPT11
TGTGATTAGTTAGGCC-1,14.752725,8.14798,143B
TGTGCAATCGAAGTCC-1,16.824715,7.8483887,143B
TGTGCAATCGTAACCA-1,10.723796,0.14657436,ALLSIL
TGTGCCAGTAACCCAT-1,15.587965,4.976533,143B
TGTGCCAGTGCGCCAT-1,14.366252,5.0570383,143B
TGTGCCAGTTGTAAGG-1,3.2261,1.7842373,JURKAT
TGTGCCCTCACTTGCT-1,10.635552,-10.246902,TK6 LIG4-/-
TGTGCCCTCAGCAGGA-1,12.605675,12.917106,JM1
TGTGCCCTCCTGCACC-1,-4.834313,3.9496176,HAP1 MUTYH-/-
TGTGCCCTCTGGCCGA-1,6.4160542,-2.708754,CHLA06ATRT
TGTGCGCGTAAGTGCA-1,-4.8736777,2.3188024,HAP1 MUTYH-/-
TGTGCGCGTGAGCCAG-1,15.104248,8.079448,143B
TGTGCTGGTAATTGGG-1,15.932143,7.4303584,143B
TGTGCTGGTCCATCGA-1,14.118831,5.779276,143B
TGTGCTGGTTAAGCGA-1,12.122573,12.196442,JM1
TGTGGTCAGTCATGGC-1,-3.1350448,3.8542368,HAP1 MUTYH-/-
TGTGGTTGTTGGTTCG-1,0.93236315,6.443696,PF382
TGTGTACGTAGCTAGA-1,13.235437,13.926938,JM1
TGTGTTAGTAGTTGAG-1,18.368835,7.9428673,143B
TGTGTTAGTGCGGTAG-1,18.09453,8.386559,143B
TGTGTTAGTTCGGCAC-1,15.452471,5.854962,143B
TGTGTTGAGCGATTGC-1,10.391967,-8.715668,TK6 LIG4-/-
TGTGTTGAGGTCAAGG-1,11.49032,-1.0389053,ALLSIL
TGTGTTGAGTGCTTAG-1,1.9688454,15.50428,TE617T
AAACCAAAGCCTTCCA-1,14.352499,6.166496,143B
AAACCAAAGCGCCTCT-1,20.01081,-2.7762432,SAOS2
AAACCATTCACCCTAT-1,6.808266,15.393392,SUPT11
AAACCCGCAAGCTAAC-1,4.5825725,-7.8163323,U2OS OGG-/-
AAACCCGCAGCCAGAC-1,16.545305,5.5624876,143B
AAACCCGCAGGATACT-1,19.981327,-0.72772616,SAOS2
AAACCCGCATTGGCGA-1,4.1951923,2.0455694,JURKAT
AAACCCTGTAATGCGA-1,15.224399,-4.166467,C8166
AAACCCTGTAGCGGAT-1,10.2238655,-9.708807,TK6 LIG4-/-
AAACCCTGTGGCGACA-1,1.6718423,-8.581568,U2OS OGG-/-
AAACCCTGTTCGAGTT-1,13.424345,-0.9531066,ALLSIL
AAACCGCTCACAGGCT-1,9.203607,-11.206682,TK6 LIG4-/-
AAACCGCTCCCAGTAA-1,13.845168,13.991304,JM1
AAACGAATCAGGAGTG-1,9.417736,1.2132816,ALLSIL
AAACGACAGATTGCTG-1,-1.5786669,-4.2909822,HELA XPA-/-
AAACGACAGCTGGGAA-1,21.742071,-0.11496088,SAOS2
AAACGATGTTAAGCTC-1,14.43698,5.1398797,143B
AAACGCCTCGCTCCGT-1,7.6576533,16.465788,SUPT11
AAACGGACAATCTCGC-1,16.413473,7.0184402,143B
AAACGGACAGCCATGA-1,8.86905,4.7779784,NALM6
AAACGGACATGGCAAT-1,2.127613,-9.634717,U2OS OGG-/-
AAACGGACATGGCTGA-1,2.134649,6.377121,PF382
AAACGGGTCAATTAGC-1,14.7172,13.917437,JM1
AAACGTAAGGCATGTC-1,17.36774,5.6930275,143B
AAACGTAAGGGTTGAG-1,11.447323,11.305871,JM1
AAACGTAAGGTCCAAC-1,5.640739,0.68985856,JURKAT
AAACGTAAGTAGTAAG-1,19.851492,-2.8708596,SAOS2
AAACGTCCAAGTGCCA-1,20.077291,-2.8000925,SAOS2
AAACGTCCACAGGACC-1,1.7843792,5.314455,PF382
AAACGTCCACATACTT-1,11.670036,11.716073,JM1
AAACGTCCACTTGGGA-1,8.242652,16.550137,SUPT11
AAACGTCCATCGGTGA-1,1.2321848,-9.304887,U2OS OGG-/-
AAACTCACAGGATAGA-1,15.112318,4.864349,143B
AAACTCCGTATAGTCC-1,-3.305559,2.8369105,HAP1 MUTYH-/-
AAACTCCGTCATTCCC-1,1.7109954,5.278305,PF382
AAACTCCGTTCGGCGT-1,17.80742,6.9846835,143B
AAACTTGCACTCAGGA-1,2.067249,-8.540297,U2OS OGG-/-
AAAGCAATCATGGTGC-1,2.619441,15.590859,TE617T
AAAGCAATCGCTGGCA-1,19.60521,-0.8320999,SAOS2
AAAGCATGTGATTGAG-1,14.30545,-4.994791,C8166
AAAGCATGTGCACGCT-1,8.370029,-3.0173023,CHLA06ATRT
AAAGCCAGTAAGCGGT-1,1.2840469,16.179548,TE617T
AAAGCCAGTCTCCACT-1,0.40410158,11.4493475,DND41
AAAGCCAGTGAAGCTA-1,13.660021,14.118748,JM1
AAAGCCAGTTGCTCGA-1,-1.9065527,3.9556966,HAP1 MUTYH-/-
AAAGCCTCAAGCGGAG-1,1.7438681,-9.20141,U2OS OGG-/-
AAAGCCTCAATAGGGA-1,17.34368,8.525195,143B
AAAGCTAAGCGCTGTG-1,14.13655,14.211182,JM1
AAAGCTAAGGGCTACT-1,-2.9409745,3.6478324,HAP1 MUTYH-/-
AAAGCTAAGGGTAGTG-1,9.588555,3.9808433,NALM6
AAAGCTGGTTGGACGG-1,13.842093,14.023795,JM1
AAAGGTCAGAAGCTGG-1,14.134693,5.7603073,143B
AAAGGTCAGCAAGCGA-1,3.647249,5.501875,PF382
AAAGGTCAGTGGCTAC-1,2.9855275,4.8807034,PF382
AAAGTAGTCTATCAGG-1,10.037626,-11.026694,TK6 LIG4-/-
AAAGTAGTCTGGTAGC-1,-1.4348326,-4.041647,HELA XPA-/-
AAAGTCAAGTCGAACC-1,14.546788,-3.720285,C8166
AAAGTCAAGTGGCTTA-1,2.4836185,8.970923,PF382
AAAGTGATCTGGTCAA-1,14.318945,-4.9744835,C8166
AAAGTTGAGCGGTGAA-1,-3.527611,-2.8620763,HELA XPA-/-
AAAGTTGAGGTCAACC-1,13.869824,8.2337885,143B
AAAGTTGAGTGCTCAA-1,1.5432539,-9.53486,U2OS OGG-/-
AAATGAGTCAGCACCG-1,-2.375067,4.348323,HAP1 MUTYH-/-
AAATGAGTCATGTGCA-1,7.4742465,-2.5835707,CHLA06ATRT
AAATGAGTCCAGCAGT-1,16.097073,4.5766153,143B
AAATGAGTCGTGCAAC-1,17.645275,5.902554,143B
AAATGCAAGTAACGGG-1,21.700737,-0.24212357,SAOS2
AAATGCAAGTAATGCT-1,-0.6275719,-2.1610353,HELA XPA-/-
AAATGCAAGTAGGAGT-1,7.556199,-2.6674492,CHLA06ATRT
AAATGCTTCACGCAGT-1,1.5405636,16.720388,TE617T
AAATGCTTCCGCGGTA-1,8.061176,15.952265,SUPT11
AAATGGATCCTTCAAC-1,17.691896,5.644804,143B
AAATGGGCATAGGTAC-1,14.53772,-4.826912,C8166
AAATGGGCATCCACGT-1,11.834584,12.102575,JM1
AAATGTGAGTAATCAC-1,18.012209,4.9442863,143B
AAATGTGAGTATGGCC-1,2.9941626,-9.889382,U2OS OGG-/-
AAATGTGAGTGCAATT-1,20.084337,-2.4195693,SAOS2
AAATTCGCAAACTCAA-1,15.048417,-4.1317716,C8166
AAATTCGCAAGTAGTC-1,2.281119,-10.020853,U2OS OGG-/-
AAATTCGCAATGTGCG-1,8.04651,17.182163,SUPT11
AAATTCGCACCTTAGC-1,4.3123264,-8.059744,U2OS OGG-/-
AAATTCGCAGCCAGGT-1,2.9984462,-2.6786065,CHLA06ATRT
AAATTGCTCACAGGGA-1,1.7972128,-9.8803625,U2OS OGG-/-
AAATTGCTCATCACCT-1,1.3099017,8.007014,PF382
AAATTGCTCCTGGTCC-1,5.4958186,4.8895187,PF382
AAATTGCTCGACTGGT-1,14.138805,5.195378,143B
AACACACCAACGGCAC-1,4.2028046,-4.613121,CHLA06ATRT
AACACACCAATATCTC-1,13.854053,5.4525356,143B
AACACACCACTTCGCG-1,1.8648229,15.387175,TE617T
AACACACCAGCACTAG-1,8.255471,16.772636,SUPT11
AACACATTCGTCTCAT-1,15.175469,-5.37519,C8166
AACACATTCTGGGACT-1,4.2694283,-3.7028408,CHLA06ATRT
AACACCATCCCTGGTC-1,7.648607,16.050169,SUPT11
AACACCATCCGTGAAC-1,3.0936215,4.7869115,PF382
AACACCATCGAAGTCC-1,1.5719671,12.148112,DND41
AACACCATCTCACTTA-1,11.982578,12.760519,JM1
AACACCGCAAGGTAGA-1,1.638057,-9.848786,U2OS OGG-/-
AACACCGCATCGGGAC-1,16.194273,4.414687,143B
AACACCTGTCAACGGG-1,8.3819685,5.8156395,NALM6
AACACCTGTTGGCCTA-1,14.520455,-5.458975,C8166
AACACCTGTTTAAGCC-1,-0.6202611,11.6893215,DND41
AACACGAGTAAGTTCC-1,4.4916697,1.9355503,JURKAT
AACACGAGTGGGTCGA-1,13.870575,5.6769004,143B
AACACTTAGCCTAGCG-1,2.020076,-8.447235,U2OS OGG-/-
AACAGCTCACCATGTC-1,14.071918,8.189699,143B
AACAGCTCAGTAAGGA-1,21.248983,-1.6543788,SAOS2
AACAGGCGTCATCACG-1,8.153809,3.7463477,NALM6
AACAGGCGTCATCGGC-1,4.6037216,-3.7768173,CHLA06ATRT
AACAGGCGTGAGTTAG-1,3.45622,1.8018489,JURKAT
AACAGGCGTGGAGACT-1,0.99131006,16.204123,TE617T
AACAGGTAGCAATCAT-1,1.2372646,8.624443,PF382
AACAGGTAGGAGTCAG-1,-0.28430074,-2.5974357,HELA XPA-/-
AACAGGTAGGATGGTG-1,3.5799708,-3.740943,CHLA06ATRT
AACAGGTAGTGGCTCG-1,3.178475,1.475944,JURKAT
AACAGTAAGCCGATAC-1,7.950135,10.3680725,RH30
AACAGTAAGCCTGATA-1,1.945582,-10.18649,U2OS OGG-/-
AACAGTAAGGCGAGAC-1,-2.7671838,4.1777287,HAP1 MUTYH-/-
AACAGTAAGTAGCATT-1,2.4472227,6.7470546,PF382
AACATAGAGCGCATCG-1,3.2331276,-8.864717,U2OS OGG-/-
AACATAGAGGCTATAT-1,3.5418396,8.189864,PF382
AACATAGAGGGGATGC-1,3.2168863,-8.18519,U2OS OGG-/-
AACATAGAGTAGCACC-1,11.104585,-9.94218,TK6 LIG4-/-
AACATAGAGTCAGCTA-1,4.3878045,-8.102576,U2OS OGG-/-
AACATAGAGTGTCCTT-1,-0.15248041,-3.1813567,HELA XPA-/-
AACATCACATGTCGGA-1,-3.1273894,3.263858,HAP1 MUTYH-/-
AACATCACATTACCTG-1,7.29982,10.340213,RH30
AACATCCGTTGCCTTC-1,20.898506,-1.23823,SAOS2
AACATGAAGATAGATG-1,10.753576,-0.8491643,ALLSIL
AACATGAAGCGGATTC-1,14.33419,12.798972,JM1
AACATGAAGGATGAAC-1,11.054413,-8.205324,TK6 LIG4-/-
AACATTCAGCCATGCG-1,14.560167,13.453725,JM1
AACATTCAGGGGATGC-1,6.1848674,11.726097,RH30
AACATTCAGGTAGCTC-1,15.229723,5.1966023,143B
AACATTCAGTGAGACG-1,0.19561884,12.035402,DND41
AACATTGCAACCTGAG-1,7.7163544,10.258053,RH30
AACATTGCACTAGCAG-1,6.93247,11.628336,RH30
AACCAACCAACTTACT-1,8.1345005,-2.9309525,CHLA06ATRT
AACCAACCAAGCCAGC-1,12.779374,-0.0057647116,ALLSIL
AACCAATTCCTGTGAA-1,-4.205055,14.138313,KHM1B
AACCAATTCTATGCTC-1,14.458047,7.089336,143B
AACCACGCACATACTT-1,7.887829,-4.1557765,CHLA06ATRT
AACCACGCATCCCGAT-1,11.713053,10.824764,JM1
AACCACGCATCCTCAA-1,8.974749,-9.59953,TK6 LIG4-/-
AACCAGCTCATCAGCA-1,2.3124697,7.666092,PF382
AACCAGCTCCACCGCT-1,14.566005,4.5192747,143B
AACCAGCTCCCCTGTA-1,16.57764,5.4649277,143B
AACCAGCTCCTGCTAT-1,-3.1829007,4.230935,HAP1 MUTYH-/-
AACCAGCTCGTTGCGG-1,17.009169,5.61483,143B
AACCAGGAGCAGGGTA-1,-1.7081243,-4.608167,HELA XPA-/-
AACCAGGAGCCCTGGA-1,14.824268,4.4733906,143B
AACCAGGAGCTACGGT-1,20.662123,-2.064191,SAOS2
AACCAGGAGTAGTAGA-1,18.546453,6.190348,143B
AACCAGGAGTTACGTG-1,1.9388794,-9.920284,U2OS OGG-/-
AACCATTAGCGGAGAC-1,2.630504,15.086521,TE617T
AACCATTAGGTAGTGG-1,9.676481,4.2108326,NALM6
AACCCAATCCCCATTG-1,7.4529386,15.748748,SUPT11
AACCCAATCCTCATAC-1,13.550978,-0.82157624,ALLSIL
AACCCACAGCCGACCA-1,16.170027,-4.540319,C8166
AACCCACAGGAATGGT-1,2.0463223,5.8761663,PF382
AACCCAGCACCATTCA-1,9.482935,-9.555991,TK6 LIG4-/-
AACCCAGCATCCGTGT-1,3.5584993,-8.837689,U2OS OGG-/-
AACCCTAAGATTCCCT-1,4.256009,-8.743423,U2OS OGG-/-
AACCCTAAGCGAACTC-1,-1.451829,7.077899,C8166
AACCCTGGTCATTGCG-1,15.548356,5.969446,143B
AACCCTGGTGAAGCGT-1,2.1790996,5.276427,PF382
AACCCTGGTTAAGCCT-1,14.839895,5.1254544,143B
AACCGAAGTCAAGTTC-1,-4.9245043,2.9534152,HAP1 MUTYH-/-
AACCGAAGTGAACGAC-1,11.213834,0.31980827,ALLSIL
AACCGATCAACCTTGC-1,15.06821,-4.8320117,C8166
AACCGATCAACTGTGG-1,13.293102,13.549567,JM1
AACCGATCACAGCATG-1,17.127287,5.6121163,143B
AACCGATCATCGACTC-1,12.506168,13.258006,JM1
AACCGGGGTAACCACT-1,2.0993931,15.81765,TE617T
AACCGGGGTGCGTGCT-1,15.198984,5.887259,143B
AACCGGGGTTCCTTCA-1,-0.76988363,12.177607,DND41
AACCGGGGTTGAGTCT-1,14.326324,5.757185,143B
AACCTAACACTAATCT-1,11.68458,-1.4762782,ALLSIL
AACCTAGTCCCGTACC-1,5.9758706,6.8629193,PF382
AACCTAGTCCGCAAGT-1,20.775984,-1.9712774,SAOS2
AACCTCAAGAAGCTGG-1,-4.094649,14.480497,KHM1B
AACCTCAAGATTGCCA-1,16.508524,5.826913,143B
AACCTCAAGCAATCCA-1,9.292636,-10.495217,TK6 LIG4-/-
AACCTCAAGGTTGATT-1,9.953733,-7.954046,TK6 LIG4-/-
AACCTGATCCCCAGCT-1,-4.0230885,2.4405017,HAP1 MUTYH-/-
AACCTGATCGAGTTGC-1,16.630297,4.8141284,143B
AACCTGATCTAAGTGT-1,2.7385361,1.7435238,JURKAT
AACCTTAGTCAATCCG-1,15.250387,-3.8847196,C8166
AACCTTAGTGCACCGT-1,20.477535,-1.5783414,SAOS2
AACCTTAGTGGCTTCA-1,15.926179,5.492961,143B
AACCTTAGTTAGCAGA-1,15.45855,4.5741153,143B
AACCTTAGTTTACTTC-1,21.029457,-1.7567723,SAOS2
AACCTTGAGCCAGCCA-1,6.342828,14.975113,SUPT11
AACCTTGAGCGGTAAG-1,3.4407163,2.3003178,JURKAT
AACCTTGAGGGGTAGC-1,8.759531,6.1784205,NALM6
AACGAACAGCTATCCT-1,13.576348,14.122939,JM1
AACGAACAGGGTAGCA-1,-4.1448503,3.1712055,HAP1 MUTYH-/-
AACGAACAGTGAGGAT-1,14.645356,5.4661174,143B
AACGAACAGTTGCCGG-1,1.9021647,6.1321645,PF382
AACGAATGTAGCGAGT-1,4.7005315,5.922082,PF382
AACGAATGTGGGAATC-1,16.919662,4.3697953,143B
AACGAATGTTCCTGCT-1,18.35508,5.91335,143B
AACGAATGTTGGCTTG-1,21.791222,-0.0027160693,SAOS2
AACGACTCACATGATA-1,2.807821,6.3457026,PF382
AACGACTCATCCCGTG-1,4.7870774,-3.8160527,CHLA06ATRT
AACGACTCATCGTTGC-1,8.743073,3.3745263,NALM6
AACGACTCATGGTTAA-1,3.0140347,2.3437757,JURKAT
AACGATCCAAGTGAAG-1,17.24961,8.204545,143B
AACGATCCAATCTCAT-1,8.199094,3.4616003,NALM6
AACGATGGTAACGACA-1,8.575436,10.693583,RH30
AACGATGGTAAGTACG-1,16.252289,-5.923273,C8166
AACGATGGTAATTGCC-1,3.5386345,0.49616528,JURKAT
AACGATGGTGCAATTC-1,9.589289,4.059993,NALM6
AACGATGGTTATGAGG-1,-1.2634484,-3.7038822,HELA XPA-/-
AACGATTTCATGAACT-1,1.0421969,11.934596,DND41
AACGATTTCCCATACT-1,-0.031009767,11.856954,DND41
AACGATTTCGCTGGAT-1,19.263454,6.434775,143B
AACGCAAGTGGACCGA-1,1.754505,15.718791,TE617T
AACGCCACACATTCCA-1,9.620792,4.0405064,NALM6
AACGCCACAGGACAGG-1,4.9370537,1.270978,JURKAT
AACGCCCGTAACGTCT-1,2.4927053,8.74419,PF382
AACGCCCGTCTGTGTG-1,2.2047625,6.1259294,PF382
AACGCCCGTTAGCACT-1,1.7561041,9.468269,PF382
AACGCGAAGCGCAATC-1,-3.1771443,1.8214848,HAP1 MUTYH-/-
AACGCGAAGCGCTCTC-1,7.9095254,3.6299865,NALM6
AACGCGAAGGATGCAG-1,14.783141,-4.5094094,C8166
AACGCGAAGGCAATCC-1,-2.6124105,2.3962176,HAP1 MUTYH-/-
AACGCGAAGGTAGCGA-1,-4.323852,2.904635,HAP1 MUTYH-/-
AACGCGAAGGTCCAGT-1,14.726633,5.447485,143B
AACGCGCCATGGTATA-1,8.219927,-4.2201066,CHLA06ATRT
AACGCTATCGCTCGTC-1,3.8619623,-8.899982,U2OS OGG-/-
AACGCTCAGCTACCAA-1,-3.2041373,1.4064941,HAP1 MUTYH-/-
AACGCTCAGGATCCAC-1,-1.4397779,-3.5717912,HELA XPA-/-
AACGCTCAGGGTTGGA-1,-2.9910913,-3.9430497,HELA XPA-/-
AACGCTTGTGCGTGAG-1,3.2519436,6.9804254,PF382
AACGCTTGTTTGATTG-1,4.076419,-4.0104504,CHLA06ATRT
AACGGATAGGATTGCC-1,16.582373,6.08957,143B
AACGGCAAGTAGTTAC-1,20.582687,-1.6214247,SAOS2
AACGGCAAGTATGTAC-1-1,-3.4984684,3.2341623,HAP1 MUTYH-/-
AACGGCGGTTAGCGCC-1,3.4594433,-9.911136,U2OS OGG-/-
AACGGGGCAAATGCTA-1,4.074215,1.5501944,JURKAT
AACGGGGCAACCAGGC-1,7.081716,11.883945,RH30
AACGGGGCAATCCTTG-1,1.9420663,5.974109,PF382
AACGGGGCAGGATGAA-1,5.4155874,5.910848,PF382
AACGGGGCAGGGCAAG-1,-2.0549881,-2.3467135,HELA XPA-/-
AACGGTAGTCAATCCG-1,11.874711,11.195718,JM1
AACGGTAGTCATCGTG-1,18.786024,7.905957,143B
AACGGTAGTGGCGACA-1,7.8959236,4.1541257,NALM6
AACGGTAGTTAGGTGA-1,2.928789,-8.522939,U2OS OGG-/-
AACGGTAGTTCGGGTC-1,-0.75222886,-3.8748646,HELA XPA-/-
AACGGTAGTTTAATCG-1,17.077705,7.806961,143B
AACGGTGAGCTACGAC-1,15.13672,4.3555155,143B
AACGGTGAGGGGTAAT-1,15.238053,-4.3024387,C8166
AACGGTGAGTAGAGAC-1,5.7543817,15.111668,SUPT11
AACGGTGAGTGATACT-1,11.990024,13.080165,JM1
AACGGTGAGTTAGAGA-1,8.008168,10.102091,RH30
AACGGTGAGTTAGTGT-1,8.100273,3.939668,NALM6
AACGTAAAGGGTCCAT-1,6.206524,11.769619,RH30
AACGTAAAGTGCCGAT-1,-2.8307388,-1.8138335,HELA XPA-/-
AACGTAAAGTGGCGAA-1,-3.3359683,-3.235987,HELA XPA-/-
AACGTAGGTAGGTACA-1,15.635917,-5.175961,C8166
AACGTAGGTCAGGCGA-1,-3.704235,-2.7626727,HELA XPA-/-
AACGTAGGTGAGGTAC-1,8.40524,5.7745357,NALM6
AACGTAGGTGCGGAAT-1,2.8505788,-8.695605,U2OS OGG-/-
AACGTAGGTTCGAATC-1,11.066172,-0.1424245,ALLSIL
AACGTAGGTTGCCTGA-1,15.766969,-4.900346,C8166
AACGTAGGTTGCGTCA-1,-3.403383,-2.5858483,HELA XPA-/-
AACGTAGGTTGCTCTC-1,6.187193,15.442358,SUPT11
AACTAGAAGCAGGGAC-1,13.443981,7.221048,143B
AACTAGAAGGAGCTTC-1,2.4635177,-8.289455,U2OS OGG-/-
AACTAGCCAGTAATCA-1,10.760538,0.27178037,ALLSIL
AACTCAACAGCCATCT-1,1.1424617,12.457867,DND41
AACTCAACATGAGCGC-1,-2.2407932,-2.7556195,HELA XPA-/-
AACTCGATCAGGTGAG-1,14.504252,6.0320206,143B
AACTCGATCTAACCAG-1,1.8673855,12.364083,DND41
AACTCTTCACTTACAT-1,-3.927576,2.3836343,HAP1 MUTYH-/-
AACTCTTCATGACGTG-1,15.260668,-4.39135,C8166
AACTCTTCATGACTAA-1,-3.9527018,13.946115,KHM1B
AACTGAAAGCTACTTC-1,21.050814,-1.5232407,SAOS2
AACTGAAAGCTATCTC-1,11.201537,12.131652,JM1
AACTGAAAGGAATCAA-1,-3.580775,2.436546,HAP1 MUTYH-/-
AACTGAAAGGTCAAGG-1,20.587011,-2.3949664,SAOS2
AACTGAAAGTAGGAGT-1,1.4781477,9.399834,PF382
AACTGAGGTCATGAAG-1,8.112298,5.3400207,NALM6
AACTGAGGTGCACGAG-1,8.144774,-3.8006544,CHLA06ATRT
AACTGAGGTGGCGTTC-1,4.0115275,-3.6817498,CHLA06ATRT
AACTGCATCCGCAGTG-1,10.08355,-10.004242,TK6 LIG4-/-
AACTGGTCAATTCACT-1,9.222728,-4.340813,CHLA06ATRT
AACTGGTCACAATGCG-1,5.6729198,1.0307955,JURKAT
AACTGGTCATAAGGGA-1,2.3892047,-10.123337,U2OS OGG-/-
AACTTCCTCATGCAAT-1,10.218036,-8.2061825,TK6 LIG4-/-
AACTTCCTCTTGAGGC-1,10.631081,-0.21869579,ALLSIL
AACTTCTCACATAGGT-1,14.83515,5.526077,143B
AACTTCTCAGGATTCG-1,18.662285,8.180072,143B
AACTTCTCATGACTCC-1,5.68028,5.714566,PF382
AACTTCTCATGCAGAT-1,8.12775,-2.716429,CHLA06ATRT
AACTTGGTCTGTGCGG-1,7.474669,-3.6159496,CHLA06ATRT
AACTTTGGTAATGACG-1,13.3458185,13.262559,JM1
AACTTTGGTCAACTCG-1,12.673595,13.935663,JM1
AACTTTGGTCTAACGT-1,1.5640572,6.350399,PF382
AAGCAAATCAGTTGAT-1,-4.4963994,3.385504,HAP1 MUTYH-/-
AAGCAAATCATGCTGA-1,6.4216332,-2.8523836,CHLA06ATRT
AAGCAAATCCAGCGCA-1,14.403964,6.129636,143B
AAGCAAATCCGGTACG-1,2.9929674,-1.991962,CHLA06ATRT
AAGCAAATCTATGTGG-1,7.632398,9.59414,RH30
AAGCAACAGATTGGTT-1,1.4864471,-9.372002,U2OS OGG-/-
AAGCAACAGCCATGCG-1,-2.001108,-3.8557918,HELA XPA-/-
AAGCAATGTTATAGGG-1,9.673035,-10.363071,TK6 LIG4-/-
AAGCAATGTTCTGTAA-1,6.4674845,16.204874,SUPT11
AAGCACCTCCGCCTAC-1,2.5121968,-10.291996,U2OS OGG-/-
AAGCATCCAGGCATAT-1,15.154044,4.4293365,143B
AAGCATCCATAGGGCC-1,6.939154,17.7291,SUPT11
AAGCATGGTCTTGAAC-1,3.2153306,-10.083107,U2OS OGG-/-
AAGCATGGTTCGCTGA-1,16.04016,3.902708,143B
AAGCATGGTTGCCTGA-1,15.242349,6.6783943,143B
AAGCATTTCATCATCC-1,9.362229,-10.015995,TK6 LIG4-/-
AAGCATTTCTAACTCC-1,4.296919,-3.8949876,CHLA06ATRT
AAGCCAAGTCAACCTG-1,-7.276179,8.730309,EOL1
AAGCCAAGTCAAGGGT-1,2.89034,8.762455,PF382
AAGCCAAGTTAACGCT-1,15.007469,5.552486,143B
AAGCCATCAAAGGAAT-1,16.027744,-4.907043,C8166
AAGCCATCAAGTTCAA-1,2.867956,5.7661743,PF382
AAGCCATCAGCCAAGC-1,-1.4210527,-3.59912,HELA XPA-/-
AAGCCATCATGGATTA-1,3.0889301,1.4512962,JURKAT
AAGCCCCGTGGCTGTC-1,-6.755995,8.196298,EOL1
AAGCCCCGTTACTGCG-1,16.224882,-5.076871,C8166
AAGCCGCCAAATCACA-1,3.5586593,2.487932,JURKAT
AAGCCGCCACAGGCTA-1,-0.26801446,12.442313,DND41
AAGCCGCCAGGATCAT-1,6.873865,10.948938,RH30
AAGCCGCCATTAGTAG-1,-3.7028003,13.791986,KHM1B
AAGCCGGGTATTGACC-1,2.712062,15.071223,TE617T
AAGCCGGGTGAAGCTA-1,17.90472,6.84729,143B
AAGCCGGGTGACTCGC-1,14.259559,-3.6523092,C8166
AAGCCGGGTGGCAGCA-1,9.573999,-4.4890356,CHLA06ATRT
AAGCCGGGTTTAATCG-1,16.015566,6.784139,143B
AAGCCTATCCAGGGTT-1,-4.5501885,3.2223752,HAP1 MUTYH-/-
AAGCCTATCCATGACA-1,19.921564,6.11545,143B
AAGCCTATCTATGACG-1,10.32704,-10.41389,TK6 LIG4-/-
AAGCCTGCAACTTCGC-1,2.3754451,-9.901725,U2OS OGG-/-
AAGCCTGCAAGCGGAG-1,15.486053,6.343944,143B
AAGCCTGCAAGGGCTC-1,-3.2439275,-3.236768,HELA XPA-/-
AAGCCTGCAAGTAGAG-1,-6.8278627,8.269876,EOL1
AAGCCTGCACCTGTAC-1,16.882204,5.919514,143B
AAGCCTGCAGGTTGCA-1,-0.24333096,12.178802,DND41
AAGCCTGCATCACAGG-1,14.983641,-4.677916,C8166
AAGCCTGCATGACAGT-1,10.357839,-8.605868,TK6 LIG4-/-
AAGCGATAGCCACTCC-1,15.489766,-5.485039,C8166
AAGCGATAGGTATAGA-1,18.50103,4.9925165,143B
AAGCGATAGGTGAGAT-1,14.660716,5.1782036,143B
AAGCGATAGGTTGGGA-1,3.6733332,-2.8931937,CHLA06ATRT
AAGCGATAGTGAAGCG-1,14.457289,-5.438727,C8166
AAGCGCAAGTAGAGTA-1,1.8695941,-9.23715,U2OS OGG-/-
AAGCGCAAGTAGGATA-1,11.417129,10.620528,JM1
AAGCGGATCCCTGTGC-1,1.6882071,5.8665657,PF382
AAGCGGGCAATAGGTC-1,-6.766741,8.20667,EOL1
AAGCGGGCACAGCGGT-1,1.495805,6.3413677,PF382
AAGCTAAAGCCCTGGA-1,-3.5676317,2.3822558,HAP1 MUTYH-/-
AAGCTAAAGCGCGATT-1,-4.200888,14.390216,KHM1B
AAGCTAAAGCTAGTCA-1,7.3098006,15.454898,SUPT11
AAGCTAAAGCTGGGAA-1,7.887226,-2.6801512,CHLA06ATRT
AAGCTAAAGCTGGTGT-1,7.4278846,-2.7062814,CHLA06ATRT
AAGCTAAAGGCTACTA-1,-1.2632254,-3.58993,HELA XPA-/-
AAGCTAGGTGCGCGTT-1,15.37627,5.0602946,143B
AAGCTCGCAAACCGTG-1,12.089999,0.28718868,ALLSIL
AAGCTCGCAAGTTACA-1,1.3129225,-9.531716,U2OS OGG-/-
AAGCTCGCACATTGAA-1,14.233156,5.898493,143B
AAGCTCGCATCGTACC-1,10.120785,-8.435384,TK6 LIG4-/-
AAGCTCTGTAGCTGAA-1,16.912888,4.9285173,143B
AAGCTCTGTATTGACC-1,-5.39748,3.1965673,HAP1 MUTYH-/-
AAGCTCTGTTAAGCCT-1,-7.1558204,8.61025,EOL1
AAGCTCTGTTGCATCG-1,15.125614,-4.365552,C8166
AAGCTCTGTTGGCTGC-1,13.286001,14.3225975,JM1
AAGCTTGTCCCGCACT-1,13.33212,6.292583,143B
AAGCTTGTCGACTCAA-1,1.2908248,15.831144,TE617T
AAGGAAAGTAGGTAGC-1,0.013175031,12.1666355,DND41
AAGGAAAGTAGTGCTT-1,15.617733,3.8622396,143B
AAGGAAAGTCTTGACG-1,17.331522,8.129824,143B
AAGGAAAGTGGCTTCA-1,20.745604,-2.4101145,SAOS2
AAGGACTAGCAAGCCT-1,4.565822,2.6699598,JURKAT
AAGGACTAGCATTAGT-1,4.6028004,0.5525499,JURKAT
AAGGACTAGCCGAGTT-1,8.988098,-11.321882,TK6 LIG4-/-
AAGGACTAGGTATAGA-1,1.1515248,-9.068223,U2OS OGG-/-
AAGGACTAGTTAGTAC-1,4.3756137,2.13264,JURKAT
AAGGATGCAATGTCAA-1,17.00288,8.012933,143B
AAGGATGCATTCGCTA-1,13.572458,5.05038,143B
AAGGATGCATTGGCGA-1,2.285086,-8.188149,U2OS OGG-/-
AAGGCAACAAACTCGG-1,9.406775,-4.1435204,CHLA06ATRT
AAGGCAACAATACCAA-1,2.6368074,15.122574,TE617T
AAGGCAACACTTCGTA-1,12.466064,-0.14252576,ALLSIL
AAGGCAACATGAAGTC-1,18.79762,6.11639,143B
AAGGCAACATGGCTTC-1,15.108372,5.834317,143B
AAGGCAACATTCGTCA-1,20.3415,-2.7603576,SAOS2
AAGGCCAAGATTAAGG-1,3.82677,-3.753928,CHLA06ATRT
AAGGCCAAGGTTAGCC-1,21.200018,0.058806233,SAOS2
AAGGCCCCAAGTATGC-1,16.198444,-5.305305,C8166
AAGGCCCCAGGATAGA-1,3.983046,-7.314444,U2OS OGG-/-
AAGGCCCCATCACGGA-1,2.663811,-9.2817135,U2OS OGG-/-
AAGGCCCCATTACATC-1,9.528161,4.1277857,NALM6
AAGGCTAGTCAGCACC-1,7.137492,-4.3261786,CHLA06ATRT
AAGGCTAGTCAGCTCA-1,10.587013,-10.852091,TK6 LIG4-/-
AAGGCTAGTCAGGGCA-1,12.733948,-0.8873711,ALLSIL
AAGGCTAGTCTTGCAG-1,7.295965,16.849564,SUPT11
AAGGCTAGTGCAGGCA-1,10.606302,-0.3707388,ALLSIL
AAGGGCATCGAGCACT-1,-3.9175856,2.8496382,HAP1 MUTYH-/-
AAGGGCATCTAGTACG-1,3.132414,-8.776159,U2OS OGG-/-
AAGGGCCAGCGAAGGC-1,20.68994,-1.4600035,SAOS2
AAGGGCCAGGAGTACG-1,11.129966,-1.5218216,ALLSIL
AAGGGCCAGGGTGACA-1,16.090796,4.313707,143B
AAGGGGTCACCAGCTT-1,-2.359658,4.178063,HAP1 MUTYH-/-
AAGGGTTAGCGCTGTG-1,15.308009,4.6318593,143B
AAGGGTTAGGTCACTA-1,8.17582,-3.4040148,CHLA06ATRT
AAGGGTTAGTGAGATA-1,10.555334,0.3841852,ALLSIL
AAGGTAATCATGCTAG-1,4.3083415,-7.8187876,U2OS OGG-/-
AAGGTAATCGCTTCGC-1,11.113968,0.06182123,ALLSIL
AAGGTATGTGAGTCGG-1,1.5575557,-9.497672,U2OS OGG-/-
AAGGTATGTGGCAGTG-1,2.7211049,-2.0599906,CHLA06ATRT
AAGGTATGTTTGATGC-1,-2.4216838,-2.9653819,HELA XPA-/-
AAGGTCAGTCTAGGAA-1,15.550061,6.9642367,143B
AAGGTCAGTGCGTGAG-1,10.640456,-0.63134533,ALLSIL
AAGGTTAAGATAGCAA-1,17.102583,6.72604,143B
AAGGTTGGTAGTAGAT-1,14.041734,5.0895834,143B
AAGGTTGGTATGGTAG-1,15.366035,-6.06233,C8166
AAGGTTGGTTAAGTCC-1,1.3512474,9.399478,PF382
AAGGTTGGTTAATCCA-1,14.918122,-3.6405013,C8166
AAGGTTGGTTCTGGCA-1,10.807946,0.68262124,ALLSIL
AAGTAACGTGAAGGTC-1,3.5522537,-7.4444118,U2OS OGG-/-
AAGTAACGTTCCCGAA-1,12.247714,-0.11442235,ALLSIL
AAGTACCCAATAGGAG-1,6.66299,-3.5324788,CHLA06ATRT
AAGTACCCATCCTACA-1,2.9197931,8.839856,PF382
AAGTACCCATCGTAGG-1,1.9203281,-9.855104,U2OS OGG-/-
AAGTACGGTTAATCGC-1,5.19238,5.2022247,PF382
AAGTACGGTTTAGTCA-1,0.60459715,11.657103,DND41
AAGTCAAAGTCGAGGA-1,16.64796,5.280447,143B
AAGTCAAAGTTACGCA-1,10.102249,-11.775211,TK6 LIG4-/-
AAGTCACCAACATCCC-1,7.179636,11.736217,RH30
AAGTCACCAATGCCGA-1,14.8942,5.704513,143B
AAGTCAGGTATGGTCT-1,-1.0302465,-3.9754024,HELA XPA-/-
AAGTCAGGTCAACCTG-1,13.457321,-0.4455209,ALLSIL
AAGTCAGGTGAGGCAT-1,4.048804,1.2685994,JURKAT
AAGTCAGGTTGGGATA-1,14.306366,13.965206,JM1
AAGTCAGGTTGGTGCC-1,0.72147214,11.694485,DND41
AAGTCATTCACCTGAA-1,2.7182722,-8.794119,U2OS OGG-/-
AAGTCATTCATATCCC-1,15.241433,5.0413127,143B
AAGTCCATCACCATGA-1,17.629944,5.8767223,143B
AAGTCCATCACCTAAG-1,-3.3653781,-3.7797542,HELA XPA-/-
AAGTCGCTCCAACCAA-1,-3.376204,-2.7234533,HELA XPA-/-
AAGTCGCTCCAGCGCA-1,3.5779874,4.6352487,PF382
AAGTCGCTCCGCGAAT-1,9.207402,5.820764,NALM6
AAGTCGCTCGTACCTT-1,-0.99074316,-3.8725908,HELA XPA-/-
AAGTCGCTCTGGGATC-1,6.487609,11.932548,RH30
AAGTGATGTCATCGGC-1,10.614613,0.068971194,ALLSIL
AAGTGATGTTATCCAA-1,-3.7524877,-3.729185,HELA XPA-/-
AAGTGATGTTGCCTAG-1,14.319773,-5.505684,C8166
AAGTGCCTCAATCCAG-1,7.6644964,-4.0953255,CHLA06ATRT
AAGTGCCTCAGGTAGG-1,14.176017,14.680372,JM1
AAGTGCCTCATGAGTT-1,15.712258,4.267023,143B
AAGTGCCTCCCAATGA-1,14.128211,5.7468,143B
AAGTGGACAAATCAGC-1,-3.2845972,3.0295165,HAP1 MUTYH-/-
AAGTGGACAATACATG-1,-1.2481325,-3.8101578,HELA XPA-/-
AAGTGGACAATATGTG-1,3.8085248,5.4464784,PF382
AAGTGGACAGGCTCAA-1,-4.6472626,2.4871101,HAP1 MUTYH-/-
AAGTGGACATCCATTG-1,6.2553105,15.041314,SUPT11
AAGTGGACATTCGGAG-1,20.560387,-2.0108707,SAOS2
AAGTGGGTCATCGTGA-1,-4.109885,3.1478314,HAP1 MUTYH-/-
AAGTGTCCAAACCATA-1,7.401258,-3.8904457,CHLA06ATRT
AAGTGTCCAAGTTCAA-1,10.159677,-8.056053,TK6 LIG4-/-
AAGTGTCCACTATCGC-1,4.531029,-4.083906,CHLA06ATRT
AAGTGTCCAGGACTAT-1,15.815368,-5.2640476,C8166
AAGTGTCCATAGGCAT-1,3.6474652,7.9040318,PF382
AAGTGTCCATGGTTCC-1,19.634815,-2.6623693,SAOS2
AAGTTCCGTAAGGTGC-1,14.759131,4.1290345,143B
AAGTTCCGTGATAGGC-1,1.6400908,15.012884,TE617T
AAGTTGAAGCGATGGA-1,2.7436607,2.1202917,JURKAT
AAGTTGAAGGTACCCG-1,1.6124268,7.595186,PF382
AAGTTGGGTATGGCCC-1,11.245091,10.516957,JM1
AAGTTGGGTATGGCTT-1,14.279967,13.217421,JM1
AAGTTGGGTTGTGAAG-1,11.240588,-8.427864,TK6 LIG4-/-
AAGTTTCAGCCAGTGT-1,10.847003,-9.468241,TK6 LIG4-/-
AAGTTTCAGGAACCAG-1,0.1169906,12.361238,DND41
AAGTTTCAGTCAGCAC-1,15.992176,4.696022,143B
AAGTTTGCATCACAGG-1,7.6704783,16.973486,SUPT11
AATACGAAGGTGGAAT-1,-1.2180276,-3.739773,HELA XPA-/-
AATACGAAGTAAGCCC-1,15.306217,8.281737,143B
AATACGAAGTAAGTCT-1,17.310022,6.7614217,143B
AATACGCCAGGCAGCT-1,12.53633,-0.7175172,ALLSIL
AATACGCCAGTAAGCT-1,11.3611355,-9.014037,TK6 LIG4-/-
AATACGCCATAGACAC-1,14.437703,7.079503,143B
AATACGGGTAGTGTGA-1,9.590722,-3.6367955,CHLA06ATRT
AATACGGGTGAAGGCT-1,18.27389,5.07251,143B
AATACGGGTGCGCCAT-1,7.028791,16.715155,SUPT11
AATACGTTCATGCACA-1,-3.5377202,3.314917,HAP1 MUTYH-/-
AATACGTTCCCCTGGT-1,19.386911,5.9748664,143B
AATACGTTCCTCTCGA-1,17.433945,8.236475,143B
AATACGTTCCTGCGCT-1,13.836529,6.2764897,143B
AATACGTTCGCTTCCA-1,0.56522024,16.086037,TE617T
AATACGTTCTCACTCG-1,3.6143222,1.7691721,JURKAT
AATATCGCATCACTAT-1,-3.7843857,14.065443,KHM1B
AATATGCTCACTCAGA-1,16.512632,8.10911,143B
AATATGCTCATAGACT-1,15.892281,7.6297274,143B
AATATGCTCCCGTGCT-1,-0.5257943,-3.2982786,HELA XPA-/-
AATATGCTCCTCATCG-1,3.0150392,-9.984036,U2OS OGG-/-
AATATGCTCGACTTGA-1,-3.7646227,3.7595716,HAP1 MUTYH-/-
AATATGCTCTATCAGG-1,11.114999,10.848139,JM1
AATATGGAGCGATGTC-1,3.4384696,5.5932293,PF382
AATATGGAGGGGTCAA-1,6.9343276,11.878306,RH30
AATATGGAGGTGAGAT-1,15.645419,4.41752,143B
AATATGGAGTAGCTTG-1,-3.7115839,2.4105637,HAP1 MUTYH-/-
AATCACTAGATAGCTT-1-1,6.6878467,16.478987,SUPT11
AATCACTAGGTTGCAC-1,1.8443888,-8.648302,U2OS OGG-/-
AATCACTAGTCAAGGG-1,0.7710137,15.719172,TE617T
AATCAGCCACATGCCT-1,-3.5585177,-3.0488656,HELA XPA-/-
AATCATCAGCAATTAC-1,8.039854,17.06222,SUPT11
AATCATCAGGTCGAGA-1,15.434167,8.373962,143B
AATCCAACACTACCCG-1,-5.1465883,3.1197367,HAP1 MUTYH-/-
AATCCAACAGGAATCT-1,15.167548,5.4176965,143B
AATCCAACATCCAAGG-1,1.3368402,-9.913759,U2OS OGG-/-
AATCCAACATCCTAAT-1,2.3924088,6.7921476,PF382
AATCCATAGCATTCAG-1,13.305775,-0.84955585,ALLSIL
AATCCATAGTTACGTG-1,2.6993544,-8.906135,U2OS OGG-/-
AATCGAGGTAGTAGCA-1,14.991908,4.7204413,143B
AATCGAGGTATAGTGG-1,6.545754,17.498096,SUPT11
AATCGAGGTGAAGTGC-1,9.759431,-8.41807,TK6 LIG4-/-
AATCGAGGTGCACGTC-1,-7.0270615,8.475547,EOL1
AATCGAGGTTCACTCC-1,-2.3014927,-4.5892243,HELA XPA-/-
AATCGCGCAATCTCAT-1,10.908586,-8.767759,TK6 LIG4-/-
AATCGCGCATTAGATG-1,-5.1125164,3.610691,HAP1 MUTYH-/-
AATCGCGCATTAGGGT-1,14.376127,5.1155715,143B
AATCGCGCATTGCGCT-1,9.193886,-9.519161,TK6 LIG4-/-
AATCGGCTCCCCTGTA-1,-3.5739725,1.046378,HAP1 MUTYH-/-
AATCGGCTCTAAGTAC-1,4.360061,6.5386415,PF382
AATCGGCTCTCATGTC-1,10.936554,0.07538711,ALLSIL
AATCGGTCAACTTCAT-1,4.6478443,1.4209684,JURKAT
AATCGGTCAATACATG-1,10.665627,0.16705726,ALLSIL
AATCGGTCACTACCGT-1,14.898429,4.808071,143B
AATCGGTCACTAGCGA-1,11.862821,-9.704347,TK6 LIG4-/-
AATCGGTCATTAGGTA-1,4.9434333,0.7239459,JURKAT
AATCGTTAGCCATTAG-1,6.287169,-2.8352098,CHLA06ATRT
AATCGTTAGGCACGAA-1,5.8486366,14.998823,SUPT11
AATCGTTAGTGCGCCA-1,3.314167,-8.296376,U2OS OGG-/-
AATCTAGCAAGCGGAG-1,9.526163,-10.259136,TK6 LIG4-/-
AATCTAGCAAGCTCTC-1,11.740947,-0.23928247,ALLSIL
AATCTAGCAGGATCTG-1,15.099823,5.656573,143B
AATCTAGCATAGGGTT-1,-3.3243155,-3.3863761,HELA XPA-/-
AATCTAGCATCGGTAG-1,17.531984,5.720795,143B
AATCTCCTCCCGTACC-1,2.1824057,9.146032,PF382
AATGAACGTGAGGTAC-1,19.489267,-2.343339,SAOS2
AATGAACGTTATGGGA-1,-0.09331871,12.296641,DND41
AATGACAAGGTTGGGA-1,2.9644113,-8.723553,U2OS OGG-/-
AATGACCCAGGATGGG-1,1.2094275,12.17641,DND41
AATGACCCATCAAGGT-1,1.5797019,15.935037,TE617T
AATGACTTCCCAGATA-1,2.0319166,6.122148,PF382
AATGACTTCCCGCATC-1,4.111105,1.3400497,JURKAT
AATGACTTCGATGAGG-1,1.4193398,6.295425,PF382
AATGACTTCGCGATGT-1,-3.5761292,13.638076,KHM1B
AATGACTTCGCTTGAA-1,-1.3626158,-3.9005275,HELA XPA-/-
AATGACTTCTAACCCT-1,2.180961,5.321515,PF382
AATGAGGCACTAGGTG-1,14.911302,5.846021,143B
AATGAGGCAGCTAAGT-1,-1.1905321,-3.9902794,HELA XPA-/-
AATGAGGCATAACGCG-1,18.21973,4.746596,143B
AATGATGAGAATCCAT-1,1.1870825,5.3738165,PF382
AATGATGAGTAAGGTA-1,13.426222,13.497566,JM1
AATGATGAGTGAACTT-1,10.019596,-10.323113,TK6 LIG4-/-
AATGATGAGTGAGGAT-1,15.88404,7.7483077,143B
AATGATGAGTTGGCGT-1,8.501965,-3.1765225,CHLA06ATRT
AATGATGAGTTGGTAT-1,14.280265,6.3372765,143B
AATGCACCACCTCGTG-1,15.198072,4.2837896,143B
AATGCACCAGCACCAA-1,15.529009,4.651879,143B
AATGCAGGTTGTGAGA-1,3.5626047,-4.045991,CHLA06ATRT
AATGCCTGTAACCCTG-1,7.769719,10.277807,RH30
AATGCCTGTATTGGTC-1,20.508833,-2.4136968,SAOS2
AATGCCTGTTATCCGG-1,9.625941,3.4739864,NALM6
AATGCCTGTTCCCTGT-1,18.24421,6.768365,143B
AATGCCTGTTGCGATT-1,11.676571,-9.639824,TK6 LIG4-/-
AATGCCTGTTTGGAAG-1,4.804107,5.434585,PF382
AATGCGAGTCCATCTC-1,15.359548,-6.341767,C8166
AATGCGAGTTCGTCCT-1,15.519511,4.8157763,143B
AATGCGGAGCAACTCA-1,3.7193282,2.6675808,JURKAT
AATGCGGAGCATGGTC-1,2.2129266,4.8265047,PF382
AATGCGGAGCGCTCTC-1,20.719517,-1.0737419,SAOS2
AATGCGGAGGATTAGA-1,18.605814,7.3993692,143B
AATGCGGAGGGGCATA-1,9.340883,-3.7552662,CHLA06ATRT
AATGCGGAGGTCGATC-1,13.537539,6.6880856,143B
AATGCGGAGGTGAGAT-1,6.961114,11.525845,RH30
AATGGATGTAGTGCAA-1,17.188908,4.1756577,143B
AATGGATGTCTGGTGC-1,7.981352,11.083203,RH30
AATGGATGTTTAATCG-1,-3.2436945,-3.4165242,HELA XPA-/-
AATGGCAGTAATTCGC-1,18.361141,4.588739,143B
AATGGCCTCGACCAGT-1,15.219737,4.6267595,143B
AATGGCCTCGCGCATG-1,13.168537,6.2997355,143B
AATGGCGAGAACCTTG-1,-3.790497,4.0636773,HAP1 MUTYH-/-
AATGGCGAGATAGCGG-1,19.182684,6.025423,143B
AATGGCGAGATAGTAG-1,3.8662868,-3.3975842,CHLA06ATRT
AATGGCGAGGTTCGAC-1,15.706452,4.4015923,143B
AATGGCGAGTACGGGA-1,8.524018,3.2856562,NALM6
AATGGCGAGTCGCGTG-1,1.2839946,7.481749,PF382
AATGGCTCAATTAACG-1,16.785664,6.825943,143B
AATGGCTCAGTAATTG-1,-0.9553528,-3.8002868,HELA XPA-/-
AATGGCTCATAACCAA-1,16.341042,5.4591737,143B
AATGGCTCATAACGGT-1,17.5973,8.3369875,143B
AATGGGACAACCGTAG-1,-3.919052,3.2612252,HAP1 MUTYH-/-
AATGGGACAATGAGTC-1,-2.6992044,2.9769053,HAP1 MUTYH-/-
AATGGGACACAAGGAA-1,8.879474,5.897284,NALM6
AATGGGACACCTAACC-1,4.154728,-4.311828,CHLA06ATRT
AATGGGACACTTCATG-1,4.42937,-8.196523,U2OS OGG-/-
AATGGGACAGCATGTG-1,11.752925,11.143009,JM1
AATGGGACATCCCAAC-1,0.83297616,6.4218197,PF382
AATGGGCGTAATTGGG-1,13.393269,13.792495,JM1
AATGGGCGTGAGGTGT-1,11.112466,-10.816699,TK6 LIG4-/-
AATGGGCGTGGCCAGA-1,20.926891,-1.7379756,SAOS2
AATGGGCGTGGGAACT-1,-2.390697,2.6459098,HAP1 MUTYH-/-
AATGGGCGTTCGGTGC-1,14.587536,8.063068,143B
AATGGGGTCCCTGATT-1,-3.0577164,-3.0047436,HELA XPA-/-
AATGGGTAGATTCGCA-1,3.3419173,-1.3471705,CHLA06ATRT
AATGGGTAGCCCTGCT-1,2.527677,8.193597,PF382
AATGGGTAGGTGGAAT-1,18.341196,5.3686047,143B
AATGGTAAGCTAGGGA-1,20.893993,-2.2768645,SAOS2
AATGGTAAGGCGCATT-1,3.7251444,-7.7977085,U2OS OGG-/-
AATGGTAAGGGCTAAG-1,13.659355,5.664328,143B
AATGGTAAGGGTGAGC-1,5.110855,1.7907789,JURKAT
AATGGTAAGTTACGTG-1,1.3749235,11.709422,DND41
AATGTCCGTCATGCGC-1,-0.5579516,-3.5467815,HELA XPA-/-
AATGTGAAGAAGGGCC-1,11.896032,-0.056731015,ALLSIL
AATGTGAAGCCATTAG-1,3.0572422,7.2769136,PF382
AATGTGAAGTTAACCG-1,17.808683,5.0342574,143B
AATGTGTTCAGGTCGT-1,3.9802039,-3.5367084,CHLA06ATRT
AATGTGTTCCGCGTAG-1,4.557257,-3.491726,CHLA06ATRT
AATGTGTTCGATACAT-1,3.928927,-2.750162,CHLA06ATRT
AATGTTGCAAACCGGC-1,10.945242,-9.222241,TK6 LIG4-/-
AATGTTGCAACTTCAT-1,15.553506,5.02671,143B
AATGTTGCAGTTAAGC-1,17.714397,6.013068,143B
AATTACGCAGCTACAG-1,15.3225155,-4.0522385,C8166
AATTACGCATAACGCG-1,15.84864,5.347916,143B
AATTACGCATCACGAG-1,6.441022,15.467453,SUPT11
AATTCAGCAAACTGAC-1,0.70172834,15.178448,TE617T
AATTCAGCAAGCCGAC-1,17.30356,6.0853624,143B
AATTCCTCAAGCATCG-1,17.986504,7.3136573,143B
AATTCCTCACTAGCAG-1,1.8501064,12.213141,DND41
AATTCCTCAGGATAGA-1,4.5417194,1.6648182,JURKAT
AATTCCTCATAAGCCG-1,2.5956929,-9.284988,U2OS OGG-/-
AATTCCTCATTGCCGT-1,13.573788,6.857741,143B
AATTGGGGTATTGGTC-1,15.273475,-5.538634,C8166
AATTGGGGTTAAGTGG-1,0.7019532,6.886475,PF382
AATTGGTTCAGCTCAA-1,13.799345,7.546665,143B
AATTGGTTCCATGTGA-1,-5.1841536,3.7994454,HAP1 MUTYH-/-
AATTGGTTCCGTGAGT-1,16.314865,4.443502,143B
AATTGGTTCGAGTCCG-1,11.803671,11.617248,JM1
ACAACAGGTAGCGGAT-1,-1.8392404,3.8003619,HAP1 MUTYH-/-
ACAACAGGTAGGTCCC-1,1.6917576,-10.237541,U2OS OGG-/-
ACAACAGGTGATGCGG-1,8.044733,-2.8787804,CHLA06ATRT
ACAACAGGTTCGGTGC-1,11.55703,-8.713767,TK6 LIG4-/-
ACAACATTCACAGGGA-1,3.5620937,6.5162616,PF382
ACAACATTCCTCTACG-1,-2.6753142,-3.7765753,HELA XPA-/-
ACAACATTCGCTCCTA-1,18.18893,8.295144,143B
ACAACCATCACGGCTG-1,3.1563807,-9.779471,U2OS OGG-/-
ACAACCATCCATCAAG-1,-2.0312507,3.1413429,HAP1 MUTYH-/-
ACAACCATCCCTCACA-1,-3.8151805,13.696678,KHM1B
ACAACCATCCTTCGAT-1,9.640902,-10.110916,TK6 LIG4-/-
ACAACCGCAACTGCGA-1,19.736046,-2.363229,SAOS2
ACAACCGCAATGTCAA-1,-2.8014784,4.051706,HAP1 MUTYH-/-
ACAACCGCAGCTAACG-1,18.129507,8.383646,143B
ACAACCGCAGGCATCA-1,15.792495,8.380274,143B
ACAACCTGTAATGGGC-1,-0.17364022,-3.2550354,HELA XPA-/-
ACAACCTGTGCGGTGA-1,-2.8064604,-3.60341,HELA XPA-/-
ACAACCTGTTCGGTAT-1,15.538318,-3.6689281,C8166
ACAACTTAGATTAGCT-1,16.53153,4.3926454,143B
ACAACTTAGCCATTGA-1,10.172736,0.72316235,ALLSIL
ACAACTTAGTGAGCCT-1,-2.6357684,-3.241722,HELA XPA-/-
ACAAGCCTCAAGTTCG-1,17.182718,8.371347,143B
ACAAGCCTCACTTGCT-1,3.6008348,0.38892138,JURKAT
ACAAGCCTCCACCTTG-1,1.9034381,-9.51455,U2OS OGG-/-
ACAAGCCTCGCGAACT-1,14.634088,-3.9407058,C8166
ACAAGCCTCTCATTCA-1,11.791121,12.822256,JM1
ACAAGCGAGCGGATCT-1,11.030218,0.2994328,ALLSIL
ACAAGCGAGCTATCTC-1,18.085005,8.114262,143B
ACAAGCTCAACCCTTA-1,4.27921,-3.6916199,CHLA06ATRT
ACAAGCTCAGGTTAGT-1,15.249457,5.7748137,143B
ACAAGGCGTAGTGTGA-1,3.8461509,-3.2113063,CHLA06ATRT
ACAAGGCGTAGTTGCT-1,16.138346,6.4405694,143B
ACAAGGGTCGCTTGCC-1,15.541057,7.809907,143B
ACAAGGTAGATAGCCC-1,14.302382,6.43741,143B
ACAAGGTAGCATGGCT-1,20.709766,-1.4746875,SAOS2
ACAAGGTAGCCAATGC-1,14.089372,7.8628,143B
ACAAGGTAGCGAGTCT-1,17.378162,6.8819556,143B
ACAAGGTAGCGCCTTC-1,3.6629162,4.4307075,CHLA06ATRT
ACAAGGTAGCTACCGG-1,11.218439,10.778122,JM1
ACAAGGTAGGCTAGAG-1,15.207808,5.832547,143B
ACAAGGTAGTCGCGCA-1,21.390427,-1.7167217,SAOS2
ACAAGGTAGTTGGACC-1,-2.554219,-3.3344922,HELA XPA-/-
ACAAGTAAGGGCTACT-1,0.7703471,7.1022954,PF382
ACAAGTAAGGTAGCCT-1,1.6051426,-10.2482,U2OS OGG-/-
ACAAGTAAGGTCAACC-1,17.87136,4.976031,143B
ACAAGTAAGTACGGAG-1,3.408895,-7.6781073,U2OS OGG-/-
ACAAGTTTCACACCAA-1,15.440877,-5.1777,C8166
ACAAGTTTCACTGGGT-1,16.819876,7.160732,143B
ACAAGTTTCCTTCGCA-1,11.144215,-8.525287,TK6 LIG4-/-
ACAAGTTTCGACCCAG-1,-2.3860598,-4.4059067,HELA XPA-/-
ACAATAGAGATTGACT-1,-1.3287734,-4.0793104,HELA XPA-/-
ACAATAGAGCCTGCGA-1,10.234141,-8.505684,TK6 LIG4-/-
ACAATAGAGCTGGATC-1,9.262847,2.8896594,NALM6
ACAATAGAGGCACTGT-1,-2.0519507,-3.9356484,HELA XPA-/-
ACAATAGAGGTAGAGT-1,17.226389,4.533914,143B
ACAATCACAACTAGCG-1,1.0628518,15.171046,TE617T
ACAATCACACATACGG-1,14.6726465,4.1588645,143B
ACAATCACATAATTCC-1,12.558731,14.368616,JM1
ACAATCCGTAGGCGTG-1,6.3106866,11.734674,RH30
ACAATCCGTCAGCTCA-1,2.7652893,-2.178109,CHLA06ATRT
ACAATGAAGGTACCGT-1,-2.6488657,-3.6618955,HELA XPA-/-
ACAATTCAGCATCCAA-1,13.948518,4.914017,143B
ACAATTCAGCTAAGTT-1,-0.9889037,-4.793298,HELA XPA-/-
ACAATTCAGGTCGAGA-1,9.325882,-11.891979,TK6 LIG4-/-
ACACAACCACTCAACC-1,3.9138238,-8.154415,U2OS OGG-/-
ACACAACCATAAGCTA-1,6.3325477,15.591195,SUPT11
ACACAAGGTGCACCAC-1,16.102596,4.2770667,143B
ACACACGCAACTAGAC-1,11.578792,-9.647004,TK6 LIG4-/-
ACACACGCAAGGTAAG-1,-1.6968886,3.9133413,HAP1 MUTYH-/-
ACACACGCATGGCTTC-1,17.268215,5.3773,143B
ACACACGCATTAGTGA-1,9.362472,4.2895083,NALM6
ACACACGCATTCGCAC-1,17.629105,6.2764854,143B
ACACAGTCAAAGGCCC-1,14.271854,5.3643613,143B
ACACAGTCACCACAGA-1,3.7221441,-8.294118,U2OS OGG-/-
ACACAGTCACTATACT-1,16.793184,5.783407,143B
ACACAGTCAGCCTAGA-1,8.46154,-3.288633,CHLA06ATRT
ACACATTAGGATAGAC-1,7.109971,-3.7481947,CHLA06ATRT
ACACATTAGTCAGGTC-1,13.512843,5.399079,143B
ACACCAATCATGTCCT-1,-3.5037174,4.667874,HAP1 MUTYH-/-
ACACCAATCGATGCCG-1,3.3835063,-2.11972,CHLA06ATRT
ACACCAATCTGGTACA-1,13.984544,6.6872706,143B
ACACCAGCAAATGCCG-1,-2.9526067,2.9443703,HAP1 MUTYH-/-
ACACCAGCAATCGGCA-1,12.541927,14.296689,JM1
ACACCAGCAATTAGCA-1,-4.458678,2.4172974,HAP1 MUTYH-/-
ACACCAGCACCTATAT-1,8.358648,16.838877,SUPT11
ACACCCAGTATGGCAA-1,20.550943,-2.30845,SAOS2
ACACCCAGTGATGCGG-1,18.04688,5.166855,143B
ACACCCAGTGCATCCA-1,2.8498578,-9.206754,U2OS OGG-/-
ACACCCTCAATACATG-1,3.5247042,7.8443723,PF382
ACACCCTCACTCAACC-1,15.055895,5.607642,143B
ACACCCTCATTACGGG-1,1.536008,16.885412,TE617T
ACACGAAGTAAGGTAT-1,1.1026713,8.64232,PF382
ACACGATCAAGGTGAA-1,17.3909,5.302532,143B
ACACGGGGTAGCAGCG-1,-2.8792658,3.998246,HAP1 MUTYH-/-
ACACGGGGTGCATTCG-1,3.3320582,-7.8737397,U2OS OGG-/-
ACACGGGGTTCGTGGC-1,1.812895,7.6012936,PF382
ACACGGTTCCTCTACG-1,14.007717,5.166818,143B
ACACGTTGTCAATGGA-1,14.459503,4.488558,143B
ACACGTTGTTGGAGTA-1,3.9452353,-2.848689,CHLA06ATRT
ACACGTTGTTTCGAGT-1,1.5963572,5.21832,PF382
ACACTAGTCACTCTCG-1,-4.44506,3.5370471,HAP1 MUTYH-/-
ACACTAGTCGCATTGA-1,7.8236685,17.249718,SUPT11
ACACTAGTCTATCGTC-1,0.09974599,12.132161,DND41
ACACTAGTCTGGGCAT-1,4.2499175,-8.103394,U2OS OGG-/-
ACACTCCCAATCTATC-1,14.186232,13.346343,JM1
ACACTGATCACGGCTG-1,7.5339336,15.7591915,SUPT11
ACACTGATCCAGGTTA-1,13.025002,6.151666,143B
ACACTGATCCCAGATA-1,11.275879,12.828038,JM1
ACACTGATCCCAGGTG-1,3.175103,1.9425292,JURKAT
ACACTGATCCTCTAGT-1,2.9524431,-9.967212,U2OS OGG-/-
ACACTGATCTCACACT-1,3.9824517,-2.9835007,CHLA06ATRT
ACAGAATGTCAGTCAT-1,5.696909,6.6519303,PF382
ACAGAATGTTGCTTCC-1,13.527401,-0.845612,ALLSIL
ACAGAATGTTTCAGGT-1,9.193394,-10.042464,TK6 LIG4-/-
ACAGACTCAAATCATG-1,8.079179,10.266839,RH30
ACAGACTCAAATGCCG-1,6.126364,11.649176,RH30
ACAGACTCAAGGTCAT-1,9.419093,3.3475053,NALM6
ACAGATGGTATGGTAG-1,2.0512981,16.553589,TE617T
ACAGATGGTTACACGT-1,3.358551,-7.808817,U2OS OGG-/-
ACAGATGGTTCCGGGT-1,-5.440449,3.2845006,HAP1 MUTYH-/-
ACAGCAAGTGGCTTCA-1,6.681589,15.95771,SUPT11
ACAGCAAGTTACACAC-1,5.464335,0.681469,JURKAT
ACAGCAAGTTCGTCTC-1,11.684304,11.835565,JM1
ACAGCCACATCCTGCG-1,-3.3744087,14.542523,KHM1B
ACAGCCACATCCTTAG-1,-0.9393601,-3.2351003,HELA XPA-/-
ACAGCCACATTAGGCG-1,9.475593,5.2733684,NALM6
ACAGCCCGTAAGCAGC-1,8.082273,-4.6564975,CHLA06ATRT
ACAGCCCGTAATGTCC-1,2.4873493,15.726547,TE617T
ACAGCGAAGGTAACGG-1,14.399349,5.6242266,143B
ACAGCGAAGTGAGCAG-1,4.328603,1.7730541,JURKAT
ACAGCGAAGTGCAAGG-1,5.01636,1.527256,JURKAT
ACAGCGAAGTGGCTCG-1,12.794138,0.24937439,ALLSIL
ACAGCGAAGTTGCAGC-1,13.442469,5.936121,143B
ACAGCGGGTTAATCGC-1,1.4357008,5.942271,PF382
ACAGCTATCACATGAT-1,-4.188002,2.7370634,HAP1 MUTYH-/-
ACAGCTATCACGTAGC-1,11.093817,-0.07010021,ALLSIL
ACAGCTATCAGCGAGA-1,1.5469371,8.369193,PF382
ACAGCTATCGCTATCT-1,7.8117857,16.905756,SUPT11
ACAGCTCAGAACGGCA-1,-2.1164715,-4.2089157,HELA XPA-/-
ACAGCTCAGCTACGCG-1,1.0229747,7.3323817,PF382
ACAGCTTGTATGGGAC-1,18.958838,5.734223,143B
ACAGCTTGTTAGCCGC-1,-0.42186257,-3.3212562,HELA XPA-/-
ACAGGAACATCAAGCG-1,11.14206,-0.7708706,ALLSIL
ACAGGAACATGGATCG-1,13.948705,6.503735,143B
ACAGGAACATTAACCT-1,4.1921754,0.82065696,JURKAT
ACAGGATAGATTCCGA-1,16.133272,-5.180681,C8166
ACAGGATAGGCATTCA-1,-2.9223754,-3.7059984,HELA XPA-/-
ACAGGATAGTGATGCC-1,-4.5982294,2.3561275,HAP1 MUTYH-/-
ACAGGCAAGCGATGCT-1,-2.8049467,-3.2242084,HELA XPA-/-
ACAGGCGGTCAACCGC-1,8.082393,6.2153273,NALM6
ACAGGCTTCGTGAGAG-1,-5.2751465,3.205471,HAP1 MUTYH-/-
ACAGGCTTCGTGCGTG-1,13.338719,0.0014005379,ALLSIL
ACAGGGATCAATCCAG-1,16.21451,-4.904879,C8166
ACAGGGATCGTTGCGG-1,8.548208,4.7308693,NALM6
ACAGGGGCAATACCTT-1,15.785402,-5.029959,C8166
ACAGGGGCAATAGGAG-1,20.279032,6.319837,143B
ACAGGGGCAGTACCAG-1,3.631315,-4.1641884,CHLA06ATRT
ACAGGGGCATAGATGC-1,-2.1000276,4.034359,HAP1 MUTYH-/-
ACAGGTAGTAACCCTG-1,-2.20191,3.718157,HAP1 MUTYH-/-
ACAGGTAGTAACGCAA-1,-3.5570111,-3.2270224,HELA XPA-/-
ACAGGTAGTGGACCCT-1,14.723603,4.6733565,143B
ACAGGTAGTTCGTGAT-1,2.769364,6.2600913,PF382
ACAGGTGAGAACCTCA-1,11.094835,-1.1644748,ALLSIL
ACAGTCATCACAGACC-1,7.455165,15.775294,SUPT11
ACAGTCATCCCATATC-1,-3.587299,-2.3523393,HELA XPA-/-
ACAGTCATCGAACCAC-1,-0.107477784,12.649411,DND41
ACAGTCATCGAATCAT-1,3.7953513,0.752005,JURKAT
ACAGTCGCACTCATGC-1,-0.5804672,-3.5128722,HELA XPA-/-
ACAGTCGCATTAGGGT-1,3.1906383,-8.747496,U2OS OGG-/-
ACAGTGAGTATGGTCT-1,6.109662,11.719843,RH30
ACAGTTACAAACTGTA-1,7.0645556,11.425207,RH30
ACAGTTACAAGCACGC-1,11.131088,-8.620402,TK6 LIG4-/-
ACAGTTACAATGTCAA-1,5.011184,5.615315,PF382
ACAGTTACATCCTAAT-1,9.550599,2.8834038,NALM6
ACAGTTACATTGCCCG-1,19.494373,-1.3123014,SAOS2
ACAGTTGTCAGTTACG-1,17.839981,6.4435363,143B
ACAGTTGTCATAGAGA-1,16.053808,6.5423183,143B
ACAGTTGTCGACTTAG-1,6.860012,9.961965,RH30
ACAGTTGTCGTGCCCT-1,7.197656,-3.401753,CHLA06ATRT
ACATAGAAGAATCGTT-1,13.801574,-4.0607204,C8166
ACATAGAAGCCTAGAC-1,-0.30155692,-2.0504925,HELA XPA-/-
ACATAGAAGGTCACAC-1,12.0002365,11.493478,JM1
ACATAGAAGTAGCTCA-1,-1.8333073,4.110131,HAP1 MUTYH-/-
ACATAGCCAACCAAGT-1,18.365702,5.1141753,143B
ACATAGCCAATCCTCA-1,12.639438,0.21546403,ALLSIL
ACATAGCCACTCAGCT-1,14.240919,4.5498414,143B
ACATATCAGAAGCCAG-1,14.641065,4.630985,143B
ACATATCAGCGGGTAA-1,14.992211,7.5473166,143B
ACATATCAGGTTCATG-1,16.483898,5.9940248,143B
ACATATCAGTTGGCGT-1,4.5200963,1.3064575,JURKAT
ACATCATAGAAGCGAT-1,14.175573,-4.8603125,C8166
ACATCATAGCTGGTTA-1,10.8543005,-10.264135,TK6 LIG4-/-
ACATCATAGGGTACTC-1,15.494439,-3.4252257,C8166
ACATCCCCATTAGGTA-1,12.856545,14.367931,JM1
ACATCCGGTAGTAGCA-1,3.454078,-10.024042,U2OS OGG-/-
ACATCCGGTAGTTACC-1,7.6950197,-2.9043837,CHLA06ATRT
ACATCCGGTAGTTGCT-1,13.589872,5.7786336,143B
ACATCCGGTATGTGCT-1,4.2246966,0.81568474,JURKAT
ACATCCGGTATTGACC-1,9.520332,5.6884656,NALM6
ACATCCGGTTTGCGAT-1,1.8537121,-9.358427,U2OS OGG-/-
ACATCTTCATTCCTAG-1,1.9039042,-8.591578,U2OS OGG-/-
ACATGAGGTAATCAGG-1,17.793795,5.5694976,143B
ACATGAGGTAATGCTC-1,15.219464,-6.3021426,C8166
ACATGAGGTAGCGGTG-1,19.467192,7.229639,143B
ACATGAGGTCCATACG-1,3.2437153,1.5404611,JURKAT
ACATGAGGTTCGGGCT-1,18.129438,5.5428195,143B
ACATGAGGTTTCAGTA-1,-3.8305173,3.0989635,HAP1 MUTYH-/-
ACATGCATCACGTAAT-1,14.221166,7.1439414,143B
ACATGCATCCCAGATA-1,9.819545,-10.604989,TK6 LIG4-/-
ACATGCATCCTGCGAG-1,14.338791,6.9503713,143B
ACATGCATCTGTCATC-1,3.951844,-3.0117526,CHLA06ATRT
ACATGGTCAAAGGCAA-1,1.7252696,5.854467,PF382
ACATGGTCACAATGGT-1,11.197231,12.6775055,JM1
ACATGGTCAGGGACCT-1,7.22369,15.093474,SUPT11
ACATGGTCAGTTGCAG-1,8.279035,16.665451,SUPT11
ACATGGTCATGATCGG-1,18.00882,5.516892,143B
ACATGGTCATTCGCTA-1,16.045391,7.1274276,143B
ACATGGTCATTGGAGT-1-1,13.705618,7.834738,143B
ACATGTTAGCCATACA-1,7.1985245,10.777594,RH30
ACATGTTAGGTTACAT-1,-4.240967,3.0838847,HAP1 MUTYH-/-
ACATGTTAGTCGAGTC-1,-1.9575256,3.8534648,HAP1 MUTYH-/-
ACATTCAGTAAGTGCA-1,-0.9465884,12.453679,DND41
ACATTCAGTAGTAGCA-1,14.573415,-4.8652415,C8166
ACATTCAGTCAATGCT-1,3.702117,-4.176081,CHLA06ATRT
ACATTCAGTGATTGCT-1,-0.7745574,-3.521046,HELA XPA-/-
ACATTCCTCCAGCAGT-1,12.048734,11.468654,JM1
ACATTGGTCAATGTCG-1,-3.898566,2.6870751,HAP1 MUTYH-/-
ACATTGGTCCATCATC-1,1.9054583,-9.389169,U2OS OGG-/-
ACATTGGTCCCGTTGC-1,14.141751,7.255442,143B
ACATTGGTCGCGCTTC-1,4.48356,1.7286336,JURKAT
ACATTTCCAAGCCTGA-1,7.6435347,10.545926,RH30
ACATTTCCAATCGACG-1,8.758394,6.0591083,NALM6
ACATTTGGTAGCCTTG-1,4.4682183,-4.057518,CHLA06ATRT
ACATTTGGTGAGTTGA-1,1.3944023,8.646393,PF382
ACATTTGGTGGCCAAG-1,19.955704,-2.5918994,SAOS2
ACCAAACCAAGTGGAA-1,3.1865964,-1.7390621,CHLA06ATRT
ACCAAACCACTAAGCG-1,1.4414874,-9.056833,U2OS OGG-/-
ACCAAAGGTAGGTGAC-1,7.029048,11.689012,RH30
ACCAAAGGTCAACCTG-1,-3.756317,-2.838565,HELA XPA-/-
ACCAAAGGTGAACCGG-1,-3.2513528,2.4954765,HAP1 MUTYH-/-
ACCAAAGGTGAACTGA-1,18.396318,6.1254086,143B
ACCAAATTCCCTCGAC-1,17.880836,5.0963616,143B
ACCAAATTCGTTCACT-1,15.240869,-6.5212984,C8166
ACCAACATCATGTCTC-1,6.078627,7.030953,PF382
ACCAACATCCTCGACC-1,2.7013204,-2.137311,CHLA06ATRT
ACCAACATCGAGTGTC-1,11.435413,-1.1402749,ALLSIL
ACCAAGCTCCGGTAAC-1,-3.1989539,-3.7462635,HELA XPA-/-
ACCAAGCTCCGTAGGT-1,-3.0400975,2.455882,HAP1 MUTYH-/-
ACCAAGCTCCTCTAGT-1,4.0632496,-7.20215,U2OS OGG-/-
ACCAAGCTCGCGCAAT-1,21.828253,-0.014983601,SAOS2
ACCAAGCTCTAGGCAC-1,2.1926708,5.373977,PF382
ACCAAGCTCTGGAACC-1,14.657601,4.8266945,143B
ACCAAGTCAAATGAGG-1,3.3298016,-8.218605,U2OS OGG-/-
ACCAAGTCAGGTTGCA-1,2.1047544,8.993405,PF382
ACCAAGTCAGTTAATG-1,-2.003997,4.077728,HAP1 MUTYH-/-
ACCAAGTCATGATCCC-1,14.788654,4.1382866,143B
ACCAATGTCACGCGAT-1,13.370331,13.1309185,JM1
ACCAATGTCCCCAACC-1,13.145398,14.477747,JM1
ACCAATGTCGTGAACC-1,9.771768,-10.932331,TK6 LIG4-/-
ACCAATTAGAAGGTCG-1,11.145914,-8.398905,TK6 LIG4-/-
ACCAATTAGCAACCGT-1,8.398033,10.377677,RH30
ACCAATTAGGTGGAAT-1,2.598053,6.695887,PF382
ACCACAATCACACCAA-1,9.726683,-10.437845,TK6 LIG4-/-
ACCACAATCCGCTGGA-1,0.439951,11.710619,DND41
ACCACAATCCTCATCG-1,14.485308,12.705892,JM1
ACCACAATCGAGTACC-1,-0.61358887,-3.4997852,HELA XPA-/-
ACCACAATCGCGACAT-1,6.7781615,9.933936,RH30
ACCACAATCTAAGTAC-1,3.0023177,-8.739372,U2OS OGG-/-
ACCACAATCTGGCTCC-1,3.2737741,-7.7233863,U2OS OGG-/-
ACCACACAGATTCCCT-1,3.5207644,2.2923467,JURKAT
ACCACACAGGGTGATG-1,4.5575066,-4.724463,CHLA06ATRT
ACCACAGCAACATCGG-1,4.0731153,-8.488511,U2OS OGG-/-
ACCACAGCACATTGGG-1,3.823756,-7.9410877,U2OS OGG-/-
ACCACAGCATCCAAGG-1,5.262366,0.7846888,JURKAT
ACCACCTCAACTATCT-1,9.06657,-9.165542,TK6 LIG4-/-
ACCACCTCAGCTCTAC-1,13.334213,7.309675,143B
ACCACGTAGCGCCACA-1,7.175392,17.518932,SUPT11
ACCACTAAGAACGACG-1,4.4884763,1.8280818,JURKAT
ACCATAACATCCCAGT-1,0.59336275,8.841444,PF382
ACCATAACATGGTGCA-1,-3.4065237,3.9217074,HAP1 MUTYH-/-
ACCATAGTCCATTGCT-1,0.95644486,6.747413,PF382
ACCATAGTCCCGTAGG-1,-3.452936,-3.02976,HELA XPA-/-
ACCATATAGCGAGCTT-1,10.5951395,-0.61569166,ALLSIL
ACCATATAGGCACGTT-1,16.586267,4.4491105,143B
ACCATATAGGGTCTAC-1,4.991045,5.140076,PF382
ACCATCAAGCCCTGGA-1,7.6036944,10.977498,RH30
ACCATCAAGCTGAGAG-1,7.0658283,11.698304,RH30
ACCATCAAGGAATCAA-1,-3.026225,-4.2959113,HELA XPA-/-
ACCATCAAGGTACTAT-1,6.9845653,-4.24956,CHLA06ATRT
ACCATCAAGTAGCGTC-1,10.667773,-8.268863,TK6 LIG4-/-
ACCATTAGTCATCGTG-1,-3.1838481,-3.3168705,HELA XPA-/-
ACCATTTCAAAGGAGC-1,6.9283257,11.549938,RH30
ACCATTTCAGCTCACT-1,-2.9044151,-3.2748744,HELA XPA-/-
ACCATTTCATCCGTAC-1,1.592842,8.478433,PF382
ACCATTTCATTAGTTC-1,7.311015,-4.029832,CHLA06ATRT
ACCCAAATCAGTACCA-1,-1.8824695,3.634021,HAP1 MUTYH-/-
ACCCAAATCATGCTGA-1,1.0559491,7.698898,PF382
ACCCAAATCCGTAGCG-1,-4.0492463,14.543846,KHM1B
ACCCAAATCGTTCCAT-1,11.0269575,12.412432,JM1
ACCCAACAGCCATGCG-1,2.1077926,-8.559932,U2OS OGG-/-
ACCCAACAGGTAGCCT-1,1.262442,9.3569765,PF382
ACCCAATGTAATGCGA-1,14.6589575,-5.098116,C8166
ACCCAATGTTAACGAG-1,7.977193,4.298271,NALM6
ACCCAGACAACTGTAA-1,6.6502724,-2.893337,CHLA06ATRT
ACCCAGACAAGCCAGC-1,17.518732,4.217696,143B
ACCCAGACAATACCTT-1,2.7338805,-8.549566,U2OS OGG-/-
ACCCAGACAGGGCACT-1,9.717943,5.2796526,NALM6
ACCCAGACAGGTTCCT-1,13.385098,-0.70256805,ALLSIL
ACCCAGACATGAGCGC-1,6.557968,11.2248955,RH30
ACCCAGGTCCCATGCC-1,13.947712,6.7549334,143B
ACCCAGGTCCGCCAAG-1,7.9764667,-3.3357701,CHLA06ATRT
ACCCAGGTCGTACCGG-1,8.158862,5.104615,NALM6
ACCCAGTAGGTCGTTA-1,-2.271728,-3.9550364,HELA XPA-/-
ACCCATAAGCTATGCA-1,21.838161,-0.13158794,SAOS2
ACCCATAAGGATGGCA-1,7.458264,11.195496,RH30
ACCCATAAGTCGATAT-1,11.17725,12.07489,JM1
ACCCATCCAAGCCTAG-1,-2.339956,2.8224413,HAP1 MUTYH-/-
ACCCATCCACATTCCA-1,4.0565324,-4.269975,CHLA06ATRT
ACCCATCCATGACGGC-1,14.96896,4.849175,143B
ACCCATGGTGACTCTG-1,4.616253,-3.699192,CHLA06ATRT
ACCCATGGTTAGTTCA-1,1.161123,15.831129,TE617T
ACCCATGGTTGAGCCC-1,16.574663,6.379399,143B
ACCCATTTCGTTGCGG-1,4.1161933,1.603309,JURKAT
ACCCCAAGTAAGCTCT-1,2.6639454,2.013212,JURKAT
ACCCCAAGTCAGCCTA-1,2.220728,-9.425176,U2OS OGG-/-
ACCCCAAGTGACTCTG-1,1.3491569,-9.516954,U2OS OGG-/-
ACCCCAAGTGAGATAT-1,-4.0506983,14.283742,KHM1B
ACCCCAAGTGATGAGC-1,-3.2851434,3.896583,HAP1 MUTYH-/-
ACCCCATCACCTTGCG-1,17.943665,6.773485,143B
ACCCCATCACTATGCC-1,21.00495,-2.2731447,SAOS2
ACCCCATCATTAGCAA-1,17.985933,5.822977,143B
ACCCCGAAGATAGGGT-1,2.3912861,5.1446404,PF382
ACCCCGAAGCAGGGAC-1,2.6325006,-9.472098,U2OS OGG-/-
ACCCCGAAGCGCTCCT-1,4.2462583,-7.9940653,U2OS OGG-/-
ACCCCGAAGGGGTAAT-1,-0.5436043,-3.8541017,HELA XPA-/-
ACCCCGAAGGGGTCAA-1,7.432376,-3.732792,CHLA06ATRT
ACCCCGAAGTAGAGTA-1,10.042581,-9.864573,TK6 LIG4-/-
ACCCCGAAGTGCTGTA-1,14.750884,5.7394905,143B
ACCCCGTTCCGCATGG-1,1.846454,-9.51391,U2OS OGG-/-
ACCCCGTTCGAGTGGA-1,16.577284,6.9491467,143B
ACCCCTGCATGACGAT-1,4.8283362,5.312535,PF382
ACCCCTTGTATGTGTC-1,16.654879,5.3504763,143B
ACCCCTTGTCTAGTGT-1,4.909354,2.053187,JURKAT
ACCCCTTGTTGCTAAC-1,1.6812725,12.269447,DND41
ACCCGAACAAGCGTAT-1,14.926866,-4.6952925,C8166
ACCCGAACATGACACG-1,13.981614,5.267029,143B
ACCCGAACATGGATGT-1,6.971697,17.547144,SUPT11
ACCCGATAGCCTGCGA-1,13.783233,5.1050124,143B
ACCCGATAGCTGGTGT-1,-0.23852079,-3.3925686,HELA XPA-/-
ACCCGATAGGGTCTGT-1,21.212368,0.035160206,SAOS2
ACCCGATAGGTACGTC-1,16.06217,-5.7372613,C8166
ACCCGATAGTGAGGCA-1,16.190657,6.758238,143B
ACCCGATAGTGGCTAC-1,7.498532,9.7273445,RH30
ACCCGCAAGCCAGGTT-1,15.686656,7.6892104,143B
ACCCGCAAGGAACCCT-1,15.787376,6.8602757,143B
ACCCGCAAGGGCTCAT-1,16.18276,6.159056,143B
ACCCGCTTCAGCACGT-1,4.260418,-3.3918154,CHLA06ATRT
ACCCGCTTCGTTAGGC-1,11.193023,-9.431394,TK6 LIG4-/-
ACCCGTGAGCCTATCT-1,19.772121,-2.2715106,SAOS2
ACCCGTGAGGTTGCGT-1,5.3724694,7.0475426,PF382
ACCCGTGAGTATGATC-1,10.497393,-0.6045641,ALLSIL
ACCCGTTCAAGTGGAA-1,1.9418336,12.231904,DND41
ACCCTAGGTAGCGCAG-1,-2.8975801,1.9975901,HAP1 MUTYH-/-
ACCCTAGGTAGGCGCA-1,8.578388,-2.748767,CHLA06ATRT
ACCCTAGGTAGGTCCC-1,2.7848964,-10.151503,U2OS OGG-/-
ACCCTAGGTGATTGCT-1,8.37671,4.199918,NALM6
ACCCTAGGTGGGTCCT-1,9.120775,-9.64728,TK6 LIG4-/-
ACCCTATTCCATAGCA-1,4.5754194,1.7836719,JURKAT
ACCCTATTCGAAGGGC-1,3.2822342,-8.99623,U2OS OGG-/-
ACCCTCATCCGTATAG-1,2.0555093,5.4796886,PF382
ACCCTCATCGACCAAC-1,18.632128,6.357997,143B
ACCCTCGCAAGCGCAC-1,15.931906,-3.9782119,C8166
ACCCTCGCAATGAGTC-1,11.96286,11.803331,JM1
ACCCTCGCATCGGCTT-1,-3.6381445,-2.8794086,HELA XPA-/-
ACCCTCGCATGAATTG-1,4.1702414,2.7923121,JURKAT
ACCCTCTGTAGTAGCA-1,1.8545942,5.54846,PF382
ACCCTCTGTCAACTTA-1,14.877267,13.955811,JM1
ACCCTCTGTGGGTCCT-1,4.2433853,-8.257434,U2OS OGG-/-
ACCCTCTGTTGTGCAT-1,14.681653,-4.478638,C8166
ACCCTCTGTTTCCGAG-1,6.632564,10.555436,RH30
ACCCTCTGTTTCGTAA-1,1.57117,8.039823,PF382
ACCCTGCTCAATCAGT-1,-1.3345443,7.100927,C8166
ACCCTGCTCAGCGGTT-1,9.257643,-11.603942,TK6 LIG4-/-
ACCCTGCTCATGGTGC-1,-1.2099719,6.9754276,C8166
ACCCTGCTCCTGACGG-1,3.3213544,6.6704707,PF382
ACCCTTTAGAAGGTTA-1,5.582234,15.023323,SUPT11
ACCCTTTAGCCGATAC-1,8.355199,16.841703,SUPT11
ACCCTTTAGTACGGCT-1,15.842463,-6.4360113,C8166
ACCCTTTAGTCGATGC-1,7.6273494,17.116869,SUPT11
ACCGAAAGTAAGCGGT-1,3.3473895,-8.594483,U2OS OGG-/-
ACCGAAAGTTCGAGTT-1,15.192498,-4.8517146,C8166
ACCGAAAGTTGACCAT-1,9.196212,5.612542,NALM6
ACCGACCGTCTAACTA-1,3.122668,-8.215405,U2OS OGG-/-
ACCGACCGTGCGCCAT-1,1.2838509,5.574961,PF382
ACCGACCGTGGCAGTG-1,9.018222,-10.173554,TK6 LIG4-/-
ACCGACTAGCTATGGC-1,21.410236,-1.9260216,SAOS2
ACCGACTAGGCGTATC-1,-3.660075,2.5424685,HAP1 MUTYH-/-
ACCGACTAGTAGACTT-1,8.475037,16.509012,SUPT11
ACCGAGGGTGCAGCGA-1,14.6450205,6.271071,143B
ACCGAGGGTTAACGTC-1,14.864817,8.1126375,143B
ACCGAGGGTTAAGGTG-1,-3.523491,3.4863834,HAP1 MUTYH-/-
ACCGAGGGTTGCACCA-1,8.236477,-3.393303,CHLA06ATRT
ACCGATGCAACCGCTT-1,4.790413,2.2857943,JURKAT
ACCGATGCATTACATC-1,15.512855,5.872403,143B
ACCGATTGTCTGGCAC-1,5.841328,7.2870064,PF382
ACCGATTGTTATGTCA-1,17.345762,6.2871237,143B
ACCGATTGTTGCCCAA-1,-1.3488171,-4.352697,HELA XPA-/-
ACCGATTGTTGCGGAG-1,9.389931,-11.724537,TK6 LIG4-/-
ACCGCAACAAGCCTAG-1,15.934811,-7.5282984,C8166
ACCGCCAAGCCATACA-1,10.87931,-10.406383,TK6 LIG4-/-
ACCGCCAAGCTACGCG-1,6.096545,6.6809187,PF382
ACCGCCAAGGCGAAGC-1,11.034424,-9.793581,TK6 LIG4-/-
ACCGCCAAGTTGCCGG-1,2.7111127,8.369681,PF382
ACCGCTAGTGGGTTAA-1,15.994797,4.3378134,143B
ACCGCTAGTTGGTTCG-1,1.2663158,-9.170703,U2OS OGG-/-
ACCGGCTGTGCACGTC-1,3.5674345,-7.9114194,U2OS OGG-/-
ACCGGCTGTTCCTGCT-1,3.6590364,-7.1363196,U2OS OGG-/-
ACCGGCTGTTCGAATC-1,7.961727,17.054295,SUPT11
ACCGGTTAGCATTCGA-1,17.845903,4.6912165,143B
ACCGGTTAGCCAGTCG-1,2.0717275,-7.589004,U2OS OGG-/-
ACCGGTTAGGCATGTC-1,12.74186,0.32953545,ALLSIL
ACCGTTGGTAAGCAAT-1,17.543058,8.35488,143B
ACCGTTGGTGAACTAG-1,12.139613,12.283636,JM1
ACCGTTGGTTGACCGC-1,11.629021,11.469657,JM1
ACCTAACGTCATCAGT-1,15.8395195,4.7892246,143B
ACCTAACGTCTAGTTA-1,17.824303,5.1440964,143B
ACCTAACGTTGCCCTT-1,12.784073,14.421059,JM1
ACCTAAGTCAGTATCG-1,7.2173057,12.21258,RH30
ACCTAAGTCCATTAGG-1,1.9899138,-8.352536,U2OS OGG-/-
ACCTAAGTCGCGAGTT-1,5.5246525,0.86496896,JURKAT
ACCTAAGTCGCTGATA-1,12.601656,11.869877,JM1
ACCTAAGTCGCTTCAT-1,4.01323,5.46748,PF382
ACCTAAGTCTCACATC-1,20.257433,-2.5518718,SAOS2
ACCTACCCACCATCAC-1,15.538494,-3.8910892,C8166
ACCTACCCAGGCTATG-1,16.558516,7.7613654,143B
ACCTACTTCAATTGGT-1,2.2128198,-7.9563484,U2OS OGG-/-
ACCTACTTCAGGGACA-1,2.2647219,-9.40437,U2OS OGG-/-
ACCTACTTCAGTGCCG-1,16.351822,7.234441,143B
ACCTACTTCGACTATG-1,5.6109657,5.3873615,PF382
ACCTACTTCTTGAACG-1,4.514091,1.825465,JURKAT
ACCTATGAGCCCTTGC-1,4.480583,-8.098892,U2OS OGG-/-
ACCTCACCAACCGCAA-1,7.0179667,-4.2765675,CHLA06ATRT
ACCTCACCAACTGCGA-1,10.306358,-8.211267,TK6 LIG4-/-
ACCTCACCATAGGTTA-1,3.1224651,-8.819034,U2OS OGG-/-
ACCTCCATCAGCTGGT-1,-6.976833,8.423844,EOL1
ACCTCCATCGCGCAAT-1,17.1687,8.282035,143B
ACCTCCGCAAACTGCG-1,17.42531,6.0103536,143B
ACCTCCGCAACTAGGT-1,-3.5650847,14.011815,KHM1B
ACCTCCGCACCATGTC-1,15.877579,-5.1207657,C8166
ACCTCCGCACTTGCCG-1,19.867004,-2.7556357,SAOS2
ACCTCCGCATCACTAT-1,1.8819426,15.028115,TE617T
ACCTCGCTCACGTTGA-1,20.805988,-1.3771764,SAOS2
ACCTCTTAGGTAGATA-1,-4.7413044,3.223507,HAP1 MUTYH-/-
ACCTGATGTCAGCTAT-1,2.3756688,-9.711847,U2OS OGG-/-
ACCTGATGTGAAGTGC-1,3.4982572,0.8478276,JURKAT
ACCTGATGTTAACTGC-1,12.518638,12.743139,JM1
ACCTGGACAACTTCAT-1,9.590659,3.1294763,NALM6
ACCTGGACACTCAACC-1,2.6360252,7.56943,PF382
ACCTGGGTCACATGCA-1,14.071585,5.324996,143B
ACCTGGGTCACTCTAC-1,7.285992,-3.3678443,CHLA06ATRT
ACCTGGGTCCCCATGC-1,9.61122,5.521285,NALM6
ACCTGGGTCGTCTCCA-1,9.060684,-3.4136853,CHLA06ATRT
ACCTGTCCATCGTTCA-1,14.925678,5.0910826,143B
ACCTTAAGTCTCCATC-1,6.5850472,-3.4593432,CHLA06ATRT
ACCTTAAGTGATGAGC-1,7.6056104,16.52607,SUPT11
ACCTTCACATGATCCC-1,8.195869,10.218612,RH30
ACGAAATGTTAGAGTG-1,1.6226326,5.372625,PF382
ACGAACCTCCATAGAT-1,7.409873,15.649885,SUPT11
ACGAACCTCCGCTGAG-1,9.261807,5.839648,NALM6
ACGAACCTCGTCTATC-1,16.175833,7.4267774,143B
ACGAAGGTCAGCTACA-1,10.760081,0.14588636,ALLSIL
ACGAAGGTCGTAATGT-1,8.283715,3.358225,NALM6
ACGAAGGTCTGTGAGC-1,20.983206,-1.2058938,SAOS2
ACGAATCCAATATCTC-1,8.945036,-9.373094,TK6 LIG4-/-
ACGAATCCATCCGGTT-1,11.107858,-10.558692,TK6 LIG4-/-
ACGAATGGTTGTCCAG-1,13.059973,-0.5581697,ALLSIL
ACGAATGGTTTAAGCC-1,9.406583,-10.2358055,TK6 LIG4-/-
ACGACAAGTAGGCTGG-1,14.349856,5.408641,143B
ACGACAAGTCTAACGT-1,14.145204,13.2405815,JM1
ACGACAAGTCTCCAAG-1,16.17111,4.9461923,143B
ACGACAAGTTCGTGCA-1,2.0836232,8.629627,PF382
ACGACAAGTTGGTAAG-1,21.027315,0.14832698,SAOS2
ACGACATCAACATGGT-1,10.06001,-10.266637,TK6 LIG4-/-
ACGACATCACAATTAG-1,3.458331,-8.795315,U2OS OGG-/-
ACGACATCATCGGTGA-1,11.192417,-9.124517,TK6 LIG4-/-
ACGACGAAGCGACTAC-1,16.668964,6.8904643,143B
ACGAGCAAGTGCAAGG-1,11.0654,-9.235542,TK6 LIG4-/-
ACGAGTAGTAACCACT-1,12.405053,-0.6056595,ALLSIL
ACGAGTAGTCAGGCGA-1,9.038219,-3.9095132,CHLA06ATRT
ACGAGTAGTGGCTTCA-1,14.459129,13.542328,JM1
ACGAGTAGTTCGGTGC-1,20.009104,-2.7695525,SAOS2
ACGAGTAGTTTCCTGC-1,9.14788,-9.30824,TK6 LIG4-/-
ACGAGTGAGCGCTTGG-1,6.151238,11.9085,RH30
ACGAGTGAGGTCCCGA-1,14.220941,5.7643213,143B
ACGAGTGAGTACCAGC-1,13.405143,-4.790135,C8166
ACGATAGGTTGTAGTC-1,9.552708,3.0518544,NALM6
ACGATATTCACCCTGC-1,-0.80564755,-3.6900408,HELA XPA-/-
ACGATATTCATCTCAC-1,15.930024,-5.976324,C8166
ACGATATTCCGTGTAA-1,20.263521,-1.9220601,SAOS2
ACGATTGTCATGGCGT-1,4.104835,-7.8335724,U2OS OGG-/-
ACGATTGTCCATCTCG-1,16.69412,5.9039207,143B
ACGATTGTCCCGTAGG-1,-3.5675452,3.1795776,HAP1 MUTYH-/-
ACGATTGTCGACTATG-1,17.031166,6.1662226,143B
ACGATTTAGCCAGATC-1,15.287676,8.333268,143B
ACGATTTAGCCAGCCA-1,3.3911715,0.47893748,JURKAT
ACGATTTAGCTTACTC-1,14.399554,13.34819,JM1
ACGCAATCAAGTAGGA-1,1.0778593,15.675756,TE617T
ACGCAATCACTATCCA-1,16.81075,8.105057,143B
ACGCAATCAGCTACAG-1,2.4126987,15.768081,TE617T
ACGCACTAGCAAGGAT-1,-1.6064006,-3.815284,HELA XPA-/-
ACGCACTAGGTACGCT-1,14.291253,5.743163,143B
ACGCAGCCAAGTATCA-1,14.4310665,14.187962,JM1
ACGCAGCCAATGCCCT-1,17.619654,7.1386304,143B
ACGCATATCAGCATCA-1,18.291956,7.5747056,143B
ACGCATATCATGTCAG-1,9.258358,-3.8790572,CHLA06ATRT
ACGCATTGTCATGAAG-1,14.742857,13.880908,JM1
ACGCATTGTGATTCGT-1,16.71933,6.4116406,143B
ACGCATTGTTCACTGG-1,-2.5576725,2.5794034,HAP1 MUTYH-/-
ACGCCAACAAATCACA-1,14.744802,5.039706,143B
ACGCCAACACCTGCAT-1,16.340414,5.893359,143B
ACGCCAACAGGGACGA-1,21.295399,0.24536239,SAOS2
ACGCCAACAGGTTACG-1,-1.9441308,3.3259327,HAP1 MUTYH-/-
ACGCCAACATAATTGG-1,12.695462,-0.1434788,ALLSIL
ACGCCATAGCAATCAT-1,13.545119,14.603196,JM1
ACGCCATAGCTGGACT-1,-3.276554,4.3000746,HAP1 MUTYH-/-
ACGCCATAGTAAGGTA-1,21.811459,-0.10407047,SAOS2
ACGCCATAGTGATCCA-1,3.5285487,0.51267654,JURKAT
ACGCCCAAGCCACACG-1,6.9797173,15.6456785,SUPT11
ACGCCCAAGCGGTAAG-1,10.6959915,-8.793288,TK6 LIG4-/-
ACGCCCAAGCTGGACT-1,16.273674,4.889274,143B
ACGCCCAAGTGCGGAA-1,1.9332011,11.943086,DND41
ACGCCTAGTTGGCGTC-1,3.308935,-8.848069,U2OS OGG-/-
ACGCGAAAGCAACTAT-1,3.4864085,0.44316354,JURKAT
ACGCGAAAGGCTTGGT-1,4.468146,1.9400216,JURKAT
ACGCGAGGTGAACCAA-1,16.117092,5.080775,143B
ACGCGAGGTTAAGCTC-1,20.256903,-2.6630316,SAOS2
ACGCGATTCCTGTATC-1,9.827468,4.3441033,NALM6
ACGCGATTCGATCCAA-1,3.9654267,-2.679542,CHLA06ATRT
ACGCGATTCGCATCCC-1,8.038301,3.8158846,NALM6
ACGCGATTCTGGCTAA-1,3.988495,0.98903066,JURKAT
ACGCGATTCTGTCATC-1,-4.096083,4.199661,HAP1 MUTYH-/-
ACGCGGTCAATATGCA-1,18.778788,7.715929,143B
ACGCGGTCACCTCACG-1,3.6264815,0.7070515,JURKAT
ACGCGGTCACTTAATC-1,2.948525,-10.192697,U2OS OGG-/-
ACGCGGTCAGTTGCTC-1,16.286072,5.3873467,143B
ACGCGGTCATGACCCT-1,1.1754981,11.75487,DND41
ACGCGGTCATGAGTTA-1,6.676436,15.781286,SUPT11
ACGCTAATCCACCTTG-1,-1.8368385,-3.1388655,HELA XPA-/-
ACGCTAATCCGCGACA-1,16.504272,5.819991,143B
ACGCTAATCCGTGAAC-1,-4.0398746,14.226671,KHM1B
ACGCTATGTAATCGCT-1,2.9243226,7.170669,PF382
ACGCTATGTAGCGGTG-1,7.2835054,10.566943,RH30
ACGCTATGTCATTAGC-1,14.860141,-5.1363187,C8166
ACGCTATGTGGACAGT-1,1.1440802,9.3384075,PF382
ACGCTATGTGGGAACT-1,14.614667,8.115552,143B
ACGCTATGTTGTCTAA-1,8.201912,3.885947,NALM6
ACGCTCAGTAGGTAGC-1,21.484003,0.13180749,SAOS2
ACGCTCAGTATGGCCC-1,2.7657864,-9.908593,U2OS OGG-/-
ACGCTCAGTGCACCGT-1,4.6505723,-3.2870488,CHLA06ATRT
ACGCTCAGTGGACATA-1,21.863953,-0.045029566,SAOS2
ACGCTCAGTGGGTCTC-1,15.185408,6.2417765,143B
ACGCTCAGTTCCCTTA-1,11.41872,-5.8695965,JURKAT
ACGCTCAGTTCGGTTG-1,3.326786,-1.4558377,CHLA06ATRT
ACGCTGACACTTGCTA-1,-3.6182897,14.136355,KHM1B
ACGCTGACATGCTTCA-1,5.091334,5.653823,PF382
ACGCTGACATGGTCAG-1,3.4223385,-9.151627,U2OS OGG-/-
ACGCTTGGTAGCTCCA-1,1.641257,-8.342147,U2OS OGG-/-
ACGCTTGGTAGTTACC-1,-3.4696982,3.5923126,HAP1 MUTYH-/-
ACGCTTGGTGCAAGTA-1,0.80177975,15.429335,TE617T
ACGCTTGGTGGCGACA-1,3.36161,-4.0464473,CHLA06ATRT
ACGGAACGTAATGCGA-1,4.485413,-7.8475356,U2OS OGG-/-
ACGGAACGTGATAGAT-1,18.278194,8.560001,143B
ACGGACAAGAAGCAAC-1,8.075416,10.150433,RH30
ACGGACAAGGCGCATT-1,4.1277175,-8.20032,U2OS OGG-/-
ACGGACAAGTACGGGA-1,3.9146302,-2.9740765,CHLA06ATRT
ACGGACAAGTGCGGTT-1,19.018042,5.7243066,143B
ACGGACAAGTTAGTGT-1,3.4475892,2.7300065,JURKAT
ACGGACCCAACTTCAT-1,7.7980666,-2.4293878,CHLA06ATRT
ACGGACCCAAGTGTAC-1,2.5701807,-9.97728,U2OS OGG-/-
ACGGACCCACATGCGA-1,6.3721294,14.785943,SUPT11
ACGGAGGCAATATGTG-1,4.2312407,-8.343514,U2OS OGG-/-
ACGGAGGCAATGCCTC-1,15.252776,4.4481106,143B
ACGGATAGTATGGCAA-1,-2.657953,-4.157388,HELA XPA-/-
ACGGATAGTTGCGTAT-1,3.667262,-3.4253788,CHLA06ATRT
ACGGATTCAATACTAG-1,-0.9504132,-3.9591305,HELA XPA-/-
ACGGATTCAATTAACG-1,11.074095,-8.258162,TK6 LIG4-/-
ACGGATTCAGGTAATC-1,-2.1971292,-3.7814305,HELA XPA-/-
ACGGCAAAGCATGGGA-1,4.9433227,1.2093388,JURKAT
ACGGCAAAGGCGTCAT-1,16.358837,6.6533175,143B
ACGGCAAAGGTACAGG-1,12.869971,14.463614,JM1
ACGGCAAAGGTTAGGG-1,4.385762,0.180703,JURKAT
ACGGCAGGTCAAGTTC-1,13.035442,0.2092693,ALLSIL
ACGGCAGGTTAGCTGT-1,13.884615,7.328248,143B
ACGGCAGGTTCCGTAG-1,16.445236,-5.405068,C8166
ACGGCCATCCCAGATA-1,15.004361,4.4696364,143B
ACGGCTTAGCCCTGTC-1,-3.6256697,2.8739398,HAP1 MUTYH-/-
ACGGCTTAGCCGATTA-1,7.845738,4.700944,NALM6
ACGGCTTAGGGGTAAT-1,16.262411,-5.475886,C8166
ACGGGATGTTCCCATC-1,-3.1310954,2.1277118,HAP1 MUTYH-/-
ACGGGCAGTAATCCTA-1,17.495558,6.18403,143B
ACGGGCAGTCAACTCG-1,10.188729,-8.986659,TK6 LIG4-/-
ACGGGCAGTCAAGGGT-1,15.827843,6.113266,143B
ACGGGCAGTCATTCGG-1,16.013168,4.0645003,143B
ACGGGCAGTTGAGTAG-1,9.895856,3.6414988,NALM6
ACGGGCTCAAGCATAC-1,-3.4539256,13.891976,KHM1B
ACGGGCTCAGGAGCAG-1,1.9061381,-9.520381,U2OS OGG-/-
ACGGGGACAACCGCTT-1,4.1514263,-8.240866,U2OS OGG-/-
ACGGGGACAAGGTTAC-1,-3.2221565,-2.9601612,HELA XPA-/-
ACGGGGACAAGTCCTC-1,1.8720895,5.1934605,PF382
ACGGGGTAGCCATAGC-1,12.97804,0.41733202,ALLSIL
ACGGGGTAGGTTGATT-1,17.972193,7.3631144,143B
ACGGGTAAGGGCAGGT-1,-3.5039785,2.527156,HAP1 MUTYH-/-
ACGGGTAAGTGCTCGG-1,3.7261958,7.5169773,PF382
ACGGGTTTCAGTTCGA-1,7.6292615,10.206274,RH30
ACGGGTTTCCGCACGA-1,10.627397,-10.023573,TK6 LIG4-/-
ACGGGTTTCGCTAGTA-1,16.247921,5.666446,143B
ACGGTCACAACTATGA-1,-4.3859253,2.186945,HAP1 MUTYH-/-
ACGGTCACACAGGCGT-1,9.155811,4.3926463,NALM6
ACGGTCACACATTGGG-1,0.6205027,11.504419,DND41
ACGGTCACATAACTTC-1,-2.980448,-2.4737551,HELA XPA-/-
ACGGTCACATTAGAGC-1,14.266454,6.126592,143B
ACGGTGAAGCTATGCA-1,15.246239,6.2686048,143B
ACGGTGAAGGGTATCC-1,2.4909763,-8.763207,U2OS OGG-/-
ACGGTGAAGGTTCGAC-1,17.29194,5.1035314,143B
ACGGTTATCCATAGCA-1,7.142691,11.433259,RH30
ACGGTTATCCGCGTCT-1,9.5189,3.184893,NALM6
ACGGTTATCTAGTCGA-1,17.165663,5.273749,143B
ACGGTTATCTATGCAG-1,2.985947,1.371211,JURKAT
ACGGTTGCATGAGCAT-1,4.4629717,-4.019392,CHLA06ATRT
ACGGTTGCATGGAATC-1,5.443665,6.732419,PF382
ACGTAACCACTATCTG-1,1.0941924,6.265237,PF382
ACGTAAGGTCATGGTT-1,16.680292,5.307715,143B
ACGTAAGGTGGGTAGT-1,14.243069,6.7835307,143B
ACGTAAGGTTAGAGAT-1,-1.2888296,-4.2910004,HELA XPA-/-
ACGTAAGGTTGTCCCT-1,8.394758,16.539932,SUPT11
ACGTCAATCCAACTGA-1,20.514889,-1.6161585,SAOS2
ACGTCACAGCCTGAGT-1,-3.9379745,2.9486296,HAP1 MUTYH-/-
ACGTCACAGCGAACGA-1,19.847729,6.1282816,143B
ACGTCCCTCACTCAAG-1,7.540607,9.92632,RH30
ACGTCCCTCCCAATGA-1,11.700055,-0.573182,ALLSIL
ACGTCCCTCCTCTATA-1,-3.9087744,3.5702615,HAP1 MUTYH-/-
ACGTCCTCAAATCGTA-1,20.470247,6.2987137,143B
ACGTCCTCAGTTAGGT-1,14.518236,-5.6088886,C8166
ACGTCCTCATCATCAT-1,-2.4848216,3.7731392,HAP1 MUTYH-/-
ACGTCCTCATGGATGT-1,6.7863836,11.432204,RH30
ACGTCTAAGCTTAACG-1,13.277842,7.852638,143B
ACGTCTAAGCTTACAG-1,-0.071812026,-3.2471116,HELA XPA-/-
ACGTCTAAGTAGAGAC-1,10.717228,-0.7102479,ALLSIL
ACGTCTAAGTAGAGTA-1,4.6847243,1.0330447,JURKAT
ACGTGAGAGAACGAAC-1,7.5392504,-2.8298705,CHLA06ATRT
ACGTGAGAGGTTACGC-1,7.3324347,16.528502,SUPT11
ACGTGAGAGTAGGCTC-1,11.053923,-0.6151196,ALLSIL
ACGTGGTTCAGCCACG-1,1.7869205,9.170986,PF382
ACGTGGTTCGCTCGTC-1,6.210313,14.858542,SUPT11
ACGTGGTTCTAATGAC-1,6.602685,-3.290306,CHLA06ATRT
ACGTGTTGTCTCCACT-1,15.295522,4.42612,143B
ACGTGTTGTTAACGTC-1,10.657941,-0.4982654,ALLSIL
ACGTGTTGTTGGCATT-1,2.7537956,1.542607,JURKAT
ACGTTAACAATCAATG-1,4.5156364,-8.241569,U2OS OGG-/-
ACGTTAACACAATCCC-1,20.356133,-1.8266469,SAOS2
ACGTTAGTCGCTGACG-1,6.814458,-2.7165437,CHLA06ATRT
ACGTTATAGAAGGGCC-1,9.586189,4.02143,NALM6
ACGTTATAGAATCGGG-1,6.9050045,14.71839,SUPT11
ACGTTATAGGCGAAGC-1,-4.191175,3.5103226,HAP1 MUTYH-/-
ACGTTCAAGGAATTAG-1,18.927462,6.113638,143B
ACGTTCCCAAATCAGC-1,17.588861,7.9946837,143B
ACGTTCCCAATGTCAA-1,2.316327,15.73397,TE617T
ACGTTTGAGAATCCAT-1,14.813258,-4.037677,C8166
ACGTTTGAGATTACGT-1,15.7903595,7.0555563,143B
ACGTTTGAGCTTAACG-1,4.757562,-3.7051575,CHLA06ATRT
ACTAACTAGCGAGTAG-1,14.744758,-4.4061456,C8166
ACTAACTAGCTATGGC-1,3.3101091,1.5525337,JURKAT
ACTAACTAGGGCTGAA-1,0.78164107,15.743336,TE617T
ACTAAGCCAAGCTACG-1,15.72459,-7.3986115,C8166
ACTAAGCCAAGTCGTG-1,5.016767,1.1525426,JURKAT
ACTACAACAATCTATC-1,17.085924,6.531824,143B
ACTACAACACATGCCT-1,13.102587,6.0454526,143B
ACTACCAAGAAGGAGA-1,2.0274239,-9.543244,U2OS OGG-/-
ACTACCAAGAATCGTT-1,10.089972,-8.551421,TK6 LIG4-/-
ACTACCAAGATTAGAG-1,11.605943,-8.931357,TK6 LIG4-/-
ACTACCAAGCAATCGC-1,13.3835535,-4.7303715,C8166
ACTACCAAGCTAGATT-1,3.6494374,-7.2116585,U2OS OGG-/-
ACTACCCCAAGTCCCT-1,18.521238,6.6085105,143B
ACTACCCCAATATCGA-1,14.763219,-4.191109,C8166
ACTACCTTCATGTAAC-1,13.445804,7.845807,143B
ACTACCTTCGCGTAAC-1,1.8155951,8.345479,PF382
ACTACTTCATAGAGCT-1,2.6364295,7.032861,PF382
ACTATCAGTAACGATG-1,13.660436,6.301292,143B
ACTATCAGTTCGCATG-1,10.453407,-9.237647,TK6 LIG4-/-
ACTATCCTCACTCCTG-1,5.392022,0.72277033,JURKAT
ACTATCTCACTCATCA-1,7.6662445,11.035392,RH30
ACTATGGTCAATGTAC-1,1.6396687,8.994446,PF382
ACTATTCCAGGAGCCT-1,-1.198363,-3.2505546,HELA XPA-/-
ACTATTCCATGCTCCG-1,-4.044663,-2.8741279,HELA XPA-/-
ACTATTGGTTCGCCAA-1,13.975156,6.7456937,143B
ACTCAATAGCAGGCAA-1,-1.0511168,-3.9634101,HELA XPA-/-
ACTCAATAGGCTTGGT-1,-3.6673405,-2.3265252,HELA XPA-/-
ACTCAATAGGGGTACA-1,17.671375,5.718076,143B
ACTCAATAGGTCACAC-1,4.5932693,-4.0868025,CHLA06ATRT
ACTCACAAGCGGTACT-1,16.52579,5.257664,143B
ACTCACAAGGATCCAC-1,1.1476331,5.94026,PF382
ACTCACCCAATTACTC-1,2.2224472,-7.991251,U2OS OGG-/-
ACTCACCCACTATGAA-1,1.78286,6.1500764,PF382
ACTCACCCACTTGGCT-1,20.310732,-2.4457424,SAOS2
ACTCACTTCATCACTC-1,20.356787,-2.0142787,SAOS2
ACTCACTTCCCGTTGC-1,8.699136,-3.1323068,CHLA06ATRT
ACTCAGGCAACTATGA-1,18.095078,6.1092725,143B
ACTCAGGCATCGGGAC-1,15.840607,-4.6350393,C8166
ACTCATTCAATCTCGC-1,-3.703555,13.950233,KHM1B
ACTCATTCATAATCGA-1,3.950649,-4.3717175,CHLA06ATRT
ACTCCAAAGAATCACT-1,20.568392,-2.2336023,SAOS2
ACTCCAAAGCATCTCT-1,1.686053,-8.73022,U2OS OGG-/-
ACTCCAAAGCCGAGTT-1,1.4825892,8.461927,PF382
ACTCCAAAGTACCACA-1,14.002973,7.6494427,143B
ACTCCAAAGTAGTCTG-1,9.003204,-10.754261,TK6 LIG4-/-
ACTCCCATCCGCATCC-1,16.231304,-5.2586765,C8166
ACTCCCATCTAGGCCG-1,15.388813,7.330959,143B
ACTCCCATCTGTCAAG-1,6.6357164,11.67157,RH30
ACTCCCGCACATGAAC-1,12.420057,-0.9806257,ALLSIL
ACTCCCGCACTAGCGA-1,-3.9317598,13.795529,KHM1B
ACTCCCTGTGATGCAA-1,-1.3559843,-4.2065673,HELA XPA-/-
ACTCCCTGTTATGGGA-1,9.279381,4.129839,NALM6
ACTCCCTGTTCGGTGC-1,1.7063416,-10.443365,U2OS OGG-/-
ACTCCCTGTTTGGTAC-1,17.546412,6.27475,143B
ACTCCGCTCACGTTGA-1,21.035583,0.14594735,SAOS2
ACTCCGCTCCCTCAAT-1,4.1263485,-8.000301,U2OS OGG-/-
ACTCCTTAGCGACTGT-1,15.524628,5.1031227,143B
ACTCCTTAGCTAACCA-1,8.344776,4.5005856,NALM6
ACTCCTTAGGTTCACA-1,-4.7178774,3.2660375,HAP1 MUTYH-/-
ACTCCTTAGTGAGGAT-1,6.9418783,17.229576,SUPT11
ACTCGAATCACGCACG-1,9.73784,-8.294979,TK6 LIG4-/-
ACTCGATGTTACACCG-1,16.59577,5.8446856,143B
ACTCGATGTTCCGCTT-1,13.673405,14.89795,JM1
ACTCGATGTTCGAATC-1,-3.925929,14.186682,KHM1B
ACTCGCCTCCAGGCCA-1,-4.0300055,2.4425051,HAP1 MUTYH-/-
ACTCGCCTCCCTCTGA-1,-1.5910603,-3.6410308,HELA XPA-/-
ACTCGCCTCCGCCAAG-1,1.7494555,8.3292265,PF382
ACTCGCCTCCTGCGGA-1,9.478149,-4.047197,CHLA06ATRT
ACTCGCCTCGCTAATG-1,-2.1212204,3.9065096,HAP1 MUTYH-/-
ACTCGTCCACTAGGGC-1,-3.9156637,14.164212,KHM1B
ACTCGTCCACTTCGAC-1,13.4803915,-0.90802693,ALLSIL
ACTCGTCCATGACGAT-1,14.564841,14.116936,JM1
ACTCGTCCATGCTACC-1,-4.4867544,3.5321891,HAP1 MUTYH-/-
ACTCGTTTCAATGTCG-1,17.238165,8.190593,143B
ACTCGTTTCTATGCAG-1,15.928436,6.8459086,143B
ACTCTAAGTAACTCCG-1,13.79651,-0.82496446,ALLSIL
ACTCTAAGTAGCTAAG-1,9.299792,3.1333692,NALM6
ACTCTAAGTTCACGCA-1,-1.7425264,-3.7967918,HELA XPA-/-
ACTCTCACACAATCCC-1,9.9482765,-7.9854946,TK6 LIG4-/-
ACTCTGTTCAGCAACC-1,4.762274,-4.785886,CHLA06ATRT
ACTCTGTTCAGCTGCG-1,-1.2280582,-4.4609804,HELA XPA-/-
ACTCTTGCAAGTAAGG-1,-3.3718894,2.1338174,HAP1 MUTYH-/-
ACTCTTGCACCTACCG-1,2.2823293,15.652965,TE617T
ACTCTTGCAGGTTGGC-1,16.814392,4.4644156,143B
ACTGAACCACCACAGA-1,11.365311,-9.153338,TK6 LIG4-/-
ACTGAACCACTACCTA-1,10.890973,-9.480408,TK6 LIG4-/-
ACTGAAGGTGCATCCA-1,15.3309355,-6.328714,C8166
ACTGAAGGTTAAGCAG-1,-1.3076613,-4.3720026,HELA XPA-/-
ACTGAGGAGCCATCCC-1,1.1717349,6.5810695,PF382
ACTGAGGAGCTAACCA-1,-3.5666442,-3.0803378,HELA XPA-/-
ACTGAGGAGTGACCGT-1,1.6828278,12.216669,DND41
ACTGAGGAGTGATTCG-1,14.220585,5.733306,143B
ACTGATTAGGCACTCG-1,-3.4769502,-2.7411094,HELA XPA-/-
ACTGATTAGGTACTAT-1,7.436399,9.635617,RH30
ACTGCAATCAGTGCCG-1,16.834667,6.732527,143B
ACTGCAATCGTTACCT-1,8.459263,3.2615266,NALM6
ACTGCAATCTAAGCAT-1,8.636755,3.0936613,NALM6
ACTGCCCTCCAGGCCA-1,14.548134,-5.2778993,C8166
ACTGCCCTCCCTCTCT-1,3.1762114,-9.300171,U2OS OGG-/-
ACTGCCCTCGAAGTCC-1,10.514854,-10.054607,TK6 LIG4-/-
ACTGCCCTCGACTACA-1,21.188366,0.16453385,SAOS2
ACTGCCTCAAACTTGA-1,12.061774,13.453369,JM1
ACTGCCTCAAGTGCAT-1,14.886657,6.186943,143B
ACTGCCTCAGCTCAAG-1,-1.8663547,3.7604616,HAP1 MUTYH-/-
ACTGCCTCAGCTCATC-1,-4.16925,13.956553,KHM1B
ACTGCCTCATCCGTCG-1,14.723474,4.3129845,143B
ACTGCCTCATGGAATC-1,15.080255,7.209571,143B
ACTGCGCGTAGTAGAT-1,9.596987,-10.016318,TK6 LIG4-/-
ACTGCGCGTTTGATGC-1,2.224104,4.964692,PF382
ACTGCGCGTTTGGCGC-1,9.560084,-4.154775,CHLA06ATRT
ACTGCTGGTCTGGCGT-1,17.516768,4.348418,143B
ACTGCTGGTTCGTTGG-1,13.714953,8.201782,143B
ACTGGGTTCAGCAACC-1,3.260525,-8.464862,U2OS OGG-/-
ACTGGGTTCAGGAAGT-1,15.536705,-6.0085554,C8166
ACTGGGTTCAGTGCTA-1,0.88669586,5.805244,PF382
ACTGGGTTCCACCAGG-1,1.3152534,8.184294,PF382
ACTGGGTTCCATGCTT-1,11.117785,0.23115674,ALLSIL
ACTGGGTTCCCAGTCC-1,13.868237,14.32682,JM1
ACTGGGTTCGACTAAT-1,-3.6903694,13.68533,KHM1B
ACTGGGTTCGTAGTCA-1,18.418154,5.6816416,143B
ACTGGTCAGCCATACA-1,11.053927,-10.000276,TK6 LIG4-/-
ACTGGTCAGCCGCACA-1,10.221739,-11.870194,TK6 LIG4-/-
ACTGGTCAGCTATGTG-1,-6.9737663,8.420975,EOL1
ACTGGTCAGTAATCAC-1,20.582506,-2.1981514,SAOS2
ACTGGTTGTTGAGTAG-1,13.162914,12.95397,JM1
ACTGGTTGTTGCAGTT-1,9.28737,-3.1804585,CHLA06ATRT
ACTGTCAAGTCAACCA-1,6.2882915,14.964321,SUPT11
ACTGTCAAGTCGAATT-1,12.842984,12.759204,JM1
ACTGTCAAGTTAGTCG-1,3.6010187,2.3163424,JURKAT
ACTGTGATCAGGTCCG-1,15.544862,-5.47127,C8166
ACTGTGATCGCGATAC-1,20.334656,-2.1778712,SAOS2
ACTGTGATCGCTGATA-1,2.5522244,15.770852,TE617T
ACTGTGATCTATGGGC-1,3.4720926,1.0275778,JURKAT
ACTGTGATCTGTGAAT-1,-3.6783454,-2.245858,HELA XPA-/-
ACTGTTAGTTCGCATG-1,2.7420418,15.634392,TE617T
ACTGTTAGTTTGAGTC-1,7.0175834,11.819406,RH30
ACTTAACAGGATAGGT-1,4.410693,2.5798485,JURKAT
ACTTAACAGGTTCGTA-1,11.39841,12.810646,JM1
ACTTAACAGTCAGCGT-1,2.6653075,5.4078245,PF382
ACTTAACAGTCAGTGC-1,3.2718425,2.6963387,JURKAT
ACTTACCTCAAGTTCG-1,17.462688,8.186789,143B
ACTTACCTCGACCCGA-1,11.448989,0.40898758,ALLSIL
ACTTACCTCTAGTACG-1,8.1986265,6.569811,NALM6
ACTTACTCAATTACTC-1,0.791998,6.3338656,PF382
ACTTACTCACAACGTG-1,18.716797,7.375841,143B
ACTTACTCATAGGTGT-1,4.4128656,2.0236435,JURKAT
ACTTAGGTCACTCTGT-1,-3.2149117,3.7710536,HAP1 MUTYH-/-
ACTTAGGTCAGCACGT-1,6.032718,14.64532,SUPT11
ACTTAGGTCCATTACC-1,4.2614684,-3.1745732,CHLA06ATRT
ACTTAGGTCCTCGACC-1,11.363975,-8.76564,TK6 LIG4-/-
ACTTAGGTCCTGCTGC-1,3.321461,6.3814807,PF382
ACTTATGGTCATGCTG-1,0.9785029,15.630342,TE617T
ACTTATGGTTCGCCAA-1,14.197631,4.642668,143B
ACTTCATCACAAGCCA-1,21.528898,-0.21158937,SAOS2
ACTTCGCCAAACCGTG-1,17.618366,5.6592603,143B
ACTTCGCCAAATCATG-1,20.268328,-2.277951,SAOS2
ACTTCGCCATGGAGCC-1,13.829184,-4.6371365,C8166
ACTTCGCCATTAGCCC-1,-3.7679875,-2.9881856,HELA XPA-/-
ACTTCGTTCACCCTAT-1,1.03055,8.927882,PF382
ACTTCGTTCACCTACT-1,3.0526485,6.7468104,PF382
ACTTCGTTCCCGCACT-1,-3.5518816,-3.0468588,HELA XPA-/-
ACTTCTATCAGCAGAG-1,13.615806,13.413472,JM1
ACTTCTATCCGTAGCG-1,10.669148,0.686729,ALLSIL
ACTTCTATCGAGCACT-1,-3.5692282,-2.5582683,HELA XPA-/-
ACTTCTATCGTGCATA-1,8.291028,16.597305,SUPT11
ACTTGAGTCCTCATAC-1,1.3860967,8.211191,PF382
ACTTGCTTCACGGAGA-1,19.055775,5.480624,143B
ACTTGCTTCAGGCTAC-1,-2.1637409,-2.231527,HELA XPA-/-
ACTTGCTTCATGTCGA-1,16.773272,5.2063594,143B
ACTTGCTTCCAGAGCT-1,11.464243,-6.0462017,JURKAT
ACTTGCTTCTCATTCA-1,14.717874,-4.531521,C8166
ACTTGGATCACACCGG-1,17.135641,6.7429805,143B
ACTTGGATCACCTGCC-1,13.943758,13.423339,JM1
ACTTGGATCCGTCAGG-1,7.863421,5.087872,NALM6
ACTTGGATCTAGCTCT-1,18.078403,6.5109673,143B
ACTTGGATCTAGTTGG-1,4.6182065,-3.6366723,CHLA06ATRT
ACTTGGGCACTAGTCC-1,-0.21671537,12.915006,DND41
ACTTGGGCAGCACCTT-1,3.4427578,2.503625,JURKAT
ACTTGGGCATTACAGA-1,6.2363973,11.307471,RH30
ACTTGGGCATTAGTCT-1,-3.5495903,2.7273524,HAP1 MUTYH-/-
ACTTGTGAGGTGGAGC-1,18.737328,7.780037,143B
ACTTGTGAGTATCTGG-1,10.47773,-9.381286,TK6 LIG4-/-
ACTTGTGAGTCATTGG-1,16.165363,4.0357738,143B
ACTTTAGGTAGCTCGC-1,14.443376,5.699843,143B
ACTTTAGGTTCCGTAG-1,13.381013,7.8043685,143B
ACTTTCATCAATCTCC-1,-2.3503616,-3.7165945,HELA XPA-/-
ACTTTCATCACGTTAG-1,16.4428,6.4755397,143B
ACTTTCATCATGCCGG-1,15.617513,8.354193,143B
ACTTTCATCCAACTGA-1,5.105659,7.20502,PF382
ACTTTCATCCTCTACG-1,8.190096,16.890497,SUPT11
ACTTTCATCTTGACGA-1,16.458153,4.4470415,143B
ACTTTCGCAGGAACCC-1,21.434013,-1.6333095,SAOS2
ACTTTCGCATCACTAT-1,1.6086167,4.793337,PF382
ACTTTCGCATCCATAT-1,4.1320443,-8.451025,U2OS OGG-/-
ACTTTGAGTTGCGTCA-1,21.74694,0.09600813,SAOS2
ACTTTGCTCATCTCTA-1,7.9337487,17.117924,SUPT11
ACTTTGCTCCGGGCTA-1,9.822059,-12.051882,TK6 LIG4-/-
ACTTTGCTCTGGCTCC-1,4.6314697,-4.477677,CHLA06ATRT
ACTTTGGAGCTAGCAC-1,8.168951,-3.113631,CHLA06ATRT
ACTTTGGAGGGCTACT-1,15.910835,6.336268,143B
ACTTTGGAGGGCTAGA-1,-3.5199568,2.9656942,HAP1 MUTYH-/-
ACTTTGGAGTAACCTG-1,20.54376,-2.123872,SAOS2
AGAAGGGGTCTTGAGT-1,11.200144,-9.457846,TK6 LIG4-/-
AGAAGGGGTGATGCTT-1,1.558818,-10.0028715,U2OS OGG-/-
AGAAGGGGTTATGGAG-1,5.1778574,5.105949,PF382
AGAAGGGGTTCAATCA-1,15.443431,-3.9550245,C8166
AGAAGGGGTTCCAGTG-1,14.672407,8.094257,143B
AGAAGGGGTTGTCTAA-1,17.070055,6.7299356,143B
AGAAGGTTCACGCCTC-1,10.075382,-8.3230505,TK6 LIG4-/-
AGAAGGTTCCCGCTTA-1,10.930106,-9.5076065,TK6 LIG4-/-
AGAAGGTTCCCTGTGC-1,8.030998,15.258179,SUPT11
AGAAGGTTCTAGCGCG-1,10.989485,-9.544299,TK6 LIG4-/-
AGAAGTCAGGAGGTCA-1,13.164726,14.284055,JM1
AGAAGTCAGGAGTATA-1,1.8758624,-10.113577,U2OS OGG-/-
AGAAGTCAGGTAGTCC-1,10.228284,-10.928419,TK6 LIG4-/-
AGAAGTCAGGTGAACG-1,4.932688,7.391317,PF382
AGAAGTCAGTGAACCC-1,-2.611178,4.043048,HAP1 MUTYH-/-
AGAAGTCAGTGGCCTG-1,1.8896792,6.0707574,PF382
AGAATAGTCCATCCGC-1,11.119194,-0.25774586,ALLSIL
AGAATAGTCGCGCTTC-1,10.978858,-10.89958,TK6 LIG4-/-
AGAATCAAGCGGATAG-1,1.87096,8.352529,PF382
AGAATCAAGGCACAGA-1,-7.200434,8.653391,EOL1
AGAATCAAGGTTGGTC-1,13.443696,-4.712381,C8166
AGAATCAAGTTGGTGC-1,8.12181,-4.3151417,CHLA06ATRT
AGAATTGAGAATCATC-1,2.856087,1.3625929,JURKAT
AGAATTGAGAATCGTT-1,-2.3210273,-3.7834578,HELA XPA-/-
AGAATTGAGCATCGCG-1,15.773197,6.5989747,143B
AGAATTGAGGAATGAC-1,12.367266,13.603505,JM1
AGACAACAGCCATAGC-1,4.249601,-3.624118,CHLA06ATRT
AGACACAGTAGCCTGC-1,-3.6667385,-2.3524644,HELA XPA-/-
AGACACAGTGGCCAAG-1,11.422189,0.04914106,ALLSIL
AGACAGACAATGCGTG-1,2.8490796,15.346792,TE617T
AGACAGACACCTTCCC-1,8.042257,10.287736,RH30
AGACATAAGCCAGTAC-1,3.3749866,0.9880862,JURKAT
AGACATAAGGCACGAA-1,11.95949,13.20659,JM1
AGACATAAGGCTGTAC-1,7.3610563,15.912609,SUPT11
AGACATCCAACATGAC-1,12.17337,-5.4898458,C8166
AGACATCCAACCCTTA-1,-2.6454098,-3.0715668,HELA XPA-/-
AGACATCCACTAATCT-1,14.519094,6.5732927,143B
AGACATCCAGCCTAGA-1,2.618212,-10.160437,U2OS OGG-/-
AGACATGGTCATCAAC-1,15.42839,-5.43249,C8166
AGACATGGTCATCGCA-1,19.842102,-2.6616082,SAOS2
AGACATGGTCTGTGAT-1,-3.1957572,-3.8801398,HELA XPA-/-
AGACATGGTTGGACGG-1,1.2626603,-9.325601,U2OS OGG-/-
AGACGAACACAGCAAT-1,-4.774741,2.8033757,HAP1 MUTYH-/-
AGACGAACATTGCCGT-1,1.388754,6.2907605,PF382
AGACGATAGCGCCATG-1,4.895629,2.2870634,JURKAT
AGACGATAGCTAAGTT-1,8.42917,3.2095537,NALM6
AGACGCAAGCCATTGA-1,14.114176,5.773169,143B
AGACGCAAGCCGCGTA-1,4.7150197,1.1858121,JURKAT
AGACGCAAGCGGTAGA-1,3.0002477,-1.9488417,CHLA06ATRT
AGACGCGGTAACCGGG-1,15.851172,-5.178026,C8166
AGACGCGGTGAACGGT-1,-3.0129452,-3.5935,HELA XPA-/-
AGACGCGGTTAGCTCG-1,10.721067,-0.46039134,ALLSIL
AGACGGATCCGTAGAC-1,-4.125164,2.1992202,HAP1 MUTYH-/-
AGACGGGCAAACCGCA-1,15.896928,5.924644,143B
AGACGGGCAACCTCAC-1,12.759547,13.988417,JM1
AGACGGGCAAGTGCGC-1,14.355441,7.2676105,143B
AGACGGGCACATTCGC-1,1.4804461,12.319267,DND41
AGACGGGCATTCGTCA-1,14.281596,6.361729,143B
AGACGTAGTAGGTCAA-1,14.2485075,7.306874,143B
AGACGTAGTCAACCGC-1,14.397619,7.5538387,143B
AGACGTAGTGAGCGAT-1,11.236011,-8.965345,TK6 LIG4-/-
AGACGTAGTTATGGAG-1,-2.9498112,-3.2017536,HELA XPA-/-
AGACGTAGTTCCCAAG-1,16.987247,6.331982,143B
AGACGTAGTTTGGAGA-1,20.268787,-1.9798073,SAOS2
AGACGTTCAAACTTAG-1,-0.97644544,-3.240033,HELA XPA-/-
AGACGTTCATTAGATG-1,1.4116966,-9.030506,U2OS OGG-/-
AGACTCGCACTAGGGC-1,13.715018,14.790208,JM1
AGACTCGCATTAGCCC-1,11.580181,12.910514,JM1
AGACTGCTCGAACCCG-1,16.091148,-5.2236724,C8166
AGACTTACAAAGGTCT-1,11.450837,-8.843346,TK6 LIG4-/-
AGACTTACAACGGTAT-1,18.557514,4.658943,143B
AGACTTACAAGCACCA-1,-1.859263,2.7129803,HAP1 MUTYH-/-
AGACTTACACATGCAG-1,17.803972,5.3122387,143B
AGACTTACACTAGCTC-1,13.808086,5.1836104,143B
AGAGAATCAATTCAAG-1,1.2618004,6.016998,PF382
AGAGAATCACAGCATG-1,2.3358023,-8.977739,U2OS OGG-/-
AGAGAATCACAGGGTC-1,17.515537,7.938559,143B
AGAGAATCACCATGTC-1,4.715995,2.061896,JURKAT
AGAGAATCAGGCTAAT-1,8.827499,4.1839743,NALM6
AGAGAATCATCCCGTG-1,9.1105175,-4.3047853,CHLA06ATRT
AGAGAATCATGCAGTG-1,1.5031401,12.053516,DND41
AGAGAATCATTACATC-1,9.859722,-9.994811,TK6 LIG4-/-
AGAGAATCATTCGCAC-1,1.4164549,11.47089,DND41
AGAGACCGTAAGCACA-1,2.8907747,-2.3477318,CHLA06ATRT
AGAGACCGTTAGCAAG-1,14.949493,-3.6934233,C8166
AGAGACCGTTTGGCTG-1,11.997364,-9.614335,TK6 LIG4-/-
AGAGAGAAGCGGGAAC-1,14.255045,13.383283,JM1
AGAGAGAAGGTGAGAT-1,-1.6310403,-3.162856,HELA XPA-/-
AGAGAGGGTGCAAGCG-1,-3.3522747,2.9088705,HAP1 MUTYH-/-
AGAGAGGGTTAGTTCA-1,1.6769698,-9.378669,U2OS OGG-/-
AGAGAGGGTTCAATCA-1,2.9282286,8.697096,PF382
AGAGAGGGTTCGCTCT-1,11.122503,12.317758,JM1
AGAGAGGGTTGTAGCT-1,-1.4384458,-3.3635786,HELA XPA-/-
AGAGATGCAAACCAAC-1,5.3449607,0.8430354,JURKAT
AGAGATGCAAATCGAC-1,1.5822567,8.941665,PF382
AGAGATGCAGGTAGTT-1,1.786932,7.821832,PF382
AGAGATGCATCACGTC-1,14.225727,4.71839,143B
AGAGATGCATTCAGTT-1,2.6101303,6.268099,PF382
AGAGATTGTAACGCAA-1,11.740643,13.03322,JM1
AGAGATTGTGGAGACT-1,9.948475,4.223146,NALM6
AGAGGAGGTAAGTAGT-1,-4.457838,3.6005812,HAP1 MUTYH-/-
AGAGGAGGTGCATCCA-1,16.979856,8.254741,143B
AGAGGCATCCCATATC-1,-1.5207232,-4.8061757,HELA XPA-/-
AGAGGCATCCGGACAT-1,1.5770319,-9.239754,U2OS OGG-/-
AGAGGCATCCGTCCTA-1,2.5478446,-8.522247,U2OS OGG-/-
AGAGGCATCCTGTGCC-1,-3.9470525,13.896774,KHM1B
AGAGGCGCACAATCGG-1,12.245934,0.3261532,ALLSIL
AGAGGCGCATCCACGT-1,8.287327,16.24261,SUPT11
AGAGGCTGTTGACGAA-1,14.869216,-4.4158673,C8166
AGAGGGTCAAATTCGA-1,-0.8376067,-4.0443254,HELA XPA-/-
AGAGGGTCACATAGCG-1,-4.632063,3.4653373,HAP1 MUTYH-/-
AGAGGGTCACTAACGG-1,8.24643,3.524438,NALM6
AGAGGTTAGCGAGCAA-1,3.0327232,-9.362899,U2OS OGG-/-
AGAGGTTAGCGCTCTC-1,13.318962,-0.58012223,ALLSIL
AGAGTAATCCTCATTA-1,3.4212363,0.9342972,JURKAT
AGAGTATGTATGTGAG-1,2.8601172,6.1391296,PF382
AGAGTATGTCATCAGT-1,-0.9359927,-4.7490015,HELA XPA-/-
AGAGTATGTGCATTCG-1,3.461752,1.7074147,JURKAT
AGAGTATGTTAAGCAG-1,6.928032,17.8464,SUPT11
AGAGTCAGTATTGCCG-1,-3.8614855,13.945041,KHM1B
AGAGTCAGTCTTGCTC-1,7.048058,-4.276602,CHLA06ATRT
AGAGTCAGTTCCGTGA-1,1.4968277,-9.582151,U2OS OGG-/-
AGAGTCCTCATGCGCG-1,-0.043190826,11.459415,DND41
AGAGTCCTCCCGTACC-1,8.281921,-3.9784925,CHLA06ATRT
AGAGTCCTCCTGAGCG-1,8.56471,-2.9478948,CHLA06ATRT
AGAGTCCTCGACCGAT-1,5.281217,5.9123144,PF382
AGAGTCCTCTAAGCTG-1,3.5300093,1.0611979,JURKAT
AGAGTCCTCTATGCAG-1,11.044177,12.344642,JM1
AGAGTCCTCTGGCATA-1,7.837266,9.706991,RH30
AGAGTTGGTGGGTTAA-1,16.283512,4.2466726,143B
AGAGTTGGTTGCGAGG-1,9.617369,-11.029397,TK6 LIG4-/-
AGCAAATGTTTGCACG-1,10.268353,-9.384821,TK6 LIG4-/-
AGCAACCTCAATGTCG-1,12.217938,13.089667,JM1
AGCAACCTCAGGCAAG-1,-2.8534977,3.101244,HAP1 MUTYH-/-
AGCAACCTCGAATCCA-1,3.257804,2.4685047,JURKAT
AGCAATCCAAACCTAA-1,11.216231,11.187285,JM1
AGCAATCCACAACGGC-1,2.6460624,7.1045723,PF382
AGCAATTTCTGTGCGG-1,20.837357,-2.22497,SAOS2
AGCACCACAAATTCGA-1,12.704089,0.15866907,ALLSIL
AGCACCACAGCTATCC-1,2.0495923,5.832453,PF382
AGCACCACATAATTGG-1,1.4308246,4.976549,PF382
AGCACCACATCCAACC-1,15.511605,5.604074,143B
AGCACGCCATCCCGTG-1,20.81403,-2.511845,SAOS2
AGCACGTTCAATTCGG-1,2.4708126,15.147625,TE617T
AGCACGTTCGATTCCT-1,8.293168,17.028719,SUPT11
AGCACTATCAGGTGAG-1,17.439402,7.9985614,143B
AGCACTATCCGTCCGT-1,-2.5750177,4.302513,HAP1 MUTYH-/-
AGCACTATCGATGGCT-1,15.231848,-4.2551913,C8166
AGCACTATCTCATCAC-1,2.8168344,-1.9361235,CHLA06ATRT
AGCAGCAAGTCATCGA-1,7.2660346,9.918166,RH30
AGCAGGATCAGTAATC-1,-3.9996173,13.938544,KHM1B
AGCATAGGTTATGCAC-1,15.192322,4.9490986,143B
AGCATATTCCATCGGG-1,13.802275,14.892026,JM1
AGCATATTCTATGCCT-1,10.133405,-9.079896,TK6 LIG4-/-
AGCATCATCATGACTG-1,19.310118,5.7142825,143B
AGCATCATCCATTGCT-1,-1.4295021,-3.8872714,HELA XPA-/-
AGCATCGCAAGGGACG-1,21.437937,-2.1820548,SAOS2
AGCATCGCAATAGGGA-1,14.569179,8.193329,143B
AGCATCTGTAGTGACA-1,2.8368022,6.841024,PF382
AGCATCTGTATAGTGG-1,0.44479826,11.588883,DND41
AGCATCTGTTGTAGAG-1,2.7907298,7.391801,PF382
AGCATGAGTAACGGCG-1,8.4873295,16.556713,SUPT11
AGCATGAGTAACGTCT-1,-5.0692863,2.9272475,HAP1 MUTYH-/-
AGCATGGAGCTAGTTG-1,-2.321956,3.9375148,HAP1 MUTYH-/-
AGCATGGAGGTAACGG-1,5.032205,5.556334,PF382
AGCATTGTCACGCATA-1,3.4078217,-10.13964,U2OS OGG-/-
AGCATTGTCAGGTTGC-1,1.5839617,7.1905127,PF382
AGCATTGTCGAGGTCT-1,8.91251,4.496118,NALM6
AGCATTTAGCTAGCCG-1,14.855478,5.693879,143B
AGCATTTAGGTTGCTA-1,1.615965,-8.990188,U2OS OGG-/-
AGCATTTAGTTGCCGG-1,13.309729,6.207217,143B
AGCATTTAGTTGGTGC-1,9.40122,-9.968485,TK6 LIG4-/-
AGCCAAAGTCAGCGGA-1,-2.205275,4.3864636,HAP1 MUTYH-/-
AGCCAAAGTCTAGGTT-1,-4.2203774,14.5028715,KHM1B
AGCCAAAGTTCGTGCA-1,-7.1363716,8.585152,EOL1
AGCCAAAGTTGCGACC-1,16.847113,6.180226,143B
AGCCAATCAACTGCGA-1,13.261859,7.8177667,143B
AGCCAATCAAGCCAGC-1,9.39694,-12.05726,TK6 LIG4-/-
AGCCAATCATGGATTA-1,3.1617782,-7.374778,U2OS OGG-/-
AGCCACTAGATTGCGC-1,15.497731,-7.6232805,C8166
AGCCAGCCAACTACTT-1,4.299523,1.6707034,JURKAT
AGCCATCAGCCGCACA-1,2.0059538,-8.235797,U2OS OGG-/-
AGCCATCAGCTAGTGC-1,11.650098,12.550705,JM1
AGCCATTGTGCGCCAT-1,5.1518154,0.55816734,JURKAT
AGCCCAACAAAGGCAA-1,-1.1231742,-3.6524754,HELA XPA-/-
AGCCCAACAACATCCC-1,-1.028738,-4.9067965,HELA XPA-/-
AGCCCAACAATTACTC-1,20.619581,-2.2666147,SAOS2
AGCCCCAAGCCTAAGC-1,-4.7441173,4.4018917,HAP1 MUTYH-/-
AGCCCCAAGCTAGTAT-1,10.85866,-9.247696,TK6 LIG4-/-
AGCCCCTTCAGCGAAG-1,13.884748,8.407476,143B
AGCCCCTTCAGCTATG-1,1.7178569,-9.108421,U2OS OGG-/-
AGCCCCTTCCGCAGTG-1,7.5517464,15.444973,SUPT11
AGCCCGATCCCGTACC-1,5.295623,7.3281665,PF382
AGCCCGATCGACCAGT-1,2.3967025,-7.5770555,U2OS OGG-/-
AGCCCTAGTCATGCGC-1,18.010666,6.876539,143B
AGCCCTAGTGAGCATA-1,19.376709,5.60173,143B
AGCCCTAGTTCCTCGT-1,1.3165677,16.653502,TE617T
AGCCCTAGTTTCAGCG-1,9.729439,4.1401434,NALM6
AGCCGAAAGTCATGCA-1,15.574141,5.30362,143B
AGCCGATTCACTAACG-1,17.361452,6.067831,143B
AGCCGATTCCGGTGAT-1,-0.6005305,-3.7263463,HELA XPA-/-
AGCCGATTCGCTGACG-1,1.9149728,-9.901229,U2OS OGG-/-
AGCCGTTAGCCATGCG-1,7.2953334,15.169199,SUPT11
AGCCGTTAGCCGACAT-1,9.030988,-2.9330618,CHLA06ATRT
AGCCTCAGTAATTGGG-1,20.653511,-1.9733801,SAOS2
AGCCTCAGTATTGCGT-1,3.4683228,4.824552,PF382
AGCCTCAGTGATTACC-1,2.9043283,7.4672484,PF382
AGCCTCAGTTTACGGT-1,16.4293,5.306878,143B
AGCCTCCTCAAGTATC-1,-3.1977644,2.3443487,HAP1 MUTYH-/-
AGCCTCCTCACTTGGA-1,9.209974,5.4532146,NALM6
AGCCTCCTCTAAGTCG-1,20.627245,6.3867006,143B
AGCCTCTCAAGCCGAC-1,-3.6819305,-3.3835733,HELA XPA-/-
AGCCTCTCAATCGTGG-1,-0.002482851,12.728426,DND41
AGCCTCTCACAAGCCA-1,3.724292,1.3561944,JURKAT
AGCCTCTCAGTTAGGT-1,9.212983,-4.2757463,CHLA06ATRT
AGCCTCTCATAGACAC-1,16.089197,3.938373,143B
AGCCTGACAATCGTCC-1,13.610986,-0.8541073,ALLSIL
AGCCTGGTCAGGGCAA-1,4.16373,-3.42404,CHLA06ATRT
AGCCTTGGTAGCGACG-1,8.375615,-4.289465,CHLA06ATRT
AGCCTTGGTTCCCGTT-1,6.4865475,-3.122099,CHLA06ATRT
AGCCTTGGTTGAGCAA-1,-2.8533099,2.7335474,HAP1 MUTYH-/-
AGCCTTGGTTGCATCG-1,10.071241,-12.19558,TK6 LIG4-/-
AGCCTTGGTTGGCTGC-1,1.834821,8.081804,PF382
AGCGAACGTAGTGCCC-1,13.407202,-0.6580335,ALLSIL
AGCGAACGTCATCATA-1,14.823164,5.987933,143B
AGCGAACGTCATGCCA-1,15.556971,5.1458626,143B
AGCGAACGTTATCTAG-1,1.8529582,-10.215044,U2OS OGG-/-
AGCGAACGTTGAAGCA-1,6.9759607,11.927747,RH30
AGCGAACGTTTGACCG-1,17.739635,5.9197245,143B
AGCGAATAGAAGCCCT-1,21.097454,0.21223375,SAOS2
AGCGAATAGCTTACGA-1,-2.3619893,-1.9121433,HELA XPA-/-
AGCGAATAGGCTTGGT-1,-3.5568864,2.4005034,HAP1 MUTYH-/-
AGCGAATAGTGCTCAA-1,2.8117297,-7.7069683,U2OS OGG-/-
AGCGACAAGCGCTTGG-1,13.607395,4.9808106,143B
AGCGACAAGGGGATCA-1,-1.0553999,-4.384516,HELA XPA-/-
AGCGACCCACCTACGT-1,0.7950275,6.7129536,PF382
AGCGACCCAGCACTAG-1,10.575195,-0.2993134,ALLSIL
AGCGATAGTATTGGCT-1,1.3125204,9.21499,PF382
AGCGATAGTGGACCGA-1,-2.5276797,-3.3947864,HELA XPA-/-
AGCGATAGTTCGTTGG-1,8.1911955,4.8521223,NALM6
AGCGATAGTTTCCTTG-1,10.591382,-10.668796,TK6 LIG4-/-
AGCGATGAGGTGAGGC-1,16.233473,-5.2781005,C8166
AGCGATGAGTGAGTGG-1,15.196394,6.628191,143B
AGCGATTCAGCTAACG-1,21.566576,-1.8771641,SAOS2
AGCGCACCAAACCGCA-1,16.840433,4.3226485,143B
AGCGCACCAACCTGGA-1,13.32804,8.008965,143B
AGCGCACCAACGGTCA-1,20.603611,-2.2205448,SAOS2
AGCGCACCAAGTGGCC-1,9.380168,-10.744336,TK6 LIG4-/-
AGCGCACCACCTTGGT-1,19.755898,-1.8387109,SAOS2
AGCGCACCAGCCATCT-1,17.862461,8.462347,143B
AGCGCAGGTGACTCGC-1,14.365689,6.0098453,143B
AGCGCAGGTGGCTAGG-1,-3.1265295,4.593034,HAP1 MUTYH-/-
AGCGCATTCCAACTTC-1,15.197694,7.1276207,143B
AGCGCATTCCACCTGC-1,8.067496,15.249065,SUPT11
AGCGCATTCGCTCCTA-1,15.491928,-5.3089666,C8166
AGCGCCATCACCAATG-1,-3.3191404,4.568199,HAP1 MUTYH-/-
AGCGCCATCCTTAACC-1,9.500185,2.7798884,NALM6
AGCGCCTGTAAGCGAC-1,-1.0843767,-3.4307952,HELA XPA-/-
AGCGCCTGTTGGCGTC-1,9.11269,5.2179675,NALM6
AGCGGATGTGGCGAAT-1,3.6039789,2.4964154,JURKAT
AGCGGATGTGGCGTTC-1,2.8060608,6.3052053,PF382
AGCGGATGTTCGGCTA-1,3.2187006,0.4436888,JURKAT
AGCGGGACACATGACG-1,5.363827,5.7679605,PF382
AGCGGGACAGCAGTTG-1,8.144731,4.276856,NALM6
AGCGGGACAGGCAGCT-1,1.5592142,9.52996,PF382
AGCGGGACATTAATCC-1,8.186837,-3.4443076,CHLA06ATRT
AGCGGTAAGCAAGGAT-1,7.4263425,-4.2147794,CHLA06ATRT
AGCGGTAAGGGCCATT-1,-3.723043,-2.612851,HELA XPA-/-
AGCGGTAAGTCAGGGA-1,15.343264,4.1631618,143B
AGCGGTTTCCATCACT-1,6.961405,17.646524,SUPT11
AGCGTAAGTCAGCATT-1,9.521262,-9.821186,TK6 LIG4-/-
AGCGTAAGTCTAACTA-1,2.9231405,7.2119813,PF382
AGCGTAAGTGAGCAGT-1,-0.92775214,-3.5047846,HELA XPA-/-
AGCGTAAGTTGCTAAC-1,3.689834,-7.90516,U2OS OGG-/-
AGCGTCCGTAGTGCAA-1,1.6995177,12.252553,DND41
AGCGTCCGTGAGTTGA-1,14.589792,13.419653,JM1
AGCGTCCGTGCAATTC-1,-1.2120367,-4.3546143,HELA XPA-/-
AGCGTTATCCCATACT-1,7.409712,-3.230704,CHLA06ATRT
AGCGTTATCGAGTGGA-1,13.38886,5.635757,143B
AGCGTTGCAAGCCATG-1,-4.097965,15.00393,KHM1B
AGCGTTGCACCTTACA-1,10.010509,-11.0322695,TK6 LIG4-/-
AGCTAACCAAGGTAAG-1,6.5912523,15.200646,SUPT11
AGCTAACCACTAACTT-1,15.632445,-3.983396,C8166
AGCTAACCATCCTGAC-1,4.232858,0.9606684,JURKAT
AGCTAAGGTAAGGTCA-1,10.64197,0.12417653,ALLSIL
AGCTAAGGTGATGGCG-1,-1.1560717,-4.380413,HELA XPA-/-
AGCTAAGGTTATGTGC-1,3.8817239,-2.9989462,CHLA06ATRT
AGCTAAGGTTCCAGTG-1,15.604485,-5.763226,C8166
AGCTAATTCCGTTACT-1,-2.1663373,-3.6243079,HELA XPA-/-
AGCTAATTCTCATCGT-1,3.4253523,-8.589935,U2OS OGG-/-
AGCTACGCAACTGTCC-1,3.6028118,2.8450623,JURKAT
AGCTACGCAAGTAACC-1,11.8532505,-0.00035430805,ALLSIL
AGCTACGCACATAGCG-1,-0.582668,-2.943912,HELA XPA-/-
AGCTACGCAGCTATCC-1,6.7275,17.61217,SUPT11
AGCTACGCAGGATGGG-1,14.520758,7.1377044,143B
AGCTACGCATAGGCGC-1,15.069351,5.2736692,143B
AGCTACGCATAGGCTG-1,2.603762,-2.4580023,CHLA06ATRT
AGCTACGCATGCGTTC-1,3.9076416,-9.090242,U2OS OGG-/-
AGCTGAGAGGTGAACG-1,13.669485,6.27776,143B
AGCTGGTTCCATCCAT-1,12.772799,-0.5868197,ALLSIL
AGCTGGTTCGAGGTCT-1,7.867027,16.78868,SUPT11
AGCTGGTTCGTGATAT-1,11.848992,-9.531878,TK6 LIG4-/-
AGCTGTTGTAGCAGCG-1,16.159697,3.96273,143B
AGCTGTTGTAGGCTGG-1,16.126465,6.293216,143B
AGCTGTTGTCAGCCAC-1,0.7294907,15.510488,TE617T
AGCTGTTGTGCGAGAT-1,15.83217,6.113962,143B
AGCTGTTGTTCAATGC-1,1.840865,5.0370364,PF382
AGCTGTTGTTTACGGT-1,-4.6858325,3.7059352,HAP1 MUTYH-/-
AGCTTAACAGCTCACT-1,6.0183253,14.671952,SUPT11
AGCTTAACATCCAACC-1,13.357056,6.5313873,143B
AGCTTACGTAAGCGGT-1,18.491667,8.446712,143B
AGCTTACGTCAACGGG-1,16.62706,7.8691845,143B
AGCTTACGTCTGGCGT-1,15.181805,-5.10304,C8166
AGCTTTAGTAGCCCGT-1,14.555601,-4.8388953,C8166
AGCTTTAGTATTGCTA-1,2.217538,5.6599536,PF382
AGCTTTAGTTTACATG-1,3.9352329,-4.4220023,CHLA06ATRT
AGGAACTAGAAGGGCC-1,15.868728,7.450076,143B
AGGAACTAGCCAGACT-1,-7.2065454,8.661609,EOL1
AGGAATATCAATTCGG-1,12.438581,13.81889,JM1
AGGAATATCACAGCAC-1,13.194842,13.746258,JM1
AGGAATGCAACCGCAA-1,18.49672,8.200977,143B
AGGAATGCACCTAATT-1,9.31702,-4.12394,CHLA06ATRT
AGGAATGCAGCATGGC-1,18.962988,7.8082223,143B
AGGAATGCAGGATAGA-1,10.569717,-0.071080886,ALLSIL
AGGACAACAGCTCAAG-1,2.8594654,15.325764,TE617T
AGGACAACAGTACCCT-1,11.260692,12.734637,JM1
AGGACATAGCGAACCT-1,14.626202,5.665516,143B
AGGACATAGCTTACTC-1,1.2130328,16.586857,TE617T
AGGACATAGGAATTAG-1,1.5633813,6.020638,PF382
AGGACATAGGTCGATC-1,15.557786,-6.634746,C8166
AGGACATAGTAACCGC-1,15.826441,7.397773,143B
AGGACCAAGGTATGGG-1,3.1561258,1.9907526,JURKAT
AGGACCCCAACTATCT-1,13.561034,-0.7159017,ALLSIL
AGGACCCCAGGGACTC-1,5.053562,7.183995,PF382
AGGACCCCATTCGCGT-1,15.349028,6.0278745,143B
AGGACTAGTCATTGCG-1,21.076866,-2.140268,SAOS2
AGGACTGAGCCACTAA-1,-0.52630675,12.438341,DND41
AGGACTGAGCCTGAGT-1,0.18878858,11.712586,DND41
AGGACTGAGCGCGATT-1,14.398245,-3.7380624,C8166
AGGACTGAGGCTCCGA-1,16.052183,4.2801304,143B
AGGAGATTCAATGTCG-1,-3.577444,2.9047604,HAP1 MUTYH-/-
AGGAGATTCCCAGGAT-1,2.715619,15.514811,TE617T
AGGAGCCAGATAGGGT-1,3.3327098,0.98984295,JURKAT
AGGAGCCAGTCGCAGT-1,3.2241626,0.4555651,JURKAT
AGGAGTTAGCGATGCT-1,2.8738286,-2.6929562,CHLA06ATRT
AGGAGTTAGGTACCCG-1,3.227027,6.2466288,PF382
AGGATCAGTCTGGCAC-1,1.507736,16.665722,TE617T
AGGATTAAGCAACTAT-1,13.098071,14.252682,JM1
AGGATTAAGCCGATAC-1,-2.6861808,4.1291785,HAP1 MUTYH-/-
AGGATTGGTAATGACG-1,10.603574,0.6350942,ALLSIL
AGGATTGGTAATGCGA-1,14.51025,-4.6701984,C8166
AGGATTGGTGGCGTTC-1,-3.1107905,-4.184208,HELA XPA-/-
AGGCAAGTCACGCCGA-1,15.430846,-5.5440993,C8166
AGGCAAGTCATCTGGA-1,3.8694487,-2.8832183,CHLA06ATRT
AGGCAAGTCGCGCCTT-1,4.2027655,-4.4537334,CHLA06ATRT
AGGCAAGTCGTTCCTG-1,13.798812,7.8250313,143B
AGGCAATAGTAGGTCC-1,10.839254,0.33033568,ALLSIL
AGGCAATAGTTGCGGT-1,-4.6523156,3.7290554,HAP1 MUTYH-/-
AGGCACGGTGAGTCGG-1,2.514342,-10.211679,U2OS OGG-/-
AGGCACGGTTCTGGCA-1,15.640373,-7.4009323,C8166
AGGCAGGCAAACTTAG-1,3.467334,-8.770461,U2OS OGG-/-
AGGCAGGCATGGTTCC-1,15.073699,4.434532,143B
AGGCATAGTTAGGTGA-1,1.8172193,9.158164,PF382
AGGCATGAGATAGATG-1,-3.9444094,2.5753233,HAP1 MUTYH-/-
AGGCATGAGGCGTATC-1,-5.3276243,3.227562,HAP1 MUTYH-/-
AGGCATGAGGGTGACA-1,-2.245011,-3.4896955,HELA XPA-/-
AGGCATTCAGGATAGA-1,9.822799,-11.44576,TK6 LIG4-/-
AGGCATTCATTACCAT-1,17.572863,8.353375,143B
AGGCCAAAGTTAGCGC-1,5.9595184,14.698561,SUPT11
AGGCCAGGTAATGCAG-1,-2.0627568,-2.3784654,HELA XPA-/-
AGGCCAGGTAGCTAAG-1,13.304027,6.841977,143B
AGGCCAGGTCTAGCCA-1,18.438974,7.1114125,143B
AGGCCAGGTTTCCTGC-1,1.9432133,9.394121,PF382
AGGCCATTCACACTTC-1,-1.8052796,4.009679,HAP1 MUTYH-/-
AGGCCATTCCACCAGG-1,4.6564827,5.8276324,PF382
AGGCCATTCGAACGTC-1,6.3565145,11.848435,RH30
AGGCCCATCAGGTGAG-1,-0.17423637,11.563012,DND41
AGGCCCATCCGGTGTG-1,11.581623,11.905867,JM1
AGGCCCATCCTGACCC-1,3.7437222,-8.247363,U2OS OGG-/-
AGGCCCATCCTGACTT-1,18.084515,5.2445126,143B
AGGCGAATCAGCAGAG-1,9.806607,-12.083517,TK6 LIG4-/-
AGGCGAATCCATCCCA-1,4.957084,1.0113995,JURKAT
AGGCGCAGTCAGGAGT-1,13.978291,-4.828424,C8166
AGGCGCAGTGAAGTGC-1,18.122269,6.747941,143B
AGGCGGACAGTTGCCT-1,11.937415,11.016817,JM1
AGGCGGACATTAGTCT-1,20.574516,-1.7076074,SAOS2
AGGCGTTTCACAGGCT-1,-4.4763503,2.5002034,HAP1 MUTYH-/-
AGGCGTTTCACATGCA-1,14.775556,-4.6715293,C8166
AGGCGTTTCAGCCCGA-1,14.890249,4.7015066,143B
AGGCGTTTCGAACGTC-1,11.081679,12.536048,JM1
AGGCGTTTCGTGAGTC-1,9.933848,-8.134482,TK6 LIG4-/-
AGGCTCACAATGCCTC-1,18.110327,7.956741,143B
AGGCTCACATGAAGTC-1,1.395992,5.470432,PF382
AGGCTCCGTAATTCGC-1,17.655851,7.288011,143B
AGGCTCCGTCATGAGA-1,1.401711,-9.164669,U2OS OGG-/-
AGGCTCCGTGGAGAGA-1,13.75753,6.9429183,143B
AGGCTTATCACTCTCG-1,6.244416,11.358203,RH30
AGGCTTATCAGTTACG-1,11.337095,-8.391033,TK6 LIG4-/-
AGGCTTATCCATGCTT-1,8.5947,10.463157,RH30
AGGCTTGCAACTATGA-1,9.329702,-9.599281,TK6 LIG4-/-
AGGGAACCAAACTAGC-1,15.334691,-6.472176,C8166
AGGGAACCAAATCATG-1,6.9211383,17.569569,SUPT11
AGGGAAGGTAGTCATC-1,2.1969233,-9.148706,U2OS OGG-/-
AGGGAAGGTATAGCCT-1,10.909418,-1.085428,ALLSIL
AGGGAAGGTTATGCTA-1,7.4984226,16.653107,SUPT11
AGGGAAGGTTGCATCG-1,-5.051792,3.1617427,HAP1 MUTYH-/-
AGGGAAGGTTGGTGCC-1,3.2743506,2.1375484,JURKAT
AGGGAGTCATTCAGGG-1,-3.9896932,2.9310076,HAP1 MUTYH-/-
AGGGATTAGCCAGGTT-1,15.335104,4.175188,143B
AGGGATTAGGTCCACG-1,16.893875,5.133618,143B
AGGGATTAGGTGGAAT-1,9.215828,5.035838,NALM6
AGGGATTAGTCGAGGA-1,3.8148687,-2.531865,CHLA06ATRT
AGGGCAATCACACACA-1,1.5232786,5.4372306,PF382
AGGGCAATCATATCGG-1,16.56965,6.7064524,143B
AGGGCAATCATGTGGC-1,17.11382,5.874185,143B
AGGGCAATCCCCATTG-1,14.015524,6.6963263,143B
AGGGCAATCCGTGATA-1,3.1893258,5.08728,PF382
AGGGCATGTGATTACC-1,1.9065462,-9.732782,U2OS OGG-/-
AGGGCTAAGCAACTAT-1,8.479712,6.092148,NALM6
AGGGCTAAGCTGGACT-1,4.026913,-7.848409,U2OS OGG-/-
AGGGCTAAGGCATGGA-1,9.53171,-9.582357,TK6 LIG4-/-
AGGGCTAAGTAAGCGG-1,17.278385,6.5305853,143B
AGGGCTGGTGAAGCTA-1,17.401176,5.3771834,143B
AGGGGTTGTCATCCGA-1,12.812513,0.12189621,ALLSIL
AGGGGTTGTTAATCGC-1,13.89749,5.621408,143B
AGGGTACGTGCACGAG-1,0.96986914,11.47094,DND41
AGGGTACGTTAGTGGA-1,17.071262,6.426687,143B
AGGGTACGTTGTAGTC-1,12.165306,11.891587,JM1
AGGGTCAAGCAATCCA-1,-3.4823709,3.2907124,HAP1 MUTYH-/-
AGGGTCAAGCATAGGG-1,14.167716,13.337638,JM1
AGGGTCAAGGAGCTTC-1,-1.7564901,3.9473495,HAP1 MUTYH-/-
AGGGTCAAGTGGCTTA-1,17.907747,6.3176813,143B
AGGGTTAGTGAGTGAC-1,5.037648,1.248672,JURKAT
AGGGTTAGTGCACCGT-1,14.073976,-5.1646314,C8166
AGGGTTAGTGGGTTGG-1,-3.1555102,-3.4009004,HELA XPA-/-
AGGGTTGAGCGAGCAA-1,17.963167,8.470782,143B
AGGGTTGAGGCAAGTG-1,-0.5401511,-3.648882,HELA XPA-/-
AGGGTTGAGGGTTAGG-1,6.996406,-3.3080065,CHLA06ATRT
AGGGTTGAGGTATCCA-1,14.717918,-4.8381433,C8166
AGGTAAATCCAGGTGT-1,8.759598,-4.382077,CHLA06ATRT
AGGTAAATCCTGATCT-1,4.4867964,1.6934427,JURKAT
AGGTAAATCGCTGGCA-1,6.87568,15.290943,SUPT11
AGGTAAATCTAGCCAA-1,-2.8628826,4.501618,HAP1 MUTYH-/-
AGGTAACAGCCACAGT-1,-3.1534588,1.3416013,HAP1 MUTYH-/-
AGGTAACAGGGCTAAG-1,6.3439097,11.619337,RH30
AGGTAACAGGTACCAC-1,18.391407,5.757746,143B
AGGTAACAGTGAAGGT-1,14.835804,6.848096,143B
AGGTAACAGTTACCAG-1,-3.6427515,14.533419,KHM1B
AGGTAATGTCAGTTCG-1,14.727468,4.342399,143B
AGGTAATGTCTAGTGT-1,13.833603,14.162704,JM1
AGGTAGTAGGAATGCG-1,12.244416,12.909615,JM1
AGGTAGTAGTCAGGGA-1,15.4053,5.1114845,143B
AGGTAGTAGTTGGACC-1,16.364243,4.291164,143B
AGGTATGGTAAGCGTA-1,6.2573285,15.131653,SUPT11
AGGTGATAGCCATACA-1,9.468762,-9.327886,TK6 LIG4-/-
AGGTGCAAGATTAGTC-1,15.501002,-6.4199204,C8166
AGGTGCAAGCAGGTAG-1,7.618318,16.988638,SUPT11
AGGTGCTTCATCTAGG-1,0.8606017,6.7267056,PF382
AGGTGCTTCGCTGACG-1,9.182761,-10.969018,TK6 LIG4-/-
AGGTGTGAGATAGTAG-1,1.6109235,-8.892656,U2OS OGG-/-
AGGTGTGAGCAGGTGA-1,11.185008,12.569194,JM1
AGGTGTGAGCGATGCT-1,4.5032034,6.9653487,PF382
AGGTGTGAGCGCAATC-1,18.152521,4.917847,143B
AGGTGTGAGGAGTATA-1,2.2465503,6.5202837,PF382
AGGTGTGAGGGTATCC-1,3.7001438,0.81430554,JURKAT
AGGTGTGAGTGCCTAA-1,10.221518,4.438219,NALM6
AGGTTAAAGCATTAAC-1,-3.6981485,2.230744,HAP1 MUTYH-/-
AGGTTAAAGCCCTGTC-1,2.517588,-2.2198443,CHLA06ATRT
AGGTTAAAGTATGGAA-1,1.4081237,-9.112512,U2OS OGG-/-
AGGTTAAAGTCAGGGA-1,9.494913,-9.897053,TK6 LIG4-/-
AGGTTAGGTAACCACT-1,4.3172345,0.7265314,JURKAT
AGGTTCATCAGGTAGG-1,3.9972723,-8.300485,U2OS OGG-/-
AGGTTCATCCGGACAT-1,17.515121,7.7317543,143B
AGGTTCGCAGGGCCAT-1,2.0771403,5.5572777,PF382
AGGTTGAGTTGGCCTA-1,7.949748,-3.0873466,CHLA06ATRT
AGGTTGCTCAAGTCTG-1,18.01153,8.461247,143B
AGGTTGCTCATAGGTT-1,-1.8965051,-1.9613131,HELA XPA-/-
AGGTTGCTCCCCTTAG-1,-3.8050425,4.212082,HAP1 MUTYH-/-
AGGTTGCTCCGGGTAT-1,13.659763,-0.73357826,ALLSIL
AGGTTGCTCTAGTTCC-1,16.20372,4.099842,143B
AGGTTGCTCTGTGCCC-1,9.739039,-9.54172,TK6 LIG4-/-
AGGTTGGAGAACCTAT-1,2.8961594,1.6221788,JURKAT
AGGTTGGAGCCATACA-1,5.0596504,1.2826161,JURKAT
AGGTTGGAGGCTATAT-1,1.15111,15.679245,TE617T
AGTAACCCAAGTGCGC-1,6.6055155,-2.6856778,CHLA06ATRT
AGTAACCCACATAGGT-1,3.0179646,2.6054432,JURKAT
AGTAACCCAGGACTCA-1,4.515658,2.5286167,JURKAT
AGTAACCCATGGTTAA-1,18.351797,8.266442,143B
AGTAACGGTAGCTGCC-1,14.003283,5.1302314,143B
AGTAATGAGCGCCTGA-1,1.8526425,9.314366,PF382
AGTAATGAGGCAACTC-1,-4.134052,2.7159843,HAP1 MUTYH-/-
AGTACACCAACGGCTA-1,8.516047,3.658327,NALM6
AGTACACCAACTATGA-1,4.657126,1.2198516,JURKAT
AGTACACCAAGCTATA-1,-4.2631235,2.3977084,HAP1 MUTYH-/-
AGTACACCAAGGTCTG-1,11.283551,-1.6692977,ALLSIL
AGTACACCAATATGCA-1,18.12538,6.1493077,143B
AGTACACCATGGTAGT-1,-1.404405,-4.041761,HELA XPA-/-
AGTACAGGTAAGTAGT-1,-3.0517793,-3.691243,HELA XPA-/-
AGTACAGGTCCATTCC-1,4.658216,1.1268729,JURKAT
AGTACCATCCTGTCTG-1,6.1539145,15.579909,SUPT11
AGTACCATCGAACGGA-1,3.627105,-8.554655,U2OS OGG-/-
AGTACCGCACTTCGGT-1,3.0463202,-1.9307287,CHLA06ATRT
AGTACCTGTAACTGCT-1,2.7604563,7.224242,PF382
AGTACCTGTTGGTTCG-1,2.6380734,7.151553,PF382
AGTACCTGTTTACGAC-1,14.455531,5.6158733,143B
AGTACGGAGATTACGT-1,3.1541944,6.0460715,PF382
AGTACTTAGGAGCCAA-1,9.0663185,-4.1892686,CHLA06ATRT
AGTACTTAGGCAACTC-1,8.062584,16.051981,SUPT11
AGTACTTAGGGTCATC-1,15.773026,5.7349033,143B
AGTACTTAGGGTTAGG-1,7.375899,17.011562,SUPT11
AGTACTTAGTGAAGTA-1,3.8887234,-7.8356605,U2OS OGG-/-
AGTATAGAGAAGGACT-1,9.640653,-12.422022,TK6 LIG4-/-
AGTATAGAGCCCTACC-1,4.8250136,1.5264717,JURKAT
AGTATAGAGCCGACTG-1,6.7868657,-3.6360707,CHLA06ATRT
AGTATAGAGCCGATTA-1,-3.8617802,14.707183,KHM1B
AGTATAGAGGAACCAG-1,1.5314239,8.068202,PF382
AGTATAGAGGTAGTCC-1,8.947481,-11.226909,TK6 LIG4-/-
AGTATAGAGTCGAAGG-1,13.815734,8.089414,143B
AGTATCCGTCTAGGTT-1,1.5103585,7.8650184,PF382
AGTATCCGTGCGAGCA-1,3.6222475,-7.426706,U2OS OGG-/-
AGTATCCGTTCGTGAT-1,-2.866012,-4.254626,HELA XPA-/-
AGTATGAAGAACCTAT-1,2.3535917,-9.582722,U2OS OGG-/-
AGTATGAAGGGTGACA-1,4.2455554,-7.6070232,U2OS OGG-/-
AGTATGGGTAGCGCCT-1,14.0268545,-4.652107,C8166
AGTATGGGTCAGCTTG-1,3.0433946,1.7361469,JURKAT
AGTATGGGTTCGCAGC-1,10.060998,3.9522583,NALM6
AGTATGGGTTGAATGG-1,1.9751351,12.4839325,DND41
AGTATGGGTTTGGTGT-1,10.749091,0.8053595,ALLSIL
AGTATGTTCAGTGCCG-1,-0.049397964,-3.1030657,HELA XPA-/-
AGTATGTTCGAGTCCG-1,16.422733,5.7625723,143B
AGTATGTTCGTACAGC-1,1.4974082,12.052271,DND41
AGTATGTTCGTTCGTT-1,-0.08921925,12.738741,DND41
AGTATTCAGCAGGTGA-1,18.731834,8.311964,143B
AGTATTCAGCTTCCCA-1,7.7468605,-3.1730528,CHLA06ATRT
AGTATTCAGTACGGTC-1,1.3893476,9.604725,PF382
AGTATTCAGTAGGAAC-1,1.4721653,5.647139,PF382
AGTATTCAGTGCTGTA-1,18.246662,6.5738997,143B
AGTCAACCACAGCCTT-1,-0.3945719,11.755801,DND41
AGTCAAGGTGAGTTAG-1,3.623834,-3.1672428,CHLA06ATRT
AGTCAAGGTGCAACTT-1,15.363987,-4.143611,C8166
AGTCAAGGTGGCAGCA-1,16.562666,4.067914,143B
AGTCAATTCAGGACGA-1,14.536175,14.016761,JM1
AGTCAATTCATCACCT-1,14.941075,5.884889,143B
AGTCAATTCATGTCTC-1,16.714375,3.9738326,143B
AGTCAATTCCGTATGA-1,18.545053,6.024241,143B
AGTCAATTCCGTTACT-1,2.6182938,-9.1651125,U2OS OGG-/-
AGTCAATTCGATCCTT-1,4.978756,7.260725,PF382
AGTCAATTCGTCTACT-1,14.542501,12.753678,JM1
AGTCAGCTCCTCTCTC-1,2.552917,5.956467,PF382
AGTCAGGAGCTAATGT-1,18.039942,4.935204,143B
AGTCAGTCAGCTCTCG-1,1.6027266,-9.724024,U2OS OGG-/-
AGTCAGTCATCACTGC-1,15.335864,4.2557516,143B
AGTCATTAGAACGACG-1,14.507699,13.131789,JM1
AGTCATTAGGAGCTTC-1,16.275229,5.0656047,143B
AGTCATTAGGAGGACC-1,15.409655,-4.164465,C8166
AGTCATTAGGATCTGC-1,3.9920673,-4.1486673,CHLA06ATRT
AGTCATTAGTAGCTTG-1,7.076126,9.599303,RH30
AGTCCAGCAACCTTGC-1,-1.1852958,-4.496167,HELA XPA-/-
AGTCCAGCAATACGGT-1,2.0793018,15.758801,TE617T
AGTCCAGCATTAGAGC-1,17.916023,4.7733483,143B
AGTCCCAGTAGCGGCA-1,4.383683,-3.4037092,CHLA06ATRT
AGTCCCAGTCAGGCGA-1,12.759327,14.254549,JM1
AGTCCCTCAACCGTGA-1,17.586878,8.127262,143B
AGTCCTAAGGAGCCTT-1,2.751467,-7.9269285,U2OS OGG-/-
AGTCCTAAGGGCAGAC-1,-3.3175514,2.7270045,HAP1 MUTYH-/-
AGTCCTAAGGTCCAAC-1,4.545209,-4.432875,CHLA06ATRT
AGTCCTAAGTCGAGAG-1,4.2534456,2.027919,JURKAT
AGTCCTAAGTGCGGTT-1,16.496185,5.6445594,143B
AGTCCTAAGTGGCTTA-1,4.6333303,2.5406444,JURKAT
AGTCCTGGTATAGTCC-1,13.141886,14.273429,JM1
AGTCCTGGTGCATCGC-1,1.091146,9.187429,PF382
AGTCGAAGTAGGCGAT-1,12.1136675,13.246929,JM1
AGTCGAAGTCAGCCGT-1,8.361247,10.2762575,RH30
AGTCGAAGTGAGCGTG-1,16.410023,4.082483,143B
AGTCGATCAGGAGCGA-1,-2.9218898,-4.414136,HELA XPA-/-
AGTCGGGGTAAGGTAT-1,2.8338046,5.431207,PF382
AGTCGGGGTAGTCATC-1,21.111107,-1.6900465,SAOS2
AGTCGGGGTTATGAGG-1,14.148818,6.386904,143B
AGTCGGGGTTTCGGTG-1,6.974562,14.875372,SUPT11
AGTCGGTTCACCTCTG-1,3.418849,7.3372345,PF382
AGTCGGTTCACTTGGA-1,7.9327235,17.081642,SUPT11
AGTCGGTTCAGGTAGG-1,11.863058,-9.823559,TK6 LIG4-/-
AGTCGGTTCCGTATGA-1,2.8411412,14.961917,TE617T
AGTCGGTTCCGTGAAC-1,15.41872,7.8120313,143B
AGTCGGTTCTAAGCCA-1,8.327793,4.3085165,NALM6
AGTCGTTGTTAGCCTG-1,13.740492,14.416427,JM1
AGTCTCAAGATTACCG-1,5.2725635,7.4018626,PF382
AGTCTCAAGCTATGAT-1,1.8022386,-10.406316,U2OS OGG-/-
AGTCTCAAGTAGAGCG-1,4.655757,-4.549461,CHLA06ATRT
AGTCTCAAGTTAGCCA-1,20.847605,-2.431659,SAOS2
AGTCTTAGTTATGGTC-1,11.133696,-9.072264,TK6 LIG4-/-
AGTCTTGAGGATGCGA-1,-0.5482099,12.128653,DND41
AGTCTTGAGTAGGGCA-1,8.502011,10.316101,RH30
AGTCTTGAGTGAACTT-1,12.611657,-0.2560153,ALLSIL
AGTGAACAGGCTACTA-1,-3.6468654,-2.1841476,HELA XPA-/-
AGTGAATGTCTCAGGC-1,18.290037,4.973644,143B
AGTGAATGTTACACGT-1,13.893151,6.620016,143B
AGTGACAGTAAGCTAG-1,9.099407,-9.672443,TK6 LIG4-/-
AGTGACAGTAATGCTC-1,15.309233,-4.9028616,C8166
AGTGACAGTGAGCCCT-1,14.750893,5.8199234,143B
AGTGACAGTGCAATGA-1,15.960239,5.2894974,143B
AGTGACAGTTGCCCAA-1,2.9759572,5.984838,PF382
AGTGAGACAAGTGCTG-1,-1.2205817,-3.4333131,HELA XPA-/-
AGTGAGACAATTAACG-1,0.19625847,11.793179,DND41
AGTGAGACACAATCAA-1,16.57187,4.9627376,143B
AGTGAGACAGGCAGAG-1,2.7902215,1.758842,JURKAT
AGTGAGACATCGGTAG-1,11.386462,-9.117417,TK6 LIG4-/-
AGTGAGGTCCAACCAA-1,2.392837,5.6440353,PF382
AGTGAGGTCCATAGCA-1,13.864144,7.357938,143B
AGTGAGGTCGCGTCCT-1,3.3692272,5.300233,PF382
AGTGAGTAGAAGCTAA-1,2.0014157,7.704762,PF382
AGTGAGTAGAATCGTT-1,10.114089,-7.896552,TK6 LIG4-/-
AGTGAGTAGCCCGTGA-1,-4.343327,2.6243627,HAP1 MUTYH-/-
AGTGATCCACAACCAG-1,7.707323,-4.467396,CHLA06ATRT
AGTGATCCATGGCTGA-1,2.753822,1.3447546,JURKAT
AGTGATGGTTATGCTA-1,13.571175,-4.1881185,C8166
AGTGATTTCGCATTAG-1,1.4916073,-10.187267,U2OS OGG-/-
AGTGCAAGTAGGTCAA-1,2.335385,-9.982081,U2OS OGG-/-
AGTGCAAGTGGACAGT-1,-2.0329924,-4.0475297,HELA XPA-/-
AGTGCATCACAAGGAA-1,7.3351703,15.092516,SUPT11
AGTGCATCACATTCCA-1,-2.9082465,-2.9103138,HELA XPA-/-
AGTGCCCGTCAGTATC-1,5.3152285,5.702938,PF382
AGTGCCCGTGAACGAC-1,11.338467,-8.365736,TK6 LIG4-/-
AGTGCCCGTGCACGTC-1,5.869384,7.111856,PF382
AGTGCCCGTTTAGGTC-1,-2.7437875,4.71284,HAP1 MUTYH-/-
AGTGCGCCAAGGGCTC-1,-0.99798304,-3.4503107,HELA XPA-/-
AGTGCGCCACATTGAA-1,3.6973596,-8.528079,U2OS OGG-/-
AGTGCGCCACTAAGGT-1,8.297109,16.407763,SUPT11
AGTGCGCCACTCATCA-1,14.916073,6.0830135,143B
AGTGCGCCAGCACCAA-1,8.992651,2.9492412,NALM6
AGTGCGCCAGGCTAAT-1,-2.0020256,-4.483974,HELA XPA-/-
AGTGCGGGTGCAAGTA-1,15.840504,4.5030084,143B
AGTGCGGGTGGAAGGA-1,20.211424,-0.65466136,SAOS2
AGTGCGGGTTCCCGAA-1,20.907536,-1.7250826,SAOS2
AGTGCGGGTTCGCTAG-1,-4.604313,2.3320804,HAP1 MUTYH-/-
AGTGCGGGTTGCCTTC-1,8.361752,-4.1203556,CHLA06ATRT
AGTGCTCAGAACGGCA-1,14.33865,-4.1098933,C8166
AGTGCTCAGCATATAC-1,11.49115,-10.127559,TK6 LIG4-/-
AGTGCTCAGCCAGGTT-1,6.043893,6.8647017,PF382
AGTGCTCAGGTATCTG-1,14.092781,6.3158107,143B
AGTGGAACACCTGGAA-1,14.124685,13.805963,JM1
AGTGGAACAGGACACC-1,20.349766,-2.4879382,SAOS2
AGTGGAACATAGGTCG-1,17.24153,5.939943,143B
AGTGGATAGAAGCTGG-1,-1.8849658,-4.3818693,HELA XPA-/-
AGTGGATAGCCCTTGC-1,3.449947,4.7562075,PF382
AGTGGATAGCGAAGTG-1,4.016012,5.9414306,PF382
AGTGGATAGCTAGCAC-1,14.813389,4.862705,143B
AGTGGATAGTTACGGC-1,-4.6177535,2.9527977,HAP1 MUTYH-/-
AGTGGCGGTCATGGAA-1,13.210511,14.407162,JM1
AGTGGCGGTTAACTGC-1,-0.13201044,12.191988,DND41
AGTGGCGGTTCGCGTA-1,14.407912,7.690702,143B
AGTGGCGGTTCGTTGG-1,0.93481344,15.861674,TE617T
AGTGGCGGTTGGATTC-1,-3.695479,14.255929,KHM1B
AGTGGCTTCTAGGCGT-1,3.2058644,2.0290873,JURKAT
AGTGGTGAGCAACCGT-1,3.105126,7.8745947,PF382
AGTGGTGAGCCTGCCT-1,8.903471,4.72344,NALM6
AGTGGTGAGCGCTTCC-1,-0.014767684,11.366144,DND41
AGTGGTGAGCTGGTGT-1,-0.34781906,-3.348201,HELA XPA-/-
AGTGGTGAGGCAACCT-1,-4.5867214,4.1355915,HAP1 MUTYH-/-
AGTGGTGAGGGGTTGA-1,9.349703,-10.642267,TK6 LIG4-/-
AGTGGTGAGTCATCTC-1,1.681875,-9.564421,U2OS OGG-/-
AGTGGTGAGTGAATCT-1,14.772831,4.680578,143B
AGTGGTGAGTGAGACG-1,9.174751,2.9054968,NALM6
AGTGGTTCAAGCACAT-1,3.0615246,-2.760903,CHLA06ATRT
AGTGGTTCAAGTGAGA-1,16.258995,8.007879,143B
AGTGGTTCACAATCCC-1,17.816687,7.89569,143B
AGTGTAAAGATTAAGG-1,13.970753,6.937661,143B
AGTGTAAAGCTACCAA-1,1.368469,9.564532,PF382
AGTGTCATCAAGTGCC-1,4.9347396,5.3606343,PF382
AGTGTCATCACTCGAA-1,1.963148,-7.9996185,U2OS OGG-/-
AGTGTCATCAGGCACT-1,8.987104,-10.649822,TK6 LIG4-/-
AGTGTGGAGCAACTAT-1,10.353939,-11.047073,TK6 LIG4-/-
AGTGTGGAGCGGAGTA-1,9.604126,3.472954,NALM6
AGTGTGGAGGAATTAG-1,-3.3613718,3.490169,HAP1 MUTYH-/-
AGTGTGGAGGGCAGTA-1,8.3632555,16.485817,SUPT11
AGTGTGGAGTCGCATA-1,1.7174367,11.765705,DND41
AGTGTTGTCCCCTGTA-1,-2.7283404,-4.687475,HELA XPA-/-
AGTGTTGTCCTCTACG-1,-4.524627,2.4558725,HAP1 MUTYH-/-
AGTGTTGTCCTCTCGA-1,13.592275,14.9277935,JM1
AGTTAGAAGCATTAGT-1,18.099138,8.724412,143B
AGTTAGAAGCGCCTGA-1,3.3203406,-9.921362,U2OS OGG-/-
AGTTAGAAGGTCACGT-1,8.949358,-10.260133,TK6 LIG4-/-
AGTTAGAAGGTTGGCT-1,9.902513,-8.20918,TK6 LIG4-/-
AGTTAGCCACCTACGT-1,7.998751,6.5576453,NALM6
AGTTAGCCACTACCAC-1,14.217015,4.5620193,143B
AGTTAGCCACTCAAGG-1,-3.0285559,3.8789282,HAP1 MUTYH-/-
AGTTAGCCATAATTGG-1,13.330822,13.837184,JM1
AGTTAGCCATCGCGTT-1,17.17684,6.6484537,143B
AGTTAGCCATTAGGGT-1,9.316678,3.0234594,NALM6
AGTTATCAGGCGTCCA-1,-3.9228075,4.424551,HAP1 MUTYH-/-
AGTTATCAGGTATCGC-1,10.293139,-9.617602,TK6 LIG4-/-
AGTTATCAGTATGAAG-1,11.028779,-9.373775,TK6 LIG4-/-
AGTTATCAGTGAATCT-1,11.208777,12.441369,JM1
AGTTGAAAGCCATCAA-1,-2.8679228,3.9032412,HAP1 MUTYH-/-
AGTTGAGGTAATTGGG-1,2.078551,6.4741917,PF382
AGTTGAGGTGAAGTCA-1,-0.123220965,12.595525,DND41
AGTTGAGGTGCGGTGA-1,-0.0015110186,12.668174,DND41
AGTTGAGGTTGAAGCA-1,-1.3090335,-3.6166441,HELA XPA-/-
AGTTGCATCAGCGAGA-1,15.233959,5.8664956,143B
AGTTGCATCATGACTG-1,8.53937,4.2037163,NALM6
AGTTGCATCCGTTAAG-1,0.59440345,15.715774,TE617T
AGTTGGGAGATACTCG-1,9.528141,-9.279119,TK6 LIG4-/-
AGTTGGGAGGTAGCCT-1,15.746921,7.2357764,143B
AGTTGGTCAAGCCTCT-1,5.8428974,15.058057,SUPT11
AGTTTAGCAAAGGTCT-1,15.674107,-5.8331323,C8166
AGTTTAGCAAGCCAGC-1,18.432287,6.490351,143B
AGTTTAGCAAGCTTCC-1,14.451947,5.190104,143B
AGTTTAGCACATAGGT-1,-2.1155665,3.2609441,HAP1 MUTYH-/-
AGTTTCAGTAGGTTGA-1,10.833,-10.07366,TK6 LIG4-/-
AGTTTCAGTCTGGGCT-1,3.6633148,-8.812295,U2OS OGG-/-
AGTTTCAGTTAGGGTA-1,10.415265,0.39681783,ALLSIL
AGTTTCCTCCCGGCTT-1,8.425253,16.45276,SUPT11
AGTTTCCTCGCTCCAC-1,15.811244,-6.03705,C8166
AGTTTGGTCACTTCAC-1,5.13595,0.9926099,JURKAT
ATAACCACAGTAATCA-1,8.258676,6.0802655,NALM6
ATAACCACATGGCCTT-1,3.200826,8.460731,PF382
ATAACGAAGCTACTCT-1,19.8154,-1.0017257,SAOS2
ATAACGGGTATGGTTC-1,13.53574,6.2010407,143B
ATAACGGGTCAGCCGT-1,2.2751195,5.0195117,PF382
ATAACGGGTCAGTATC-1,12.265895,0.3418622,ALLSIL
ATAACGGGTCTTGGGC-1,17.436937,6.3958793,143B
ATAACGGGTTCACGAT-1,17.988495,8.5105095,143B
ATAACGGGTTGACCAT-1,-3.9093914,13.729732,KHM1B
ATAACGGGTTTCGATA-1,18.193806,7.647619,143B
ATAACGTTCACACTAG-1,1.5066661,12.383955,DND41
ATAACGTTCAGCTGGT-1,21.566668,0.31471807,SAOS2
ATAACGTTCAGGTCGT-1,3.884791,-8.351623,U2OS OGG-/-
ATAACGTTCCTCAGCC-1,5.26104,0.7351556,JURKAT
ATAACGTTCGTAGTTG-1,-3.2063098,-3.266011,HELA XPA-/-
ATAAGCAAGCATGGCT-1,15.458248,-6.8085217,C8166
ATAAGCTTCCATCGTT-1,13.556556,5.6737328,143B
ATAAGCTTCTCATTGC-1,9.545795,2.9725916,NALM6
ATAAGGATCCACCTGC-1,0.97749865,5.5395346,PF382
ATAAGTGAGCAGGGTA-1,14.431486,-5.6869864,C8166
ATAAGTGAGGTAGGTG-1,2.832156,2.1600251,JURKAT
ATAAGTGAGTACCAAT-1,-3.186883,1.8813232,HAP1 MUTYH-/-
ATAATCGCAATCGGTG-1,4.0764832,5.620681,PF382
ATAATCGCACAAGGTT-1,1.8495234,15.347988,TE617T
ATAATCGCACCTTCGG-1,5.236982,6.5609884,PF382
ATAATGCTCACTCGGG-1,11.914157,12.105345,JM1
ATACACTAGGTGAGGC-1,-3.0341916,3.6082036,HAP1 MUTYH-/-
ATACACTAGTCATGTG-1,6.6376762,-3.2887063,CHLA06ATRT
ATACAGCCAAATCACA-1,6.00342,14.700842,SUPT11
ATACAGCCAACATTAG-1,1.1161299,8.656088,PF382
ATACAGCCATAAGTCA-1,15.0318,4.9417944,143B
ATACCAACAATGCCGA-1,-1.791977,2.9884396,HAP1 MUTYH-/-
ATACCAACAGGATCGC-1,9.410433,-9.091425,TK6 LIG4-/-
ATACCAACAGTACTCC-1,7.7912164,16.64746,SUPT11
ATACCATAGTAAGCAA-1,16.237753,8.0201,143B
ATACCATAGTAGTGAA-1,4.385941,2.4389088,JURKAT
ATACCATAGTGAATCT-1,7.030313,17.625471,SUPT11
ATACCCTTCACGGACT-1,4.196944,-4.823161,CHLA06ATRT
ATACCCTTCAGGAGTG-1,16.12836,6.4611616,143B
ATACCCTTCGCATTAG-1,11.299378,-5.676489,JURKAT
ATACCCTTCGTTGCTT-1,-2.4178379,2.6271532,HAP1 MUTYH-/-
ATACCTAGTCTAACGT-1,13.402353,13.66748,JM1
ATACCTAGTTGACCCA-1,12.975802,14.325636,JM1
ATACGAAAGAACGGCA-1,6.11795,14.523183,SUPT11
ATACGAAAGTTAGCGC-1,14.597687,14.1101885,JM1
ATACGATTCATCGACA-1,-0.42353263,-3.442265,HELA XPA-/-
ATACGATTCCTCTACG-1,1.5730653,-8.934799,U2OS OGG-/-
ATACGATTCCTGAAGC-1,-2.60533,-3.582392,HELA XPA-/-
ATACGATTCGATCAGC-1,19.368477,-1.1667819,SAOS2
ATACGCGCAATACCTT-1,-4.3160896,2.3060129,HAP1 MUTYH-/-
ATACGCGCAATCAGAC-1,1.759234,12.209417,DND41
ATACGCGCAGCAGGCT-1,1.1763197,11.982939,DND41
ATACGCGCATAGACAC-1,2.2378025,15.38138,TE617T
ATACGCGCATAGATTG-1,11.340549,11.365475,JM1
ATACGCGCATTGGAGT-1,14.901613,5.4217644,143B
ATACGGTCAAATGCAC-1,2.070977,12.375164,DND41
ATACGGTCAAGCTAGT-1,3.9688148,-9.003997,U2OS OGG-/-
ATACGGTCAAGTGATC-1,8.030767,-3.772182,CHLA06ATRT
ATACGGTCAATGTATG-1,19.876102,-2.7186072,SAOS2
ATACGGTCATCATCGC-1,16.24499,5.554344,143B
ATACGTTAGGGGACGT-1,2.9599211,6.926181,PF382
ATACGTTAGGTCGATC-1,4.3978105,2.5272377,JURKAT
ATACGTTAGTATGACT-1,16.189663,6.4698133,143B
ATACGTTAGTGTCATG-1,14.464652,6.7621274,143B
ATACTCCTCAGTGCGT-1,21.290447,-0.09700067,SAOS2
ATACTCCTCAGTTACG-1,7.1227813,-2.5682435,CHLA06ATRT
ATACTCCTCGAACGGA-1,1.8308632,16.35698,TE617T
ATACTCCTCGCGCATG-1,16.30312,3.9605618,143B
ATACTGACAAATGGAG-1,11.206847,0.14646117,ALLSIL
ATACTGACAATCTAAG-1,-2.6841288,2.4008603,HAP1 MUTYH-/-
ATACTGACAGCTCGTT-1,3.0384848,-9.798116,U2OS OGG-/-
ATACTGACATCCATGC-1,-2.6627254,3.9661098,HAP1 MUTYH-/-
ATACTGACATTACGTT-1,3.0647187,6.3559394,PF382
ATACTGGTCAGCTAAT-1,4.9066877,1.878143,JURKAT
ATACTGGTCATGGCCG-1,9.036519,-9.3933735,TK6 LIG4-/-
ATACTGGTCCTCTCCT-1,7.0055623,10.549222,RH30
ATACTTGGTAAGCGTA-1,2.0932221,-7.7548566,U2OS OGG-/-
ATACTTGGTCCCGTAA-1,14.622246,-4.249421,C8166
ATAGCAAAGCGCTATA-1,0.7528438,6.684402,PF382
ATAGCAAAGCTAGACC-1,2.5051367,9.099289,PF382
ATAGCAAAGCTATGCA-1,3.2098489,-7.5656962,U2OS OGG-/-
ATAGCAAAGGCGAGTA-1,7.345339,16.91472,SUPT11
ATAGCAAAGGTATCTG-1,6.8437366,17.422424,SUPT11
ATAGCAAAGTGCTGGT-1,-0.832893,-4.169341,HELA XPA-/-
ATAGCACCAAGCGATT-1,-0.90594107,-3.8543465,HELA XPA-/-
ATAGCACCACAGCACA-1,2.7445056,2.172073,JURKAT
ATAGCACCAGTTGCTC-1,18.323898,4.5318108,143B
ATAGCACCATCACTAT-1,5.855626,15.150662,SUPT11
ATAGCACCATCGACAG-1,16.87397,7.5748277,143B
ATAGCAGGTAGGTTGA-1,15.785465,-7.000277,C8166
ATAGCAGGTGAGGCAT-1,10.94149,-9.290817,TK6 LIG4-/-
ATAGCCATCACGCTCC-1,7.144913,-3.9722588,CHLA06ATRT
ATAGCCATCAGTGCTA-1,18.704056,7.498167,143B
ATAGCCATCTAAGTCG-1,9.920373,-8.47666,TK6 LIG4-/-
ATAGCCATCTATCAGG-1,14.973281,-4.9911065,C8166
ATAGCCTGTATGGCTT-1,13.86493,6.0259066,143B
ATAGCCTGTGGGTTGG-1,13.802104,7.0517106,143B
ATAGCCTGTTCGTAGT-1,11.489516,-8.777712,TK6 LIG4-/-
ATAGCGAGTTCGTATA-1,12.953763,13.837071,JM1
ATAGCGAGTTTAGCAC-1,-1.0603219,-4.694102,HELA XPA-/-
ATAGCGCTCTTGACTC-1,17.009754,5.985818,143B
ATAGCGGAGAAGCGGC-1,1.8318325,15.822171,TE617T
ATAGCGGAGAAGGGTT-1,5.089313,1.9250854,JURKAT
ATAGCGGAGCCTAGAC-1,1.888516,-9.8700905,U2OS OGG-/-
ATAGCGGAGGAATCAA-1,7.521931,-3.77024,CHLA06ATRT
ATAGCGGAGGTAAGGT-1,-1.844623,-3.714425,HELA XPA-/-
ATAGCGGAGTCATACG-1,7.7776127,-2.909188,CHLA06ATRT
ATAGGATGTAATCGCT-1,14.989338,-4.3877654,C8166
ATAGGATGTGAGACAC-1,0.7226349,15.799644,TE617T
ATAGGATGTTGCACAT-1,1.2645696,16.288197,TE617T
ATAGGCCTCAGCAGTC-1,4.243369,1.0845853,JURKAT
ATAGGCCTCCTGCACC-1,16.468365,-5.1721573,C8166
ATAGGCCTCGATCAAT-1,13.769851,5.579215,143B
ATAGGCCTCGCGATAC-1,7.6166835,-3.0140765,CHLA06ATRT
ATAGGCCTCTAACCAG-1,15.621566,5.4388523,143B
ATAGGCGAGCAGGTGA-1,16.137318,6.415112,143B
ATAGGCGAGGGCTGAA-1,9.252133,-11.4848795,TK6 LIG4-/-
ATAGGCGAGTCAGGTC-1,10.343817,-8.534784,TK6 LIG4-/-
ATAGGCTCAACCTGGA-1,-4.001715,-3.3452477,HELA XPA-/-
ATAGGCTCACATTGAA-1,14.439091,-4.49581,C8166
ATAGGCTCAGTTGGCA-1,18.576262,4.7973723,143B
ATAGGCTCATCAATCT-1,15.293744,5.6411314,143B
ATAGGCTCATTCGGTC-1,3.0430124,-7.9886155,U2OS OGG-/-
ATAGGGCGTGGACAGT-1,2.677925,4.7302547,PF382
ATAGGGCGTGGCTACC-1,8.338348,3.3935614,NALM6
ATAGGGCGTGGGTCTC-1,14.749517,5.044903,143B
ATAGGGCGTTGCTTAA-1,-1.5823208,-3.3528543,HELA XPA-/-
ATAGGGCGTTTACGGT-1,2.2125812,5.0997267,PF382
ATAGGGGTCGTGAGAG-1,19.135033,6.6960635,143B
ATAGGGTAGGGCTACT-1,-5.4055758,3.596182,HAP1 MUTYH-/-
ATAGGGTAGGTACATT-1,-2.2569184,3.5570104,HAP1 MUTYH-/-
ATAGGGTAGGTAGATA-1,9.155257,-9.900216,TK6 LIG4-/-
ATAGGGTAGGTAGGCA-1,16.131327,7.110995,143B
ATAGTCACAAGGTCAT-1,19.80087,-0.8589388,SAOS2
ATAGTCACAGCTCTAC-1,5.200227,5.191864,PF382
ATAGTCACATGGATGT-1,10.544287,-8.420525,TK6 LIG4-/-
ATAGTGAAGCCACACG-1,10.564106,-8.140166,TK6 LIG4-/-
ATAGTGAAGCCCTTGC-1,18.998749,6.924228,143B
ATAGTGAAGCCTGTGG-1,18.090897,6.8398504,143B
ATAGTGAAGCTACTCT-1,10.263833,-11.896474,TK6 LIG4-/-
ATAGTGAAGGCAACCT-1,-2.6417758,-4.318103,HELA XPA-/-
ATAGTGAAGGGTGACA-1,2.2017567,-10.056829,U2OS OGG-/-
ATATCAGCAACTTCGC-1,11.192216,-1.5490294,ALLSIL
ATATCAGCAATAGTCA-1,2.801992,-10.065156,U2OS OGG-/-
ATATCAGCACAATGCG-1,-2.5713668,-3.7174244,HELA XPA-/-
ATATCAGCAGCACTAG-1,11.059195,12.487988,JM1
ATATCCTCAACCTCAC-1,3.2150958,5.598295,PF382
ATATCCTCAGCTCGAA-1,2.7662866,1.5613909,JURKAT
ATATGGGGTTCGTGAT-1,4.0953054,-8.337195,U2OS OGG-/-
ATATGGGGTTCTGTCC-1,19.51257,-1.5048802,SAOS2
ATATGGGGTTTAGCCG-1,11.336625,-8.522337,TK6 LIG4-/-
ATATGGTTCAAGTTAC-1,8.011191,5.6038404,NALM6
ATATGGTTCATGCCAA-1,4.675162,-3.6834643,CHLA06ATRT
ATATGGTTCCTGCGGA-1,1.7253546,-8.832344,U2OS OGG-/-
ATATGGTTCGAACGAG-1,6.7298155,11.414938,RH30
ATATGGTTCGCGTAAC-1,15.239102,-5.9838047,C8166
ATATTCCCAAGCCGGT-1,12.504033,-0.05413936,ALLSIL
ATATTCCCATTCGGGA-1,0.27945778,12.06555,DND41
ATCAACTAGATTCGAT-1,14.58111,6.748219,143B
ATCAACTAGCTAGCAC-1,14.02777,6.507645,143B
ATCAACTAGCTTACGA-1,19.869385,-2.7353199,SAOS2
ATCAAGCCAGCACGAC-1,13.479857,-0.6338499,ALLSIL
ATCAAGCCATGGATTA-1,19.68181,6.0557857,143B
ATCAAGGGTTGACCGC-1,6.751635,17.736649,SUPT11
ATCAAGGGTTTACGCG-1,14.687401,-5.2156925,C8166
ATCACAACATCCGTCG-1,-0.51993203,-3.1178584,HELA XPA-/-
ATCACAACATTACGGG-1,6.0555634,15.245999,SUPT11
ATCACATAGCTAGTAT-1,14.630489,13.972001,JM1
ATCACATAGTCAGGAG-1,11.600264,11.771086,JM1
ATCACGATCAAGTTAC-1,20.64243,6.326084,143B
ATCACGATCACTCGGG-1,-4.1523337,2.3990765,HAP1 MUTYH-/-
ATCACGATCAGCACGT-1,15.303258,4.0127764,143B
ATCACGATCCGTATGA-1,-2.9789217,2.661107,HAP1 MUTYH-/-
ATCACTTCAATTGCTT-1,11.986834,-9.694667,TK6 LIG4-/-
ATCACTTCACTATATC-1,1.3341066,-10.184913,U2OS OGG-/-
ATCAGGCTCCAGCAGT-1,5.9614215,14.586886,SUPT11
ATCAGGCTCGCGCTAG-1,-1.4566386,-2.3054245,HELA XPA-/-
ATCAGGCTCTCATGCT-1,17.377996,4.6185946,143B
ATCAGGGAGCCTGAGT-1,4.6935453,2.1414945,JURKAT
ATCAGGGAGGATCACC-1,12.789163,0.117003344,ALLSIL
ATCAGGTCATCGACTC-1,2.4910066,6.8630123,PF382
ATCAGTTAGCGATGGA-1,-3.550587,3.6542876,HAP1 MUTYH-/-
ATCAGTTAGGAACCAG-1,13.791761,6.3250813,143B
ATCAGTTAGGATACTT-1,3.8197098,1.2042139,JURKAT
ATCATCAGTAGCTTCG-1,15.238456,-6.056421,C8166
ATCATCAGTGAGACCG-1,8.072631,16.886099,SUPT11
ATCATCAGTGATGGTA-1,11.595281,-9.747217,TK6 LIG4-/-
ATCATCAGTTTGGGAA-1,18.008274,6.038314,143B
ATCATCCTCAATCCCT-1,-1.7408594,3.7933145,HAP1 MUTYH-/-
ATCATCCTCCATGTCT-1,4.9426236,1.4825637,JURKAT
ATCATCCTCGATACAT-1,0.6112365,16.120762,TE617T
ATCATCTCAATATCTC-1,3.1250894,-1.8107069,CHLA06ATRT
ATCATCTCATCACTTG-1,11.268331,-9.240101,TK6 LIG4-/-
ATCATGGTCACATTCC-1,8.656828,6.1522174,NALM6
ATCATGGTCCAACCGG-1,3.0055504,1.5208571,JURKAT
ATCATGGTCCCAGTCC-1,-1.1578647,-3.357695,HELA XPA-/-
ATCATGGTCGTTACTC-1,11.509199,-10.293967,TK6 LIG4-/-
ATCATTCCAACTTCCA-1,10.428486,0.17240039,ALLSIL
ATCATTCCAATCGTAA-1,11.258945,-1.5866328,ALLSIL
ATCATTCCACTTCAGC-1,9.652527,-11.2072735,TK6 LIG4-/-
ATCATTCCACTTCGCG-1,6.7032204,10.377367,RH30
ATCATTCCATTCCTGA-1,13.421924,6.280869,143B
ATCCAAGTCACCACTT-1,-1.3144735,-4.703167,HELA XPA-/-
ATCCAAGTCGAACCGT-1,17.969976,5.978269,143B
ATCCAAGTCTCACTCG-1,14.185876,4.978868,143B
ATCCAATAGATACTCG-1,-3.5582058,13.584266,KHM1B
ATCCAATAGCCAGATC-1,-2.6037652,-2.79991,HELA XPA-/-
ATCCAATAGGCGATAG-1,14.348606,-4.8676815,C8166
ATCCACAAGCATTCGA-1,9.311535,-12.053479,TK6 LIG4-/-
ATCCACAAGTTGGTCA-1,1.8325568,9.096678,PF382
ATCCACGGTTATCAGC-1,3.57084,0.8149648,JURKAT
ATCCATAGTCTAGCAT-1,8.374641,16.488783,SUPT11
ATCCATAGTTGTAGGA-1,3.5757508,1.6025599,JURKAT
ATCCATGAGCGGATCT-1,8.874885,3.1224835,NALM6
ATCCATGAGGAGGTTG-1,12.016632,11.783802,JM1
ATCCATGAGTAGGAAC-1,6.35574,14.651395,SUPT11
ATCCCAAAGCAGTCTA-1,3.154593,1.7828639,JURKAT
ATCCCAAAGCCTCTGC-1,6.719692,17.734627,SUPT11
ATCCCAAAGGAATCAA-1,14.739506,-5.24805,C8166
ATCCCAGGTAATGGTG-1,11.140931,-10.53188,TK6 LIG4-/-
ATCCCAGGTATTGGAG-1,14.722649,-4.4873943,C8166
ATCCCAGGTCATCCCT-1,10.82781,-9.610243,TK6 LIG4-/-
ATCCCAGGTCTCAGCA-1,-2.9085524,-3.8223507,HELA XPA-/-
ATCCCAGGTTAAGGTG-1,-3.603008,-3.1839929,HELA XPA-/-
ATCCCATTCAATGGAA-1,17.833523,7.2176332,143B
ATCCCCATCATATAGC-1,6.9385924,17.902662,SUPT11
ATCCCGCTCAGCAGAG-1,1.5927125,16.626286,TE617T
ATCCCGCTCAGCTCAA-1,11.221416,0.3886038,ALLSIL
ATCCCGCTCCTCGATT-1,13.68773,12.330757,JM1
ATCCCGCTCTGGTGAC-1,-0.8635449,-3.71113,HELA XPA-/-
ATCCCTTAGGATCATT-1,4.2808776,1.3917804,JURKAT
ATCCCTTAGGTTGGCT-1,-1.5950882,4.099237,HAP1 MUTYH-/-
ATCCGCCTCACGCATA-1,1.5528063,6.4731774,PF382
ATCCGCCTCAGGTGAG-1,8.997746,-9.689888,TK6 LIG4-/-
ATCCGCCTCCCAGAGT-1,5.98536,14.583278,SUPT11
ATCCGTAAGATTCGAT-1,-4.576095,3.4147873,HAP1 MUTYH-/-
ATCCGTAAGGGTACGA-1,2.6691968,-7.559787,U2OS OGG-/-
ATCCGTAAGTGCAACC-1,8.00995,10.461127,RH30
ATCCGTCCAATCCCGT-1,4.7202277,1.8992679,JURKAT
ATCCTAAGTTGGCATT-1,17.22459,7.8469105,143B
ATCCTAGAGCGCATCG-1,-4.062495,14.901395,KHM1B
ATCCTAGAGCTACCTT-1,2.2850468,-8.45181,U2OS OGG-/-
ATCCTAGAGTCAATGT-1,2.264015,6.5225534,PF382
ATCCTCACATTACTCG-1,13.189327,13.652963,JM1
ATCCTCACATTAGATG-1,13.630201,-4.531483,C8166
ATCCTCCGTAATGCTC-1,-0.62964153,-2.3736951,HELA XPA-/-
ATCCTCCGTGATTACC-1,11.847125,-0.007027621,ALLSIL
ATCCTGAAGCCTGAAC-1,3.111933,6.000113,PF382
ATCCTGAAGCTAGGCT-1,16.52602,4.38578,143B
ATCCTGAAGGGGATGC-1,15.737406,5.7729387,143B
ATCCTGAAGGTTCGTA-1,12.074648,11.281881,JM1
ATCCTGAAGTATGGAA-1,10.907709,-10.0229645,TK6 LIG4-/-
ATCCTGTTCAATCTGG-1,-3.3177536,-2.5042026,HELA XPA-/-
ATCGAACCAAATGAGG-1,4.915755,0.9993966,JURKAT
ATCGAAGGTGATAGGC-1,17.866169,8.1716,143B
ATCGAGGAGCTATCTC-1,-1.9607235,-3.3384376,HELA XPA-/-
ATCGAGGAGTCAAGCC-1,13.218836,12.168585,JM1
ATCGATTAGATAGCCC-1,9.402554,-4.316768,CHLA06ATRT
ATCGATTAGCGCTGAT-1,1.3580388,9.244089,PF382
ATCGATTAGGTTGGAG-1,0.02982641,12.093049,DND41
ATCGATTAGTAGCCGT-1,16.350016,7.2660346,143B
ATCGATTAGTCATCGA-1,7.507157,-3.5292065,CHLA06ATRT
ATCGATTAGTGAATGA-1,18.176973,5.514073,143B
ATCGCATGTCTAACGT-1,10.725085,-0.94986564,ALLSIL
ATCGCCCTCACCTGAA-1,2.895916,-9.368859,U2OS OGG-/-
ATCGCCCTCACTTCAC-1,2.1009066,7.4054723,PF382
ATCGCCCTCAGGGCAA-1,-5.2961698,3.7507918,HAP1 MUTYH-/-
ATCGCCCTCCCTCGAC-1,21.170633,0.21173288,SAOS2
ATCGCCCTCCTGTCGC-1,2.7604961,6.158371,PF382
ATCGCCCTCGATGCTA-1,-3.8431883,-3.3938265,HELA XPA-/-
ATCGCCCTCGCGTTAA-1,21.22893,-0.071841024,SAOS2
ATCGCCCTCTGGGAAG-1,2.7868986,5.8029547,PF382
ATCGCCTCAACTGTCC-1,1.4033575,5.761403,PF382
ATCGCGCGTCTGGTCA-1,1.9402422,-9.981948,U2OS OGG-/-
ATCGCGCGTGATTGCT-1,4.564036,-8.299036,U2OS OGG-/-
ATCGCGCGTGGCCTGT-1,10.766297,-8.069845,TK6 LIG4-/-
ATCGCGCGTTATCTCT-1,18.46756,8.223244,143B
ATCGCGCGTTGAGGTA-1,7.863218,-2.823363,CHLA06ATRT
ATCGGGCCAATTGGCG-1,-4.212693,2.9444325,HAP1 MUTYH-/-
ATCGGGCCACCACATC-1,1.9094979,6.2328606,PF382
ATCGGGCCACTTGCGT-1,16.118013,-4.1191773,C8166
ATCGGTCAGATAGCTT-1,17.560389,6.6220264,143B
ATCGGTCAGGATCCAC-1,11.598409,10.679627,JM1
ATCGTACGTAGGTGTA-1,17.627586,7.9334083,143B
ATCGTACGTCTGGGCT-1,8.70495,-4.154194,CHLA06ATRT
ATCGTACGTCTTACGG-1,11.637138,-9.372634,TK6 LIG4-/-
ATCGTAGTCACCTTCG-1,11.20763,-9.116865,TK6 LIG4-/-
ATCGTAGTCACTCCAT-1,13.875225,5.644547,143B
ATCGTAGTCACTTCGT-1,15.284324,6.5662537,143B
ATCGTAGTCCGCCATC-1,13.600841,5.8189893,143B
ATCGTCAAGCAAGCTC-1,3.8167922,-3.6472626,CHLA06ATRT
ATCGTCAAGGCACGTT-1,-3.1016345,1.8088259,HAP1 MUTYH-/-
ATCGTCAAGTTAGTAC-1,1.931133,-9.64723,U2OS OGG-/-
ATCGTTAGTCTAGCAT-1,0.059604637,12.407802,DND41
ATCGTTAGTGATAGAT-1,11.847364,11.870933,JM1
ATCGTTGAGTAATGTC-1,4.4860425,-8.542348,U2OS OGG-/-
ATCGTTGAGTTGCAGC-1,6.38887,-3.285663,CHLA06ATRT
ATCGTTGAGTTGGCGT-1,13.194426,5.9941025,143B
ATCTAACAGCGAACTC-1,15.140841,4.7345514,143B
ATCTAACAGGATGAAC-1,16.32156,5.3041487,143B
ATCTAACAGGCGAGTA-1,16.69829,6.680046,143B
ATCTACCTCCGGTTGG-1,14.618435,14.008098,JM1
ATCTACTCAGGAAGGT-1,6.9199047,17.278605,SUPT11
ATCTACTCATGCTACC-1,4.494804,1.7674128,JURKAT
ATCTATGGTAGCGAGT-1,14.448514,6.186104,143B
ATCTATGGTCCATCTC-1,8.613696,-3.6035259,CHLA06ATRT
ATCTATGGTTAGCCTG-1,8.75641,4.8631716,NALM6
ATCTATGGTTGCTTGG-1,16.075283,-4.5314627,C8166
ATCTATGGTTGGCTGC-1,12.511855,-0.59337324,ALLSIL
ATCTATGGTTGTGCGC-1,0.548822,15.9558935,TE617T
ATCTCATCAATACGCG-1,14.270518,5.6399994,143B
ATCTCATCACAGCATG-1,-3.9294684,-2.607447,HELA XPA-/-
ATCTCATCAGGAAGCG-1,6.421451,10.680381,RH30
ATCTCCACAAATCATG-1,9.1638,-9.919944,TK6 LIG4-/-
ATCTCCACATGGCTTC-1,3.239387,-9.456098,U2OS OGG-/-
ATCTCGCCAAAGGAAT-1,16.310917,4.553986,143B
ATCTCGCCATCATATC-1,11.670116,10.752723,JM1
ATCTCGCCATGGCTTC-1,20.101236,-2.647258,SAOS2
ATCTGAGTCCAGCGCA-1,16.31703,-4.811483,C8166
ATCTGAGTCCATATCC-1,13.006716,14.364212,JM1
ATCTGGATCGATTACG-1,3.8504436,-8.419604,U2OS OGG-/-
ATCTGGATCGTGCCGA-1,20.4138,-2.2029889,SAOS2
ATCTGGATCTGGGCAT-1,2.3250144,-9.19937,U2OS OGG-/-
ATCTGTGAGCAACTCA-1,20.800259,-2.5759273,SAOS2
ATCTGTGAGGAACCCT-1,3.4776678,8.054516,PF382
ATCTGTGAGTTGCGAC-1,-3.813337,2.0255299,HAP1 MUTYH-/-
ATCTGTTCAATTAACG-1,8.050394,16.727537,SUPT11
ATCTTAGGTAAGTAGT-1,2.4529204,-7.9690714,U2OS OGG-/-
ATCTTAGGTAGTCAGA-1,-3.259029,3.0702431,HAP1 MUTYH-/-
ATCTTAGGTATAGTGG-1,-2.0340827,-3.8892705,HELA XPA-/-
ATCTTAGGTTCACGGC-1,14.620801,6.3657804,143B
ATCTTAGGTTGGTAAG-1,4.502189,-3.824505,CHLA06ATRT
ATCTTCATCCATGCCC-1,7.8487644,10.251826,RH30
ATCTTCATCCCTTGCA-1,19.935139,-0.79406273,SAOS2
ATCTTGCTCACTCATC-1,-0.3477868,-3.4674814,HELA XPA-/-
ATCTTGCTCATATGGT-1,19.010284,7.2373276,143B
ATCTTGCTCCCTGGTC-1,14.21113,6.0661664,143B
ATCTTGCTCCGTTAGA-1,3.8238127,0.5697581,JURKAT
ATGAAACGTGCACGTC-1,-3.5701761,13.948198,KHM1B
ATGAAACGTTGGTGAA-1,15.204343,-4.8311543,C8166
ATGAAAGTCCAGATGC-1,12.891583,-0.6057127,ALLSIL
ATGAAAGTCCCTCACA-1,11.461035,0.7164794,ALLSIL
ATGAAAGTCCCTCAGC-1,11.88073,13.166748,JM1
ATGAAAGTCCGCAAGT-1,7.3064604,17.332499,SUPT11
ATGAAAGTCGCATAGC-1,-2.164748,-3.1776798,HELA XPA-/-
ATGAAAGTCGCGATGT-1,-0.80953956,-4.847983,HELA XPA-/-
ATGAAAGTCTATGTCC-1,6.6050725,-2.38157,CHLA06ATRT
ATGAACCCACCATGTC-1,-4.229832,4.112033,HAP1 MUTYH-/-
ATGAACCCATAGGCGC-1,5.114276,5.24239,PF382
ATGAACCCATGCGGAC-1,1.8431498,8.786186,PF382
ATGAACCCATTCGTCA-1,9.212228,-3.6965795,CHLA06ATRT
ATGAACGGTAAGTACG-1,-0.7426688,-3.4780457,HELA XPA-/-
ATGAACGGTAGTCCCA-1,16.230976,-4.281259,C8166
ATGAACGGTTATCATG-1,4.588215,-3.908603,CHLA06ATRT
ATGACAGGTTTCGAGT-1,10.462848,-9.490554,TK6 LIG4-/-
ATGACAGGTTTGAGGA-1,-2.7029579,4.3710766,HAP1 MUTYH-/-
ATGACCCAGTATGAGA-1,10.856254,-0.15901937,ALLSIL
ATGACCCAGTGCCCGA-1,16.463438,3.9857082,143B
ATGACGGAGGATCAGG-1,1.9994543,-9.890654,U2OS OGG-/-
ATGACGGAGTAAGTCT-1,11.75328,11.478298,JM1
ATGAGGCGTTGGACGG-1,14.268679,14.503415,JM1
ATGAGGCGTTGGCGTC-1,4.8880157,0.59829235,JURKAT
ATGAGGTAGCTATGCA-1,15.414223,6.6964164,143B
ATGAGGTAGGCACAGA-1,3.4801683,7.15903,PF382
ATGAGTAAGCATAGCC-1,15.596418,6.6549864,143B
ATGAGTAAGCATGTAT-1,-4.325485,4.098568,HAP1 MUTYH-/-
ATGAGTAAGTGCTGGT-1,20.810366,-2.150071,SAOS2
ATGAGTTTCACCAGCG-1,-4.3425,2.5763881,HAP1 MUTYH-/-
ATGAGTTTCCCTCGTA-1,14.43324,-4.374257,C8166
ATGATCCGTCAAGGCG-1,1.6350017,-9.830153,U2OS OGG-/-
ATGATCCGTTCCTTGC-1,-1.1158775,-4.334124,HELA XPA-/-
ATGATCCGTTGCCTAG-1,-2.0852933,-3.1874096,HELA XPA-/-
ATGATCCGTTTGATTG-1,12.099693,0.60964024,ALLSIL
ATGATGAAGATTCGCA-1,8.896358,3.2994561,NALM6
ATGATGAAGATTCGGC-1,12.245379,12.099083,JM1
ATGATGAAGTGAGCAG-1,17.77095,5.5362206,143B
ATGATGTTCCAGGGAA-1,9.848446,-9.181522,TK6 LIG4-/-
ATGATGTTCCCCAACC-1,-0.35475975,11.903541,DND41
ATGATGTTCTAGTGAT-1,7.6518555,-2.68827,CHLA06ATRT
ATGATTGCAGTACTCC-1,4.75006,1.5098131,JURKAT
ATGCACGCAATGAGTC-1,14.897287,6.07792,143B
ATGCACGCACCAGGGT-1,3.0537844,-8.79852,U2OS OGG-/-
ATGCACGCAGCTCACT-1,3.2250235,-8.863337,U2OS OGG-/-
ATGCAGCTCAAGTAAG-1,1.5577455,5.980613,PF382
ATGCAGCTCAGCATCA-1,1.4618652,16.821047,TE617T
ATGCAGCTCAGCCATA-1,3.4186664,0.24299522,JURKAT
ATGCAGGAGAAGCTCC-1,-1.8009518,4.0979385,HAP1 MUTYH-/-
ATGCATTAGCGAACGA-1,13.592309,5.7714295,143B
ATGCCAATCGAATCTG-1,18.687523,5.5015025,143B
ATGCCAATCGATTACG-1,-0.9007876,-3.2773902,HELA XPA-/-
ATGCCAATCTAATCGG-1,1.2959154,6.4465404,PF382
ATGCCAATCTGGTAGC-1,14.213836,-5.1803308,C8166
ATGCCACAGCGCCTTC-1,0.5653809,7.0843024,PF382
ATGCCACAGCTTCCTG-1,11.553993,-10.092672,TK6 LIG4-/-
ATGCCACAGGATTAAG-1,-5.0946565,3.5612762,HAP1 MUTYH-/-
ATGCCAGCACTTGCGT-1,13.374064,-0.88112557,ALLSIL
ATGCCAGCAGGCAAGG-1,17.802694,6.430496,143B
ATGCCAGCATCCACTA-1,14.362448,14.535096,JM1
ATGCCCTCAACTTAGA-1,14.906765,13.276119,JM1
ATGCCCTCAGGGACCT-1,13.581681,5.2522225,143B
ATGCCCTCATAAGGCT-1,0.98512053,15.815407,TE617T
ATGCCCTCATCCTACA-1,13.359586,5.742003,143B
ATGCCTAAGATAGATG-1,10.010615,-8.428172,TK6 LIG4-/-
ATGCCTAAGATTGGTT-1,2.8730648,-9.112177,U2OS OGG-/-
ATGCCTAAGTAATCGT-1,-2.1496475,-4.0717225,HELA XPA-/-
ATGCCTGGTAATTCGC-1,-3.8468776,13.812324,KHM1B
ATGCCTGGTGAGACAC-1,4.1423283,-4.20222,CHLA06ATRT
ATGCCTGGTGAGGTTA-1,18.81481,6.750603,143B
ATGCGAAGTCAATGGA-1,-2.1202924,-2.6901064,HELA XPA-/-
ATGCGGTTCGAACGCT-1,6.8825364,9.721138,RH30
ATGCGGTTCGCTCATT-1,9.476256,4.264154,NALM6
ATGCTAACACTCAGGA-1,13.043309,5.971046,143B
ATGCTAACATAGAGAG-1,10.456499,-8.411023,TK6 LIG4-/-
ATGCTAACATTCATGT-1,21.753014,-0.005581784,SAOS2
ATGCTAGTCACTAGCA-1,17.913574,6.437335,143B
ATGCTAGTCAGCCCAG-1,4.3501,-4.034576,CHLA06ATRT
ATGCTAGTCATAGGCC-1,3.748874,-3.015439,CHLA06ATRT
ATGCTAGTCCATCCAT-1,-0.7945337,-3.0898244,HELA XPA-/-
ATGCTCAAGTGAGACG-1,7.368169,15.69509,SUPT11
ATGCTCCCATCCCGTG-1,10.987619,-0.2711409,ALLSIL
ATGCTCCCATTAGCGG-1,8.475371,-3.2135363,CHLA06ATRT
ATGCTGATCATGATCG-1,3.937656,-8.104163,U2OS OGG-/-
ATGCTGATCCTGTGAA-1,-3.007257,4.3609815,HAP1 MUTYH-/-
ATGCTGATCGTGCATA-1,15.140658,-4.0191016,C8166
ATGCTGATCGTTAGCA-1,8.33273,5.348725,NALM6
ATGCTTAGTAGTCCCA-1,6.5445004,11.45955,RH30
ATGCTTAGTCAACGGG-1,1.2540568,9.152855,PF382
ATGCTTAGTCTCAGGC-1,15.74737,4.0355263,143B
ATGCTTGAGCCAGTAC-1,2.7739558,-7.9431305,U2OS OGG-/-
ATGCTTGAGGATGAAC-1,11.701065,11.042481,JM1
ATGCTTGAGTGCTGCG-1,15.824618,6.613712,143B
ATGCTTGAGTGCTGTA-1,7.633651,9.514053,RH30
ATGCTTGAGTTACCCT-1,0.7513623,6.7962646,PF382
ATGGACCTCTATGGAT-1,10.809783,0.007981692,ALLSIL
ATGGACTCAAGCCATG-1,-3.2289903,3.2945032,HAP1 MUTYH-/-
ATGGACTCAAGTTCCC-1,5.3372397,0.6746811,JURKAT
ATGGACTCAGGATCTG-1,16.185951,-5.041221,C8166
ATGGAGTAGCAAGGGC-1,13.840251,13.52889,JM1
ATGGAGTAGTAAGTCT-1,11.549039,13.100616,JM1
ATGGATGGTAATCCCG-1,4.3674703,-7.3767242,U2OS OGG-/-
ATGGATGGTAGCAGCG-1,-3.4419613,2.9277341,HAP1 MUTYH-/-
ATGGATGGTAGCCTTG-1,-4.891756,4.1523705,HAP1 MUTYH-/-
ATGGATGGTGAACGCG-1,1.3856678,11.888033,DND41
ATGGATGGTTCGGCTA-1,16.310217,4.249338,143B
ATGGCAAGTAAGCGTA-1,3.5594184,-4.3475637,CHLA06ATRT
ATGGCCCGTAGCAGAC-1,15.791257,6.1212764,143B
ATGGCCCGTAGCGATA-1,13.74192,6.615382,143B
ATGGCCCGTCTCAGGC-1,15.070106,5.8497148,143B
ATGGCGAAGGAGCTGA-1,2.5851603,8.386851,PF382
ATGGCGAAGGATTCAT-1,1.8490511,-10.224702,U2OS OGG-/-
ATGGCGAAGTACCAAT-1,13.176771,-5.3979387,C8166
ATGGCTATCCCCATAT-1,7.5075617,10.387872,RH30
ATGGCTGCACTAGCAG-1,6.5447054,11.960736,RH30
ATGGCTTGTTCTGTGG-1,14.434919,4.4229007,143B
ATGGGATAGATTCAGT-1,-2.8666418,-3.2733598,HELA XPA-/-
ATGGGATAGCCAACTA-1,11.277763,-9.823947,TK6 LIG4-/-
ATGGGATAGCCAGTGT-1,10.163134,-10.410483,TK6 LIG4-/-
ATGGGATAGGTAGCCT-1,14.425622,6.3285594,143B
ATGGGATAGTAGTTAC-1,-7.191693,8.64545,EOL1
ATGGGCAAGGGCTTCG-1,19.011488,5.7754874,143B
ATGGGCAAGGTGAGCA-1,-2.4706626,-3.7013836,HELA XPA-/-
ATGGGCTTCATGCAGC-1,-2.5487928,-2.5168483,HELA XPA-/-
ATGGGCTTCCGCGAAT-1,15.543055,4.458885,143B
ATGGGCTTCGCTCTAT-1,17.849316,4.8615537,143B
ATGGGCTTCGTGAATT-1,9.273054,-11.338428,TK6 LIG4-/-
ATGGGCTTCTGGCTCC-1,8.98228,-11.032306,TK6 LIG4-/-
ATGGGGATCCATCCTG-1,15.129512,4.41188,143B
ATGGGTAGTATAGTGG-1,13.491844,5.5751996,143B
ATGGGTGAGAATCGAA-1,2.5469623,15.442256,TE617T
ATGGGTGAGCTTCCTG-1,-2.8578684,3.7559288,HAP1 MUTYH-/-
ATGGGTGAGTGAGCAG-1,-3.8763266,-3.0633059,HELA XPA-/-
ATGGGTGAGTGGGTCT-1,10.839238,-8.998801,TK6 LIG4-/-
ATGGGTTCACCTGGAA-1,6.5335736,14.570795,SUPT11
ATGGGTTCATCCATTG-1,1.7218019,-9.599222,U2OS OGG-/-
ATGGTAAAGCATCTCT-1,18.353537,7.604962,143B
ATGGTAAAGCCACTCC-1,7.110322,10.219106,RH30
ATGGTAAAGCCTAAGC-1,15.308309,-4.978722,C8166
ATGGTAAAGTAATGTC-1,11.7001095,-1.4264455,ALLSIL
ATGGTAGGTGATGCCC-1,15.033385,-4.44893,C8166
ATGGTCATCCAGGTAC-1,-2.696757,-3.4870563,HELA XPA-/-
ATGGTCATCCGTAATG-1,4.9970884,7.458832,PF382
ATGGTGAGTCAAGGCG-1,1.6568854,-10.149114,U2OS OGG-/-
ATGGTGAGTTATGGCT-1,2.9616294,2.2260933,JURKAT
ATGGTGAGTTCACTGG-1,-3.9379766,14.909651,KHM1B
ATGGTGAGTTCGCAGC-1,-2.0549126,3.7653,HAP1 MUTYH-/-
ATGGTGAGTTCGGCGT-1,3.964491,-8.510097,U2OS OGG-/-
ATGGTGGAGCCGATAC-1,15.132157,-6.575194,C8166
ATGGTGGAGCGAGTCT-1,2.6739907,1.6726173,JURKAT
ATGGTGGAGGAGCTAG-1,15.069599,-5.6913347,C8166
ATGGTGGAGGTAAGCG-1,16.923624,7.923163,143B
ATGGTGGAGGTCCACG-1,-1.474289,-3.331187,HELA XPA-/-
ATGGTGGAGTAGCCCG-1,9.862248,3.9917922,NALM6
ATGGTTACAAATCCTT-1,-3.351713,13.843833,KHM1B
ATGGTTACAGCCATAG-1,8.437232,5.762776,NALM6
ATGGTTACATAGAGCT-1,14.787414,5.799071,143B
ATGGTTACATCCTTGA-1,-2.9666395,3.586242,HAP1 MUTYH-/-
ATGGTTTAGAATCCAT-1,-3.343746,3.434926,HAP1 MUTYH-/-
ATGGTTTAGCAATTAC-1,12.443339,14.293588,JM1
ATGGTTTAGTGAGTCC-1,9.742177,-10.338568,TK6 LIG4-/-
ATGTAGCCAAGCCGTA-1,-3.565103,2.18131,HAP1 MUTYH-/-
ATGTAGCCAATCTGAA-1,2.1111,5.78296,PF382
ATGTAGCCAGCTCAAG-1,11.410672,12.900941,JM1
ATGTAGCCAGGGCCAT-1,13.108724,6.393648,143B
ATGTAGCCATCGCTTA-1,-3.336636,-3.3148582,HELA XPA-/-
ATGTCAACACTAACGG-1,12.076813,13.233279,JM1
ATGTCAACATCCCGAT-1,9.273906,3.2896252,NALM6
ATGTCAACATCCGCTG-1,8.234176,16.665518,SUPT11
ATGTCCCCAACATAGC-1,14.641573,4.9027805,143B
ATGTCCCCAGGCAATT-1,3.8316116,2.869174,JURKAT
ATGTCCCCATCCCGTG-1,6.8737907,-2.7910638,CHLA06ATRT
ATGTCCCCATTGGCGA-1,3.0658426,-9.081526,U2OS OGG-/-
ATGTCCTTCATGAACT-1,-2.3931015,3.0375872,HAP1 MUTYH-/-
ATGTCCTTCCGCACAG-1,15.034609,-5.322706,C8166
ATGTCCTTCGCATCCC-1,-0.16615607,-3.082036,HELA XPA-/-
ATGTGAAAGTAGTCAT-1,-4.109895,3.1934323,HAP1 MUTYH-/-
ATGTGAAAGTGTCAAT-1,16.122099,-4.1693325,C8166
ATGTGCATCAGGTCTA-1,17.078596,8.383896,143B
ATGTGCATCCAGCCGA-1,5.4682617,5.655453,PF382
ATGTGCATCCCATAGA-1,13.776699,13.394906,JM1
ATGTGCATCCGCTACC-1,4.7762194,2.2216249,JURKAT
ATGTGCATCGTCTCCA-1,2.2270496,14.886422,TE617T
ATGTGCATCTAATCGG-1,-3.4515371,2.4111507,HAP1 MUTYH-/-
ATGTGCATCTAGTGTG-1,1.8156255,-9.497802,U2OS OGG-/-
ATGTGGCTCACCTAAG-1,-3.4863172,-2.4428604,HELA XPA-/-
ATGTGGCTCAGGACTC-1,6.3955793,-3.1157994,CHLA06ATRT
ATGTGGCTCATAGGCC-1,6.358468,-2.9440687,CHLA06ATRT
ATGTGGCTCGACCCGA-1,8.965045,4.8774657,NALM6
ATGTGGGAGAAGGTTA-1,8.781608,5.9728193,NALM6
ATGTGGGAGCGCCTCT-1,11.7253275,-9.840348,TK6 LIG4-/-
ATGTGGGAGGGTGAAT-1,17.30078,6.3136506,143B
ATGTGGGAGTATGTAC-1,14.5341625,13.404411,JM1
ATGTGTTAGCAACCTA-1,0.8675094,12.916142,DND41
ATGTGTTAGTAGACTT-1,2.5400264,14.938181,TE617T
ATGTTAGCAAGGGTAA-1,-2.9726562,3.0599172,HAP1 MUTYH-/-
ATGTTAGCAGCAGTAT-1,2.1727264,8.625158,PF382
ATGTTCCTCCCATGCC-1,5.109224,6.4978285,PF382
ATGTTCCTCCGGTTCC-1,3.9203064,1.5693322,JURKAT
ATGTTCCTCGATACGC-1,-3.581793,4.743109,HAP1 MUTYH-/-
ATGTTCTCAAGTTCCC-1,13.807747,5.46045,143B
ATGTTCTCATCGAACG-1,19.979025,-2.764336,SAOS2
ATTAAGCTCCGCCACT-1,17.596794,8.052965,143B
ATTACAGCAGGCTATG-1,3.3776145,-3.6586232,CHLA06ATRT
ATTACCCTCGATAGTT-1,-2.198387,3.4351008,HAP1 MUTYH-/-
ATTACCCTCTGGATGC-1,15.875529,8.0379505,143B
ATTACCTCAAGCCAGC-1,0.8984124,6.413999,PF382
ATTACCTCACCTGCCA-1,-1.734826,-3.3538494,HELA XPA-/-
ATTACGTAGTTGGCCG-1,14.530559,4.8622065,143B
ATTACTGGTAGCAGCG-1,14.890173,13.615426,JM1
ATTACTGGTAGGTGCG-1,5.9032445,15.20711,SUPT11
ATTACTGGTTGGTCTG-1,-0.69232947,-4.218972,HELA XPA-/-
ATTACTGGTTTCCAGG-1,1.434559,12.432493,DND41
ATTATCCCAAACCACG-1,-3.3594115,2.921182,HAP1 MUTYH-/-
ATTATCCCAAGTTCCC-1,-1.7317817,3.9962914,HAP1 MUTYH-/-
ATTATCCCAGTTGAGT-1,-5.2652793,3.9439893,HAP1 MUTYH-/-
ATTATCCCATCGAAGT-1,16.386063,5.635351,143B
ATTATCCCATGGATCG-1,-1.6243814,3.7142904,HAP1 MUTYH-/-
ATTATCCCATTAGGGT-1,4.0109906,-7.966362,U2OS OGG-/-
ATTCACCTCAAGTTAC-1,4.1957097,0.83892107,JURKAT
ATTCACCTCCATCGAA-1,14.3688135,4.7479153,143B
ATTCACCTCCGGGTAT-1,10.412797,0.23438849,ALLSIL
ATTCACCTCCTTCCAG-1,16.15083,8.424301,143B
ATTCAGTAGAATCCAT-1,-0.819884,-4.085749,HELA XPA-/-
ATTCAGTAGGCTTCCC-1,7.863053,15.023739,SUPT11
ATTCATCCAAGCATCG-1,18.259232,5.804554,143B
ATTCATCCAAGCCATG-1,0.7843641,12.626372,DND41
ATTCATCCACCTTCAA-1,11.34624,-5.86328,JURKAT
ATTCATGGTTTCGTCC-1,4.984387,1.2083763,JURKAT
ATTCCAAGTCTTGCAG-1,-0.8316982,-3.8779545,HELA XPA-/-
ATTCCAAGTTAGGGTA-1,3.524686,1.3604074,JURKAT
ATTCCATCAACTTCCA-1,14.598871,5.214664,143B
ATTCCATCAATGCCTC-1,4.6506815,-4.9842687,CHLA06ATRT
ATTCCATCAATTGGAC-1,14.31669,13.065821,JM1
ATTCCATCACATTGCC-1,2.746963,7.0902405,PF382
ATTCCATCAGTTGCAG-1,8.112422,16.837181,SUPT11
ATTCCCACAAGGGTCC-1,-4.4611354,4.0036345,HAP1 MUTYH-/-
ATTCCCACACTATCCA-1,5.160073,1.5765374,JURKAT
ATTCCGCCAAACCGCA-1,3.0697515,-1.7029223,CHLA06ATRT
ATTCCGCCAACATACA-1,-2.952089,3.7698145,HAP1 MUTYH-/-
ATTCCGCCAAGCTAAC-1,3.4062731,1.3785528,JURKAT
ATTCCGCCAATCATAG-1,8.874553,4.4693403,NALM6
ATTCCGCCATTCCTGA-1,18.084003,6.4316697,143B
ATTCCGGGTAACCCTG-1,15.858724,-7.399302,C8166
ATTCCGGGTAGCGAGT-1,-3.2360797,-3.3586414,HELA XPA-/-
ATTCCGGGTCTAGCGC-1,16.034893,-6.371102,C8166
ATTCCGGGTCTTGAAC-1,13.797551,6.582687,143B
ATTCCGGGTTGCGACC-1,7.665399,15.325721,SUPT11
ATTCCTTGTAATGACG-1,4.259163,-7.8911357,U2OS OGG-/-
ATTCCTTGTATGTGCT-1,0.82994276,7.5785475,PF382
ATTCCTTGTGAGGACT-1,21.063375,-2.246555,SAOS2
ATTCCTTGTTAGCGAA-1,13.454864,6.670482,143B
ATTCGATAGAATCAGA-1,2.9290786,1.1869833,JURKAT
ATTCGATAGCAAGTCC-1,3.2388213,-8.456707,U2OS OGG-/-
ATTCGATAGCCACAGT-1,15.992487,4.716872,143B
ATTCGATAGGAGGCTA-1,-3.9718838,1.9958436,HAP1 MUTYH-/-
ATTCGATAGTCATGTG-1,-4.875337,4.3000855,HAP1 MUTYH-/-
ATTCGCTTCCTCACTG-1,13.255559,6.2012424,143B
ATTCGCTTCCTGCTCA-1,6.2586703,-2.5456736,CHLA06ATRT
ATTCGCTTCGCATAGC-1,14.7156725,-5.3521895,C8166
ATTCGGGCAGCAGTAT-1,14.866661,4.253464,143B
ATTCGTAGTAGCTGCC-1,11.662238,11.293662,JM1
ATTCGTAGTGAGCAGT-1,14.430902,5.9370155,143B
ATTCGTAGTTAAGTGG-1,9.279345,-11.6432295,TK6 LIG4-/-
ATTCGTAGTTATCGAC-1,5.270755,5.210714,PF382
ATTCGTAGTTATCTAG-1,14.896247,4.5934925,143B
ATTCGTTCAACTGGCA-1,11.138655,-8.980529,TK6 LIG4-/-
ATTCGTTCACCTTGGT-1,13.889994,6.1278067,143B
ATTCGTTCATGACCAG-1,14.062309,8.221715,143B
ATTCTCATCACAGGGA-1,10.980704,-10.480191,TK6 LIG4-/-
ATTCTCATCCCTCAGC-1,4.1431303,-8.269723,U2OS OGG-/-
ATTCTCATCGATCAGC-1,3.626272,-8.424034,U2OS OGG-/-
ATTGACTAGCGCCTAG-1,15.121229,6.4131737,143B
ATTGACTAGGAACTAA-1,-3.6399455,-3.1387544,HELA XPA-/-
ATTGACTAGGTCACTA-1,19.555805,-1.1579069,SAOS2
ATTGACTAGGTGATCC-1,3.598991,5.1580377,PF382
ATTGACTAGTGAACCC-1,0.17288497,11.6608715,DND41
ATTGACTAGTTACCGA-1,3.4199545,-10.197559,U2OS OGG-/-
ATTGAGAAGCAAGCCT-1,15.793318,4.528278,143B
ATTGAGAAGCATCGAC-1,-3.6350124,14.398664,KHM1B
ATTGAGAAGGCTTACA-1,-0.8593851,-3.9615903,HELA XPA-/-
ATTGAGAAGTAATGCT-1,-1.1358731,-3.7867332,HELA XPA-/-
ATTGAGGGTAACGCTT-1,15.029076,-4.587448,C8166
ATTGAGGGTCTCAGTG-1,1.356581,-9.993682,U2OS OGG-/-
ATTGATGCACCATGTC-1,3.8801994,-7.8246613,U2OS OGG-/-
ATTGATGCATTAGGGT-1,16.031942,5.326703,143B
ATTGCCCCAAATCGCG-1,6.8955126,10.629198,RH30
ATTGCCCCAAATTACG-1,-4.0115986,2.7768722,HAP1 MUTYH-/-
ATTGCCCCAAGGTGCC-1,2.0165098,8.895567,PF382
ATTGCCCCAAGTAAGG-1,14.938037,4.7036967,143B
ATTGCCCCATCACTTG-1,1.4048901,9.4433,PF382
ATTGCCCCATTAGTAG-1,10.832581,-1.058935,ALLSIL
ATTGCCTTCAATTGGT-1,12.956541,-1.0445503,ALLSIL
ATTGCCTTCCAGGGTT-1,8.099326,17.097746,SUPT11
ATTGCCTTCCTTAGTC-1,7.548048,-3.5846052,CHLA06ATRT
ATTGCCTTCTAATCCC-1,15.021125,-4.8940125,C8166
ATTGGATTCACATGAT-1,7.146765,12.064417,RH30
ATTGGATTCATCACCT-1,13.365168,5.9628186,143B
ATTGGATTCCAGCTAA-1,13.259874,-0.9120891,ALLSIL
ATTGGATTCGTTAAGT-1,2.421918,5.9156404,PF382
ATTGGCCAGGCGTCAT-1,17.218376,5.5951333,143B
ATTGGCTGTGAGGTTA-1,3.0435917,2.659353,JURKAT
ATTGGCTGTTGCGACC-1,13.507396,13.94166,JM1
ATTGGGTCACTATCTG-1,11.486927,0.35308054,ALLSIL
ATTGGGTCAGCACTGA-1,11.381306,-8.761699,TK6 LIG4-/-
ATTGGGTCATTAGGCG-1,17.823431,7.883467,143B
ATTGGTTAGAAGGGCC-1,15.933005,4.8458405,143B
ATTGGTTAGGTTAGGG-1,3.2551177,-8.903391,U2OS OGG-/-
ATTGGTTAGTGCTCGG-1,8.274404,10.204162,RH30
ATTGTCAGTTCGATGT-1,21.894192,-0.17047028,SAOS2
CAAACCATCCTTCCTC-1,11.038651,10.847601,JM1
CAAACCCAGCTACTGA-1,6.8296947,-3.463993,CHLA06ATRT
CAAACCCAGGCACAGA-1,7.997122,17.152945,SUPT11
CAAACCCAGGCATCGT-1,14.50618,12.788663,JM1
CAAACCCAGTCATCAG-1,9.449334,-10.2233,TK6 LIG4-/-
CAAACCGCAACCTGTC-1,12.21435,-0.18122698,ALLSIL
CAAACCGCACCTCACG-1,4.741544,2.3142977,JURKAT
CAAACCGCACCTGCAT-1,12.138564,12.35508,JM1
CAAACCGCATGGTAAC-1,4.398121,0.6941668,JURKAT
CAAACCTGTAGTAAGT-1,0.063904695,12.5792885,DND41
CAAACCTGTCTCCACT-1,14.260574,8.290162,143B
CAAACCTGTGATCCGC-1,16.283205,4.3972483,143B
CAAACCTGTGGCCTGT-1,-1.9608378,2.8867552,HAP1 MUTYH-/-
CAAACCTGTTAACCCG-1,-3.2454262,-3.4753993,HELA XPA-/-
CAAACCTGTTATCTAG-1,7.681795,-4.417717,CHLA06ATRT
CAAACGGAGTCGACCG-1,-1.5807211,-2.1332707,HELA XPA-/-
CAAACTTAGGTGAGGC-1,10.547893,0.46184987,ALLSIL
CAAACTTAGTGAGATA-1,15.396617,-4.3914356,C8166
CAAAGCCTCCCATAGA-1,11.092063,0.579827,ALLSIL
CAAAGCCTCGCATCAA-1,15.784196,6.128439,143B
CAAAGCCTCTAATGCG-1,6.3475575,-2.709947,CHLA06ATRT
CAAAGCGAGGTGCAGA-1,8.07408,9.797079,RH30
CAAAGCGAGTGAGCGA-1,15.501168,5.02794,143B
CAAAGCGAGTGAGTGG-1,15.775384,6.147803,143B
CAAAGCTCACCTTAGC-1,16.174408,-4.135005,C8166
CAAAGCTCAGCCAGGT-1,1.3973317,5.3826413,PF382
CAAAGCTCAGCCATAG-1,11.269141,12.5981455,JM1
CAAAGGGTCAGCCAGT-1,-4.949369,2.531976,HAP1 MUTYH-/-
CAAAGGGTCAGTACCA-1,16.668194,6.066458,143B
CAAAGGGTCCCGTTCA-1,13.683163,7.3582,143B
CAAAGGTAGCGCTCGA-1,16.09309,5.951564,143B
CAAAGGTAGCGGCATT-1,4.2742324,2.092642,JURKAT
CAAAGGTAGCTACCAA-1,8.320842,-3.55715,CHLA06ATRT
CAAAGGTAGGATTGGG-1,1.7762058,-9.98753,U2OS OGG-/-
CAAAGTAAGCATGCAC-1,13.33806,5.7510304,143B
CAAATCACAAGGGAAC-1,9.128523,5.227585,NALM6
CAAATCACACTAGGAT-1,-3.7569,-2.4765882,HELA XPA-/-
CAAATCCGTAGTAGGC-1,14.513728,5.3408604,143B
CAAATCCGTCTTGCAG-1,9.13091,-9.513227,TK6 LIG4-/-
CAAATCCGTTGCGGCT-1,15.3982935,3.9106214,143B
CAAATGAAGCAACCCG-1,8.491575,-3.655953,CHLA06ATRT
CAAATGAAGCAGGCTT-1,-3.3655465,2.529304,HAP1 MUTYH-/-
CAAATGAAGCCATCGG-1,11.044721,-1.6051939,ALLSIL
CAAATGAAGGTGCTGT-1,18.304024,4.974082,143B
CAAATGGGTAACTCCG-1,3.0170095,-8.76478,U2OS OGG-/-
CAAATGGGTTAATCCA-1,14.027625,12.800209,JM1
CAAATGTTCCACGGCA-1,13.891505,5.1189065,143B
CAAATGTTCGAACCAC-1,11.20503,12.505099,JM1
CAAATGTTCGTAGTCA-1,21.207987,0.35955852,SAOS2
CAAATTCAGAACCAGG-1,-1.403827,7.120107,C8166
CAAATTCAGCGGTCCA-1,1.9968076,-9.816664,U2OS OGG-/-
CAAATTCAGGATGGAT-1,16.698973,5.3623123,143B
CAAATTCAGGTCACGT-1,15.198483,-5.2389994,C8166
CAACACGCAAACTGCG-1,16.062395,-4.990474,C8166
CAACACGCAAGTGGAA-1,17.341867,8.294761,143B
CAACACGCAATACAGC-1,12.552,13.162072,JM1
CAACACGCAATCTCGC-1,20.0405,-2.6647527,SAOS2
CAACAGTCACCACACT-1,2.357728,15.239234,TE617T
CAACAGTCAGGAAGCG-1,11.655715,-0.60065913,ALLSIL
CAACAGTCAGGATACT-1,13.650282,-0.84237576,ALLSIL
CAACAGTCAGGTTACG-1,3.9103084,1.1883228,JURKAT
CAACATTAGCGAGACA-1,-1.084377,-3.6106148,HELA XPA-/-
CAACATTAGGAGCTGA-1,13.540472,12.264326,JM1
CAACATTAGGTACTGC-1,-2.1314425,2.7079656,HAP1 MUTYH-/-
CAACATTAGTACGGTC-1,7.0097213,17.643995,SUPT11
CAACCAATCCTTCGCA-1,7.1953454,-3.983213,CHLA06ATRT
CAACCAATCGAACGGA-1,6.8317184,17.625303,SUPT11
CAACCAATCTGGTCGG-1,-2.278874,-3.6314816,HELA XPA-/-
CAACCAGCAACCGTAG-1,20.965704,-1.9680748,SAOS2
CAACCCAGTCTAATCA-1,7.3709097,-3.073675,CHLA06ATRT
CAACCCAGTTGTGCAT-1,10.846497,-11.001955,TK6 LIG4-/-
CAACCCTCAACCAGGC-1,16.283554,4.2830133,143B
CAACCCTCAAGGGTAA-1,10.849945,-0.40236717,ALLSIL
CAACCCTCATCCGCTG-1,14.283972,14.563678,JM1
CAACCCTCATTCGCGT-1,8.4249,-4.2031126,CHLA06ATRT
CAACCCTCATTCGGTC-1,16.15865,5.5186086,143B
CAACGAAGTAACGTCT-1,13.856269,13.799717,JM1
CAACGAAGTAGCCATT-1,3.1394937,-9.088797,U2OS OGG-/-
CAACGAAGTCTGTGCA-1,-2.581851,3.2111464,HAP1 MUTYH-/-
CAACGAAGTTGACTCG-1,8.2434225,10.172544,RH30
CAACGATCAATACTGA-1,3.5016255,1.6827478,JURKAT
CAACGATCACCTAATT-1,13.735074,-0.82589567,ALLSIL
CAACGATCAGGGACAG-1,17.869547,6.2075706,143B
CAACGATCATCCTACA-1,3.5550945,6.818882,PF382
CAACGGGGTTGACGCC-1,-1.9446567,3.3809156,HAP1 MUTYH-/-
CAACGGGGTTTCGACG-1,0.8729817,6.3451033,PF382
CAACTAACAAGTAACC-1,10.059035,-8.600685,TK6 LIG4-/-
CAACTAACAAGTGGAA-1,3.7883706,-8.670769,U2OS OGG-/-
CAACTAACAAGTTAGC-1,5.1941676,0.95510226,JURKAT
CAACTAGTCGACCGCA-1,8.035943,9.805704,RH30
CAACTAGTCGCGTTCC-1,-3.2139163,-2.541643,HELA XPA-/-
CAACTCCCAACCTGCT-1,-2.3995905,3.316409,HAP1 MUTYH-/-
CAACTCCCACTTGGGA-1,1.2116828,9.590643,PF382
CAACTGATCAGCTCAA-1,14.881793,4.479785,143B
CAACTGATCCCGCATC-1,-3.0816877,-3.2840157,HELA XPA-/-
CAAGACAGTTGAGTTC-1,-3.861444,4.1395555,HAP1 MUTYH-/-
CAAGACTCAATTAGTG-1,15.102494,5.311293,143B
CAAGATGGTCAATGCT-1,16.75282,5.0210385,143B
CAAGCAAGTGAGGCCA-1,15.384751,8.106625,143B
CAAGCAAGTTAGGTCT-1,14.038401,13.527548,JM1
CAAGCAAGTTCTGTCC-1,8.1573,-3.110004,CHLA06ATRT
CAAGCAAGTTTGGATC-1,17.113804,4.0831866,143B
CAAGCATCAAGGGCAG-1,14.05914,12.412451,JM1
CAAGCATCAGCCAGTA-1,1.5625218,12.557597,DND41
CAAGCCACAATAGACC-1,-3.1945713,-3.7158887,HELA XPA-/-
CAAGCCACACATTAAG-1,-0.98988956,-4.5681314,HELA XPA-/-
CAAGCGAAGCTGGGAA-1,0.070659086,12.553556,DND41
CAAGCGAAGGTACATT-1,15.473519,5.3586416,143B
CAAGCGAAGTCGCGCA-1,16.817448,6.547201,143B
CAAGCGAAGTTACACG-1,-3.1769907,-2.7923458,HELA XPA-/-
CAAGCGAAGTTGCGCG-1,7.0012784,17.750454,SUPT11
CAAGCGCCAAATGCGT-1,-0.481819,12.333015,DND41
CAAGCGCCAAGCACTG-1,2.938978,7.613952,PF382
CAAGCGCCAGGCAACC-1,-2.6907623,3.3799767,HAP1 MUTYH-/-
CAAGCGCCATAATCGA-1,-2.1518438,-2.3456426,HELA XPA-/-
CAAGCTATCCAGAGAG-1,10.966598,-9.748331,TK6 LIG4-/-
CAAGCTCAGCCTCTCA-1,20.484655,-0.9743576,SAOS2
CAAGCTCAGTACGCCG-1,9.858247,-8.1549425,TK6 LIG4-/-
CAAGCTCAGTCATCGA-1,14.465294,-4.9439654,C8166
CAAGCTGCAACCTCGT-1,9.305275,-10.851127,TK6 LIG4-/-
CAAGCTGCAAGCTAGT-1,14.990466,4.7021627,143B
CAAGCTGCACAAGCCA-1,-5.236972,3.0401351,HAP1 MUTYH-/-
CAAGCTGCATGCTTGC-1,-3.4789364,14.546319,KHM1B
CAAGGAACAAATCGTA-1,20.973305,6.568752,143B
CAAGGAACAAGTCCAG-1,14.647673,-5.1572647,C8166
CAAGGAACAATCAGAC-1,9.359657,4.1329956,NALM6
CAAGGAACACAATTAG-1,18.941643,5.0750356,143B
CAAGGAACATCGACCT-1,15.453963,-6.0418468,C8166
CAAGGATAGGAGCTAG-1,4.166948,2.1821263,JURKAT
CAAGGATAGGAGGTTG-1,16.56951,6.061626,143B
CAAGGATAGGCAACTC-1,15.721258,4.346631,143B
CAAGGATAGTAGCTGC-1,19.999725,-2.6666527,SAOS2
CAAGGATAGTCAGTGC-1,3.692317,-9.121849,U2OS OGG-/-
CAAGGATAGTGCGGAA-1,-0.8130708,-3.6397552,HELA XPA-/-
CAAGGCAAGGTATCGC-1,8.169719,3.699102,NALM6
CAAGGCGGTGCAGCCT-1,3.493328,0.5403641,JURKAT
CAAGGCGGTGCGTGTC-1,7.689628,16.850546,SUPT11
CAAGGCGGTGGAAGGA-1,4.6503916,1.2480989,JURKAT
CAAGGCGGTTCCGCTT-1,11.340181,-9.293692,TK6 LIG4-/-
CAAGGGATCCCCATGC-1,-2.475985,-2.9321134,HELA XPA-/-
CAAGGGGCACATTAGA-1,1.5694253,15.166838,TE617T
CAAGGTAGTAGGCGAT-1,0.73973554,16.097895,TE617T
CAAGGTAGTTCAATCA-1,1.3106374,12.001503,DND41
CAAGGTAGTTGACCCA-1,6.754111,9.930797,RH30
CAAGGTAGTTTAGCGT-1,14.293998,-4.196283,C8166
CAAGGTGAGAAGGAGA-1,3.802006,-8.564573,U2OS OGG-/-
CAAGGTGAGGCTTCCC-1,15.293944,-5.9310274,C8166
CAAGGTGAGTAGTCAT-1,-1.0783544,-2.7600687,HELA XPA-/-
CAAGGTTCAAAGGAAT-1,4.3398137,1.3899653,JURKAT
CAAGGTTCACTTAGCC-1,17.967892,5.8896117,143B
CAAGGTTCATGGTATA-1,14.761549,-3.8713396,C8166
CAAGTAAAGTCGAACC-1,-2.6720922,-3.4177995,HELA XPA-/-
CAAGTAGGTCTGGTGC-1,14.505599,6.1159987,143B
CAAGTAGGTGAGGATC-1,6.4758387,14.764162,SUPT11
CAAGTCATCAGGAACG-1,16.679195,6.108842,143B
CAAGTCATCAGTTGGC-1,-4.0665627,4.4593544,HAP1 MUTYH-/-
CAAGTCATCGCTTCGC-1,1.5264037,15.188199,TE617T
CAAGTCGCAACATGGT-1,14.353096,13.948461,JM1
CAAGTCGCAACCCTAC-1,15.472978,-5.6693983,C8166
CAAGTCGCATCGAACG-1,6.9078827,10.24355,RH30
CAAGTCTGTAATCGCT-1,2.5696127,-10.131313,U2OS OGG-/-
CAAGTCTGTGAGAGCT-1,2.4191818,-9.290909,U2OS OGG-/-
CAAGTCTGTTCCGTGA-1,15.838157,-5.649071,C8166
CAAGTCTGTTGAAGTG-1,3.6276042,-3.4607499,CHLA06ATRT
CAAGTGAGTAGTCATC-1,10.444857,-0.64541435,ALLSIL
CAAGTGAGTCAAGGTA-1,16.049587,6.023784,143B
CAAGTGAGTGAGGCCA-1,2.97395,2.1850765,JURKAT
CAAGTGAGTGGCCATC-1,15.396274,-6.069376,C8166
CAAGTTACACAACGAT-1,2.4927783,5.8271656,PF382
CAAGTTTAGAAGCCAG-1,-4.570737,4.588153,HAP1 MUTYH-/-
CAAGTTTAGCAAGTGG-1,15.03876,4.091838,143B
CAAGTTTAGCCAATGC-1,-2.4510934,3.9598067,HAP1 MUTYH-/-
CAAGTTTAGCTTAACG-1,-2.4443927,3.7469308,HAP1 MUTYH-/-
CAAGTTTAGGTTACAT-1,0.7125824,16.178505,TE617T
CAATAGCCAAGTAACC-1,14.864517,5.6102996,143B
CAATATCAGCCTGAAC-1,-3.6173606,2.4525793,HAP1 MUTYH-/-
CAATATCAGGTACGAG-1,9.182992,-3.0854704,CHLA06ATRT
CAATATCAGTGAGTAA-1,15.016018,6.163775,143B
CAATCATAGATTCCGA-1,13.921797,-4.775298,C8166
CAATCATAGCATCGAC-1,2.7928512,2.2128463,JURKAT
CAATCATAGCGCATAC-1,3.3058257,1.0464025,JURKAT
CAATCATAGCGGGAAC-1,11.036988,12.551335,JM1
CAATCATAGGAGTAAC-1,10.279856,-0.5473734,ALLSIL
CAATCATAGGTTGCAC-1,4.122218,-7.6979504,U2OS OGG-/-
CAATCCCCAAGCTTCC-1,20.704643,-2.582891,SAOS2
CAATCCCCAATCGGCA-1,8.273196,16.702873,SUPT11
CAATCCCCAGCACTCT-1,5.2118464,7.3854337,PF382
CAATCCCCAGTTGGTG-1,3.2575862,8.587249,PF382
CAATCCCCATTAATCC-1,15.427577,6.744973,143B
CAATCCGGTCAAGTGA-1,4.182976,-7.602719,U2OS OGG-/-
CAATCCGGTGAGAGGA-1,11.141519,-8.552743,TK6 LIG4-/-
CAATCCGGTTCTGGGC-1,-1.9553293,2.9049187,HAP1 MUTYH-/-
CAATCCTTCATAGGAA-1,1.4491793,-8.764372,U2OS OGG-/-
CAATCCTTCGACTAAT-1,-3.5157979,14.673919,KHM1B
CAATCCTTCTGGATAT-1,-0.13601454,12.081433,DND41
CAATCGATCACACTGA-1,7.8153286,15.922662,SUPT11
CAATCGATCCTGTATC-1,4.205518,-2.7724397,CHLA06ATRT
CAATCGATCGATGTGC-1,16.551088,5.616663,143B
CAATCGATCTCACATC-1,13.95677,7.8526087,143B
CAATCTTCAATAGGCT-1,9.216849,-11.556331,TK6 LIG4-/-
CAATGCATCACCAATG-1,15.941453,5.9341125,143B
CAATGCATCCACCTTG-1,8.17953,11.002645,RH30
CAATGCATCCGCGTCT-1,12.116012,13.314453,JM1
CAATGCATCGACTAGC-1,2.0798802,-9.309937,U2OS OGG-/-
CAATGCATCTGGGACT-1,19.752943,-2.7026808,SAOS2
CAATGCCAGCCTACCC-1,-0.12620333,11.280807,DND41
CAATGCCAGGTCAACC-1,4.177802,1.6671511,JURKAT
CAATGCCAGGTGAGCA-1,-3.6592538,-3.378657,HELA XPA-/-
CAATGCCAGTAAGTAG-1,1.341994,9.277362,PF382
CAATGGCTCATCGAGC-1,4.5072813,-7.936031,U2OS OGG-/-
CAATGGTCAACTGCCT-1,12.12267,12.748771,JM1
CAATGGTCAAGCTCAG-1,3.268137,-8.562689,U2OS OGG-/-
CAATGGTCAATCTATC-1,9.220636,5.55408,NALM6
CAATGGTCAGCTAGGC-1,3.5876095,1.4533918,JURKAT
CAATGGTCATTCCTGA-1,13.275964,14.191725,JM1
CAATGTTAGTAGTCTG-1,15.226094,-4.3614044,C8166
CAATGTTAGTATGGTT-1,18.249731,5.12604,143B
CAATTAGCAACCTGGA-1,2.6233137,-9.02928,U2OS OGG-/-
CAATTAGCAAGCACTG-1,4.6007705,1.7301666,JURKAT
CAATTAGCAATCGACG-1,2.3849654,-2.1120715,CHLA06ATRT
CAATTAGCAATCTCTG-1,12.359067,12.590687,JM1
CAATTAGCATTCGTAT-1,-3.79345,14.1571665,KHM1B
CAATTCCTCAGTAGTT-1,-2.0441551,3.492049,HAP1 MUTYH-/-
CAATTCCTCTAAGCGC-1,-2.105997,4.4161654,HAP1 MUTYH-/-
CAATTGGTCATGCTAG-1,2.5234816,6.572085,PF382
CAATTGGTCCCTGGTC-1,2.5773292,5.1630125,PF382
CAATTTCCAAATCCGG-1,0.46634814,11.953411,DND41
CAATTTCCAGGCAGCT-1,11.33366,-5.9125485,JURKAT
CAATTTCCATCCTGAC-1,6.5494165,11.713537,RH30
CACAACATCACCATAG-1,19.121784,6.76036,143B
CACAACATCCAATGAT-1,-2.856466,3.1587124,HAP1 MUTYH-/-
CACAACATCGACCTGG-1,4.9931784,6.1558766,PF382
CACAACATCGCTATGA-1,2.6234028,15.606075,TE617T
CACAACATCGTTAGCA-1,2.4913352,5.3570857,PF382
CACAAGCTCAAGTAAG-1,-3.8327978,-2.3049018,HELA XPA-/-
CACAAGCTCCTTCGCA-1,-4.1967907,2.5291646,HAP1 MUTYH-/-
CACAAGCTCGATGCAC-1,2.621299,8.959645,PF382
CACAAGCTCGTTCACT-1,20.653568,-1.6421328,SAOS2
CACAAGTCAATCCTTG-1,18.621176,4.7047315,143B
CACAAGTCACTTCGTA-1,-1.8133922,3.7267015,HAP1 MUTYH-/-
CACAAGTCAGGTTCAG-1,12.607645,0.08306828,ALLSIL
CACAAGTCATTCCTGA-1,1.5131742,12.390805,DND41
CACAATTAGGGTCCTG-1,10.83491,-0.017632693,ALLSIL
CACAATTAGGTACGCT-1,3.63752,-8.70278,U2OS OGG-/-
CACACAATCAATCTGG-1,3.9855652,1.6245726,JURKAT
CACACAATCAGGAAGT-1,17.509428,4.517604,143B
CACACAATCAGGACTC-1,2.0530803,-9.7964,U2OS OGG-/-
CACACACAGCCGAGTT-1,9.951409,-11.072416,TK6 LIG4-/-
CACACACAGCGAGACA-1,10.940886,-8.698542,TK6 LIG4-/-
CACACACAGCGGATGA-1,15.170389,-3.55519,C8166
CACACACAGGCGCTCA-1,16.536783,4.156708,143B
CACACAGCACCTCGTG-1,17.865963,6.847311,143B
CACACCCTCACTCATC-1,17.691954,6.250939,143B
CACACCCTCCCTCTAG-1,15.300175,-4.09047,C8166
CACACCCTCTATGTGG-1,10.394139,0.22054736,ALLSIL
CACACCTCAAACCGAT-1,17.096752,5.6909156,143B
CACACCTCAATACGGT-1,0.9354654,15.485676,TE617T
CACACCTCACTCAAGG-1,6.9045944,12.069877,RH30
CACACTAAGGCACATC-1,-3.8468018,-2.992323,HELA XPA-/-
CACACTAAGGGTCCAT-1,15.978113,-7.1077447,C8166
CACACTAAGTGACCGT-1,3.612285,-10.1035795,U2OS OGG-/-
CACACTAAGTGATGCC-1,2.5406752,4.784348,PF382
CACAGGCCAACTGCGA-1,1.9214544,5.3285108,PF382
CACAGGCCAAGTGCCA-1,14.248313,5.0265107,143B
CACAGGCCAATGCCAG-1,3.0741343,-2.0520346,CHLA06ATRT
CACAGGCCATCGGTGA-1,9.326501,-3.6783478,CHLA06ATRT
CACAGGCCATTCGCGT-1,2.0518174,8.10336,PF382
CACAGGTTCCAGCAGT-1,8.08643,3.7954109,NALM6
CACAGGTTCGATCACA-1,0.5026086,15.156771,TE617T
CACAGGTTCGTGATAT-1,10.166792,-0.840432,ALLSIL
CACATAACAGGAACGG-1,-1.1559882,-3.4319742,HELA XPA-/-
CACATAACATAACGTA-1,13.270799,6.1037254,143B
CACATAGTCCAACTGA-1,4.0714674,-8.771245,U2OS OGG-/-
CACATATAGCGGACTT-1,9.877665,-8.558059,TK6 LIG4-/-
CACATATAGGATGATA-1,18.056583,5.9292607,143B
CACATATAGGGGACTA-1,15.3834305,4.2141314,143B
CACATATAGTGCCAGT-1,15.0576935,4.8333235,143B
CACATCAAGAATCGGG-1,3.403716,-3.8973632,CHLA06ATRT
CACATCAAGCATCGCG-1,7.585931,15.492098,SUPT11
CACATCAAGTGTCCTT-1,8.988018,4.2446065,NALM6
CACATCCCAAGCTTAA-1,-3.1381378,-2.8423214,HELA XPA-/-
CACATTAGTATGGTGA-1,3.5040824,-9.436857,U2OS OGG-/-
CACATTAGTCATCCAG-1,9.556143,5.41866,NALM6
CACATTAGTCATGAAG-1,2.6720924,-7.770048,U2OS OGG-/-
CACATTAGTGGGTTGG-1,2.3811855,-8.533953,U2OS OGG-/-
CACATTAGTTCCCTGT-1,12.944596,12.730836,JM1
CACATTGAGGTCGAAG-1,10.668865,-0.023872854,ALLSIL
CACATTGAGTGGCAAG-1,20.136593,6.4343543,143B
CACATTGAGTTAGATC-1,1.2845366,-9.151362,U2OS OGG-/-
CACATTTCAAACTGCG-1,18.825525,6.942455,143B
CACATTTCAACGGTCA-1,13.765811,6.0281215,143B
CACATTTCATCGCTGT-1,3.3615184,-9.045243,U2OS OGG-/-
CACATTTCATGGCAGC-1,9.517075,-9.396588,TK6 LIG4-/-
CACCAAATCCATCTAC-1,17.688528,7.453878,143B
CACCAAATCCCGTTCA-1,17.381462,7.998531,143B
CACCAACAGCTATCGA-1,17.193636,5.9796257,143B
CACCAACAGGATAGGT-1,5.258878,7.124305,PF382
CACCAACAGTGGCTGT-1,10.631851,-8.884942,TK6 LIG4-/-
CACCAATGTCATCCAG-1,1.8412374,16.477428,TE617T
CACCAATGTGCATCCA-1,10.419798,0.24905501,ALLSIL
CACCACCTCCGTGTCC-1,17.08485,8.004116,143B
CACCACCTCGTACCTT-1,15.641833,4.000076,143B
CACCAGACAAGTTCAA-1,13.217992,13.656138,JM1
CACCAGACAATCGTGG-1,11.685894,12.622885,JM1
CACCAGACAATTCGCC-1,0.86951965,12.755342,DND41
CACCAGACACCATGTC-1,2.5073435,7.0877566,PF382
CACCAGACAGCTCTCG-1,-3.3825903,2.4462314,HAP1 MUTYH-/-
CACCAGACATTACGAA-1,3.2174613,-8.762144,U2OS OGG-/-
CACCAGTAGCAATCAT-1,10.294608,-0.78867,ALLSIL
CACCAGTAGCCAGTTA-1,8.672615,3.2869413,NALM6
CACCAGTAGGATTCAT-1,2.6537356,7.2689304,PF382
CACCAGTAGGGGACTA-1,14.037271,14.328142,JM1
CACCATAAGCCTGATA-1,11.150454,-1.5056666,ALLSIL
CACCATAAGTGATCTG-1,1.6912812,16.869009,TE617T
CACCATCCATGACGGC-1,1.6948867,15.334465,TE617T
CACCATCCATGGATTA-1,3.7369764,-2.8636596,CHLA06ATRT
CACCATTTCCGTGAAC-1,3.2951221,-1.4151505,CHLA06ATRT
CACCATTTCGACTGGT-1,15.639817,5.750858,143B
CACCATTTCGAGTCTA-1,11.401755,-5.8226852,JURKAT
CACCATTTCGCGTCCT-1,-6.8378167,8.279557,EOL1
CACCATTTCGTCTAAG-1,16.665548,4.296751,143B
CACCATTTCTCACAGA-1,-3.9001367,3.6430204,HAP1 MUTYH-/-
CACCCAAGTATGGGTA-1,6.802084,-3.7729604,CHLA06ATRT
CACCCAAGTTATCTAG-1,15.025303,-4.182216,C8166
CACCCAAGTTCTGGGC-1,-2.7086136,-3.8865414,HELA XPA-/-
CACCCAAGTTGCTTGG-1,11.295338,0.77830094,ALLSIL
CACCCATCAAGTGTAC-1,18.346403,6.4917274,143B
CACCCGTTCACTCAGA-1,5.7651834,7.3488064,PF382
CACCCGTTCCTGAGAC-1,16.250246,8.05657,143B
CACCCGTTCGCATCAA-1,0.26599377,12.463503,DND41
CACCCTGCAATAGTGC-1,8.5498085,10.42224,RH30
CACCCTGCACTCAGCT-1,3.071056,5.475341,PF382
CACCCTGCACTTGATT-1,0.5007388,15.77481,TE617T
CACCCTTGTTCTGGAT-1,16.266787,6.620803,143B
CACCGAACAAACTATG-1,-1.5055357,-3.4611504,HELA XPA-/-
CACCGAACAACTACCC-1,0.18331508,12.670003,DND41
CACCGAACACTAATTC-1,14.569512,7.3565564,143B
CACCGAACACTTACCA-1,18.83108,6.520528,143B
CACCGAACAGGTAGGG-1,2.6327913,-2.3992114,CHLA06ATRT
CACCGATAGCTGAGAG-1,14.312407,5.9510503,143B
CACCGATAGGGCCATT-1,2.528619,-2.0632493,CHLA06ATRT
CACCGATAGGTCGAAG-1,11.145269,0.62412,ALLSIL
CACCGATAGGTTGCTA-1,14.373322,5.8612347,143B
CACCGCAAGATAGTCT-1,6.220225,14.943601,SUPT11
CACCGCAAGCCACGAT-1,-2.3490944,-4.0049486,HELA XPA-/-
CACCGCAAGGATCTAT-1,-3.1778738,2.3200123,HAP1 MUTYH-/-
CACCGCAAGGGCTGAA-1,6.8165584,17.135468,SUPT11
CACCGCAAGGTGCATC-1,14.327126,13.903974,JM1
CACCGCAAGTGATAGA-1,1.6449558,7.9671216,PF382
CACCGCTTCAGCAGGA-1,7.858153,15.231238,SUPT11
CACCGCTTCCCCAATT-1,-0.7533516,-3.9176552,HELA XPA-/-
CACCGCTTCCTGGTAA-1,13.744782,7.282668,143B
CACCGCTTCGCGCATG-1,2.6477792,8.783531,PF382
CACCGTAGTCAGTAGA-1,3.634796,1.5499125,JURKAT
CACCGTAGTGAGCGTG-1,11.915129,12.168499,JM1
CACCGTAGTGCGATCC-1,17.455809,5.824336,143B
CACCGTTCAGGTTACG-1,-1.352232,-4.7221117,HELA XPA-/-
CACCTATTCCGGATGT-1,15.258401,-6.082241,C8166
CACCTATTCTAGATAC-1,11.217238,12.416098,JM1
CACCTCATCAGTTGAT-1,-4.1647053,2.9115417,HAP1 MUTYH-/-
CACCTCATCCCAATTC-1,18.962252,8.074782,143B
CACCTCATCCGTTAAG-1,19.384151,7.98212,143B
CACCTCATCTGTGCAA-1,17.102837,6.766725,143B
CACCTCGCAACTTCGC-1,1.9890206,-10.4554205,U2OS OGG-/-
CACCTCGCATCCTGTA-1,7.713546,3.8617563,NALM6
CACCTCTGTCCATCTC-1,-3.728809,-2.7002938,HELA XPA-/-
CACCTCTGTTCCCTGT-1,13.301367,6.2924047,143B
CACCTCTGTTTCCTTG-1,14.433824,12.606644,JM1
CACCTGCTCCACCTGC-1,-2.0004916,-3.8342655,HELA XPA-/-
CACCTGCTCGAAGGGC-1,-0.9738613,-3.505051,HELA XPA-/-
CACCTGCTCGATTAGT-1,-1.6947738,-3.3898885,HELA XPA-/-
CACCTGCTCGTACCTT-1,-1.9601185,-4.0924063,HELA XPA-/-
CACCTGCTCGTGATAT-1,2.03983,-10.025595,U2OS OGG-/-
CACCTTTAGCAGGGTA-1,5.768655,0.6102687,JURKAT
CACCTTTAGGGCAGTA-1,2.2997437,15.539148,TE617T
CACCTTTAGTACGGTC-1,1.2071841,16.62747,TE617T
CACCTTTAGTTACCGA-1,11.856875,10.870078,JM1
CACGAAAGTAATCCTA-1,19.416466,-1.0009427,SAOS2
CACGAAAGTTTGGAAG-1,13.472457,13.646542,JM1
CACGACCGTAAGCGAC-1,14.468236,6.372331,143B
CACGACCGTATGTGAG-1,6.082843,12.109435,RH30
CACGACCGTTTACTGA-1,-2.9513316,-3.5100925,HELA XPA-/-
CACGACTAGCCAGTCG-1,13.610412,12.420304,JM1
CACGACTAGGGTCCAT-1,17.03885,6.2318025,143B
CACGAGGGTGGCCTAC-1,7.907398,10.198596,RH30
CACGATGCACAGGACC-1,-2.9788628,-3.2644322,HELA XPA-/-
CACGATTGTAAGCATG-1,4.327726,1.6109204,JURKAT
CACGATTGTCCATTAA-1,2.049199,12.45164,DND41
CACGATTGTCTAGGAA-1,13.431556,13.666383,JM1
CACGATTGTGAGAGCT-1,-3.8004515,14.113753,KHM1B
CACGCAACAAAGGATG-1,-0.9070971,-4.9151545,HELA XPA-/-
CACGCAACAAATGGGA-1,6.9270353,-3.7189977,CHLA06ATRT
CACGCAACAAGGTGCC-1,3.0526574,-9.260917,U2OS OGG-/-
CACGCCAAGAACCTGC-1,4.2645903,1.7384139,JURKAT
CACGCCAAGCCAGGTT-1,10.682165,-10.378507,TK6 LIG4-/-
CACGCCAAGCCTGACG-1,-3.9309306,3.5324144,HAP1 MUTYH-/-
CACGCCAAGGTGACGA-1,5.7154403,7.374714,PF382
CACGCCAAGTCAGGTC-1,-0.8432993,-4.883784,HELA XPA-/-
CACGCTAGTCATGGTT-1,15.136591,4.640266,143B
CACGCTAGTCTTGGAT-1,7.0319242,15.235282,SUPT11
CACGCTAGTGGGTTGG-1,15.938758,4.7381907,143B
CACGCTAGTTAACGAG-1,1.2343688,-9.196399,U2OS OGG-/-
CACGGCTGTTATCGGT-1,4.133826,-3.1775224,CHLA06ATRT
CACGGCTGTTCCTCGT-1,14.580457,6.63522,143B
CACGGGTCAATGCGTG-1,10.887341,0.15798876,ALLSIL
CACGGGTCATCGGGAC-1,2.0339322,-9.588593,U2OS OGG-/-
CACGGTTAGGTGCTAC-1,3.7483706,-7.712901,U2OS OGG-/-
CACGGTTAGTTGGCTA-1,19.481453,7.1743116,143B
CACGTAATCACCCTTG-1,4.429521,1.4778758,JURKAT
CACGTAATCCAGCTAA-1,16.807737,8.009981,143B
CACGTAATCCCATAGA-1,7.8241425,-3.5498207,CHLA06ATRT
CACGTAATCGATATGT-1,1.3234205,7.6345634,PF382
CACGTATGTGCAAGTA-1,7.3570175,11.087354,RH30
CACGTATGTTCACCGA-1,-2.2596667,-3.4472473,HELA XPA-/-
CACGTATGTTGGCCTA-1,14.326892,4.4978404,143B
CACGTTGGTGAACGGT-1,-2.4152339,2.8954797,HAP1 MUTYH-/-
CACGTTGGTGACGATA-1,16.400417,6.5055356,143B
CACGTTGGTTCCTCAC-1,7.758273,-4.383754,CHLA06ATRT
CACTAACGTAAGCAAT-1,7.839769,9.586001,RH30
CACTAACGTCTGTGCA-1,3.5369272,-3.4655497,CHLA06ATRT
CACTAACGTTCGTGTG-1,1.1300436,6.36527,PF382
CACTAACGTTGCCCTT-1,7.010164,11.242368,RH30
CACTAACGTTTCGCAG-1,9.09927,4.3584332,NALM6
CACTACAAGGGTCACT-1,-3.9769666,-2.8806765,HELA XPA-/-
CACTACAAGTCGCATA-1,-3.7995455,2.3867018,HAP1 MUTYH-/-
CACTACCCAATAGGAG-1,1.1458623,11.723707,DND41
CACTACTTCACTCTCG-1,11.335082,-9.634506,TK6 LIG4-/-
CACTACTTCCATCGTT-1,-2.9508107,-3.0128822,HELA XPA-/-
CACTACTTCCATGAGC-1,10.350132,-0.38328803,ALLSIL
CACTACTTCCCCATGC-1,-2.9864185,-1.7328359,HELA XPA-/-
CACTACTTCCCTCGGT-1,10.45032,-10.105136,TK6 LIG4-/-
CACTACTTCGATGATT-1,19.43539,7.590848,143B
CACTATGAGCCACGAT-1,16.093489,4.817496,143B
CACTATGAGCCAGTGT-1,15.919726,-6.822924,C8166
CACTATGAGTAAGGAC-1,8.084117,4.1417866,NALM6
CACTCACCAACATACA-1,17.594059,8.293692,143B
CACTCACCACCACACT-1,13.824257,6.156524,143B
CACTCCATCAGGATGG-1,19.59415,7.5201087,143B
CACTCCATCAGGTAGG-1,-3.4483857,-3.5755768,HELA XPA-/-
CACTCCATCCATGAGC-1,-3.0706244,-4.1594825,HELA XPA-/-
CACTCCATCCTCGACC-1,4.0153637,1.1905035,JURKAT
CACTCCATCCTTCGCA-1,8.797111,3.225461,NALM6
CACTCCATCTGTAACG-1,18.62929,6.8563375,143B
CACTCCGCAAGCTCTC-1,20.75642,-1.9813489,SAOS2
CACTCCGCACCACACT-1,-2.7588031,3.4473474,HAP1 MUTYH-/-
CACTCCGCACTAGGGC-1,1.4230226,5.7409115,PF382
CACTCCGCATGAGCAT-1,15.117527,4.2692847,143B
CACTCGCTCATGGCAC-1,2.5413623,6.302411,PF382
CACTCGCTCCGTGCTC-1,1.4309429,-9.342597,U2OS OGG-/-
CACTCGCTCCTGCGAG-1,14.850998,-4.606127,C8166
CACTCGCTCGAATTAC-1,14.05094,5.801481,143B
CACTCGCTCGATGCTA-1,13.553605,6.1937375,143B
CACTGCCTCACCTCGC-1,15.813524,-4.8265476,C8166
CACTGCCTCCAGAGCT-1,15.518153,6.469294,143B
CACTGCCTCCGCCAAG-1,-1.1673025,-4.0986986,HELA XPA-/-
CACTGCCTCCTCTAAC-1,16.008726,-7.0629,C8166
CACTGCCTCCTTAACC-1,3.638547,-9.246937,U2OS OGG-/-
CACTGCCTCGACATTG-1,14.455619,6.9138203,143B
CACTGGACAATCTATC-1,20.53484,-1.2537901,SAOS2
CACTGGACATCGCTCG-1,10.939069,-8.656679,TK6 LIG4-/-
CACTGGGTCATGTGCA-1,1.0615243,-9.2701435,U2OS OGG-/-
CACTGGGTCCTCATAC-1,7.6148,16.295593,SUPT11
CACTGGGTCTGTGAGC-1,3.797582,-9.182082,U2OS OGG-/-
CACTGTCCAAGCTGGC-1,-2.4870033,4.3214226,HAP1 MUTYH-/-
CACTGTCCAATCCAGG-1,9.975224,-8.501114,TK6 LIG4-/-
CACTTCACAAGCTGTG-1,-4.668982,4.180354,HAP1 MUTYH-/-
CACTTCACATTACGTT-1,3.7381766,-8.218096,U2OS OGG-/-
CACTTCACATTACTGT-1,16.225698,7.9342003,143B
CAGCAAAGTAAGCTCT-1,12.267632,11.778893,JM1
CAGCAAAGTCTTGAAC-1,11.438396,-9.363729,TK6 LIG4-/-
CAGCAAAGTTGACCGC-1,1.2076021,12.605517,DND41
CAGCAAAGTTGCGCTA-1,4.467462,-4.502947,CHLA06ATRT
CAGCAATCACAATGAC-1-1,1.3288401,6.345119,PF382
CAGCAATCACAGCACA-1,1.3072106,15.654896,TE617T
CAGCACTAGGTGGCAA-1,11.763291,11.241196,JM1
CAGCAGCCAGCACCTT-1,-2.3892264,-3.6241112,HELA XPA-/-
CAGCAGCCATAATCAG-1,18.026482,7.2170997,143B
CAGCAGCCATCGACAG-1,2.4785314,8.716741,PF382
CAGCATATCCACCATT-1,4.6099133,1.06316,JURKAT
CAGCATATCCTTCGCA-1,3.1620736,0.75761974,JURKAT
CAGCATATCGATCGGT-1,2.2974846,5.9217424,PF382
CAGCATATCTTGAACG-1,17.316935,8.180928,143B
CAGCATTGTAGTAGAT-1,7.162665,15.582011,SUPT11
CAGCATTGTCTCAGTG-1,6.974083,9.788402,RH30
CAGCATTGTCTGGGCT-1,11.813265,11.76493,JM1
CAGCATTGTGACGACG-1,3.5372324,-7.88719,U2OS OGG-/-
CAGCATTGTTAATTCG-1,16.9897,3.7555616,143B
CAGCATTGTTAGTAGG-1,14.545939,7.836817,143B
CAGCCAACAACTCGGA-1,2.7971516,8.627486,PF382
CAGCCAACACATGCAG-1,-1.3332138,-4.5785084,HELA XPA-/-
CAGCCATAGATTACGT-1,7.7074604,11.635961,RH30
CAGCCATAGTTAGGAA-1,18.130802,4.560934,143B
CAGCGAGGTCATCAAC-1,1.717116,15.235777,TE617T
CAGCGAGGTTGCGCTA-1,2.9931483,-7.3219614,U2OS OGG-/-
CAGCGATTCCTCACTG-1,11.588806,11.290865,JM1
CAGCGATTCTATCGCT-1,1.4556433,6.8846087,PF382
CAGCGCATCCTCTAAC-1,17.254736,4.595911,143B
CAGCGCATCCTGGTAA-1,15.842297,-6.0843034,C8166
CAGCGCATCCTTCACG-1,3.528822,0.7143257,JURKAT
CAGCGGTCACAACGGC-1,4.4284363,-8.021713,U2OS OGG-/-
CAGCGGTCACTCATCA-1,1.8954192,-9.522858,U2OS OGG-/-
CAGCGGTCAGGCAAGG-1,17.410128,6.3814535,143B
CAGCTATGTAACGTCT-1,-2.8164284,2.4300013,HAP1 MUTYH-/-
CAGCTATGTTCGTGTG-1,17.26122,6.325315,143B
CAGCTATGTTGCCTTC-1,9.086329,3.6674774,NALM6
CAGCTCTCATGGTGAT-1,19.34297,5.5837326,143B
CAGGAACGTCAGGCGA-1,12.081337,11.80516,JM1
CAGGACAAGTCGAAGG-1,-4.097242,14.365556,KHM1B
CAGGACCCAAGGTCAT-1,10.974496,-0.10597593,ALLSIL
CAGGAGGCAACCCGAA-1,4.227246,-3.582156,CHLA06ATRT
CAGGAGGCACAACGAT-1,14.090438,7.1095376,143B
CAGGAGGCACATAGAC-1,15.445482,-7.9368353,C8166
CAGGAGGCACATAGCG-1,16.896858,6.3864613,143B
CAGGAGGCACTATCCA-1,13.770957,-5.371836,C8166
CAGGAGGCACTTCAAT-1,1.184596,15.254363,TE617T
CAGGAGGCATCACGGA-1,2.6855383,4.9849696,PF382
CAGGAGGCATGATATG-1,9.211962,3.054574,NALM6
CAGGATAGTAGCAGCG-1,-2.574323,-4.30801,HELA XPA-/-
CAGGATAGTGGCCAGA-1,1.344017,11.890294,DND41
CAGGATAGTGGCGCTT-1,10.297894,-9.589184,TK6 LIG4-/-
CAGGATAGTTTCGTAA-1,8.587298,-3.2596412,CHLA06ATRT
CAGGATTCAAGCGGAG-1,4.139686,-2.8680427,CHLA06ATRT
CAGGATTCAATTACTC-1,-3.3515086,-3.2519083,HELA XPA-/-
CAGGATTCAGCACCAA-1,11.17514,-10.556973,TK6 LIG4-/-
CAGGATTCATCCGCAT-1,16.51074,5.6758084,143B
CAGGCACCACATTCCA-1,10.617761,0.74765104,ALLSIL
CAGGCACCACCTCAGT-1,17.281393,5.2910028,143B
CAGGCACCATTACGAA-1,-3.1930513,-2.8886533,HELA XPA-/-
CAGGCACCATTAGAGC-1,16.223812,4.5577703,143B
CAGGCGAGTTGGCATT-1,14.695664,-5.151186,C8166
CAGGGATGTTTCGCAG-1,21.813711,-0.21121806,SAOS2
CAGGGCAGTGATAGGC-1,7.997344,4.406169,NALM6
CAGGGCTCAAGGGATA-1,21.232376,-1.9187635,SAOS2
CAGGGCTCACTATACT-1,8.484877,10.623799,RH30
CAGGGGACAATTACCT-1,2.2999036,14.850352,TE617T
CAGGGGTAGATACTAC-1,15.417996,4.192009,143B
CAGGGGTAGGCTATAT-1,-4.183582,3.0928247,HAP1 MUTYH-/-
CAGGGGTAGTAGTAGA-1,-0.81401765,-3.8962436,HELA XPA-/-
CAGGGTTTCGACTCAA-1,-3.5094788,2.7644503,HAP1 MUTYH-/-
CAGGTAAGTAGGTCAA-1,13.326569,-4.7956357,C8166
CAGGTCACAAGGTATC-1,-3.5660381,14.159364,KHM1B
CAGGTCACACCTAATT-1,5.9193697,15.268891,SUPT11
CAGGTCACAGCCTAGA-1,16.382837,4.1351485,143B
CAGGTCCGTATAGACG-1,10.3149185,0.36062244,ALLSIL
CAGGTCCGTTGGATTC-1,21.207132,-1.4174246,SAOS2
CAGGTGAAGAACGACG-1,9.291129,4.188515,NALM6
CAGGTGAAGATTCCAG-1,18.440947,6.342518,143B
CAGGTGAAGTAATCAC-1,11.629317,12.986242,JM1
CAGGTTATCAAGTAGA-1,3.1609159,-2.40314,CHLA06ATRT
CAGGTTATCATGTGTG-1,16.560234,4.55305,143B
CAGTAAGGTCAAGTAG-1,3.2438457,5.334375,PF382
CAGTACGCATTGGCGA-1,1.7368946,15.457125,TE617T
CAGTAGCTCACGGATC-1,3.1832855,-8.103696,U2OS OGG-/-
CAGTAGCTCATCGTAG-1,-3.1652787,2.0204208,HAP1 MUTYH-/-
CAGTAGCTCCAGCCTC-1,10.524851,-0.09565188,ALLSIL
CAGTAGCTCGATATGT-1,14.597631,-5.0235176,C8166
CAGTAGCTCTAATCGG-1,9.253955,-11.641208,TK6 LIG4-/-
CAGTAGGAGAAGGTTA-1,8.591904,-4.3040752,CHLA06ATRT
CAGTAGGAGCCGCGTA-1,21.330645,0.014239356,SAOS2
CAGTAGGAGGATTCAT-1,3.4816835,2.75533,JURKAT
CAGTAGGAGGTGGAGC-1,4.8703637,5.3988185,PF382
CAGTAGGAGTGAAGTA-1,9.363974,-9.140301,TK6 LIG4-/-
CAGTAGGAGTGACCTA-1,2.1268167,12.466731,DND41
CAGTAGTCAATACGAC-1,14.316785,7.765433,143B
CAGTAGTCACTTGGCT-1,14.5566635,4.5808,143B
CAGTAGTCATAGACAC-1,16.912142,5.14321,143B
CAGTAGTCATAGGTTA-1,7.8071046,-3.6813908,CHLA06ATRT
CAGTATTAGGAACCTC-1,14.391075,7.8959837,143B
CAGTATTAGTAATCAC-1,14.043326,-4.9438686,C8166
CAGTATTAGTCAATCG-1,18.390223,6.607288,143B
CAGTATTAGTTAGACT-1,1.2038584,7.8763566,PF382
CAGTCAATCCGTGAGT-1,6.6266985,16.236155,SUPT11
CAGTCAATCGCGCCTT-1,2.1406438,15.912608,TE617T
CAGTCCTCAAGTGAAG-1,11.19835,-9.459095,TK6 LIG4-/-
CAGTCCTCACCTGGAA-1,19.203909,7.821427,143B
CAGTCCTCATCGGTTC-1,3.7151554,2.794079,JURKAT
CAGTCCTCATTGGAAC-1,-3.8951526,2.839151,HAP1 MUTYH-/-
CAGTCTAAGATTGACT-1,3.1646876,0.54340464,JURKAT
CAGTCTAAGCCATCAA-1,1.0450913,5.789828,PF382
CAGTCTAAGTGCCCAG-1,10.28387,-8.691097,TK6 LIG4-/-
CAGTTAACAGTAAGGA-1,10.032298,4.187706,NALM6
CAGTTACGTCTGGGTC-1,16.804602,5.207467,143B
CAGTTACGTTCACCTC-1,11.463394,0.33744663,ALLSIL
CAGTTACGTTTCGAGT-1,3.4661512,5.6330295,PF382
CAGTTAGTCACACACA-1,15.445951,-5.478015,C8166
CAGTTAGTCGCATAGC-1,17.443365,5.8564005,143B
CAGTTCAAGAACCTTG-1,3.01909,2.2229657,JURKAT
CAGTTCAAGATACTAC-1,15.664869,5.3437347,143B
CAGTTCAAGATTGCGC-1,8.13479,3.5630846,NALM6
CAGTTCAAGATTGCTG-1,2.4271855,8.768267,PF382
CAGTTCAAGCCTAGAC-1,-4.451877,2.4737074,HAP1 MUTYH-/-
CAGTTCAAGGATGATA-1,11.650891,-9.934407,TK6 LIG4-/-
CAGTTCAAGGGTGATG-1,-0.3997815,-3.8278747,HELA XPA-/-
CAGTTCAAGTAACCAT-1,14.338106,6.035835,143B
CAGTTCCCAAGCCACA-1,14.50466,7.104428,143B
CAGTTCCCATTACTGT-1,2.5174775,-9.544195,U2OS OGG-/-
CAGTTTAGTATTGAGG-1,14.387475,6.027951,143B
CAGTTTAGTTAACCCG-1,15.534471,3.827973,143B
CAGTTTAGTTGGTCAT-1,3.8311274,1.0756315,JURKAT
CAGTTTGAGCATAGTT-1,3.4791853,2.3817818,JURKAT
CAGTTTGAGGATGATA-1,13.824817,-4.74159,C8166
CAGTTTGAGGGGCAAC-1,5.0385485,1.3790658,JURKAT
CATAACTAGTAGGCTC-1,13.361338,12.402187,JM1
CATAACTAGTAGTCGC-1,3.365785,-9.952485,U2OS OGG-/-
CATAAGCCAACTGTGG-1,15.631613,-6.54684,C8166
CATAAGCCAGTTGCGA-1,7.8187866,16.79989,SUPT11
CATAAGCCATAGGCCA-1,2.3699155,15.504259,TE617T
CATAAGCCATCACTAT-1,14.521391,-4.4162793,C8166
CATAAGGGTGGGTAGT-1,4.2252707,-8.07789,U2OS OGG-/-
CATAAGGGTTATGCTA-1,8.78862,-4.3852572,CHLA06ATRT
CATACAACACCTCGCA-1,4.6396217,6.799701,PF382
CATACATAGCATATAC-1,1.3440166,15.830852,TE617T
CATACATAGCCTCTGC-1,2.14872,6.480936,PF382
CATACATAGGGGATGC-1,14.154124,6.7700033,143B
CATACATAGTCAGCTA-1,6.0975943,15.669417,SUPT11
CATACATAGTCAGGCT-1,8.888016,5.518683,NALM6
CATACCAAGATACTCG-1,-4.0374155,14.316938,KHM1B
CATACCAAGGATGGCA-1,16.062477,4.285564,143B
CATACCAAGTAATTGC-1,3.6342413,-8.2576475,U2OS OGG-/-
CATACCCCAAGTGCCA-1,1.8711678,-9.40531,U2OS OGG-/-
CATACCCCATCACATT-1,16.019981,-5.5850034,C8166
CATACTGAGCTGAGAG-1,7.1447535,10.927445,RH30
CATACTGAGGATTGGG-1,8.712141,5.2106,NALM6
CATACTTCAAACTATG-1,7.2137346,17.37717,SUPT11
CATACTTCAGCACTTC-1,15.919308,6.852869,143B
CATACTTCATCAATCT-1,-1.8652134,-4.0451827,HELA XPA-/-
CATACTTCATCGAAGT-1,13.675721,12.167107,JM1
CATACTTCATGACGTG-1,1.9566197,12.778846,DND41
CATAGAGGTAACGAAT-1,8.51819,10.307356,RH30
CATAGAGGTTATGCTA-1,18.188185,8.050434,143B
CATAGATTCACCATGA-1,21.256939,-1.5151081,SAOS2
CATAGATTCATGCCAA-1,11.135829,-0.2114194,ALLSIL
CATAGCATCTGGTGAC-1,-3.8401222,-3.1682894,HELA XPA-/-
CATAGCCAGCTAACTG-1,2.825015,-2.5819173,CHLA06ATRT
CATAGCCAGGAATTAG-1,-1.4943354,-3.492554,HELA XPA-/-
CATAGCGCATCCGGTT-1,6.9068274,11.261162,RH30
CATAGCTGTAGTTGCT-1,-3.3997016,1.9302716,HAP1 MUTYH-/-
CATAGCTGTCAAGGAC-1,4.691883,2.1272676,JURKAT
CATAGCTGTGAGATAT-1,1.9746041,12.418142,DND41
CATAGCTGTGATCCGC-1,0.6388497,7.025299,PF382
CATAGCTGTTAGGTGA-1,15.875329,-7.4518175,C8166
CATAGCTGTTATCACA-1,-3.046663,-3.0916047,HELA XPA-/-
CATAGGCTCCATAGGC-1,-2.64213,-3.742381,HELA XPA-/-
CATAGGCTCCCATAGA-1,15.950921,-7.1839347,C8166
CATAGGGAGATTAGCT-1,8.299643,3.4799263,NALM6
CATAGGGAGGAGGCGT-1,-6.8742766,8.31839,EOL1
CATAGGTCAATCGCTC-1,7.2765813,10.067827,RH30
CATAGGTCAATCGTCC-1,-0.34531063,11.284461,DND41
CATAGTTAGGAATTAG-1,10.8432455,-1.290229,ALLSIL
CATAGTTAGTCGAGTC-1,11.356896,-9.1229515,TK6 LIG4-/-
CATATAGCAATACCTT-1,1.1899409,8.52757,PF382
CATATAGCACAGGGCT-1,14.270457,6.3744435,143B
CATATAGCATTGGCAG-1,14.147086,-3.8160858,C8166
CATATCCTCAGGTTGC-1,13.230498,0.19892566,ALLSIL
CATATCCTCCGTCAGG-1,13.790792,5.3053803,143B
CATATCTCAAATTACG-1,15.959027,-5.1034293,C8166
CATATCTCAAGGTCCA-1,3.7207618,-2.1290023,CHLA06ATRT
CATATCTCACTCGCAT-1,9.981088,-10.579389,TK6 LIG4-/-
CATATGGTCGATGCGT-1,17.36297,5.120855,143B
CATATTCCAACCTGGA-1,7.21923,-2.5428665,CHLA06ATRT
CATATTCCACCTGTAC-1,14.548271,-3.7396913,C8166
CATATTCCAGGCAGGA-1,5.2199836,1.5581223,JURKAT
CATATTCCATGCAGTG-1,-4.372712,4.628827,HAP1 MUTYH-/-
CATATTGGTAGTTGAG-1,8.220944,5.963933,NALM6
CATATTGGTCTAACCG-1,1.9393992,9.345512,PF382
CATATTGGTTGAGGCG-1,-0.703013,11.818838,DND41
CATCAATAGGAACCGA-1,-2.5276978,-4.3591576,HELA XPA-/-
CATCACAAGCGCTCTC-1,4.2227902,-8.001123,U2OS OGG-/-
CATCACAAGCTACTCT-1,3.8037965,0.41385654,JURKAT
CATCACAAGGGCTTCG-1,13.907416,14.648288,JM1
CATCACCCAAACCTGG-1,-1.8571367,-1.9984957,HELA XPA-/-
CATCACCCAAGGGCAG-1,20.057184,6.5781446,143B
CATCACCCAGGTTACG-1,-0.8663184,12.118756,DND41
CATCACTTCCAATTCC-1,1.0425583,12.451792,DND41
CATCACTTCCATCCGC-1,13.524214,8.175269,143B
CATCACTTCCCTCGAC-1,-3.82978,13.698947,KHM1B
CATCACTTCCGTGATA-1,4.3364534,-4.913292,CHLA06ATRT
CATCACTTCGAACCTA-1,12.666998,6.6784363,143B
CATCAGGCACTTACTG-1,3.2504227,0.33386937,JURKAT
CATCATTCAAGTTCCC-1,20.09255,-1.620318,SAOS2
CATCATTCAGCACCAA-1,1.9402626,-9.762489,U2OS OGG-/-
CATCCAAAGCCGCATG-1,6.684943,11.6970825,RH30
CATCCAAAGCTGGATC-1,-2.7448275,-3.9041305,HELA XPA-/-
CATCCACCAAACTACA-1,3.6188235,-4.2290173,CHLA06ATRT
CATCCACCACCATGAG-1,13.431158,5.4605246,143B
CATCCACCACCTATGC-1,1.5207429,17.048553,TE617T
CATCCACCATTAGCTT-1,-2.1793306,2.8072584,HAP1 MUTYH-/-
CATCCACCATTGCCGT-1,15.569061,-7.5504675,C8166
CATCCAGGTCTTGATA-1,14.269722,4.243244,143B
CATCCAGGTCTTGCCT-1,1.2614796,6.440417,PF382
CATCCAGGTGAGATCA-1,14.615946,-4.1875057,C8166
CATCCAGGTGATGGAC-1,0.8081012,15.823909,TE617T
CATCCAGGTTGCCTTC-1,3.8501449,1.6184634,JURKAT
CATCCAGGTTGCTTCC-1,7.81404,10.288475,RH30
CATCCCATCCACCTTG-1,11.240368,0.2771086,ALLSIL
CATCCCGCAACGTTCC-1,8.137042,5.6105547,NALM6
CATCCCGCACAGCAAT-1,-4.1377645,3.09166,HAP1 MUTYH-/-
CATCCCGCAGGCATCA-1,3.821482,-7.5734863,U2OS OGG-/-
CATCCCGCATCCTCGG-1,-3.4256663,-3.297574,HELA XPA-/-
CATCCCTGTAATGTGG-1,8.240636,10.391359,RH30
CATCCCTGTATTGCAC-1,3.1877294,6.765982,PF382
CATCCCTGTGAGTGCG-1,15.992578,-7.246844,C8166
CATCCGCTCATGGCGT-1,1.6037251,11.781942,DND41
CATCCGCTCGACTCAA-1,-1.0917127,-4.79789,HELA XPA-/-
CATCCGCTCGAGTGGA-1,11.818748,-9.231884,TK6 LIG4-/-
CATCCGGAGAAGCAAC-1,4.1072884,-4.7136035,CHLA06ATRT
CATCCGGAGCAAGGCA-1,-3.157268,-3.2829225,HELA XPA-/-
CATCCGGAGCTACTGA-1,2.7767718,1.1530381,JURKAT
CATCCGGAGGTACGTC-1,9.175761,-4.2726645,CHLA06ATRT
CATCCGGAGTCAGCAC-1,9.832964,-8.801073,TK6 LIG4-/-
CATCCGGAGTGGCCTG-1,11.252646,-0.9788833,ALLSIL
CATCGCCTCAGCTATG-1,-1.9593923,3.1695888,HAP1 MUTYH-/-
CATCGCCTCTGTGCAA-1,2.355007,-7.555634,U2OS OGG-/-
CATCGTCCAAGCGCAC-1,16.257204,7.6200147,143B
CATCGTCCAAGTAGCT-1,3.6636152,5.2782164,PF382
CATCGTCCATCATAGA-1,21.19223,-1.2825061,SAOS2
CATCGTTTCACGGATC-1,14.591905,4.8063025,143B
CATCGTTTCCGCAAGT-1,1.5081043,8.8920765,PF382
CATCGTTTCCGCGCTT-1,15.128598,-4.3789687,C8166
CATCGTTTCTATGCCT-1,18.5654,6.30644,143B
CATCTAAGTAAGCTAG-1,3.288333,-7.906791,U2OS OGG-/-
CATCTAAGTAAGTAGT-1,9.1677,5.6152015,NALM6
CATCTAAGTCAGTCCA-1,14.919129,-3.9833965,C8166
CATCTAAGTGAGGACT-1,-4.3897095,3.4849663,HAP1 MUTYH-/-
CATCTAAGTGGGTTGG-1,-3.384499,-3.6285725,HELA XPA-/-
CATCTAAGTTGACGTT-1,1.6002097,12.363559,DND41
CATCTAAGTTTCGGAT-1,-3.381852,-4.1044316,HELA XPA-/-
CATCTCACAGCACCAA-1,5.7988377,6.469323,PF382
CATCTCACAGGTAGCC-1,5.423098,6.811006,PF382
CATCTGTTCCTGTAAG-1,9.428522,-3.6878715,CHLA06ATRT
CATCTGTTCCTTCCTC-1,1.942003,-10.201967,U2OS OGG-/-
CATCTGTTCTAGTGAT-1,15.220182,4.3642464,143B
CATCTTGCAACCTGTC-1,3.3186965,-7.691713,U2OS OGG-/-
CATCTTGCAAGCGCGT-1,7.040993,11.701906,RH30
CATGAACCAAGCATTA-1,7.293667,9.6138525,RH30
CATGAACCACAGGGCT-1,4.9984417,5.2269545,PF382
CATGAAGGTAGCTTCG-1,17.02673,6.347568,143B
CATGAAGGTCAACTGT-1,4.41746,-3.4887824,CHLA06ATRT
CATGAAGGTTCGTCAG-1,-0.60557485,12.070134,DND41
CATGAAGGTTGAGTAG-1,2.1016972,6.1556344,PF382
CATGAAGGTTTCGATA-1,14.49206,14.755457,JM1
CATGATTAGGATAGGT-1,9.275409,-11.249499,TK6 LIG4-/-
CATGATTAGGTACACC-1,2.005351,12.679421,DND41
CATGCAATCCATCTCG-1,9.843533,-8.39874,TK6 LIG4-/-
CATGCAATCTCACCAT-1,4.443432,1.2581444,JURKAT
CATGCAATCTGTCACT-1,18.402271,7.586166,143B
CATGCCAGTCAGCGAG-1,-1.7138653,-2.0955005,HELA XPA-/-
CATGCCAGTGAAGCGT-1,8.618936,10.329453,RH30
CATGCCTCAAACCGTG-1,15.553463,5.4208426,143B
CATGCCTCAATACCAA-1,8.992757,3.298172,NALM6
CATGCCTCAATGGAAG-1,21.39749,-1.2769735,SAOS2
CATGCCTCAATTGGAC-1,4.349864,-4.2469363,CHLA06ATRT
CATGCCTCAGGGCCAT-1,13.721726,5.7043653,143B
CATGCTGGTCAACGGG-1,-2.9920652,4.062451,HAP1 MUTYH-/-
CATGCTGGTCCATCAG-1,12.77572,-1.0104126,ALLSIL
CATGCTGGTGGCTCTA-1,11.849283,-9.886732,TK6 LIG4-/-
CATGCTGGTTTAGCAC-1,15.721553,-4.5335164,C8166
CATGGGTTCGCTCCGT-1,17.55828,8.391484,143B
CATGGTCAGCTTACTC-1,3.1566727,0.87677425,JURKAT
CATGGTCAGGATTGCC-1,-1.4393979,-4.142987,HELA XPA-/-
CATGGTCAGGTTCAAT-1,16.86447,7.2417984,143B
CATGGTCAGGTTCCGG-1,2.0838234,14.670682,TE617T
CATGGTCAGTAATCCG-1,4.053271,-3.568375,CHLA06ATRT
CATGGTCAGTCGAACC-1,-1.1101648,-4.36633,HELA XPA-/-
CATGGTTGTAATCAGG-1,1.2275218,11.547811,DND41
CATGGTTGTTACACCG-1,7.2151995,-2.6047127,CHLA06ATRT
CATGTCAAGCGCCATG-1,14.962257,5.862414,143B
CATGTCAAGGCAATCC-1,-3.7707388,-2.4113948,HELA XPA-/-
CATGTCAAGTTGCGGT-1,14.590852,4.4841485,143B
CATGTTAGTGCAGTAA-1,2.924816,-8.951332,U2OS OGG-/-
CATGTTGAGCAATCGC-1,14.735188,4.1899953,143B
CATTAACAGTCGAAGG-1,5.5863843,6.630833,PF382
CATTACCTCATCTCTA-1,13.575245,7.849541,143B
CATTACCTCCATGCCC-1,1.9392765,-10.056667,U2OS OGG-/-
CATTACCTCCGCGATG-1,9.306086,4.268744,NALM6
CATTACCTCCGCGGTA-1,7.8180437,3.8632686,NALM6
CATTACCTCCTCGTGC-1,4.589445,-3.4690917,CHLA06ATRT
CATTACTCATTAACCT-1,12.015259,-0.41433614,ALLSIL
CATTAGTAGATTCAGT-1,-2.8896725,2.562967,HAP1 MUTYH-/-
CATTAGTAGCCTCTAT-1,13.285846,7.782274,143B
CATTAGTAGCGATGCT-1,14.944737,5.6357327,143B
CATTAGTAGGCGTACT-1,16.642904,5.5726686,143B
CATTAGTAGGGGTACA-1,14.469412,-5.629994,C8166
CATTCAAGTAACGCGG-1,14.484887,14.591053,JM1
CATTCAAGTATGTGGA-1,8.29258,6.3706284,NALM6
CATTCAAGTCTTGCCT-1,-1.7692428,-3.072564,HELA XPA-/-
CATTCAAGTTCCCGTT-1,15.678037,-3.7635794,C8166
CATTCATCACTTGACC-1,-3.029327,2.262473,HAP1 MUTYH-/-
CATTCATCAGTAATTG-1,5.5697365,5.5738444,PF382
CATTCATCAGTTGCGA-1,11.856225,11.135229,JM1
CATTCGAAGATAGGAC-1,2.7821007,1.8815802,JURKAT
CATTCGAAGGCGTAAG-1,0.87849975,15.668829,TE617T
CATTCGAAGTCATTCC-1,11.076357,-9.586337,TK6 LIG4-/-
CATTCGCCAAATCGCG-1,2.2934558,5.0744863,PF382
CATTCGCCACTTCATG-1,0.6920111,16.208782,TE617T
CATTCGCCATAAGTGC-1,2.7923586,-2.5177312,CHLA06ATRT
CATTCGTTCAGTATCG-1,-3.6139326,1.0190412,HAP1 MUTYH-/-
CATTCGTTCCCGCACT-1,8.305838,16.707817,SUPT11
CATTCGTTCCGTATAG-1,11.064297,-9.034188,TK6 LIG4-/-
CATTCGTTCGTTCCAT-1,1.981575,12.308678,DND41
CATTCTATCACAGACC-1,13.438231,6.0871496,143B
CATTGCTTCTTGACAG-1,14.30962,4.328034,143B
CATTGGATCACACCAA-1,11.460876,-9.636859,TK6 LIG4-/-
CATTGGATCACCAGTA-1,1.962682,4.9966416,PF382
CATTGGATCAGGTGAG-1,3.2207134,-9.2141,U2OS OGG-/-
CATTGGATCATATCCC-1,9.28559,-11.643147,TK6 LIG4-/-
CATTGGGCATTAGATG-1,10.832116,-9.98312,TK6 LIG4-/-
CATTGTGAGATTAGTC-1,-2.4027045,3.6924922,HAP1 MUTYH-/-
CATTGTGAGCGGATCT-1,13.4726715,13.601737,JM1
CATTTAGGTCCATCGA-1,-3.2144427,4.507577,HAP1 MUTYH-/-
CATTTAGGTGCAGGTG-1,-3.3053796,2.663959,HAP1 MUTYH-/-
CATTTCATCATCTGTC-1,-1.5135665,-3.185457,HELA XPA-/-
CATTTCATCCGGGTAT-1,14.166953,13.949783,JM1
CATTTCGCAACTTAGA-1,20.312183,-1.4058548,SAOS2
CATTTCGCAATGGAGA-1,7.673522,-2.5063474,CHLA06ATRT
CATTTGAGTGAACGCG-1,14.518806,4.125937,143B
CATTTGAGTGACGACG-1,-2.422624,-3.7570097,HELA XPA-/-
CATTTGAGTTAATCGC-1,3.000436,-2.4218698,CHLA06ATRT
CATTTGCTCTATCACC-1,3.5467439,0.629691,JURKAT
CATTTGGAGCCATGAC-1,-0.735691,12.357423,DND41
CATTTGGAGGCAACTC-1,-7.230434,8.683371,EOL1
CATTTGGAGGGGACAC-1,3.2942328,0.51053226,JURKAT
CATTTGGAGTTAATGC-1,17.278133,6.322354,143B
CCAAAGCTCCGCCTAC-1,15.215365,-4.281903,C8166
CCAAAGTCAATCGTAA-1,5.3959947,5.278216,PF382
CCAAAGTCATAATTGG-1,-1.1931515,-4.680282,HELA XPA-/-
CCAAATGTCAATCGTG-1,18.06713,5.865957,143B
CCAAATTAGATTCAGT-1,2.3317947,-9.12708,U2OS OGG-/-
CCAAATTAGGGTATCC-1,-3.9835868,13.773139,KHM1B
CCAAATTAGTACCATG-1,7.3972373,17.51502,SUPT11
CCAAATTAGTCATAGT-1,15.4907055,6.2536826,143B
CCAACCCTCACAGGCT-1,6.3364515,11.455688,RH30
CCAACCCTCGTGACTA-1,-2.8931148,3.871252,HAP1 MUTYH-/-
CCAACCTCAACTGGCA-1,15.399451,-6.9469953,C8166
CCAACCTCACCTTGGT-1,11.101673,-9.271515,TK6 LIG4-/-
CCAACCTCATCGCTTA-1,21.570219,0.16468665,SAOS2
CCAACTAAGCAATTAC-1,2.9293265,-9.197916,U2OS OGG-/-
CCAACTAAGCGATCAC-1,16.84839,5.7801657,143B
CCAACTAAGGCGTTCG-1,-0.64769423,-3.3569694,HELA XPA-/-
CCAACTGGTAATCCTA-1,14.754136,14.11434,JM1
CCAACTGGTATGTGGA-1,0.67867136,15.55234,TE617T
CCAACTGGTTGTCCCT-1,6.2760353,12.010267,RH30
CCAACTGGTTTAAGCC-1,20.793703,-1.2448534,SAOS2
CCAACTGGTTTCAGCG-1,8.299239,5.318631,NALM6
CCAAGGGGTATGGTCT-1,8.505928,10.830643,RH30
CCAAGGTTCCCTGACC-1,2.6665869,-2.1700795,CHLA06ATRT
CCAAGGTTCGAATGAA-1,21.05818,-2.084443,SAOS2
CCAAGGTTCGCGTTCC-1,16.376678,5.2031665,143B
CCAAGTCAGCTACTTC-1,17.90981,8.57637,143B
CCAAGTCAGTAATTGC-1,2.9263153,6.846044,PF382
CCAAGTCAGTTACGTG-1,13.956902,-4.571992,C8166
CCAATAGTCGATGGAG-1,-4.805645,2.7841923,HAP1 MUTYH-/-
CCAATAGTCTGGTAGC-1,13.386676,14.488673,JM1
CCAATATAGCCATGCG-1,21.403002,-1.4038014,SAOS2
CCAATATAGCCTTGGG-1,-2.391474,2.9399931,HAP1 MUTYH-/-
CCAATCAAGCCCTGTC-1,10.201619,-8.189284,TK6 LIG4-/-
CCAATCAAGGATTACT-1,-3.3045242,2.3267004,HAP1 MUTYH-/-
CCAATCAAGGGGTTAG-1,-3.9045765,14.076226,KHM1B
CCAATCCCAAACCTAA-1,14.415677,13.811285,JM1
CCAATCCCAAGTGGAA-1,3.739235,-3.194903,CHLA06ATRT
CCAATCCCAGGACTTG-1,2.5341032,6.643378,PF382
CCAATCCCAGGTAGTT-1,8.850482,4.7827196,NALM6
CCAATTAGTTAGACAG-1,7.2132387,-3.185136,CHLA06ATRT
CCAATTGAGCCGCAAT-1,1.7567776,-8.933006,U2OS OGG-/-
CCAATTGAGTCAAGTT-1,3.4699965,-9.251576,U2OS OGG-/-
CCAATTTCATCACGAG-1,18.35312,8.261054,143B
CCACAACAGATTGGCC-1,-2.8699331,4.695055,HAP1 MUTYH-/-
CCACAACAGCGGTCCA-1,15.805089,4.8882847,143B
CCACAACAGGGCAGGT-1,-1.559412,3.7843342,HAP1 MUTYH-/-
CCACACAGTAACGTGA-1,11.19858,-10.826352,TK6 LIG4-/-
CCACACAGTTGCTCAG-1,4.4117,-4.885981,CHLA06ATRT
CCACACAGTTTGACTA-1,4.4849114,1.4555521,JURKAT
CCACAGACAAGCATGT-1,3.7202635,-2.4180315,CHLA06ATRT
CCACAGACAGGTAACT-1,17.806877,7.3281245,143B
CCACAGACATGCTTGC-1,8.351646,10.107584,RH30
CCACATAAGTATGGCC-1,7.7290516,10.213975,RH30
CCACATCCAACCAGCA-1,14.652458,6.0684977,143B
CCACATCCATCCTGAC-1,9.597436,-4.2346015,CHLA06ATRT
CCACATCCATCGCTGT-1,10.243393,0.8655877,ALLSIL
CCACATGGTCATCACG-1,3.81723,8.1039295,PF382
CCACATGGTTCGTAGT-1,3.2214777,-9.962517,U2OS OGG-/-
CCACCAAGTCTTGGGC-1,1.962802,-9.27472,U2OS OGG-/-
CCACCAAGTTAGCACT-1,8.519701,3.2522829,NALM6
CCACCAAGTTCCAGCA-1,14.702018,5.0860233,143B
CCACCAAGTTCCGCTT-1,-1.542543,-3.6497447,HELA XPA-/-
CCACCAAGTTGAGGAC-1,8.134905,3.3826225,NALM6
CCACCATCAATCTGAA-1,14.218858,-4.7773175,C8166
CCACCATCAGGCTCAA-1,11.549214,-8.906212,TK6 LIG4-/-
CCACCGTTCATACTGG-1,13.497135,12.836485,JM1
CCACCGTTCATCACGA-1,3.8177986,1.6890017,JURKAT
CCACCTATCAGGTTGC-1,15.779209,4.649976,143B
CCACCTATCCCTCACA-1,7.8438826,4.807463,NALM6
CCACCTATCCGGTGAT-1,6.3851986,-3.42372,CHLA06ATRT
CCACCTCAGCATGCAC-1,12.157396,11.546575,JM1
CCACCTCAGTGCAACC-1,2.8463998,1.7012254,JURKAT
CCACCTGCAATGTATG-1,11.811124,0.6436419,ALLSIL
CCACCTGCATCCACTA-1,-2.9121473,2.200333,HAP1 MUTYH-/-
CCACCTTGTAAGCGTA-1,11.765439,12.176174,JM1
CCACCTTGTAGCTCCA-1,6.1115446,15.00143,SUPT11
CCACCTTGTGGACCCT-1,3.7408657,1.4500633,JURKAT
CCACCTTGTTCACGGC-1,2.3365073,-7.673109,U2OS OGG-/-
CCACCTTGTTTGAGCT-1,13.324992,5.426532,143B
CCACGAACACCTCATA-1,15.660965,4.99966,143B
CCACGAACATCCTAAT-1,0.92887396,9.501306,PF382
CCACGATAGAATCCGC-1,3.7846942,2.8503819,JURKAT
CCACGATAGCCGATTA-1,14.761765,6.12266,143B
CCACGCAAGGTGGCAA-1,13.77928,14.493555,JM1
CCACGCAAGTAAGTCT-1,-3.4070559,2.7613919,HAP1 MUTYH-/-
CCACGCAAGTGTCCGG-1,7.957205,16.675522,SUPT11
CCACGGATCACCACGG-1,2.2237172,6.468406,PF382
CCACGGATCCTCATGT-1,9.488645,-10.667547,TK6 LIG4-/-
CCACGGATCTCACAGA-1,2.8014224,7.4401917,PF382
CCACGTAGTAGTTACC-1,16.537996,-5.628813,C8166
CCACGTAGTGAGTGAC-1,20.664799,-1.3883923,SAOS2
CCACGTAGTTTACGAC-1,3.4606543,6.7713604,PF382
CCACGTTCATGGATGT-1,19.929731,-1.1563908,SAOS2
CCACGTTCATTGCGTC-1,11.064084,-10.17488,TK6 LIG4-/-
CCACTAAAGAAGGGTT-1,3.4291382,7.135799,PF382
CCACTAAAGATTAGAG-1,10.589225,0.7845949,ALLSIL
CCACTAAAGCATGCAC-1,15.388513,4.5994487,143B
CCACTAAAGGAACCCT-1,6.4931464,11.884488,RH30
CCACTAAAGTGACCAC-1,1.2098218,8.217014,PF382
CCACTAGGTAACTCCG-1,0.8032322,15.002732,TE617T
CCACTAGGTAGTGCTT-1,20.676853,-1.9232011,SAOS2
CCACTAGGTCTCACTC-1,-2.152992,-3.993123,HELA XPA-/-
CCACTAGGTGACTTCG-1,-3.7108603,4.282883,HAP1 MUTYH-/-
CCACTATTCAGCAATT-1,9.590654,-11.010085,TK6 LIG4-/-
CCACTATTCCATGTCT-1,9.75802,-11.729654,TK6 LIG4-/-
CCACTATTCTAGCCTT-1,16.580948,5.8857055,143B
CCACTATTCTGGTGTA-1,0.93218946,12.099786,DND41
CCACTTACAAACTCAA-1,15.674409,4.867565,143B
CCACTTACACCATCAC-1,4.465237,-4.7290797,CHLA06ATRT
CCACTTACACCTTCCC-1,4.1794314,0.6705659,JURKAT
CCACTTACATAACGAC-1,-2.680569,4.47115,HAP1 MUTYH-/-
CCACTTACATTCGTAT-1,3.5548503,-9.446986,U2OS OGG-/-
CCAGAATCAATCGGGC-1,7.012224,11.213586,RH30
CCAGAATCAGGATAGA-1,13.522158,6.7013645,143B
CCAGAATCATAAGCGT-1,-1.1268848,-4.0696187,HELA XPA-/-
CCAGAATCATTGCCGT-1,4.0147443,-3.1451046,CHLA06ATRT
CCAGACCGTAAGCCAA-1,7.7933264,-3.367676,CHLA06ATRT
CCAGACCGTAGCAGCG-1,2.991709,6.37727,PF382
CCAGACCGTCAAGTCT-1,2.1729832,-10.30674,U2OS OGG-/-
CCAGACCGTCTAATCA-1,2.0487137,-10.316387,U2OS OGG-/-
CCAGACTAGTGACGAG-1,2.1423357,15.452984,TE617T
CCAGAGAAGCGATGGA-1,12.017231,11.789715,JM1
CCAGAGAAGGTGCAAG-1,2.554983,-7.5060472,U2OS OGG-/-
CCAGATGCAGGATGGG-1,1.9949943,8.61505,PF382
CCAGATGCATCCGTAC-1,8.184959,3.6868033,NALM6
CCAGATTGTCAGGGAT-1,20.941061,-1.6698775,SAOS2
CCAGATTGTCTTGCGA-1,2.4781065,8.572467,PF382
CCAGATTGTGGCGAAT-1,17.591694,6.288576,143B
CCAGATTGTTTCCTTG-1,2.925504,7.171565,PF382
CCAGCAACAGTACCAG-1,15.628356,4.884194,143B
CCAGCCAAGATAGGAC-1,20.768559,-2.1498122,SAOS2
CCAGCCAAGCTATGCA-1,18.712292,6.222439,143B
CCAGCCTTCCGTAGGT-1,0.98560405,12.13167,DND41
CCAGCTAGTAATGCGA-1,7.460998,-2.6603217,CHLA06ATRT
CCAGCTAGTGCACCGT-1,-3.9489028,13.856887,KHM1B
CCAGGCATCCGCAAGT-1,16.166254,6.487894,143B
CCAGGCATCGTACAGC-1,19.834112,-2.0001256,SAOS2
CCAGGTTAGCCAGACT-1,1.3958774,11.831121,DND41
CCAGGTTAGTGAGCAG-1,14.605189,7.5488524,143B
CCAGTAATCACATACG-1,16.782602,7.7321696,143B
CCAGTAATCAGCAAGG-1,9.6308565,4.4486384,NALM6
CCAGTAATCCGTCCTA-1,9.692887,4.1255493,NALM6
CCAGTAATCGAGTCTA-1,7.855006,16.370468,SUPT11
CCAGTAATCTAAGTGT-1,0.73682344,11.27318,DND41
CCAGTATGTAATGAGT-1,14.550117,4.209081,143B
CCAGTATGTAATGCTC-1,15.153182,-4.5766473,C8166
CCAGTATGTCTTGGGC-1,1.3219564,14.998931,TE617T
CCAGTCCTCACTGGGT-1,6.0181265,6.791472,PF382
CCAGTCCTCCGCGCAA-1,3.9705822,-8.985258,U2OS OGG-/-
CCAGTCCTCCGTTAAG-1,3.448327,-8.357796,U2OS OGG-/-
CCAGTCCTCTGGCCTC-1,17.512537,7.679369,143B
CCAGTTAAGCCGCATG-1,9.407597,-4.2245994,CHLA06ATRT
CCAGTTAAGCGGTCAT-1,1.6008437,-9.116288,U2OS OGG-/-
CCAGTTGGTTGCTCAG-1,6.4985657,10.92975,RH30
CCAGTTGGTTTGCGAT-1,9.393026,-11.508539,TK6 LIG4-/-
CCATAACGTGCACGAG-1,-1.3921648,7.127022,C8166
CCATAACGTGGACATA-1,14.421915,12.64079,JM1
CCATAACGTTCGTATA-1,20.590551,-2.2958183,SAOS2
CCATAAGTCATGGACC-1,12.163521,13.26251,JM1
CCATAAGTCCAGCGAT-1,1.9473077,-10.350655,U2OS OGG-/-
CCATAAGTCCGGTTGG-1,3.521925,-9.071628,U2OS OGG-/-
CCATAATAGCATGACC-1,4.150273,-4.4034963,CHLA06ATRT
CCATAATAGCGCCATG-1,15.3824835,-3.7936203,C8166
CCATAATAGGGTAGTG-1,16.568924,7.890069,143B
CCATAATAGTGAGTAA-1,7.3021445,11.629842,RH30
CCATACTTCGATGCCG-1,10.671029,-10.3719845,TK6 LIG4-/-
CCATACTTCGTAATGT-1,14.457899,6.709411,143B
CCATACTTCGTGACCG-1,21.609356,-0.57008773,SAOS2
CCATATAGTAGTGTGA-1,-0.3418235,-3.2281272,HELA XPA-/-
CCATATAGTTAGTACC-1,4.1011205,-8.8714075,U2OS OGG-/-
CCATATAGTTATCAGC-1,17.737595,7.901033,143B
CCATATAGTTGCATGT-1,4.9269032,2.093494,JURKAT
CCATCACCAACCTCTA-1,-2.6716945,-3.5185764,HELA XPA-/-
CCATCACCACAACCTC-1,4.2641044,-3.2442892,CHLA06ATRT
CCATCACCACATAGCG-1,15.84678,8.011232,143B
CCATCACCAGTACCCT-1,7.2374296,-2.8130877,CHLA06ATRT
CCATCAGGTCAGGAAC-1,14.274938,5.7132945,143B
CCATCAGGTGGCGTAG-1,6.670635,-3.1244602,CHLA06ATRT
CCATCAGGTGGGTCTC-1,3.41993,-8.568417,U2OS OGG-/-
CCATCAGGTTGCAATC-1,14.35948,13.377027,JM1
CCATCATTCACAGCTA-1,-3.283428,2.2681072,HAP1 MUTYH-/-
CCATCATTCACATTCC-1,6.6713014,11.528245,RH30
CCATCATTCACCTTCG-1,13.40768,6.0523796,143B
CCATCATTCGCGTCTC-1,3.9049761,-8.360342,U2OS OGG-/-
CCATCATTCGCTTCCA-1,21.619398,0.08479558,SAOS2
CCATCCGCAATATGCA-1,16.117147,6.0113926,143B
CCATCCGCACCATCTA-1,6.857124,-4.140386,CHLA06ATRT
CCATCCGCACTTCAGC-1,1.2540616,12.081818,DND41
CCATCCGCATGCTGTC-1,14.456086,6.117832,143B
CCATCCTGTGAAGCAC-1,18.394142,7.120673,143B
CCATCCTGTTGGCGAG-1,2.7678652,-10.3391695,U2OS OGG-/-
CCATCCTGTTTCGCCT-1,13.61459,-0.5430121,ALLSIL
CCATCGCTCACGCCGA-1,10.831568,-0.3865939,ALLSIL
CCATCGCTCGCGAATC-1,1.9816095,-7.988719,U2OS OGG-/-
CCATCGCTCTAACCGA-1,4.198996,0.19644043,JURKAT
CCATCTTAGGATGAGT-1,14.802189,5.577943,143B
CCATGCCTCGCTCTCA-1,17.098608,8.268636,143B
CCATGGGTCAATTGCG-1,2.7818668,15.070327,TE617T
CCATGGGTCCATGTCT-1,3.8150234,-3.983572,CHLA06ATRT
CCATGTCCAAATGGCT-1,6.002597,15.32862,SUPT11
CCATGTCCATAGACGT-1,-0.119332455,12.048201,DND41
CCATGTCCATCACAGG-1,13.759314,14.103518,JM1
CCATTAAGTAATGGTG-1,0.5680631,16.039639,TE617T
CCATTAAGTGGACCGA-1,-3.698574,2.61581,HAP1 MUTYH-/-
CCATTAAGTGGCTTCA-1,-3.0543153,-3.584188,HELA XPA-/-
CCATTAAGTTTCGGCA-1,16.467106,6.4196424,143B
CCATTAGAGCGGTCCA-1,9.097768,-11.848668,TK6 LIG4-/-
CCATTAGAGTAGACTT-1,1.7409798,5.7822995,PF382
CCATTAGAGTTAGGCC-1,1.5798112,6.442166,PF382
CCATTAGAGTTGCTTC-1,6.462175,15.949199,SUPT11
CCATTGAAGCTAGGCT-1,17.746235,4.910578,143B
CCATTTGCAGGGCCAT-1,16.036863,7.606151,143B
CCCAAATGTAACGACA-1,4.1018844,3.0401042,JURKAT
CCCAAATGTTCAATGC-1,11.45214,11.038195,JM1
CCCAACCTCACGGATC-1,5.562146,0.9027129,JURKAT
CCCAACCTCCAGAGGA-1,20.326359,-1.1423386,SAOS2
CCCAACCTCCGGGTTG-1,14.8701725,-3.4300447,C8166
CCCAACCTCGATTCAG-1,4.588926,-4.5486493,CHLA06ATRT
CCCAACCTCTGTGGCG-1,-2.816069,-4.014533,HELA XPA-/-
CCCAAGGTCCGGGCTA-1,0.9648531,8.63215,PF382
CCCAAGGTCTCACTCG-1,14.6478405,4.912879,143B
CCCAATCCAACTGGAT-1,3.6863322,0.8151027,JURKAT
CCCAATCCAGCAGTAT-1,15.74063,6.265347,143B
CCCAATCCATCCTCGG-1,7.9527283,4.1225643,NALM6
CCCAATCCATCCTGCG-1,15.172196,4.2633862,143B
CCCAATTTCAATCCCT-1,1.8899275,-8.523508,U2OS OGG-/-
CCCAATTTCACAGCAC-1,1.5475291,16.72688,TE617T
CCCAATTTCAGTGCTA-1,7.0162306,-2.808992,CHLA06ATRT
CCCAATTTCATATCCC-1,8.104249,10.069622,RH30
CCCACGTTCACATGAT-1,4.859491,5.4265785,PF382
CCCACGTTCCACCTAT-1,4.9698973,1.637592,JURKAT
CCCACTATCCAGGTTA-1,18.932957,6.6593723,143B
CCCACTATCCCTTGAT-1,11.68853,-1.4614885,ALLSIL
CCCACTATCCTTCGTG-1,1.5506741,9.377517,PF382
CCCACTATCCTTGGTT-1,14.25214,6.314637,143B
CCCACTTGTAAGTGCA-1,-0.4027211,12.55139,DND41
CCCACTTGTGACTTCG-1,14.020372,13.67368,JM1
CCCAGCAAGCCTGACG-1,2.0273037,9.382259,PF382
CCCAGCAAGCTTCCCA-1,10.596017,4.3826585,NALM6
CCCAGCAAGGTCCACG-1,17.682693,8.160903,143B
CCCAGGATCAGCGATC-1,14.863118,4.379823,143B
CCCAGGATCCCATACT-1,-3.4919753,2.2236502,HAP1 MUTYH-/-
CCCAGGATCGAATCCA-1,-3.663958,14.56054,KHM1B
CCCAGGATCGTAGTTG-1,14.062215,5.6766787,143B
CCCAGGATCTTGACTC-1,7.752058,-4.5409403,CHLA06ATRT
CCCAGTGAGCAATCGC-1,14.051721,5.174713,143B
CCCAGTGAGCCTTCGC-1,2.6122923,6.040726,PF382
CCCAGTGAGGCGCTAT-1,13.924048,14.72021,JM1
CCCAGTGAGGCTATAT-1,4.5611587,6.7638307,PF382
CCCAGTGAGGGTTGAG-1,-1.8437517,-3.6337214,HELA XPA-/-
CCCATAGGTCTTGGGC-1,3.1089747,-8.542023,U2OS OGG-/-
CCCATAGGTGGGTCTC-1,17.271118,7.2915225,143B
CCCATAGGTTAGTCAC-1,10.904536,-10.639333,TK6 LIG4-/-
CCCATAGGTTGTCCCT-1,7.6319275,16.942602,SUPT11
CCCATATTCCCGTGCT-1,3.6575787,2.9708745,JURKAT
CCCATATTCCGCAAGT-1,18.288336,4.4923687,143B
CCCATCATCGCTATCT-1,3.5872023,-9.787262,U2OS OGG-/-
CCCATCATCTGGTCAA-1,14.79698,6.5997963,143B
CCCATCGCAACCGGAC-1,14.279632,13.578298,JM1
CCCATCGCAATGACGT-1,13.947391,-4.456901,C8166
CCCATCTGTCTGGCTA-1,6.0842447,12.037272,RH30
CCCATCTGTGCATCGC-1,16.972548,5.276008,143B
CCCATGCTCCACCTCA-1,6.356134,15.429215,SUPT11
CCCATGCTCCATCCTG-1,-3.3308966,-3.3532948,HELA XPA-/-
CCCATTGTCAGCGAGA-1,3.3477368,-1.4814216,CHLA06ATRT
CCCATTGTCGTGCCCT-1,1.525656,-10.067746,U2OS OGG-/-
CCCATTGTCTAGCCAA-1,20.248709,6.2598457,143B
CCCATTTAGCATATCG-1,11.7167635,12.426383,JM1
CCCATTTAGGTAGTAA-1,17.382723,6.8082013,143B
CCCGAACGTAATGTCC-1,1.0435519,8.314734,PF382
CCCGAACGTCAGGCTC-1,1.2357459,9.471726,PF382
CCCGAACGTTGACCAT-1,3.5481944,-7.1934247,U2OS OGG-/-
CCCGAACGTTTGCGAT-1,3.908694,-8.678585,U2OS OGG-/-
CCCGAATAGCGAACCT-1,5.5441318,0.87692124,JURKAT
CCCGAATAGGATGGTG-1,2.0629447,12.384654,DND41
CCCGAATAGTAATGGA-1,-1.685456,-3.341859,HELA XPA-/-
CCCGACAAGATTGCCA-1,-1.6312383,-4.677429,HELA XPA-/-
CCCGACAAGCAAGGTG-1,-1.3467143,-3.2852592,HELA XPA-/-
CCCGACAAGGTCAACC-1,20.656,-2.7648764,SAOS2
CCCGACAAGTGCTCAA-1,18.412046,6.8798428,143B
CCCGATGAGGTCGAGA-1,2.538912,-10.276733,U2OS OGG-/-
CCCGATGAGTGACCGT-1,3.946085,2.0036974,JURKAT
CCCGATGAGTGCCCGA-1,4.965404,5.1906314,PF382
CCCGATTCAATGTAGC-1,-3.0610237,3.2064238,HAP1 MUTYH-/-
CCCGATTCAATTAGGC-1,21.284306,-1.8540716,SAOS2
CCCGATTCATAAGCCG-1,0.30624714,12.570412,DND41
CCCGATTCATGAGCTG-1,17.421314,5.296306,143B
CCCGCATTCCATTCCG-1,11.020676,-10.205691,TK6 LIG4-/-
CCCGCTTAGGCGAATG-1,-0.904538,-3.3238049,HELA XPA-/-
CCCGCTTAGGTACATT-1,13.904809,6.8639197,143B
CCCGGTAAGGGTATGG-1,1.2732073,11.643722,DND41
CCCGGTAAGGTTCCAA-1,-3.186094,2.399181,HAP1 MUTYH-/-
CCCGGTAAGTCGATTG-1,11.924081,-0.38199106,ALLSIL
CCCGGTAAGTTGGACC-1,3.3409412,0.6823479,JURKAT
CCCGGTTTCACCTATC-1-1,2.8692887,-9.760403,U2OS OGG-/-
CCCGGTTTCGACCAGT-1,6.862943,10.604177,RH30
CCCGGTTTCTCACATC-1,17.789513,5.291611,143B
CCCGTAAGTCAGTATC-1,4.488602,1.3707795,JURKAT
CCCGTAAGTGGGTCGA-1,-1.285407,-3.8450212,HELA XPA-/-
CCCGTAAGTTGAGCCC-1,8.353758,4.020974,NALM6
CCCGTAAGTTTGGATC-1,20.43833,-2.1738963,SAOS2
CCCGTTATCGATGCCG-1,-3.2202156,-3.601446,HELA XPA-/-
CCCGTTGCAATAGCGT-1,3.9128354,-3.786708,CHLA06ATRT
CCCGTTGCACCTGCCA-1,2.5342174,7.6573067,PF382
CCCGTTGCAGGATCGC-1,-2.0640285,-3.9281933,HELA XPA-/-
CCCGTTGCAGGCTCAA-1,13.7378435,5.231333,143B
CCCTAACCAACATTGA-1,11.921946,10.954344,JM1
CCCTAACCAGGCAAGG-1,3.8327217,-7.315923,U2OS OGG-/-
CCCTAATTCCACCGGA-1,16.14153,6.939122,143B
CCCTAATTCGAACGTC-1,15.197092,4.49305,143B
CCCTAATTCGATAGTT-1,-3.944004,4.3324428,HAP1 MUTYH-/-
CCCTAGCTCCAATGTG-1,11.240002,-9.261619,TK6 LIG4-/-
CCCTAGCTCCTGATAG-1,4.9159946,2.1581254,JURKAT
CCCTAGCTCGTGCGAT-1,11.211785,0.064949624,ALLSIL
CCCTATGTCCGCGTGA-1,-0.43817297,11.837669,DND41
CCCTATGTCCGGGTTG-1,1.4099411,8.239112,PF382
CCCTATGTCGATTGCA-1,7.229776,11.09724,RH30
CCCTATGTCGCGTTCC-1,-1.074376,-3.7849972,HELA XPA-/-
CCCTCAATCAGCACCG-1,-3.3094864,-3.1565824,HELA XPA-/-
CCCTCAATCGTGATTG-1,13.340406,13.4538,JM1
CCCTCACAGCCAGTGT-1,4.735856,-7.737614,U2OS OGG-/-
CCCTCACAGGTCCAGT-1,16.499012,5.297458,143B
CCCTCACAGTACGGAG-1,9.134566,-3.6025343,CHLA06ATRT
CCCTCACAGTCATTCC-1,15.688456,-6.2328854,C8166
CCCTGAGAGCCAGTGT-1,-0.8205217,-3.871227,HELA XPA-/-
CCCTGAGAGCGGTTAC-1,16.619469,7.00596,143B
CCCTGAGAGTAGCACC-1,18.250399,5.7268205,143B
CCCTGAGAGTGACCCG-1,14.225738,7.063135,143B
CCCTGGTTCACCTGGG-1,14.200418,5.908063,143B
CCCTGGTTCGAGCACT-1,1.3584265,5.1428814,PF382
CCCTGTTGTCAACGAA-1,15.631711,-4.170791,C8166
CCCTGTTGTCTAGGTT-1,-0.18269643,12.386867,DND41
CCCTTAACAACTAATG-1,-3.9829044,14.546487,KHM1B
CCCTTAACACCTTCGG-1,2.483441,7.132276,PF382
CCCTTAACACTCAACC-1,6.907666,-4.2832522,CHLA06ATRT
CCCTTACGTAATCCAC-1,3.4328926,8.219675,PF382
CCCTTACGTAGCTCGC-1,6.5242534,17.31171,SUPT11
CCCTTACGTGGGTTGG-1,3.4871995,2.5650418,JURKAT
CCCTTACGTTACACTA-1,4.2131214,-8.061189,U2OS OGG-/-
CCCTTAGTCAATCTGG-1,2.8376172,-9.330431,U2OS OGG-/-
CCCTTAGTCACACAGC-1,-3.619564,14.364491,KHM1B
CCCTTAGTCACGTAAT-1,13.79427,5.147922,143B
CCCTTAGTCGCGTAAC-1,14.758586,6.200772,143B
CCCTTAGTCTGGTGTA-1,-4.0774283,2.5521362,HAP1 MUTYH-/-
CCCTTGATCCTGCGGA-1,0.9537725,11.549702,DND41
CCCTTGATCTATCCAC-1,2.1973789,-10.37477,U2OS OGG-/-
CCCTTTAGTCAGGACG-1,18.20111,5.8021574,143B
CCCTTTAGTGAACTGA-1,7.7317266,10.892148,RH30
CCCTTTAGTGACTTCG-1,11.319329,-5.8207455,JURKAT
CCCTTTAGTGGAAGGA-1,8.396259,4.6835036,NALM6
CCGAAATCAAACTTAG-1,2.7149036,14.888376,TE617T
CCGAAATCAATCTGCC-1,-2.6893425,2.760792,HAP1 MUTYH-/-
CCGAAATCACAAGCTG-1,3.9432728,5.7571816,PF382
CCGAAATCATTACTGT-1,15.32411,5.491792,143B
CCGAACTAGTGATTCG-1,6.3820014,11.742263,RH30
CCGAACTAGTGGCTAC-1,12.708432,13.000684,JM1
CCGAATATCCATGAGC-1,7.492117,15.657945,SUPT11
CCGAATATCTAGCGCG-1,-2.3909905,-2.353855,HELA XPA-/-
CCGAATATCTGTCATC-1,-2.8499615,2.4389086,HAP1 MUTYH-/-
CCGAATGCAATTAGCA-1,16.841541,7.356099,143B
CCGAATGCATTAGTTC-1,16.491652,5.294578,143B
CCGAATTGTAGGCGTG-1,17.676548,5.7562146,143B
CCGAATTGTCAGTCCA-1,4.3877025,-7.456787,U2OS OGG-/-
CCGAATTGTTAGGGAC-1,15.112348,-5.0852294,C8166
CCGAATTGTTCGATTA-1,21.191196,-2.25394,SAOS2
CCGACAACACTTACTG-1,1.9996058,-9.7513275,U2OS OGG-/-
CCGACATAGAAGCTAA-1,15.746353,-3.842357,C8166
CCGACATAGGATCTGC-1,14.709421,-5.420097,C8166
CCGACATAGTGCAATT-1,10.839701,-9.657522,TK6 LIG4-/-
CCGACCAAGGAATGCG-1,17.217373,7.1797304,143B
CCGACCAAGTAAGTGA-1,1.6222109,-9.858914,U2OS OGG-/-
CCGACCTTCACCAATG-1,16.846508,7.0423436,143B
CCGACCTTCACGCCTC-1,-0.028138576,12.552106,DND41
CCGACCTTCATCGTCT-1,16.787098,4.691268,143B
CCGACCTTCATCTCTA-1,14.705273,5.9133797,143B
CCGACCTTCCAGATCA-1,11.86408,12.331369,JM1
CCGACCTTCCGTCATT-1,7.633724,11.419129,RH30
CCGACTAGTCTGGGTC-1,13.97765,14.700282,JM1
CCGACTAGTGAACCGG-1,8.3928585,3.9283538,NALM6
CCGACTAGTTCCAGCA-1,15.579442,-5.358224,C8166
CCGACTTCAACCTCTA-1,20.658672,-2.6002915,SAOS2
CCGACTTCACTTGCAC-1,3.9853158,2.5656137,JURKAT
CCGACTTCATCGGTAG-1,18.77521,6.8644114,143B
CCGACTTCATTACGGG-1,15.643275,4.87653,143B
CCGACTTCATTCCTAG-1,0.9385445,8.261137,PF382
CCGATTAAGTAAGGCG-1,10.47987,0.6276409,ALLSIL
CCGATTGGTCAACCCA-1,2.4991565,5.5268145,PF382
CCGATTGGTGACCGAG-1,14.565739,4.725884,143B
CCGATTGGTGAGGCAT-1,15.249765,4.171893,143B
CCGATTGGTGAGGTTA-1,14.947008,5.3336916,143B
CCGATTGGTGGGTCCT-1,-4.107581,4.446362,HAP1 MUTYH-/-
CCGCAATAGCCTTCGC-1,2.3827353,-10.335906,U2OS OGG-/-
CCGCAATAGCGGCATT-1,14.198731,8.187651,143B
CCGCATTCAAGGGCAG-1,1.5629174,16.878576,TE617T
CCGCATTCATCGGTCT-1,13.834593,7.4910483,143B
CCGCCAAAGCATCCAA-1,20.287056,-1.5559788,SAOS2
CCGCCAAAGGTCCAGT-1,15.236739,-3.793512,C8166
CCGCCAAAGTCATTGG-1,14.258209,6.436359,143B
CCGCCATTCCAACTGA-1,6.4561415,11.603054,RH30
CCGCCTTAGTTGGGTC-1,3.5773578,-9.211391,U2OS OGG-/-
CCGCGAATCACATACG-1,9.662849,-8.363351,TK6 LIG4-/-
CCGCGAATCAGCATCA-1,18.056753,8.27884,143B
CCGCGAATCATGGCGT-1,17.295994,8.352112,143B
CCGCGAATCCGGAGTT-1,-0.16809393,12.644394,DND41
CCGCGAATCTAGTTCC-1,19.701498,-2.6637712,SAOS2
CCGCGAATCTATCGAG-1,13.889611,6.7307286,143B
CCGCGATGTAGCTGCC-1,8.09367,15.157675,SUPT11
CCGCGATGTGAGCAAC-1,10.69859,-0.58275497,ALLSIL
CCGCGATGTTAGTAGG-1,-3.8162522,-2.3908298,HELA XPA-/-
CCGCGTTTCCCCATGC-1,10.373195,-8.538321,TK6 LIG4-/-
CCGCGTTTCCGCGATG-1,3.8872192,0.9169743,JURKAT
CCGCGTTTCGCGCGTA-1,5.4344006,6.6731887,PF382
CCGCGTTTCTAATGCG-1,17.291552,6.060315,143B
CCGCTAAGTGAGTAAT-1,9.505605,-3.5784204,CHLA06ATRT
CCGCTAAGTGCATTCG-1,-6.72204,8.16164,EOL1
CCGCTAAGTTGTGATC-1,-3.2338383,3.6489184,HAP1 MUTYH-/-
CCGCTTATCCGGGTCA-1,17.167128,6.076362,143B
CCGCTTGCAAGTAGCT-1,16.500286,3.9493182,143B
CCGCTTGCAATGCCAG-1,16.747663,5.6268015,143B
CCGGAAGGTAATTGGG-1,9.189145,-10.200613,TK6 LIG4-/-
CCGGAAGGTGAGCGAT-1,16.429749,7.88892,143B
CCGGAAGGTGATCAAG-1,12.887376,-0.83214146,ALLSIL
CCGGAAGGTTGTAGTC-1,-3.7251034,4.1795974,HAP1 MUTYH-/-
CCGGATTAGAATCATC-1,20.166937,-2.641816,SAOS2
CCGGATTAGCCTCTCA-1,-3.641758,2.954295,HAP1 MUTYH-/-
CCGGCAATCCCCTTGA-1,19.932358,6.314516,143B
CCGGCATGTAGCCCTA-1,-4.62852,2.5048308,HAP1 MUTYH-/-
CCGGCTAAGCGAATCC-1,-2.380708,3.5969663,HAP1 MUTYH-/-
CCGGGTTGTTTAGCAC-1,14.045956,6.243491,143B
CCGGTACGTAGCTTCG-1,12.745586,-1.0379027,ALLSIL
CCGGTACGTGGCGTGA-1,1.8988001,-7.808403,U2OS OGG-/-
CCGGTACGTTGCAGCC-1,2.423031,-9.068154,U2OS OGG-/-
CCGGTACGTTGCCTCT-1,17.313755,5.998152,143B
CCGGTACGTTTAGCCG-1,0.33976018,12.609317,DND41
CCGGTATAGCCGATAC-1,3.6084828,7.8889937,PF382
CCGGTATAGGATCAGG-1,3.3517885,-8.259565,U2OS OGG-/-
CCGGTATAGGGTATGG-1,15.564898,7.1768675,143B
CCGGTCAAGATAGCTT-1,3.19027,-9.557094,U2OS OGG-/-
CCGGTCAAGCCGCACA-1,2.8692913,-8.2408,U2OS OGG-/-
CCGGTCAAGCTAGCAC-1,7.8083496,10.04305,RH30
CCGGTCAAGTTGGTCA-1,7.136949,11.9460335,RH30
CCGGTTAGTATGGTAG-1,11.999108,11.539643,JM1
CCGGTTAGTTGTGCCA-1,7.031918,10.544986,RH30
CCGGTTGAGGATTGGG-1,18.653677,5.8451085,143B
CCGGTTGAGGTCCAGT-1,-2.609791,-3.996672,HELA XPA-/-
CCGTAAATCCGTTACT-1,4.6808267,6.5399857,PF382
CCGTAAATCCTTGATC-1,14.252133,13.427458,JM1
CCGTAAATCTGGGCTG-1,9.992668,-9.879233,TK6 LIG4-/-
CCGTAACAGCGACTGT-1,6.7519126,-3.2605479,CHLA06ATRT
CCGTAACAGGTAATGA-1,0.36366162,12.231281,DND41
CCGTAATGTAATGCCT-1,17.116077,5.7468343,143B
CCGTAATGTGAAGTGC-1,2.9385529,2.3553905,JURKAT
CCGTAATGTGCGGTGA-1,8.8966,4.3204618,NALM6
CCGTAATGTTAAGTGG-1,8.663889,4.911874,NALM6
CCGTAATGTTAATCCA-1,15.773206,-5.9789405,C8166
CCGTAATGTTCGGCTA-1,13.830832,6.280848,143B
CCGTACCTCACCTCGC-1,6.4144373,14.996388,SUPT11
CCGTACCTCCAGCACG-1,6.8097734,-2.9737241,CHLA06ATRT
CCGTACCTCGCTCATT-1,-3.034062,-4.4507627,HELA XPA-/-
CCGTAGTAGAACCTGC-1,0.9052724,15.72156,TE617T
CCGTAGTAGAAGCGAT-1,8.671564,10.615481,RH30
CCGTAGTAGATAGAGC-1,1.5822837,5.6821327,PF382
CCGTAGTAGCTATCGA-1,1.8965224,4.981768,PF382
CCGTAGTAGGTATCCA-1,9.745989,-9.37562,TK6 LIG4-/-
CCGTATGGTCTGGGTC-1,15.399535,6.8098893,143B
CCGTCAAGTAACGTCT-1,15.330066,7.4824605,143B
CCGTCAAGTAGCCTTG-1,16.210674,5.394069,143B
CCGTCAAGTTGTGGTT-1,8.011226,-2.6012108,CHLA06ATRT
CCGTCATCAACTTACT-1,13.863644,5.973731,143B
CCGTCCACAAGTCCCT-1,15.889436,7.190971,143B
CCGTCCACAGCATGTG-1,2.393969,14.962095,TE617T
CCGTCCACATCGAAGT-1,7.8063135,16.576166,SUPT11
CCGTCCACATTACGTT-1,3.511561,-9.682624,U2OS OGG-/-
CCGTCGAAGCCAGATC-1,17.218672,4.927976,143B
CCGTCGAAGGTAACTT-1,6.173253,14.807,SUPT11
CCGTCGTTCAGCACTA-1,13.25155,12.75768,JM1
CCGTCGTTCCCCAGCT-1,9.228292,1.276691,ALLSIL
CCGTCGTTCCCGTACC-1,20.65444,-1.3065499,SAOS2
CCGTCTATCACTGTCT-1,7.5136704,9.537689,RH30
CCGTCTATCCAGGTGT-1,-2.3478038,-3.1888866,HELA XPA-/-
CCGTCTATCCCATATC-1,15.373382,-5.6603246,C8166
CCGTCTATCCCTCGGT-1,19.062143,7.7182393,143B
CCGTCTATCGCGTAAC-1,5.011358,1.2543789,JURKAT
CCGTGATAGCATTCAG-1,13.177344,-0.89354736,ALLSIL
CCGTGATAGCCCGTTC-1,-4.24969,3.6215076,HAP1 MUTYH-/-
CCGTGATAGCGCTTGG-1,14.428812,-5.1050644,C8166
CCGTGATAGGCTACAC-1,11.273404,12.954504,JM1
CCGTGATAGTCAACCA-1,9.273694,-3.4970453,CHLA06ATRT
CCGTGCAAGATAGTGA-1,18.256613,4.856049,143B
CCGTGCAAGGAGCTTC-1,10.404063,-0.17351517,ALLSIL
CCGTGCAAGGTGACAG-1,14.832898,5.181025,143B
CCGTGCAAGGTGCTTA-1,9.56593,5.265995,NALM6
CCGTGCTTCACAGCTA-1,13.489286,14.831651,JM1
CCGTGCTTCCCTGGCT-1,-3.9200454,-3.072315,HELA XPA-/-
CCGTGCTTCGACTTAG-1,0.42640167,11.836232,DND41
CCGTGCTTCGCATGTA-1,-3.445695,-3.4519427,HELA XPA-/-
CCGTGCTTCTATCAGG-1,1.5855976,6.7921023,PF382
CCGTGGATCACTTGGA-1,-4.4677405,3.6442075,HAP1 MUTYH-/-
CCGTGGATCCTGAAGC-1,11.158562,12.833128,JM1
CCGTGGATCGACTCAA-1,8.976949,-3.6090746,CHLA06ATRT
CCGTGGATCGCTCTAT-1,-1.641392,-4.3576903,HELA XPA-/-
CCGTGTGAGAACGGGC-1,-3.4960582,14.3493805,KHM1B
CCGTGTGAGCAAGGAT-1,15.785812,-4.9176674,C8166
CCGTGTGAGCGCTGCA-1,14.0619,6.423505,143B
CCGTGTGAGTTAACCG-1,16.441465,-4.7695675,C8166
CCGTGTTCAAGCTGTG-1,-2.6852849,-3.7621825,HELA XPA-/-
CCGTGTTCAATCGACG-1,-3.742175,13.742222,KHM1B
CCGTGTTCACTTGCAC-1,15.536934,7.5240574,143B
CCGTGTTCAGCTACTC-1,15.530944,6.2498035,143B
CCGTTAGGTTACTGCG-1,13.48394,6.110151,143B
CCGTTAGGTTTCCTGC-1,-4.126243,14.050073,KHM1B
CCGTTCATCCATGTGA-1,7.9044523,5.3909817,NALM6
CCGTTCATCCCGTTCA-1,17.149797,6.0687265,143B
CCGTTCATCGATGGGA-1,-2.4867089,-3.9082854,HELA XPA-/-
CCGTTCGCATGACGAT-1,0.9115936,9.0989895,PF382
CCGTTGAGTAAGGTAT-1,14.367578,4.6876254,143B
CCGTTGAGTATTGACC-1,-4.0075974,15.001033,KHM1B
CCGTTGAGTGAGGTAC-1,16.434645,-4.655337,C8166
CCGTTGAGTGCGATGG-1,-2.6068017,2.8001363,HAP1 MUTYH-/-
CCGTTGAGTTACACAC-1,-4.210351,3.9141936,HAP1 MUTYH-/-
CCGTTGAGTTATGAGG-1,1.6510366,6.435758,PF382
CCGTTGAGTTGCGACC-1,14.304667,6.5390477,143B
CCGTTGCTCACTCACT-1,9.919742,-11.027538,TK6 LIG4-/-
CCGTTGCTCCCTGTCA-1,11.803824,0.28779143,ALLSIL
CCGTTGGAGGCAATCC-1,9.561831,-4.2067914,CHLA06ATRT
CCGTTGGAGGCTACGT-1,17.352606,7.6306896,143B
CCGTTGGAGTATCTGG-1,11.209926,-8.340075,TK6 LIG4-/-
CCTAACTTCCTGATCT-1,6.600423,14.829684,SUPT11
CCTAATGAGCATTCAG-1,9.063969,-9.146705,TK6 LIG4-/-
CCTAATGAGCGCTATA-1,7.382668,-3.444267,CHLA06ATRT
CCTAATGAGTCATCCT-1,7.70573,-2.7653925,CHLA06ATRT
CCTACCATCAAGTTAC-1,6.313005,11.772882,RH30
CCTACCATCACCTGAA-1,8.211456,5.9399953,NALM6
CCTACCATCACTCTAC-1,4.871579,5.4866166,PF382
CCTACCATCGAATCAT-1,15.381034,-4.3256917,C8166
CCTACCATCTGTAACG-1,13.486336,-0.98552173,ALLSIL
CCTACCGCAATAGCGT-1,4.8390403,1.3864007,JURKAT
CCTACCGCACTTGCCG-1,0.9280969,8.978291,PF382
CCTACCGCATAGGCAT-1,10.631221,-0.7550409,ALLSIL
CCTACCTGTAGCGAGT-1,3.39744,2.6615255,JURKAT
CCTACCTGTGCGCCAT-1,18.364748,6.401333,143B
CCTACCTGTTCCGGGT-1,19.913185,-2.0967376,SAOS2
CCTACGAGTGGACCCT-1,9.3542185,-3.2940893,CHLA06ATRT
CCTACGGAGCCAGCCA-1,2.133206,8.307456,PF382
CCTACGGAGGTATGAA-1,0.0803798,12.360727,DND41
CCTAGCCTCACGTAGC-1,1.7187923,9.261485,PF382
CCTAGCCTCCGCACAG-1,9.675902,-11.165447,TK6 LIG4-/-
CCTAGCGAGGTTGCTA-1,1.6822616,7.5464525,PF382
CCTAGCTCAAGTGTCG-1,14.28151,4.9181933,143B
CCTAGCTCAATTCAAG-1,2.15462,6.1669965,PF382
CCTAGCTCACCATAGG-1,2.1160636,14.8373,TE617T
CCTAGCTCATGCTGAG-1,11.340623,-9.352008,TK6 LIG4-/-
CCTAGGGTCATAGATC-1,4.316377,2.572419,JURKAT
CCTAGGGTCGATCATG-1,1.4421699,12.175034,DND41
CCTAGGTAGAAGCTGG-1,9.030498,1.4883189,ALLSIL
CCTAGGTAGCATCACA-1,1.7164891,15.967461,TE617T
CCTAGGTAGCCTGGAT-1,6.097768,14.884442,SUPT11
CCTAGGTAGGGCAGAC-1,4.66337,-3.754168,CHLA06ATRT
CCTAGTAAGGTCATCA-1,20.764658,-1.316627,SAOS2
CCTAGTAAGTGACCCG-1,11.29957,-5.889054,JURKAT
CCTAGTAAGTGAGCCT-1,14.777745,-5.233334,C8166
CCTAGTAAGTGCCGAT-1,17.593819,6.1413894,143B
CCTAGTTTCGCGATAC-1,5.610329,5.6001534,PF382
CCTAGTTTCGCTCCGT-1,11.984631,-0.3947264,ALLSIL
CCTAGTTTCTGTAAGT-1,1.5069755,-9.334854,U2OS OGG-/-
CCTAGTTTCTGTGCCC-1,8.303761,3.9850388,NALM6
CCTATAGAGATTAGAG-1,-1.2209324,-2.9635527,HELA XPA-/-
CCTATAGAGATTCGGC-1,-0.44219616,-3.4395068,HELA XPA-/-
CCTATAGAGGAGGCAC-1,14.844596,-4.09451,C8166
CCTATAGAGGGCAGGT-1,7.3354278,10.896292,RH30
CCTATAGAGTGGCTTA-1,12.141201,11.852521,JM1
CCTATAGAGTTACAGT-1,21.122223,0.25282788,SAOS2
CCTATCACAACTGTCC-1,1.1236482,12.161659,DND41
CCTATCACAATTCACT-1,15.673687,4.8579736,143B
CCTATCACAGGTTGCA-1,13.980965,6.514999,143B
CCTATCCGTCTAAGGA-1,18.044535,5.7804666,143B
CCTATCCGTGAAGCGT-1,13.605701,7.4841366,143B
CCTATCCGTTAGCATC-1,15.36037,4.897798,143B
CCTATCCGTTGCGATT-1,3.2639265,2.3802838,JURKAT
CCTATGAAGCGGATAG-1,16.030558,-5.144808,C8166
CCTATGAAGTAATGGA-1,16.639677,6.094733,143B
CCTATGGGTAATGCTC-1,-2.735587,-3.4225857,HELA XPA-/-
CCTATGGGTAGGTGTA-1,4.3441954,-3.565125,CHLA06ATRT
CCTATGGGTGCATCAT-1,16.833275,4.453786,143B
CCTATGTTCAGGTCTA-1,2.3098793,6.600226,PF382
CCTATGTTCAGTTGGC-1,19.766823,-1.0989693,SAOS2
CCTATGTTCATCTCTA-1,0.3907855,11.821663,DND41
CCTATGTTCCCCTTAG-1,3.6751947,6.0439076,PF382
CCTATGTTCCGCAGAT-1,17.204905,5.1380634,143B
CCTATGTTCCGCGAAT-1,13.007933,0.40995616,ALLSIL
CCTATGTTCTATGCGA-1,14.232959,12.965969,JM1
CCTATTATCACGCGCA-1,4.8223524,1.9489694,JURKAT
CCTATTATCGTCTCTG-1,13.627353,12.710341,JM1
CCTATTCAGCCTGACG-1,17.184336,6.7808294,143B
CCTATTCAGGATCATT-1,6.421168,-3.2859614,CHLA06ATRT
CCTCAACCAAGCCTCT-1,8.079422,17.060484,SUPT11
CCTCAACCAGGTTGCA-1,18.211628,7.962545,143B
CCTCAACCATGGTGCA-1,3.7528856,0.7774668,JURKAT
CCTCAAGGTCAGTCGC-1,18.699026,7.3546133,143B
CCTCAAGGTCATGGCC-1,-4.250303,2.4681776,HAP1 MUTYH-/-
CCTCAAGGTCTAACTA-1,21.075405,0.17917246,SAOS2
CCTCAAGGTTTAAGCC-1,11.503253,-9.004522,TK6 LIG4-/-
CCTCAATTCAAGTGCC-1,2.219037,-8.923763,U2OS OGG-/-
CCTCAATTCAAGTTCG-1,8.126642,3.5088646,NALM6
CCTCAATTCAGTATCG-1,-3.5247931,3.3577964,HAP1 MUTYH-/-
CCTCAATTCCATCCGC-1,13.595738,5.603764,143B
CCTCACGCATGGCAGC-1,11.403285,12.368289,JM1
CCTCAGCTCCCAGAGT-1,9.110088,-4.103375,CHLA06ATRT
CCTCAGCTCCGGATAC-1,-0.3711288,11.657404,DND41
CCTCAGCTCGCTCACC-1,14.655815,7.844294,143B
CCTCAGTCAGTACCAG-1,14.056328,-4.4699583,C8166
CCTCATTAGTAATCCG-1,13.96402,6.614092,143B
CCTCCAGCACCAGGGT-1,6.2469244,15.414711,SUPT11
CCTCCAGCAGGATCAT-1,17.495138,8.523197,143B
CCTCCAGCATCCTTAG-1,-7.1032853,8.553658,EOL1
CCTCCAGCATGAGCCA-1,8.863212,4.7685785,NALM6
CCTCCTAAGGTAGGAT-1,20.038048,-0.61493134,SAOS2
CCTCCTAAGTGGCTTA-1,13.340586,13.6516485,JM1
CCTCCTAAGTTGCTTC-1,-1.3267041,-3.9272165,HELA XPA-/-
CCTCCTGGTCAGGACG-1,-3.7771459,-3.3817291,HELA XPA-/-
CCTCCTGGTCTGTCCT-1,0.9623904,6.235418,PF382
CCTCCTGGTTAGAGCA-1,3.0234504,-1.9227737,CHLA06ATRT
CCTCGAAGTGGCAGTG-1,21.454735,0.18171102,SAOS2
CCTCGAAGTTAAGGAT-1,10.014935,-11.346005,TK6 LIG4-/-
CCTCGATCATAAGGCT-1,-3.2987707,3.4887545,HAP1 MUTYH-/-
CCTCGGTTCCACCTTG-1,1.0195656,11.361647,DND41
CCTCGGTTCCCCTGTA-1,13.472881,-4.7458754,C8166
CCTCGGTTCCGCAGAT-1,8.103924,-2.792555,CHLA06ATRT
CCTCGTTGTTATCGTA-1,1.1476296,16.491682,TE617T
CCTCGTTGTTGTAACC-1,13.818767,7.5400434,143B
CCTCTAACAACTGTAA-1,-3.3011253,2.9920652,HAP1 MUTYH-/-
CCTCTAACAATATCCT-1,4.3308816,-4.5845513,CHLA06ATRT
CCTCTAACACTACCTA-1,10.03961,-8.2047825,TK6 LIG4-/-
CCTCTAACATCCACAC-1,11.811117,11.118173,JM1
CCTCTCAAGAAGCATA-1,2.7964857,-10.120035,U2OS OGG-/-
CCTCTCAAGGCAATCC-1,14.329852,5.418832,143B
CCTCTGATCACCAATG-1,14.161617,5.040014,143B
CCTCTGATCACCCTTG-1,13.0233345,-0.87957346,ALLSIL
CCTCTGATCCCAGGCA-1,4.3361917,-3.3115022,CHLA06ATRT
CCTCTGATCGACCCGA-1,18.105837,6.2285786,143B
CCTCTGATCTAGTCGA-1,14.415228,14.208824,JM1
CCTCTTAGTAATTCGC-1,-0.06550794,12.259016,DND41
CCTCTTAGTAGCTGCC-1,7.6566525,3.8705664,NALM6
CCTCTTAGTGAGCGCA-1,3.0266519,1.3559244,JURKAT
CCTCTTGAGCATGCAC-1,3.509323,-9.926148,U2OS OGG-/-
CCTGAACAGGCTACCG-1,6.44867,10.992817,RH30
CCTGAACAGGTCACTA-1,2.4517155,5.009891,PF382
CCTGAATGTGATAGTG-1,-1.8718349,-3.9493775,HELA XPA-/-
CCTGAATGTTCCTGAG-1,7.6251416,17.411383,SUPT11
CCTGAGTAGTAGACTT-1,3.4304605,8.430873,PF382
CCTGATCCACAGCAGC-1,1.6972858,5.384956,PF382
CCTGATTTCCCGGCAA-1,-2.2369442,2.819844,HAP1 MUTYH-/-
CCTGATTTCCCTCAGC-1,16.806873,4.304581,143B
CCTGATTTCGACCCGA-1,1.3613031,12.601452,DND41
CCTGATTTCTGTGCCC-1,17.768053,8.238802,143B
CCTGCAAGTAACTCTA-1,17.89064,7.1287937,143B
CCTGCAAGTTCACTAA-1,-3.812812,2.8523428,HAP1 MUTYH-/-
CCTGCATCAACATCCC-1,10.518241,-9.065651,TK6 LIG4-/-
CCTGCATCACTCGCAT-1,16.928886,5.7832007,143B
CCTGCATCAGGCAACC-1,7.9772625,16.110159,SUPT11
CCTGCCACAAACTCGG-1,1.9961848,12.598136,DND41
CCTGCCACAACCCTGT-1,21.753723,-0.21310084,SAOS2
CCTGCCACAGCTCGAA-1,-2.2946565,4.1615615,HAP1 MUTYH-/-
CCTGCGAAGCCCGTCT-1,-0.020081747,12.222517,DND41
CCTGCGAAGTGCAATT-1,16.561802,8.113927,143B
CCTGCGAAGTGCTCAA-1,11.45553,0.039032273,ALLSIL
CCTGCTCAGCTTCCCA-1,-2.8925455,-3.5367024,HELA XPA-/-
CCTGCTCAGTCGCAGT-1,20.97407,-2.0214686,SAOS2
CCTGCTCAGTTGCGAC-1,7.0493536,-2.7903578,CHLA06ATRT
CCTGGCAAGCTAACGC-1,7.9645977,6.31828,NALM6
CCTGGCAAGGGTCTCG-1,-3.138401,-3.6177845,HELA XPA-/-
CCTGGCAAGGTACCGT-1,2.5018399,-9.082314,U2OS OGG-/-
CCTGGCTTCGTTGCGG-1,6.927598,11.7685585,RH30
CCTGGTAGTAAGCATG-1,-2.7714677,4.6264825,HAP1 MUTYH-/-
CCTGGTAGTATAGTGG-1,2.5540586,-8.967322,U2OS OGG-/-
CCTGGTGAGTAGCGGA-1,17.918747,8.106628,143B
CCTGGTGAGTCGCAAC-1,14.676164,-5.1270676,C8166
CCTGGTTCAACGGCTA-1,0.9676441,6.523926,PF382
CCTGTAAAGGCGATGA-1,18.603489,5.6883917,143B
CCTGTAAAGTGAACTT-1,14.785973,-4.82289,C8166
CCTGTCATCATGTCGA-1,10.859665,-10.058659,TK6 LIG4-/-
CCTGTCGCAAGTCGCA-1,16.26826,5.323537,143B
CCTGTCGCAGTAATTG-1,7.290238,12.0162945,RH30
CCTGTCGCATTAGCAA-1,14.061307,7.6266155,143B
CCTGTCGCATTGCACC-1,13.260579,5.688982,143B
CCTGTGAGTCATGGAA-1,1.7234232,-10.531107,U2OS OGG-/-
CCTGTGAGTGGCTCGT-1,8.502382,5.4893074,NALM6
CCTGTGGAGAACGGCA-1,9.998559,-7.745803,TK6 LIG4-/-
CCTGTGGAGATTGATC-1,1.9169496,11.69159,DND41
CCTGTGGAGCTAACTG-1,11.939917,0.61348975,ALLSIL
CCTGTGGAGCTGGAAG-1,2.6006472,14.902518,TE617T
CCTGTTGTCAATCCGA-1,14.06709,14.878552,JM1
CCTGTTGTCCACCGGA-1,14.800622,5.666091,143B
CCTGTTGTCCCAATCT-1,9.546773,4.414711,NALM6
CCTGTTGTCCCATACT-1,1.247351,15.432825,TE617T
CCTGTTGTCCGTATAG-1,3.8735905,-7.515229,U2OS OGG-/-
CCTTAATCACTTAGCC-1,4.092217,-2.6896284,CHLA06ATRT
CCTTAATCAGTTGAGT-1,1.7115697,6.377528,PF382
CCTTAGAAGATTGAGA-1,4.5678678,-8.0883255,U2OS OGG-/-
CCTTAGAAGGATACTT-1,7.978607,4.5600433,NALM6
CCTTAGAAGGATTGGG-1,10.441675,0.33987325,ALLSIL
CCTTAGAAGGGTGACA-1,9.046672,-11.174291,TK6 LIG4-/-
CCTTAGCCATCCATTG-1,1.3887144,-9.775219,U2OS OGG-/-
CCTTAGCCATCGGTTC-1,3.7295275,-3.0760286,CHLA06ATRT
CCTTAGCCATGGATCG-1,10.839647,-10.644751,TK6 LIG4-/-
CCTTATATCACTTGCT-1,9.29943,-4.1934543,CHLA06ATRT
CCTTATATCCACGGAT-1,14.321977,5.0388527,143B
CCTTATATCGACATGC-1,17.040924,5.86912,143B
CCTTATATCTGGGAAG-1,-0.9948257,-3.9665694,HELA XPA-/-
CCTTATCAGAACCTAT-1,6.97561,-4.1689124,CHLA06ATRT
CCTTATCAGGTTGGCT-1,2.1518466,-9.599601,U2OS OGG-/-
CCTTATCAGTGATGCC-1,19.299765,6.0191336,143B
CCTTCCTTCAGGAGCA-1,13.619335,5.389024,143B
CCTTCCTTCCAGCTAA-1,2.605936,8.60641,PF382
CCTTCCTTCCGCAGAT-1,15.1857395,5.319568,143B
CCTTCCTTCGCTAGGT-1,15.794059,-3.7249951,C8166
CCTTCCTTCGCTCTAT-1,6.2093353,11.91639,RH30
CCTTCCTTCTGGTCCC-1,11.522588,-0.7734857,ALLSIL
CCTTCGATCAGTTCGA-1,2.0528061,-10.372469,U2OS OGG-/-
CCTTCGATCCGTAGTA-1,9.666482,-9.148913,TK6 LIG4-/-
CCTTCGATCGCTCTCA-1,-4.5104856,4.366742,HAP1 MUTYH-/-
CCTTGAAAGCCCTGTC-1,18.836973,7.453815,143B
CCTTGAAAGCGCTCTC-1,10.362198,-7.8098493,TK6 LIG4-/-
CCTTGAAAGGATCACC-1,3.8624804,-9.112286,U2OS OGG-/-
CCTTGAAAGTTGCAGC-1,10.651845,0.7082911,ALLSIL
CCTTGCATCACATTCC-1,16.77244,-5.1404195,C8166
CCTTGCATCTATGCGA-1,11.467866,-1.1098825,ALLSIL
CCTTGGGAGGAGCCTT-1,14.559785,6.1489596,143B
CCTTGGGAGGCGTAGA-1,0.85673225,15.959565,TE617T
CCTTGGGAGTCAGCGT-1,3.2926679,0.88140184,JURKAT
CCTTGGGAGTTGGTTG-1,8.208955,-3.8259661,CHLA06ATRT
CCTTGGTCAAGTGAGA-1,-3.7157118,-3.5042903,HELA XPA-/-
CCTTGGTCACTAAGCG-1,1.9668348,-9.559534,U2OS OGG-/-
CCTTTAATCTGGATTG-1,6.352488,11.790891,RH30
CCTTTAGCAAAGGTTC-1,-3.3177168,3.2111783,HAP1 MUTYH-/-
CCTTTAGCAAATCAGC-1,0.3176213,11.749691,DND41
CCTTTAGCAAATCATG-1,-2.6837347,4.0571737,HAP1 MUTYH-/-
CCTTTAGCAAGGTTCG-1,3.5183845,6.225058,PF382
CCTTTCAGTAAGCTGA-1,3.4928033,1.4599015,JURKAT
CCTTTCAGTCTGGTCA-1,15.77072,-6.3366466,C8166
CCTTTCAGTTTAGGAG-1,2.7088802,-1.9881824,CHLA06ATRT
CCTTTCCTCCCCTGGT-1,-3.711139,-3.0661948,HELA XPA-/-
CCTTTCCTCGTACTTC-1,20.57717,-2.1984584,SAOS2
CCTTTCCTCGTTCCTG-1,1.0500954,8.016634,PF382
CCTTTGGTCAGCTCGG-1,11.835327,13.247025,JM1
CGAACATCACTATGGG-1,7.2122946,-4.4101176,CHLA06ATRT
CGAACATCATGGCTGA-1,-3.4657433,-3.150139,HELA XPA-/-
CGAACATCATTACATC-1,-2.4625497,2.3405323,HAP1 MUTYH-/-
CGAACGAAGCCAGTAC-1,20.086443,-2.8596516,SAOS2
CGAACGAAGTGAGGAT-1,2.610678,4.98655,PF382
CGAACGAAGTGCTTAG-1,-0.90633506,-3.2701073,HELA XPA-/-
CGAACGGGTAACCACT-1,-2.2803206,-3.2304254,HELA XPA-/-
CGAACGGGTAGGTGCG-1,2.5194328,-9.47729,U2OS OGG-/-
CGAACGGGTATGGGTA-1,-2.2956228,3.6146214,HAP1 MUTYH-/-
CGAACGGGTCTTGATA-1,10.437554,0.32780996,ALLSIL
CGAACGGGTGCGCAGA-1,-2.265478,-3.6295054,HELA XPA-/-
CGAACGGGTTCCGGGT-1,1.6410208,16.753077,TE617T
CGAACGGGTTCTGTCC-1,9.817513,-12.292144,TK6 LIG4-/-
CGAACTATCCTGAGAC-1,3.797117,-7.7201085,U2OS OGG-/-
CGAACTATCGTTGCTT-1,9.622334,3.6566563,NALM6
CGAACTATCTAGTAAC-1,14.449713,-4.156664,C8166
CGAACTATCTATGGCA-1,4.0642457,-3.6431396,CHLA06ATRT
CGAACTATCTGGATGC-1,8.181076,16.793585,SUPT11
CGAACTTGTAACGGGT-1,7.910419,9.668573,RH30
CGAACTTGTCTGGTGC-1,14.6299095,-5.2363477,C8166
CGAACTTGTTAGTTCA-1,13.862587,6.249747,143B
CGAAGCAAGGATCCCG-1,-0.1533493,-3.4232028,HELA XPA-/-
CGAAGCAAGTAGGTAA-1,15.85497,7.9293056,143B
CGAAGGATCACAGCGT-1,-3.4152966,3.1754026,HAP1 MUTYH-/-
CGAAGGATCGACTTGA-1,-0.45708975,-3.82136,HELA XPA-/-
CGAAGGATCTAACTGG-1,-2.3947797,4.194611,HAP1 MUTYH-/-
CGAAGTGAGCCCTACC-1,-0.22141431,12.80721,DND41
CGAATAGGTGCATCAT-1,2.6653044,8.250312,PF382
CGAATCTGTAACGCGG-1,-0.8165788,-4.3089786,HELA XPA-/-
CGAATCTGTGAAGGAG-1,10.4219055,-0.6032941,ALLSIL
CGAATCTGTTGCAGGG-1,14.929657,-4.889067,C8166
CGAATCTGTTGGCTGC-1,13.908106,5.373702,143B
CGAATTTAGTACGGGA-1,7.46092,16.798641,SUPT11
CGACAATCAAGCTGAT-1,3.431655,-3.7411716,CHLA06ATRT
CGACAATCATGCTTGC-1,-3.0273545,2.0279741,HAP1 MUTYH-/-
CGACAATCATGTCGTC-1,3.6425683,-8.805225,U2OS OGG-/-
CGACACTAGAAGGATC-1,-3.400942,-2.2361076,HELA XPA-/-
CGACACTAGCATCACA-1,11.489031,-5.873602,JURKAT
CGACACTAGCTAGTTG-1,3.2036722,-8.972654,U2OS OGG-/-
CGACAGCCATTGCGCT-1,19.645275,7.3886657,143B
CGACCAACACCTCGTG-1,20.591324,-2.6937215,SAOS2
CGACCATAGCATGGAG-1,13.493223,13.912763,JM1
CGACCATAGCGATAGG-1,11.519633,-0.8953002,ALLSIL
CGACCATAGTAGGATA-1,6.821222,-3.3997283,CHLA06ATRT
CGACCCTTCACGCGCA-1,9.972395,-11.655444,TK6 LIG4-/-
CGACCCTTCAGCGATC-1,4.2241707,1.3258749,JURKAT
CGACCCTTCAGGAAGT-1,11.759617,11.904924,JM1
CGACCCTTCATCAAGT-1,14.008807,-4.8741784,C8166
CGACCCTTCATGAGTT-1,15.073904,4.5176663,143B
CGACCCTTCCTCGTGC-1,13.264795,-0.7631789,ALLSIL
CGACCCTTCGTTAGTG-1,-4.215492,3.4687333,HAP1 MUTYH-/-
CGACCGATCCGCACGA-1,-3.869229,14.210419,KHM1B
CGACCGATCTATGCTC-1,13.969847,14.064757,JM1
CGACCTAGTGGCAGTG-1,2.81555,8.604224,PF382
CGACGTTAGATTGGTT-1,15.725982,-6.0849047,C8166
CGACGTTAGCAAGGGC-1,-2.3793824,3.503248,HAP1 MUTYH-/-
CGACGTTAGGAGGTAT-1,17.255634,7.7523155,143B
CGACGTTAGGATCTCA-1,-2.1966138,-3.5877826,HELA XPA-/-
CGACGTTAGTGCGCTG-1,21.622961,0.13123104,SAOS2
CGACTAATCATGCGAC-1,7.54339,9.6035595,RH30
CGACTAATCCCGTGTC-1,2.5653696,15.536341,TE617T
CGACTAATCGCGCGTA-1,6.6316257,11.949688,RH30
CGACTAATCGTTAGAT-1,18.41897,8.336024,143B
CGACTAGCAAGTCCCT-1,-3.747967,13.684418,KHM1B
CGACTAGCATCAAGCG-1,12.830441,-0.79008526,ALLSIL
CGACTAGCATGCGTAG-1,-0.37878546,-3.7045412,HELA XPA-/-
CGACTATGTTAGGCAA-1,1.7258189,15.328906,TE617T
CGACTGACAATTACCT-1,0.437182,15.171387,TE617T
CGACTGACACTCATGC-1,15.252779,-5.3512225,C8166
CGACTGACATCCATAT-1,4.9886317,1.3759834,JURKAT
CGACTGGTCCCGTGCT-1,10.752365,0.60592335,ALLSIL
CGACTGGTCCCTCTGA-1,14.830998,4.422473,143B
CGACTGGTCCGGAACT-1,15.447556,4.0837007,143B
CGACTGGTCCGGATAC-1,4.102595,-7.462457,U2OS OGG-/-
CGACTGGTCGCATAGC-1,16.23948,5.95827,143B
CGACTTGGTAAGTGTG-1,14.022825,8.311617,143B
CGACTTGGTCTCACAG-1,1.6352217,15.175111,TE617T
CGACTTGGTGCGTGCT-1,4.109556,-4.8807173,CHLA06ATRT
CGACTTGGTTATATCG-1,9.442694,-11.046314,TK6 LIG4-/-
CGACTTGGTTCTGTCC-1,11.505193,11.912011,JM1
CGAGCAAAGATTGACT-1,0.6127978,15.990111,TE617T
CGAGCAAAGGTTCCTT-1,9.706895,-11.05339,TK6 LIG4-/-
CGAGCAGGTGGGAATC-1,-2.3540082,-3.8937225,HELA XPA-/-
CGAGCCATCATCAGTG-1,-3.637453,-3.3284411,HELA XPA-/-
CGAGCCTGTCAAGTCT-1,14.515413,6.053971,143B
CGAGCCTGTCTCCAAG-1,3.715608,1.992588,JURKAT
CGAGCCTGTCTGGTCA-1,10.430183,-0.56717104,ALLSIL
CGAGCCTGTTTCGCAG-1,17.852468,4.752757,143B
CGAGCGAGTAACGCAA-1,9.513455,2.8758166,NALM6
CGAGCGAGTCTAGTCG-1,1.1806127,15.64107,TE617T
CGAGCGAGTGGACCTC-1,15.711281,-5.620949,C8166
CGAGCGAGTTATCGCG-1,19.797451,-2.3808143,SAOS2
CGAGGAATCACCACTT-1,4.4719105,-8.59188,U2OS OGG-/-
CGAGGAATCGTGAGTC-1,14.532176,-4.7427297,C8166
CGAGGATGTTAAGGTG-1,16.726679,4.9839454,143B
CGAGGATGTTATCGCG-1,21.349264,-1.9736534,SAOS2
CGAGGATGTTCCTTGC-1,4.6051683,-4.2134295,CHLA06ATRT
CGAGGGACAGTTGACG-1,1.2454755,15.720214,TE617T
CGAGGGACATGACGAT-1,11.830506,10.8848,JM1
CGAGGGTAGCATTCGA-1,-0.6190096,12.115482,DND41
CGAGGGTAGCGAGTTC-1,11.310591,0.56187433,ALLSIL
CGAGGGTAGGTTGGTC-1,-3.969193,-2.2261589,HELA XPA-/-
CGAGGGTAGTGATACT-1,13.23887,0.03817083,ALLSIL
CGAGGGTAGTGGGTCT-1,3.6407063,-8.742639,U2OS OGG-/-
CGAGTAAGTAAGTCGA-1,15.567872,6.198123,143B
CGAGTAAGTTGGCTAT-1,11.298652,-9.628443,TK6 LIG4-/-
CGAGTCACATCACGTC-1,4.865627,6.1396523,PF382
CGAGTCCGTAACGCTT-1,-3.7999928,2.5347567,HAP1 MUTYH-/-
CGAGTCCGTAGCAGAC-1,14.325906,4.728571,143B
CGAGTCCGTTGACCAT-1,-2.0670116,3.0024953,HAP1 MUTYH-/-
CGAGTCCGTTGCACGC-1,-2.951125,3.3001118,HAP1 MUTYH-/-
CGAGTGAAGGGTAGTG-1,2.8675888,6.822259,PF382
CGATAACCAAATCAGC-1,16.818254,4.6542025,143B
CGATAGCTCAAGTAGA-1,1.295389,9.685131,PF382
CGATAGCTCACAGCGT-1,15.477866,4.5786686,143B
CGATAGCTCACCTACT-1,6.180803,15.203092,SUPT11
CGATAGCTCGACCATA-1,-3.43719,-3.678634,HELA XPA-/-
CGATAGCTCGCGATGT-1,-4.0447183,14.932042,KHM1B
CGATAGTCATCCAACC-1,4.4663887,1.2427517,JURKAT
CGATAGTCATTGGCGA-1,-3.195835,2.5775037,HAP1 MUTYH-/-
CGATCACAGCTGAGTC-1,15.091058,4.915786,143B
CGATCACAGGGGATAT-1,3.3254285,-8.987277,U2OS OGG-/-
CGATCACAGTTAGCCA-1,10.398361,-10.131883,TK6 LIG4-/-
CGATCAGCAAGCCAAT-1,7.9582195,-4.5239987,CHLA06ATRT
CGATCAGCATGCTCCG-1,18.359142,7.8435445,143B
CGATCCCTCACTCAGA-1,-3.8203056,2.784174,HAP1 MUTYH-/-
CGATCCCTCCATGCTT-1,1.3558922,5.3229194,PF382
CGATCCTCAGGTTGCA-1,0.12525119,12.697781,DND41
CGATCCTCATAAGGGA-1,17.020378,7.7475605,143B
CGATCCTCATAATCCT-1,6.833241,-4.0995364,CHLA06ATRT
CGATCCTCATGCGTCT-1-1,13.042314,-0.77353275,ALLSIL
CGATCTAAGCCCTGTC-1,5.081738,2.2478974,JURKAT
CGATCTAAGGCAAGTG-1,3.8042345,-2.3590114,CHLA06ATRT
CGATGAGAGCGAAGGC-1,3.6727338,-8.417286,U2OS OGG-/-
CGATGAGAGGATACCC-1,13.725818,7.644033,143B
CGATGAGAGGTCCAAC-1,7.3097515,9.753916,RH30
CGATGAGAGGTTCGAC-1,11.072497,-8.734069,TK6 LIG4-/-
CGATGGGGTCAGTATC-1,-4.129409,14.149144,KHM1B
CGATGGGGTTGCTATA-1,7.021174,17.799671,SUPT11
CGATGGTTCAATTGCG-1,19.350979,7.5517025,143B
CGATGGTTCATCACAG-1,16.47488,5.521803,143B
CGATGGTTCCAGGTAC-1,3.7501397,5.8557925,PF382
CGATGTCAGCGAAGCA-1,7.844692,10.220906,RH30
CGATGTCAGCGATCAC-1,3.4282744,-1.7430055,CHLA06ATRT
CGATGTCAGCTTACTC-1,16.960644,7.507417,143B
CGATGTTGTAGCTATC-1,17.900217,7.985401,143B
CGATGTTGTGAAGGTC-1,3.0575466,2.454972,JURKAT
CGATGTTGTTAGGTTC-1,9.604671,-12.144761,TK6 LIG4-/-
CGATTAACAATCGAAC-1,17.82596,6.6720185,143B
CGATTAACATGCTTGC-1,4.82509,1.7525572,JURKAT
CGATTACGTCAAGCGG-1,1.5865445,6.168201,PF382
CGATTACGTCCATCTC-1,4.4907393,-4.121803,CHLA06ATRT
CGATTACGTGATGATG-1,16.901382,4.510829,143B
CGATTACGTTGGTAAG-1,8.065731,10.224014,RH30
CGATTAGTCACTCACT-1,0.8212829,15.001665,TE617T
CGATTAGTCACTCATC-1,19.747725,-2.517589,SAOS2
CGATTATAGATTGCGC-1,9.802249,-11.763666,TK6 LIG4-/-
CGATTATAGGCTTGGT-1,16.868423,6.454314,143B
CGATTCAAGCGCTGAT-1,1.4143045,-9.475915,U2OS OGG-/-
CGATTCCCAACTAGAC-1,16.027079,5.274207,143B
CGATTCCCAATAGTTG-1,-4.4981008,2.7531703,HAP1 MUTYH-/-
CGATTCCCATTCGTGC-1,-3.4976273,-2.5901792,HELA XPA-/-
CGATTTAGTTCGGCGT-1,15.856334,4.4952683,143B
CGATTTGAGAAGCTCC-1,8.732098,-3.1285036,CHLA06ATRT
CGATTTGAGCTAGAGG-1,5.983434,14.682256,SUPT11
CGATTTGAGTAATGGA-1,4.80915,1.4804227,JURKAT
CGCAAATCAATCGTCC-1,18.82824,5.9234633,143B
CGCAACTAGATTCCCT-1,-3.197585,3.4860706,HAP1 MUTYH-/-
CGCAACTAGCGCTATA-1,5.1978645,5.0076084,PF382
CGCAACTAGGAATCAA-1,18.563503,5.4054923,143B
CGCAACTAGGAGGCTA-1,-3.949596,4.5821357,HAP1 MUTYH-/-
CGCAACTAGGTAATGA-1,14.351402,4.7259464,143B
CGCAACTAGTTAGATC-1,17.144209,4.8460107,143B
CGCAATATCCACCTGC-1,1.9656695,12.451803,DND41
CGCAATTGTGCGGCTT-1,-0.85391045,-3.3735979,HELA XPA-/-
CGCAATTGTTTACTCT-1,15.233707,7.4482775,143B
CGCACAACATTAGTGA-1,15.851912,4.250541,143B
CGCACCTTCATGAGCC-1,6.967285,10.436069,RH30
CGCACGATCAGCAACC-1,19.14902,7.283868,143B
CGCACGATCAGGGATG-1,17.160103,7.1669073,143B
CGCACTTCAATAGGGA-1,0.7243777,16.318033,TE617T
CGCACTTCAGTTGGTG-1,8.279697,16.830053,SUPT11
CGCAGATTCCTTGGTT-1,15.22531,-4.681974,C8166
CGCAGCTGTCATGGTT-1,-3.9844089,3.1970263,HAP1 MUTYH-/-
CGCAGCTGTCTAATTG-1,15.971161,4.94041,143B
CGCAGCTGTTACACCG-1,4.808681,7.2922254,PF382
CGCAGGTCAAATCGGT-1,-1.0227146,-3.4520147,HELA XPA-/-
CGCAGGTCAAGCGCAC-1,4.9198656,5.1700897,PF382
CGCAGGTCACAATGAC-1,13.367766,5.5728116,143B
CGCAGGTCAGGATTCG-1,8.943294,-3.3619747,CHLA06ATRT
CGCAGGTCATCCTCGG-1,8.90583,-3.1302967,CHLA06ATRT
CGCAGTTAGATTGGTT-1,8.119753,16.36923,SUPT11
CGCAGTTAGGATAGAC-1,1.3027303,14.989086,TE617T
CGCATAATCAAGTAGA-1,15.193531,4.096828,143B
CGCATAATCAGTTGGC-1,-2.0231824,-2.3168879,HELA XPA-/-
CGCATAATCATGATCG-1,-3.1893842,-4.0516796,HELA XPA-/-
CGCATAGCAAATCGAC-1,7.1409407,9.607295,RH30
CGCATAGCACATACTT-1,17.261244,4.53987,143B
CGCATATGTGATGAAT-1,1.849749,-9.592701,U2OS OGG-/-
CGCATATGTTGACCAT-1,15.885755,5.606902,143B
CGCATATGTTTCGGAT-1,-3.767195,-2.3297517,HELA XPA-/-
CGCATCCTCACTCCTG-1,8.853969,5.915014,NALM6
CGCATCCTCCATCAGA-1,-0.37926373,-3.08421,HELA XPA-/-
CGCATCCTCGACCGTG-1,4.621184,-4.073055,CHLA06ATRT
CGCATCTCACATAGTA-1,9.867044,-8.375094,TK6 LIG4-/-
CGCATGGTCATGTCGA-1,2.8733892,-2.0985844,CHLA06ATRT
CGCATGGTCCATCACT-1,3.7363303,0.8513289,JURKAT
CGCATTCCAAATCCGG-1,3.7550416,0.9455209,JURKAT
CGCATTCCACTATCCA-1,1.3248678,8.426043,PF382
CGCATTCCATGCTCCG-1,7.754178,-4.3008637,CHLA06ATRT
CGCCAAGTCAGTAATC-1,15.322222,6.007992,143B
CGCCAAGTCCAGCAGT-1,16.236536,-4.1806903,C8166
CGCCAATAGAAGCAAC-1,2.6926036,-8.678926,U2OS OGG-/-
CGCCAATAGCGACTTA-1,17.191345,7.7529798,143B
CGCCAATAGTAGTTAC-1,12.486771,0.13064007,ALLSIL
CGCCAATAGTCAGGGA-1,11.118448,-0.18115011,ALLSIL
CGCCACAAGATTAGAG-1,-0.8731528,-4.155044,HELA XPA-/-
CGCCACAAGCAAGCCT-1,14.238739,13.61651,JM1
CGCCACAAGCATGGAG-1,14.0807905,7.020839,143B
CGCCACAAGGATGAAC-1,15.5103035,5.0624,143B
CGCCACTTCACTATGG-1,8.41889,10.318785,RH30
CGCCACTTCCCGGCAA-1,7.743783,-4.2202005,CHLA06ATRT
CGCCACTTCCGTCCGT-1,-2.9662461,-2.3472748,HELA XPA-/-
CGCCACTTCTATCAGG-1,11.339951,-10.274159,TK6 LIG4-/-
CGCCATAGTATGTGTC-1,1.7156382,-10.2648115,U2OS OGG-/-
CGCCATAGTCAGTTCG-1,16.569715,6.196768,143B
CGCCATAGTGAGGAGA-1,-2.7219992,-3.8713906,HELA XPA-/-
CGCCATAGTTCACCAG-1,4.13858,2.376574,JURKAT
CGCCATGAGGGCAGTA-1,-4.1297197,1.3587883,HAP1 MUTYH-/-
CGCCATGAGGGTACTC-1,3.2365048,1.656327,JURKAT
CGCCATGAGGTATCTG-1,13.928272,13.5581,JM1
CGCCATGAGTATCTCC-1,10.648016,0.6796644,ALLSIL
CGCCATTCAAGTGTAC-1,3.5537052,-4.4187827,CHLA06ATRT
CGCCATTCACATTGCC-1,13.972631,7.443787,143B
CGCCATTCACCATGTC-1,4.4827547,-3.8583863,CHLA06ATRT
CGCCATTCATAGATCA-1,14.271857,-4.4038363,C8166
CGCCCAAAGCGCGATT-1,-3.592194,-2.6059532,HELA XPA-/-
CGCCCAAAGCTAGAGG-1,7.200339,-3.5924568,CHLA06ATRT
CGCCCATTCCTTCGTG-1,13.505268,-0.48594263,ALLSIL
CGCCCTTAGAACGGCA-1,5.50888,1.2211157,JURKAT
CGCCCTTAGGAGGCAC-1,1.4982378,15.089958,TE617T
CGCCTAAGTTAGCTTA-1,6.85419,17.785828,SUPT11
CGCCTAAGTTAGGTGA-1,9.563492,-9.8564825,TK6 LIG4-/-
CGCCTAGAGCCACTCC-1,-1.899587,3.5911627,HAP1 MUTYH-/-
CGCCTAGAGCGAGGAC-1,-2.8819494,3.097844,HAP1 MUTYH-/-
CGCCTAGAGTGATCCA-1,11.392054,13.057602,JM1
CGCCTCACAAGGTACT-1,-0.03892937,12.115299,DND41
CGCCTCACAGGTAACT-1,-0.3688381,11.3657675,DND41
CGCCTGAAGATTAGGA-1,4.150024,-8.483957,U2OS OGG-/-
CGCCTGAAGCGCTATA-1,19.917751,-1.9035025,SAOS2
CGCCTGAAGTAAGGGT-1,7.5512466,-3.1983802,CHLA06ATRT
CGCCTGTTCCTGGTCC-1,4.069545,5.6061144,PF382
CGCCTGTTCTGGGACT-1,14.342591,-3.5732021,C8166
CGCCTTGCAAGTTAGC-1,2.8599808,7.2419543,PF382
CGCCTTGCATTCGCGT-1,1.3468481,15.196265,TE617T
CGCGAACCAAGTAGTC-1,16.265049,-4.3174405,C8166
CGCGAACCAAGTGAAG-1,18.147078,5.143928,143B
CGCGAACCAATATGCA-1,2.8745308,2.2566752,JURKAT
CGCGAACCAATATGTG-1,-3.4463024,2.160686,HAP1 MUTYH-/-
CGCGAACCAATTGAGC-1,13.968939,12.23342,JM1
CGCGAACCAGCTCATC-1,16.89271,5.337308,143B
CGCGAACCATAGAGTC-1,4.028534,-2.9546068,CHLA06ATRT
CGCGAACCATCGGTCT-1,-2.918467,2.5704195,HAP1 MUTYH-/-
CGCGAAGGTAAGTCGA-1,8.520369,3.274932,NALM6
CGCGAAGGTCATGTGT-1,3.7021086,-3.053808,CHLA06ATRT
CGCGAAGGTCTTGCCT-1,16.178202,6.277795,143B
CGCGAAGGTTGAGGCG-1,1.7495933,5.552524,PF382
CGCGATTAGCCCTGGA-1,8.116041,10.186362,RH30
CGCGATTAGGCTACTA-1,16.843893,4.8184385,143B
CGCGATTAGTAATGAG-1,-3.3139539,4.0667706,HAP1 MUTYH-/-
CGCGATTAGTGCTGTA-1,-2.141216,-3.9289258,HELA XPA-/-
CGCGATTAGTGGCAAG-1,4.784019,2.206092,JURKAT
CGCGCAATCGATGCGT-1,15.3147135,5.979686,143B
CGCGCAATCGCTGAGT-1,7.2947845,17.49684,SUPT11
CGCGCAATCGTCTCGC-1,3.4117568,-9.228989,U2OS OGG-/-
CGCGCATGTTCGTCAG-1,3.3929365,-10.024315,U2OS OGG-/-
CGCGGTTGTCATGTGT-1,14.1873045,13.606982,JM1
CGCGTACGTAAGTTCC-1,14.792047,-4.741029,C8166
CGCGTACGTCATCAGT-1,10.470009,-11.03258,TK6 LIG4-/-
CGCGTACGTGAGTCGG-1,-1.4067405,-3.5266545,HELA XPA-/-
CGCGTACGTTCGGGCT-1,-5.178633,3.4903991,HAP1 MUTYH-/-
CGCGTCAAGCATGCAC-1,16.04758,6.1871305,143B
CGCGTCAAGGCATGTC-1,17.010622,5.0727577,143B
CGCGTTAGTCTAACGT-1,2.0076292,5.630032,PF382
CGCGTTAGTCTAGAGA-1,11.018689,-10.02652,TK6 LIG4-/-
CGCGTTAGTGAGGTCG-1,4.397166,-7.744729,U2OS OGG-/-
CGCGTTAGTTAGCTCG-1,19.650162,-0.97945523,SAOS2
CGCTAAATCACGGAAG-1,15.2668915,4.651971,143B
CGCTAAATCCTCACAT-1,2.1014497,12.476492,DND41
CGCTAACAGGCATCCG-1,3.402032,-4.271878,CHLA06ATRT
CGCTAATGTAGTTAGG-1,-4.4687147,4.3495307,HAP1 MUTYH-/-
CGCTAATGTCCATATA-1,15.949211,4.471654,143B
CGCTAATGTTCGCCAA-1,15.932966,-7.5330677,C8166
CGCTACCTCGTACCAA-1,10.216938,-12.0884075,TK6 LIG4-/-
CGCTACCTCGTTAGAT-1,7.8201942,5.0108414,NALM6
CGCTACCTCTATGAGT-1,14.222568,14.312081,JM1
CGCTACCTCTCACAGA-1,11.679146,10.960842,JM1
CGCTACTCAAACCGCA-1,21.519215,-0.1233776,SAOS2
CGCTACTCATAGGGCC-1,-1.3974198,-3.9284928,HELA XPA-/-
CGCTATGGTGCAACTT-1,2.6693568,1.5833241,JURKAT
CGCTATGGTGGGTCGA-1,16.166842,6.558642,143B
CGCTATGGTTGTGGAA-1,17.184517,7.8418,143B
CGCTCATCAATCGAGT-1,16.187023,4.4988246,143B
CGCTCATCATAGATCA-1,8.493389,6.198171,NALM6
CGCTCATCATCAAGGT-1,4.4898973,1.0984446,JURKAT
CGCTCATCATTGGCCT-1,1.6759238,-9.28793,U2OS OGG-/-
CGCTCCACAAGTAGTC-1,-1.7228276,2.787345,HAP1 MUTYH-/-
CGCTCCACACAGCGTA-1,3.5762873,-9.108195,U2OS OGG-/-
CGCTCCACATAAGCGT-1,11.93868,11.938142,JM1
CGCTCCACATCGAAGT-1,-2.176267,3.0113142,HAP1 MUTYH-/-
CGCTGATAGAACGGGC-1,-0.9500335,-3.9396787,HELA XPA-/-
CGCTGATAGAAGCGTG-1,1.7341614,-9.759089,U2OS OGG-/-
CGCTGATAGCATTACG-1,9.145818,5.384543,NALM6
CGCTGATAGGAACCGA-1,3.9742134,6.409494,PF382
CGCTGATAGGATCCGT-1,5.9331193,14.654491,SUPT11
CGCTGCAAGCCTAGCG-1,13.254786,13.565884,JM1
CGCTGCAAGGTGGCAA-1,11.882794,11.238907,JM1
CGCTGCAAGTTGCCGG-1,3.872868,-2.6826143,CHLA06ATRT
CGCTGCTTCATAGGAA-1,14.500549,12.758235,JM1
CGCTGCTTCCCCTGGT-1,13.642762,12.870085,JM1
CGCTGCTTCGTGAGTC-1,18.34014,6.1729035,143B
CGCTGCTTCTAGCTGA-1,13.399209,13.811452,JM1
CGCTGGATCCGTGAGT-1,9.341963,-10.93297,TK6 LIG4-/-
CGCTGGATCGCTCAGG-1,4.2018685,5.6370745,PF382
CGCTGGATCGTGAATT-1,1.8954275,14.717515,TE617T
CGCTGTTCAAGCATCG-1,5.159903,5.2823343,PF382
CGCTGTTCACCTGTCG-1,6.0353127,15.25461,SUPT11
CGCTGTTCAGGGACTC-1,13.28257,13.549894,JM1
CGCTGTTCATGAAGGA-1,13.377734,14.216726,JM1
CGCTGTTCATTCGCAC-1,-4.049552,14.156037,KHM1B
CGCTTAGGTATGTCCG-1,-1.5990484,-4.668834,HELA XPA-/-
CGCTTAGGTTGCTAAC-1,5.198559,1.1723349,JURKAT
CGCTTAGGTTGCTATA-1,13.729357,6.330107,143B
CGCTTCATCTATCAGG-1,13.612446,6.4834847,143B
CGCTTGCTCAGCGGTT-1,14.260484,7.1163855,143B
CGCTTGCTCAGGACTC-1,-3.8356905,3.8632429,HAP1 MUTYH-/-
CGCTTGCTCATCGACA-1,7.115692,9.775272,RH30
CGCTTGCTCATGAACT-1,-4.0088058,14.199453,KHM1B
CGGAAAGTCCGTTAGA-1,15.860669,-7.3432236,C8166
CGGAAAGTCCTGAAGC-1,18.827497,6.0517716,143B
CGGAAAGTCGCGCATG-1,6.9451523,11.514443,RH30
CGGAACCCAAGTGTAC-1,5.0079885,1.9079762,JURKAT
CGGAACCCATTGCCAC-1,-3.105253,-1.8206593,HELA XPA-/-
CGGAACGGTAACGAAT-1,16.05138,4.0964313,143B
CGGAACGGTTAGCCCA-1,8.38358,-3.4905634,CHLA06ATRT
CGGAACGGTTATCGAC-1,2.03609,-9.260083,U2OS OGG-/-
CGGACAGGTTAAGGTG-1,11.807626,-1.2123448,ALLSIL
CGGACAGGTTCAAGTC-1,-4.1073203,3.7525287,HAP1 MUTYH-/-
CGGACATTCACGCTAA-1,4.7346163,1.613736,JURKAT
CGGACATTCTGGCATA-1,14.059227,5.1541157,143B
CGGACATTCTGGTCCC-1,-4.1420913,14.373753,KHM1B
CGGACTTAGCGAATGG-1,7.826715,15.648316,SUPT11
CGGATAAGTAGGTGAC-1,16.088667,4.7838326,143B
CGGATAAGTGAAGCGT-1,2.1924145,5.053444,PF382
CGGATAAGTTCGTCAG-1,14.881172,-4.958153,C8166
CGGATCACAAACCGCA-1,4.1864195,-3.084726,CHLA06ATRT
CGGATCACACTAGCTC-1,21.038073,0.16287252,SAOS2
CGGATCACAGGGCACT-1,15.511609,-6.5645456,C8166
CGGATCACATCCACGT-1,1.4554309,15.037683,TE617T
CGGATCACATTACCTG-1,3.334184,2.5601072,JURKAT
CGGATTCAGCGGTCAT-1,-3.1729114,3.1219413,HAP1 MUTYH-/-
CGGATTCAGGTGACGA-1,8.662771,-4.4490027,CHLA06ATRT
CGGCAAGGTCTTGGGC-1,-3.2835095,2.9290798,HAP1 MUTYH-/-
CGGCAAGGTTGTCATA-1,6.622971,17.761986,SUPT11
CGGCAAGGTTTGGCAT-1,13.342751,5.925276,143B
CGGCATTAGAAGCGTG-1,2.858693,-7.5182767,U2OS OGG-/-
CGGCATTAGCGCATAC-1,11.322231,-9.920853,TK6 LIG4-/-
CGGCATTAGCGCGATT-1,9.049157,4.5195007,NALM6
CGGCATTAGCGCTATA-1,1.755421,12.240143,DND41
CGGCATTAGGTGAAGT-1,10.724537,-8.756362,TK6 LIG4-/-
CGGCATTAGTTGCGGT-1,14.611709,12.885204,JM1
CGGCCAATCCTTCATA-1,14.878671,6.4986677,143B
CGGCCTAAGCTGGAAG-1,-0.20901345,12.471871,DND41
CGGCCTAAGTAGAGAC-1,9.861738,-8.270984,TK6 LIG4-/-
CGGCTAGTCAGTTGCA-1,2.3954108,4.891208,PF382
CGGCTAGTCCATATCC-1,11.405431,-9.072479,TK6 LIG4-/-
CGGCTAGTCCTTAGAG-1,-2.827302,-3.5110497,HELA XPA-/-
CGGCTAGTCGTAATGT-1,9.227334,5.568348,NALM6
CGGCTCAAGCGACTAC-1,2.2382615,-9.622834,U2OS OGG-/-
CGGCTCAAGCGGATAG-1,-3.894892,2.8221655,HAP1 MUTYH-/-
CGGCTCAAGGGCAGTA-1,3.368462,-8.395126,U2OS OGG-/-
CGGCTGATCATCAAGT-1,9.004923,4.8631506,NALM6
CGGCTTAGTCAACCCA-1,9.952178,-7.99065,TK6 LIG4-/-
CGGGACTCACAGCACA-1,13.717532,5.473857,143B
CGGGATGGTAAGTGGC-1,-0.88363826,-3.550102,HELA XPA-/-
CGGGCAAGTAGGTAGC-1,-1.2963846,-4.6170125,HELA XPA-/-
CGGGCTATCATATAGC-1,12.740485,-0.95441073,ALLSIL
CGGGCTATCGCTTGAA-1,16.933285,5.011241,143B
CGGGCTATCTTGACGA-1,4.6227775,-4.3968573,CHLA06ATRT
CGGGCTTGTAGCTGAA-1,6.167756,12.056002,RH30
CGGGCTTGTCTAACCG-1,11.787453,11.575816,JM1
CGGGCTTGTTTGCCTC-1,3.4193463,8.446696,PF382
CGGGGAACAAGCATGT-1,17.098383,4.59447,143B
CGGGGAACAAGTCGCA-1,2.0202594,-10.260016,U2OS OGG-/-
CGGGGAACACATATAG-1,4.2613583,-8.404053,U2OS OGG-/-
CGGGGAACAGTTGGCA-1,14.625712,5.826657,143B
CGGGGAACATTAAGTG-1,1.6077743,8.815755,PF382
CGGGGTAGTCAACCTG-1,6.3761125,-2.760296,CHLA06ATRT
CGGGGTAGTTGTGGAA-1,3.981206,-3.330053,CHLA06ATRT
CGGGTAAAGAACGGCA-1,16.612282,6.5805917,143B
CGGGTAAAGCAACCCG-1,8.993932,-4.182031,CHLA06ATRT
CGGGTAAAGGGCTGAA-1,14.187821,6.6411586,143B
CGGGTAGGTCTCCAAG-1,8.33038,16.592386,SUPT11
CGGGTAGGTTAGAGGC-1,10.266449,-11.446705,TK6 LIG4-/-
CGGGTCATCATCTGTC-1,11.167334,-9.787426,TK6 LIG4-/-
CGGGTCATCATGGTGC-1,11.147081,-0.39214125,ALLSIL
CGGGTCATCCTGAATG-1,17.264572,6.6254015,143B
CGGGTGAGTAATTGCC-1,-3.4588542,-3.3309054,HELA XPA-/-
CGGGTGAGTCAAGCGG-1,2.0804214,4.948128,PF382
CGGGTGAGTCTCAGCA-1,16.750858,8.286074,143B
CGGGTGAGTTAGTTGC-1,3.3755202,6.337151,PF382
CGGGTGAGTTTACTTC-1,11.465152,13.111482,JM1
CGGGTTACATCCTACA-1,2.2098489,-8.261821,U2OS OGG-/-
CGGGTTTAGGGGACGT-1,10.916706,-10.08626,TK6 LIG4-/-
CGGGTTTAGTAGGTAA-1,18.539604,5.737922,143B
CGGTAATCAAAGGTTC-1,-3.9275453,13.794556,KHM1B
CGGTAATCAAGCTCCT-1,15.993505,5.7093225,143B
CGGTAATCAAGTGTCG-1,14.14716,13.024318,JM1
CGGTAATCAATAGGAG-1,1.4360843,11.785412,DND41
CGGTAATCAATGAAGG-1,-3.7527792,-3.1046832,HELA XPA-/-
CGGTATATCCGCGAAT-1,3.664377,7.9111924,PF382
CGGTATATCGTGCATA-1,11.053567,-8.311934,TK6 LIG4-/-
CGGTATTGTTAGGTAG-1,0.87497777,8.133224,PF382
CGGTATTGTTGAATCC-1,-6.730788,8.167228,EOL1
CGGTCAACAACCGTCT-1,14.051296,5.5306025,143B
CGGTCAACAAGCTCCT-1,16.188,5.1488605,143B
CGGTCAACAAGGGACG-1,13.609883,6.529441,143B
CGGTCAACACCATTCA-1,12.030895,0.21438096,ALLSIL
CGGTCAACACCTCAAC-1,14.856999,-5.8987055,C8166
CGGTCAACACCTGTAC-1,2.795755,-10.185609,U2OS OGG-/-
CGGTGAAAGCATGCGT-1,13.998733,6.6626787,143B
CGGTGAAAGTGCTGGT-1,4.1482687,-7.6836205,U2OS OGG-/-
CGGTGAGGTAAGGTCA-1,2.5555449,15.086951,TE617T
CGGTGAGGTAAGTGCA-1,10.5974455,0.24102603,ALLSIL
CGGTGAGGTTAGGCCC-1,2.8732562,-10.336829,U2OS OGG-/-
CGGTGAGGTTGGCATT-1,6.2542987,-2.817134,CHLA06ATRT
CGGTGCATCACGTACA-1,14.807397,-5.366062,C8166
CGGTGCATCCCTCAAT-1,4.4315386,2.1174352,JURKAT
CGGTGCATCGATCAGC-1,1.9508525,15.315307,TE617T
CGGTGCATCGATGATT-1,20.809399,-2.6173756,SAOS2
CGGTGTTAGCCAGTCG-1,6.5136404,-3.2440503,CHLA06ATRT
CGGTGTTAGCCGCACA-1,-1.5797626,-4.5003433,HELA XPA-/-
CGGTGTTAGCGGAGAC-1,4.5050106,-8.073047,U2OS OGG-/-
CGGTGTTAGCTACAGC-1,2.777265,-9.611829,U2OS OGG-/-
CGGTGTTAGTAATGTC-1,0.6656874,15.9792595,TE617T
CGGTTAATCATCACAG-1,-4.691495,2.3549085,HAP1 MUTYH-/-
CGGTTAATCCATGCCC-1,18.743046,7.8446035,143B
CGGTTAATCCCTCTGA-1,17.300861,5.7923775,143B
CGGTTAGCAAGCCAAT-1,7.1786084,16.35751,SUPT11
CGGTTAGCAATGAGCT-1,11.550157,-1.3860815,ALLSIL
CGGTTAGCAGCTAGAT-1,10.506702,-0.6512799,ALLSIL
CGGTTAGCAGGTTGGC-1,-0.1983121,-3.5322523,HELA XPA-/-
CGGTTAGCATTACTCG-1,4.177718,-8.437196,U2OS OGG-/-
CGGTTATGTAGTAGGC-1,2.2838984,15.583061,TE617T
CGGTTATGTCAAGCAA-1,17.822903,8.319248,143B
CGGTTATGTGCAATGA-1,13.096396,14.226798,JM1
CGGTTATGTGCATTAC-1,3.3014603,-3.8424451,CHLA06ATRT
CGGTTCCTCAATTGGT-1,4.322724,-3.150482,CHLA06ATRT
CGGTTCCTCGACTGGT-1,8.136848,6.380126,NALM6
CGGTTCCTCGAGTGGA-1,3.176116,-7.66197,U2OS OGG-/-
CGGTTCCTCTGTCATC-1,2.0250268,-10.004236,U2OS OGG-/-
CGGTTCTCAAGCATGT-1,16.86524,5.9817476,143B
CGGTTTCCAAAGGGTA-1,3.2905204,-8.806991,U2OS OGG-/-
CGGTTTCCAATCAGAC-1,-1.2750763,7.001391,C8166
CGGTTTCCACATGCGA-1,8.764719,3.1653628,NALM6
CGGTTTCCACCTGTGT-1,18.267899,6.3937564,143B
CGGTTTCCACTCATGC-1,12.368172,12.389013,JM1
CGGTTTCCAGCCATGA-1,9.591462,-10.173926,TK6 LIG4-/-
CGGTTTCCATCGCTCG-1,17.278372,8.230456,143B
CGGTTTGGTCAATCCG-1,7.566091,11.0996275,RH30
CGTAAACCAAACCACG-1,15.397038,6.8504157,143B
CGTAAACCATAACGGT-1,3.0852256,-1.8824532,CHLA06ATRT
CGTAAAGGTAGTAGCA-1,2.8824644,8.537986,PF382
CGTAAAGGTTTAGCGT-1,1.1414155,15.017102,TE617T
CGTAAATTCCCCAGGA-1,21.134314,-0.20573168,SAOS2
CGTAAATTCGCATTGA-1,6.441835,-3.426145,CHLA06ATRT
CGTAAATTCGTCTCTG-1,9.5454645,5.415901,NALM6
CGTAACATCCGTCCAC-1,6.002034,15.36229,SUPT11
CGTAATGTCCGCATCC-1,8.37678,10.760341,RH30
CGTAATGTCGCGCAAT-1,7.9373817,11.067429,RH30
CGTAATTAGCGGGTAA-1,3.4678876,-10.157102,U2OS OGG-/-
CGTAATTAGGATAGCG-1,1.2982451,5.6688137,PF382
CGTAATTAGGATGTCC-1,-3.3310359,3.68709,HAP1 MUTYH-/-
CGTAATTAGTAGTCCA-1,21.383392,-1.8347756,SAOS2
CGTACAGCAATAGGTC-1,20.514889,-2.5836184,SAOS2
CGTACAGCACTTGATT-1,13.167808,13.64957,JM1
CGTACCCTCACTCACT-1,17.700392,4.913486,143B
CGTACCCTCGTTAGCA-1,20.312344,-2.4244146,SAOS2
CGTACCTCAAGCCACA-1,1.2227286,5.707147,PF382
CGTACCTCAATCCATT-1,16.418041,4.896635,143B
CGTACCTCATCCCTAA-1,4.3473186,-8.115652,U2OS OGG-/-
CGTACCTCATGGCGTA-1,11.674047,10.702976,JM1
CGTACGTAGCGATTGC-1,15.771928,-4.008098,C8166
CGTACTAAGCTTACAG-1,9.807583,5.1722183,NALM6
CGTACTAAGGTCACGT-1,15.273513,-4.196017,C8166
CGTACTGGTAGCCCGT-1,14.604492,-4.811476,C8166
CGTACTGGTATTGAGG-1,2.6264026,15.258448,TE617T
CGTACTGGTGAGTTGA-1,10.983142,-9.004126,TK6 LIG4-/-
CGTACTGGTGGACCTC-1,17.025188,4.483202,143B
CGTACTGGTGGCCAAG-1,15.480742,6.133353,143B
CGTACTGGTTATCCAA-1,12.980922,14.444531,JM1
CGTACTGGTTCGGTAT-1,15.456205,7.5426846,143B
CGTAGGCCAACATGCG-1,6.9624805,11.744123,RH30
CGTAGGGGTATTGGTC-1,6.8015013,-2.5639875,CHLA06ATRT
CGTAGGGGTCTAGGCC-1,-1.5802702,-5.0503607,HELA XPA-/-
CGTAGGGGTGCAGCCT-1,11.348967,-8.907706,TK6 LIG4-/-
CGTAGGTTCAATCCGA-1,8.702333,10.357348,RH30
CGTAGGTTCCAACTTC-1,1.913571,5.6287384,PF382
CGTAGGTTCGAACCAC-1,3.6131203,8.18621,PF382
CGTAGGTTCTATCGCT-1,18.267433,4.4786654,143B
CGTAGTCAGTAGCATT-1,3.7094462,-4.064348,CHLA06ATRT
CGTAGTCAGTGCGCCA-1,-2.5664003,3.6239433,HAP1 MUTYH-/-
CGTAGTTGTCCATTAA-1,11.124453,-8.689416,TK6 LIG4-/-
CGTAGTTGTGGACTGG-1,-1.331858,-4.108373,HELA XPA-/-
CGTAGTTGTGGCCAAG-1,16.269686,5.960292,143B
CGTATATAGGTCACAC-1,1.6311779,-8.6801195,U2OS OGG-/-
CGTATATAGTAGACCC-1,9.691327,4.0768104,NALM6
CGTATCCCACTAACTT-1,2.1636875,5.110818,PF382
CGTATCCCAGGAAGGT-1,3.12017,0.9892758,JURKAT
CGTATCCCATGGTTCC-1,-4.653773,2.4939537,HAP1 MUTYH-/-
CGTATCCCATTACCCA-1,1.9538684,8.213467,PF382
CGTATCCCATTGCGCT-1,19.389969,-1.1975342,SAOS2
CGTATGATCAGCACGT-1,2.7447348,15.410729,TE617T
CGTATGATCCATCGTT-1,11.59731,-9.059528,TK6 LIG4-/-
CGTATGATCTAGATAC-1,9.7715,-12.121244,TK6 LIG4-/-
CGTATTAGTATGTCCG-1,17.506645,6.680086,143B
CGTATTAGTTATCCTT-1,15.00239,-5.3787026,C8166
CGTATTGAGCGGAGAC-1,7.71849,10.073409,RH30
CGTATTGAGCTAACGC-1,15.871558,8.029337,143B
CGTATTGAGGAATGAC-1,11.263667,12.249365,JM1
CGTATTGAGGAGGCGT-1,8.322379,3.0519814,NALM6
CGTATTGAGTCAATCG-1,11.101918,-10.433527,TK6 LIG4-/-
CGTATTGAGTGAGCAG-1,-0.398516,-2.5135834,HELA XPA-/-
CGTCAAATCCACCGTC-1,20.547188,-1.4395125,SAOS2
CGTCAAATCCAGAGGA-1,11.966043,0.015677983,ALLSIL
CGTCAAATCCGTGCGA-1,1.8271639,-8.91534,U2OS OGG-/-
CGTCAAATCGATGCTA-1,18.104795,6.1374617,143B
CGTCAATGTTATGCGT-1,2.0270157,12.407432,DND41
CGTCAATGTTGTAACC-1,11.115052,-8.473282,TK6 LIG4-/-
CGTCACCTCTAAGCGC-1,0.17944747,11.725188,DND41
CGTCAGGTCCTCTCTC-1,9.638557,-9.50661,TK6 LIG4-/-
CGTCAGGTCTATCTGC-1,1.2148292,11.644111,DND41
CGTCAGTAGCCCGTGA-1,1.3686588,5.228042,PF382
CGTCAGTAGCCCTTGC-1,1.9482468,15.600776,TE617T
CGTCAGTAGCTTACAG-1,15.546695,7.9638777,143B
CGTCAGTAGGCGATCT-1,9.5441675,-4.2016125,CHLA06ATRT
CGTCATAAGGTCCAGT-1,17.358677,8.288874,143B
CGTCATCCAATCTAAG-1,14.499683,-4.910313,C8166
CGTCATCCAATTACAG-1,3.473409,-4.245387,CHLA06ATRT
CGTCATCCACAACCGA-1,-2.3938036,4.2750626,HAP1 MUTYH-/-
CGTCATCCAGGATTAC-1,-3.5671453,-3.3419013,HELA XPA-/-
CGTCATGGTAGCCCTA-1,20.095583,-2.8796828,SAOS2
CGTCATGGTCTCAGGC-1,20.705524,-1.7344257,SAOS2
CGTCATGGTGAGACGT-1,17.31473,5.5402145,143B
CGTCATGGTTAGAGAT-1,-4.522938,3.4187982,HAP1 MUTYH-/-
CGTCATTTCCGTCAGG-1,16.488136,4.2107506,143B
CGTCATTTCGTTAGAT-1,14.135367,7.695716,143B
CGTCCAAGTCTAATCA-1,-0.25960928,-3.4904675,HELA XPA-/-
CGTCCAAGTGGAAGTC-1,7.1622014,-3.954225,CHLA06ATRT
CGTCCAAGTTGCTCGA-1,3.2403784,1.8771232,JURKAT
CGTCCATCACAACGTG-1,2.66078,-10.213489,U2OS OGG-/-
CGTCCATCAGGCATCA-1,15.322291,-6.1229277,C8166
CGTCCCACAAATTCAG-1,10.974937,-0.021086743,ALLSIL
CGTCCCACAATTAACG-1,17.723515,8.571257,143B
CGTCCCACACAGCAGC-1,5.376656,6.232516,PF382
CGTCCCACACTTGCGT-1,-2.5638354,-3.4363246,HELA XPA-/-
CGTCCCACATCAATTC-1,-2.5466638,-2.998171,HELA XPA-/-
CGTCCCACATGGTCCT-1,14.063024,6.5288367,143B
CGTCCCACATGGTGCA-1,14.030067,5.43099,143B
CGTCCGTTCCATTGCT-1,15.156668,4.81386,143B
CGTCCGTTCCGTTGGG-1,8.456574,6.1757574,NALM6
CGTCCGTTCGCATAGC-1,2.904795,-10.150756,U2OS OGG-/-
CGTCCTCAGAAGGTAC-1,5.6509576,7.142521,PF382
CGTCCTCAGCGCTGCA-1,21.296844,-2.0024693,SAOS2
CGTCCTCAGTAACCAT-1,1.9654651,14.946325,TE617T
CGTCCTCAGTAGTCGC-1,21.288311,-2.196323,SAOS2
CGTCCTGCAATAGGTC-1,17.250263,4.6107335,143B
CGTCCTGCAGTAAGGA-1,-1.3070287,-3.7822068,HELA XPA-/-
CGTCCTGCATGATCCC-1,15.366264,5.154714,143B
CGTCCTTGTCAAGCCC-1,8.658756,-10.08976,TK6 LIG4-/-
CGTCGCTTCGATGGGA-1,3.5700245,1.1534307,JURKAT
CGTCGTAGTGCGCAAG-1,-4.2122307,14.334411,KHM1B
CGTCGTTCAAGGGAAC-1,1.8079112,11.927697,DND41
CGTCTCATCCCAGGCA-1,-3.702988,4.064916,HAP1 MUTYH-/-
CGTCTCATCCCATTCG-1,6.565518,-3.474964,CHLA06ATRT
CGTCTTGTCATCGTAG-1,-3.0582972,3.3179264,HAP1 MUTYH-/-
CGTCTTGTCCTTAGCT-1,5.07538,1.149517,JURKAT
CGTCTTGTCGCTGGAT-1,-2.9040492,-3.630888,HELA XPA-/-
CGTGAAAGTTGGTAAG-1,-2.3286119,2.7831488,HAP1 MUTYH-/-
CGTGACCGTCAGCGGA-1,2.527543,-10.031358,U2OS OGG-/-
CGTGACCGTTTCGCCT-1,-2.595429,4.1115117,HAP1 MUTYH-/-
CGTGAGAAGATAGTCT-1,7.864067,-4.337483,CHLA06ATRT
CGTGAGGGTCAAGCGG-1,2.2994077,8.8179865,PF382
CGTGAGGGTGATGGAC-1,13.685146,14.55869,JM1
CGTGATGCAAGTGTCG-1,13.678209,8.023444,143B
CGTGATGCAATAGCGT-1,8.053579,16.89997,SUPT11
CGTGATTGTTCGTGGC-1,-3.7148807,-3.0484304,HELA XPA-/-
CGTGCAACACAACCTC-1,-4.0093303,14.533412,KHM1B
CGTGCAACACCATGTC-1,11.014438,12.673447,JM1
CGTGCAACACTAATCT-1,4.2552443,1.8257885,JURKAT
CGTGCCTTCACCAAGC-1,1.8247448,15.551584,TE617T
CGTGCCTTCACCAGAC-1,17.020372,4.501541,143B
CGTGCCTTCAGGACGA-1,14.807999,13.562315,JM1
CGTGCCTTCTGGATCA-1,-0.57894284,-3.439912,HELA XPA-/-
CGTGCTAGTGATGACA-1,0.73048246,15.891315,TE617T
CGTGCTAGTTCCAGAT-1,16.564669,5.828523,143B
CGTGCTAGTTCCGCAA-1,15.175043,4.0416636,143B
CGTGCTAGTTCGCTAG-1,-3.6496863,2.9155297,HAP1 MUTYH-/-
CGTGCTGAGGGCTACT-1,8.213047,-3.4543602,CHLA06ATRT
CGTGCTGAGGTGGCAA-1,8.266666,3.4755733,NALM6
CGTGCTGAGTCGACCG-1,-0.2731382,11.743607,DND41
CGTGGATTCAGTACCA-1,13.712879,5.0699944,143B
CGTGGCTGTAATGAAC-1,0.7536112,7.294273,PF382
CGTGGCTGTCAATGCT-1,11.253612,0.76417804,ALLSIL
CGTGGCTGTTTACGCG-1,3.0874949,-7.673612,U2OS OGG-/-
CGTGGGTCAAGCCGAC-1,1.5772355,-9.936039,U2OS OGG-/-
CGTGGGTCATGAAGTC-1,8.511979,16.601414,SUPT11
CGTGGGTCATGATCCC-1,13.549025,6.175237,143B
CGTGGTTAGAACGAGT-1,15.790836,6.9974914,143B
CGTGGTTAGGTGACGA-1,-0.83381253,-3.6321833,HELA XPA-/-
CGTGGTTAGTAACCGC-1,17.525051,8.191782,143B
CGTGTATGTAGCTTAC-1,13.679969,-4.3386865,C8166
CGTGTATGTGATTGCT-1,-4.8469157,2.8309104,HAP1 MUTYH-/-
CGTGTATGTTCGCGGT-1,6.4966593,-2.5803223,CHLA06ATRT
CGTGTATGTTCGGTAT-1,0.10844124,12.00011,DND41
CGTGTATGTTCGTCAG-1,3.1296246,7.973792,PF382
CGTGTATGTTGTCCCT-1,4.5568566,-8.127462,U2OS OGG-/-
CGTGTCAGTATTGGTC-1,3.10957,6.962667,PF382
CGTGTCAGTCAGTGCC-1,-3.5818763,2.5362792,HAP1 MUTYH-/-
CGTGTCAGTGCATCAT-1,2.9652145,1.227291,JURKAT
CGTGTCAGTTGCGACC-1,3.0927577,-2.682858,CHLA06ATRT
CGTGTTAAGTCAGTGC-1,6.6867185,17.717402,SUPT11
CGTGTTGGTCAAGGTA-1,2.7314851,2.2225049,JURKAT
CGTGTTGGTGCAGTCC-1,15.963694,5.4452057,143B
CGTTAATAGAAGCGAT-1,19.760971,6.083356,143B
CGTTAATAGCCTTCGC-1,-1.7781408,-3.5673177,HELA XPA-/-
CGTTAATAGGTACCCG-1,3.5600588,-8.876314,U2OS OGG-/-
CGTTAATAGTTAGCCA-1,16.327606,6.9477997,143B
CGTTACAAGATTACCG-1,7.685657,9.502602,RH30
CGTTACCCATGGCTAG-1,18.375198,6.822268,143B
CGTTACTTCGCTAGTA-1,7.820397,17.011486,SUPT11
CGTTACTTCGTAACCA-1,11.412519,0.035354316,ALLSIL
CGTTACTTCGTTCGGG-1,12.040511,11.315818,JM1
CGTTATAGTAGCGGAT-1,3.2437654,-1.4599537,CHLA06ATRT
CGTTATGAGCTACTTC-1,9.774579,-7.9730206,TK6 LIG4-/-
CGTTATGAGGAACCTC-1,5.940338,11.967376,RH30
CGTTATGAGGCGAGAC-1,2.1047509,4.981797,PF382
CGTTATGAGGTGAGCA-1,15.995977,4.8485255,143B
CGTTCACCAAATGGCT-1,5.1195335,0.7504825,JURKAT
CGTTCACCACAACGGC-1,6.0470786,15.0592,SUPT11
CGTTCACCATAAGCAC-1,11.802987,12.42293,JM1
CGTTCACCATGAGCCA-1,4.5936007,-4.771333,CHLA06ATRT
CGTTCAGGTCAAGGTA-1,17.688524,6.5482883,143B
CGTTCATTCACAGGTC-1,9.9423065,-11.989631,TK6 LIG4-/-
CGTTCATTCACGTTGA-1,1.4926084,6.542287,PF382
CGTTCATTCCGCCACT-1,19.776686,-2.7489145,SAOS2
CGTTCATTCCTGAATG-1,14.089993,12.506718,JM1
CGTTCATTCGCGTGTG-1,17.015732,4.909422,143B
CGTTCCATCACATAGT-1,14.43181,8.197165,143B
CGTTCCATCGAGCACT-1,14.002898,6.294953,143B
CGTTCCATCGCGTAAC-1,15.186968,5.5122104,143B
CGTTCCATCGTGCGAT-1,7.2342043,11.362438,RH30
CGTTCCGCAAATTCCT-1,-5.071892,2.9272738,HAP1 MUTYH-/-
CGTTCCGCAATATCTC-1,11.416111,-10.516837,TK6 LIG4-/-
CGTTCCGCAATCGACG-1,1.1870265,12.53521,DND41
CGTTCCGCAATTCATC-1,18.197798,8.299231,143B
CGTTCCGCACATTGGG-1,15.676579,8.190482,143B
CGTTCCGCACCATGAG-1,16.066847,4.0735903,143B
CGTTCCTGTGGCCTAC-1,10.987417,-10.362233,TK6 LIG4-/-
CGTTCCTGTTGAGTTC-1,3.5077028,-2.9893749,CHLA06ATRT
CGTTCGCTCTGGAAGG-1,3.2594726,-1.4305702,CHLA06ATRT
CGTTCGCTCTGGGATC-1,7.566362,11.310957,RH30
CGTTGAATCAGCCCGA-1,7.894421,4.2514,NALM6
CGTTGAATCCGCAAGT-1,6.4093633,15.661798,SUPT11
CGTTGAATCGCTTGCC-1,1.2375088,15.512973,TE617T
CGTTGAATCTGTCACT-1,-2.9249752,2.7591867,HAP1 MUTYH-/-
CGTTGCCTCACAGGTC-1,-1.0498904,-3.643142,HELA XPA-/-
CGTTGCCTCCGCCAGA-1,19.961515,-2.279235,SAOS2
CGTTGCCTCCGGATAC-1,6.9326773,17.42771,SUPT11
CGTTGCCTCGCGCAAT-1,11.030016,0.050993364,ALLSIL
CGTTGGACATTCCTGA-1,-1.8723286,-2.518091,HELA XPA-/-
CGTTGTAAGATTGCTG-1,15.065212,6.5394764,143B
CGTTGTAAGCTGGAAG-1,16.344006,3.9540112,143B
CGTTGTAAGGCGTACT-1,7.90398,16.10158,SUPT11
CGTTGTAAGGTAATGA-1,2.8910894,6.7642,PF382
CGTTGTCCAAAGGGTA-1,13.236576,13.98865,JM1
CGTTGTCCAAGTATCA-1,13.178426,14.146514,JM1
CGTTTAAGTCAAGTAG-1,8.793331,6.138365,NALM6
CGTTTAAGTGCGTAGG-1,1.4027214,6.0512667,PF382
CGTTTAAGTGGCAGTG-1,3.0164373,1.8669068,JURKAT
CGTTTCACAAATTCGA-1,17.51469,7.4589486,143B
CGTTTCACACCTATAT-1,4.2797594,-8.003978,U2OS OGG-/-
CGTTTCCGTCAGCTAT-1,9.320594,5.739562,NALM6
CGTTTCCGTCTAAGGA-1,1.8964664,15.332142,TE617T
CGTTTCCGTCTAATTG-1,10.809626,0.34121287,ALLSIL
CGTTTCCGTCTGGCTA-1,2.323948,5.0994577,PF382
CGTTTCCGTTCGAGCC-1,14.917164,4.2921033,143B
CGTTTGAAGTGAAGTA-1,15.4106245,5.9066257,143B
CGTTTGGGTGAGGTGT-1,9.53625,-11.660131,TK6 LIG4-/-
CGTTTGGGTGGCGAAT-1,1.0264745,6.46693,PF382
CTAAACCGTAGCGCCT-1,4.687297,1.8830868,JURKAT
CTAAACCGTTACACAC-1,3.777349,0.6765086,JURKAT
CTAAACTAGCGCCACA-1,0.9241265,12.275667,DND41
CTAAACTAGCTATGAT-1,0.5619907,15.072416,TE617T
CTAAAGCCAAAGGCCC-1,7.167228,-4.239102,CHLA06ATRT
CTAAAGCCAAGTAGTC-1,6.0044627,15.208605,SUPT11
CTAAAGGGTCATTCAA-1,-2.7848387,4.0092306,HAP1 MUTYH-/-
CTAAAGGGTGCGCAAG-1,10.594354,-0.81284195,ALLSIL
CTAAATGCAACCCGTT-1,7.798095,16.51907,SUPT11
CTAACCTTCCTCTAGT-1,10.221221,-8.982565,TK6 LIG4-/-
CTAACCTTCGTAGTGC-1,15.107419,-3.6926384,C8166
CTAACGATCCGCACAG-1,9.466697,-9.467618,TK6 LIG4-/-
CTAAGCATCCTGGGAT-1,4.5610104,2.2677503,JURKAT
CTAAGCCAGCCGAGTT-1,0.96527845,5.412053,PF382
CTAAGCCAGCGCTCGA-1,4.0796933,-4.0947995,CHLA06ATRT
CTAAGCCAGCTAAGTT-1,-3.2186291,3.2861934,HAP1 MUTYH-/-
CTAAGCCAGGCATCAC-1,14.310337,-3.8505218,C8166
CTAAGCCAGGCTCCTC-1,14.138544,13.106654,JM1
CTAAGCCAGGTTCATG-1,9.131589,-11.5938835,TK6 LIG4-/-
CTAAGGCTCACTCTAC-1,4.823137,5.936587,PF382
CTAAGGCTCCATCTAC-1,9.895741,5.1013403,NALM6
CTAAGGCTCCGTTGCC-1,13.14531,-1.0617183,ALLSIL
CTAAGGCTCCTGAGCG-1,-3.2052987,-3.776586,HELA XPA-/-
CTAAGGGAGCCTAAGC-1,3.2321336,-3.6917024,CHLA06ATRT
CTAAGGGAGCGGATTC-1,14.213975,5.6813526,143B
CTAAGGGAGGGTCCAT-1,2.2622292,-8.1591215,U2OS OGG-/-
CTAAGGGAGTAGTAGA-1,14.439917,14.043415,JM1
CTAAGGGAGTTACCTC-1,11.607114,-9.397768,TK6 LIG4-/-
CTAAGGTCAATTCGTT-1,2.9441981,6.965427,PF382
CTAAGGTCACCTTCCC-1,-3.7440188,-3.2507102,HELA XPA-/-
CTAAGGTCACTTACCA-1,8.400621,5.651554,NALM6
CTAAGGTCATGGTGCA-1,3.3455634,-10.054654,U2OS OGG-/-
CTAAGGTCATTAGCGG-1,2.5778573,-7.413669,U2OS OGG-/-
CTAATCCTCAGCGAAG-1,9.097647,-10.116621,TK6 LIG4-/-
CTAATCCTCATGGTAT-1,1.2352321,8.802823,PF382
CTAATCCTCTCATGTC-1,11.369037,-8.704465,TK6 LIG4-/-
CTAATCTCACTTGGCT-1,7.9954925,3.6256337,NALM6
CTAATCTCAGCACGGT-1,19.46679,-0.90522003,SAOS2
CTAATGGTCCAGGCCA-1,16.758894,6.1693316,143B
CTAATGGTCCGTAGCG-1,9.510774,-10.445611,TK6 LIG4-/-
CTAATGGTCCTGCATT-1,-2.9614313,2.4285934,HAP1 MUTYH-/-
CTAATTGGTAGTCATC-1,14.701342,-4.607671,C8166
CTAATTGGTTGGTTCG-1,10.600002,0.13189149,ALLSIL
CTAATTGGTTTACTGA-1,10.219833,-10.4552765,TK6 LIG4-/-
CTAATTGGTTTGGATC-1,9.765618,-11.002844,TK6 LIG4-/-
CTACAATAGCAAGCTC-1,1.8847427,9.164065,PF382
CTACAATAGCATGACC-1,1.2132494,8.804536,PF382
CTACAATAGCCGATTA-1,-2.0950203,3.115421,HAP1 MUTYH-/-
CTACAATAGCTAGATT-1,-3.9147906,4.2204924,HAP1 MUTYH-/-
CTACAATAGGATGAAC-1,14.07783,6.441312,143B
CTACAATAGGGGATCA-1,8.926224,4.050289,NALM6
CTACAATAGTGCCGTG-1,14.759773,-3.512741,C8166
CTACAATAGTGGCAGA-1,-3.4672554,4.58156,HAP1 MUTYH-/-
CTACACAAGCCTGCTC-1,8.050148,16.749266,SUPT11
CTACACAAGGAACCGA-1,8.410092,5.593788,NALM6
CTACACCCAATACGGT-1,5.013359,0.9303407,JURKAT
CTACACCCACATTGCC-1,19.69471,-1.9198112,SAOS2
CTACACCCATGACGGC-1,13.813437,6.9908624,143B
CTACACCCATGACGTG-1,1.7266122,5.9580193,PF382
CTACAGGCAATCGACG-1,-3.7324398,3.451894,HAP1 MUTYH-/-
CTACAGGCACAAGGTT-1,-3.5695553,-3.8725893,HELA XPA-/-
CTACAGGCACAATGAC-1,6.5726247,-2.336436,CHLA06ATRT
CTACAGGCAGGAAGTA-1,4.9405217,1.4383839,JURKAT
CTACATAGTAACGTCT-1,2.7991726,8.282727,PF382
CTACATAGTGAGACCG-1,2.6365113,-9.283605,U2OS OGG-/-
CTACATAGTGAGGTAC-1,14.154441,6.053958,143B
CTACATGAGATACTAC-1,7.278745,16.692524,SUPT11
CTACATGAGCTTCCTG-1,14.790894,-4.509965,C8166
CTACATTCAAGCGGAG-1,10.798189,-0.42919582,ALLSIL
CTACATTCAATTGCCC-1,13.227336,7.5123076,143B
CTACATTCACTACCTA-1,16.370167,6.0321136,143B
CTACATTCATCGTAGG-1,19.001728,7.8091493,143B
CTACCAAAGCCTGGAT-1,4.4224734,-3.1855028,CHLA06ATRT
CTACCAAAGCTGGCAT-1,2.2235584,14.712363,TE617T
CTACCAAAGTGCAATT-1,4.7497582,-3.555228,CHLA06ATRT
CTACCATTCAATGTCG-1,5.1424527,5.1284237,PF382
CTACCATTCATATAGC-1,6.567364,15.01918,SUPT11
CTACCATTCATGGACC-1,-1.0054033,-4.508417,HELA XPA-/-
CTACCATTCCTGATGA-1,2.3604922,-9.528388,U2OS OGG-/-
CTACCCGCAAATCCTT-1,6.3940635,-2.494861,CHLA06ATRT
CTACCGCTCACGCACG-1,14.103301,4.983386,143B
CTACCGCTCATCTGTC-1,17.533342,5.9880514,143B
CTACCGCTCCGCGTAG-1,-2.6334758,4.4666667,HAP1 MUTYH-/-
CTACGAATCCCTGTAT-1,19.855253,-0.87432873,SAOS2
CTACGACAGAAGCACG-1,4.273148,-8.468887,U2OS OGG-/-
CTACGACAGGTTACTG-1,1.6383921,5.5612755,PF382
CTACGACAGTAAGTGA-1,14.381463,-4.815467,C8166
CTACGATGTAGGTGTA-1,8.024963,-2.709641,CHLA06ATRT
CTACGATGTCTAAGGA-1,0.82400817,15.056994,TE617T
CTACGATGTTAGGCAA-1,-0.29102343,11.542134,DND41
CTACGATGTTATCGTA-1,17.339369,6.2551823,143B
CTACGCCTCACTCCAT-1,2.6113422,8.573495,PF382
CTACGCCTCCGTCCGT-1,11.887824,11.880956,JM1
CTACGCCTCGATCGCG-1,4.2396617,2.346096,JURKAT
CTACGCCTCTGGTCCC-1,-3.591645,4.505111,HAP1 MUTYH-/-
CTACGGACAAGCTGCA-1,4.1730685,-8.712602,U2OS OGG-/-
CTACGGACAGGGCATC-1,-3.9068794,14.760361,KHM1B
CTACGGACATCACAGG-1,19.696527,-1.0432377,SAOS2
CTACGGACATGGTCTC-1,9.547724,-3.8129086,CHLA06ATRT
CTACGGACATTCAACT-1,7.0722713,17.460154,SUPT11
CTACGGGTCCACCAGG-1,0.9929547,12.079271,DND41
CTACGGGTCTAACCCT-1,15.9557495,5.4934554,143B
CTACGTAAGGTTAGCC-1,4.254246,1.7944732,JURKAT
CTACGTAAGTTAGCCA-1,10.367615,-8.447962,TK6 LIG4-/-
CTACGTCCAAATCGAC-1,8.517302,3.3783715,NALM6
CTACGTCCAAATCTAG-1,13.697982,7.4278684,143B
CTACGTCCACTTGGCT-1,13.80046,13.619711,JM1
CTACGTCCATCGGGAC-1,18.34615,8.333641,143B
CTACGTCCATTGCACC-1,2.9251735,2.0415,JURKAT
CTACGTTTCCATTGCT-1,14.654204,14.110345,JM1
CTACGTTTCCGCTGCT-1,3.0859864,-8.596624,U2OS OGG-/-
CTACTCACAAACTGAC-1,-1.764978,3.3086774,HAP1 MUTYH-/-
CTACTCACAAGCCGTA-1,6.338661,11.790156,RH30
CTACTCACAAGGTTCG-1,-3.9087844,-2.7447944,HELA XPA-/-
CTACTGTTCACGCTCC-1,16.576944,5.9284,143B
CTACTGTTCCTTGACT-1,2.7651465,6.0865507,PF382
CTACTTATCAATGGAA-1,-2.4485102,-3.3326356,HELA XPA-/-
CTACTTATCCCGTGAG-1,-0.7752332,-3.4550946,HELA XPA-/-
CTACTTGCAAAGGAGC-1,13.753447,6.8542943,143B
CTAGAACCAAAGGCCC-1,14.474332,4.5775313,143B
CTAGAACCAATCGCAG-1,2.3180118,-9.032278,U2OS OGG-/-
CTAGAACCACTCGCTG-1,12.864427,-0.99346954,ALLSIL
CTAGAACCATCCAACC-1,3.2749524,-7.221095,U2OS OGG-/-
CTAGAAGGTCTGGTCA-1,14.965804,-4.0481906,C8166
CTAGAAGGTGCACCGT-1,16.462076,6.773487,143B
CTAGAAGGTGGAGCTG-1,9.689377,5.350392,NALM6
CTAGAAGGTTAGTCGT-1,-1.0696803,-4.5312757,HELA XPA-/-
CTAGAAGGTTCCGTCT-1,4.427581,-8.170853,U2OS OGG-/-
CTAGAAGGTTGTCAGT-1,8.514441,5.2469006,NALM6
CTAGATTAGCGAAGGC-1,-3.6596181,13.699709,KHM1B
CTAGATTAGCTTACTC-1,-3.5664093,-2.3479028,HELA XPA-/-
CTAGATTAGTACCAAT-1,5.1582413,5.6010523,PF382
CTAGCATGTCATGCGC-1,3.6917756,-8.755364,U2OS OGG-/-
CTAGCATGTCTGTCGA-1,9.413059,-10.370608,TK6 LIG4-/-
CTAGCATGTGATTCCG-1,8.835895,-9.799383,TK6 LIG4-/-
CTAGCCAGTATTAGGG-1,-3.8193612,13.9700985,KHM1B
CTAGCCAGTTAGGGAC-1,18.761318,6.5798397,143B
CTAGCCAGTTCGTGTG-1,1.7294053,4.996926,PF382
CTAGCCAGTTGCTATA-1,14.093906,5.4409633,143B
CTAGCCAGTTGGTCAT-1,-2.6119936,2.4746614,HAP1 MUTYH-/-
CTAGCCTCATGCTACC-1,21.879303,0.10604349,SAOS2
CTAGCGCGTTAGACTC-1,7.943993,-3.5823653,CHLA06ATRT
CTAGCGCGTTTCGGTG-1,5.8866043,6.867207,PF382
CTAGGTCAGCTGGCTG-1,2.6388586,15.519515,TK6 LIG4-/-
CTAGGTCAGTCGAGGA-1,-3.0466485,-3.9335995,HELA XPA-/-
CTAGTAACAACTATGA-1,-3.719123,3.059131,HAP1 MUTYH-/-
CTAGTAACAATATGTG-1,16.771885,7.60172,143B
CTAGTATAGTACGGCT-1,-2.6257699,-3.520914,HELA XPA-/-
CTAGTCAAGAAGGTGT-1,18.110746,6.758809,143B
CTAGTCAAGGGCTAAG-1,16.60165,7.410126,143B
CTAGTTAGTCAATCTA-1,2.20109,5.008134,PF382
CTAGTTAGTCAGCCAC-1,7.9154387,16.952145,SUPT11
CTAGTTAGTGAACCGG-1,2.8856494,1.3201095,JURKAT
CTAGTTAGTTGCCTCT-1,4.4307303,-3.3238804,CHLA06ATRT
CTAGTTAGTTTGGTAC-1,11.872374,13.205202,JM1
CTAGTTGAGCCCTGGA-1,6.9693394,12.021056,RH30
CTAGTTGAGTCATGTG-1,-2.843684,-2.6636357,HELA XPA-/-
CTATAGGTCACCTTCG-1,20.209196,-2.0411108,SAOS2
CTATAGGTCTCACACT-1,6.978849,17.361963,SUPT11
CTATAGTAGGTACGCT-1,-3.8501537,13.820157,KHM1B
CTATATGGTAGTAGTG-1,2.9354174,1.0887069,JURKAT
CTATATGGTTTAGTCA-1,14.325915,-4.3874907,C8166
CTATCAAGTAGCGATA-1,18.012848,7.971028,143B
CTATCAAGTGAGTGGT-1,12.036273,-1.037098,ALLSIL
CTATCAAGTTGTCCAG-1,8.421119,6.1145186,NALM6
CTATCATCAACTTCGC-1,4.775004,1.3985336,JURKAT
CTATCATCAGCATGGC-1,5.560194,5.668886,PF382
CTATCATCAGGATGAA-1,12.567554,0.17162447,ALLSIL
CTATCGAAGCTACGCG-1,15.358076,8.247831,143B
CTATCGAAGGCGCTAT-1,15.45958,-4.205631,C8166
CTATCGAAGTAGGATA-1,1.5053433,15.714137,TE617T
CTATCGCCAACTAGCG-1,3.2158592,1.5417837,JURKAT
CTATCGCCAATACTGA-1,-3.0674226,4.0423236,HAP1 MUTYH-/-
CTATCGCCATCGCTTA-1,13.7391205,8.035785,143B
CTATCGTTCCTCACAT-1,11.554909,10.709453,JM1
CTATCGTTCCTCGACC-1,19.875381,-2.3076007,SAOS2
CTATCGTTCCTGACTT-1,18.060255,6.0373588,143B
CTATCGTTCGTTAAGT-1,14.884295,-4.689996,C8166
CTATCTATCCGCGCAA-1,-2.829417,3.4763274,HAP1 MUTYH-/-
CTATCTATCGTTACCT-1,14.572413,13.439899,JM1
CTATGCAAGCAGTCTA-1,11.151612,-9.281676,TK6 LIG4-/-
CTATGCAAGCTACAGC-1,17.507385,8.107021,143B
CTATGCAAGGAACCGA-1,-0.19642761,12.128233,DND41
CTATGCTTCGACCTAA-1,18.153172,5.180303,143B
CTATGCTTCGTCTAAG-1,-4.0800705,14.13046,KHM1B
CTATGGATCACGCGAT-1,9.1284895,5.9521236,NALM6
CTATGGATCAGGAAGT-1,1.4783998,11.591898,DND41
CTATGGATCCGCCAGA-1,18.79975,7.8695846,143B
CTATGGGCAAATGGAG-1,10.996042,-9.950949,TK6 LIG4-/-
CTATGGGCAAGGTATC-1,4.552268,2.598546,JURKAT
CTATGGGCACTAGCTC-1,9.843343,-9.615541,TK6 LIG4-/-
CTATGGGCACTTGCCG-1,19.907824,5.8978586,143B
CTATGTGAGGCGCATT-1,10.620941,-0.9861835,ALLSIL
CTATGTGAGTAGACCC-1,2.8128612,8.5793085,PF382
CTATGTTCACATACCC-1,3.9363947,-8.352841,U2OS OGG-/-
CTATGTTCACATTCGC-1,13.8101635,14.743856,JM1
CTATGTTCAGGTAGCC-1,16.517443,6.3998165,143B
CTATTCATCCGCGACA-1,15.724883,7.2776175,143B
CTATTCATCCGGTAGT-1,-3.7528503,-2.8962631,HELA XPA-/-
CTATTCATCGTTCCAT-1,13.236444,-0.7060276,ALLSIL
CTATTCGCATGGATTA-1,2.8473866,-9.697445,U2OS OGG-/-
CTATTGAGTAACCGAA-1,2.58382,7.7449627,PF382
CTATTGAGTAAGCTCT-1,-4.6332736,4.1610317,HAP1 MUTYH-/-
CTATTGAGTCATCAGT-1,-3.8474748,13.7766075,KHM1B
CTATTGAGTTCGTGCA-1,-3.4200592,2.7713356,HAP1 MUTYH-/-
CTATTGAGTTGACTCG-1,16.261967,-5.6798387,C8166
CTATTGCTCACTCTGT-1,7.8325815,-3.8166316,CHLA06ATRT
CTATTGCTCCCCAAGG-1,13.732619,5.402111,143B
CTATTGCTCGCTCCAC-1,17.85819,8.520342,143B
CTCAAAGTCACGCGAT-1,6.366937,-2.5987778,CHLA06ATRT
CTCAAAGTCCCGCTTA-1,1.6439948,5.2491593,PF382
CTCAAAGTCCTTCGGC-1,13.892475,-5.347716,C8166
CTCAAAGTCCTTGGTT-1,14.031814,6.202414,143B
CTCAACTTCCCTGTAT-1,4.68915,1.4047183,JURKAT
CTCAACTTCTGGGACT-1,3.5004594,8.428872,PF382
CTCAATAGTAACCGAA-1,-2.6827588,-2.3558273,HELA XPA-/-
CTCAATAGTAGGTTAG-1,3.8733523,-4.2742195,CHLA06ATRT
CTCAATAGTCTAGTGT-1,19.913637,-2.2785575,SAOS2
CTCAATAGTGAAGCCG-1,-3.7654436,2.273979,HAP1 MUTYH-/-
CTCAATAGTGAGCACG-1,7.9647155,-3.1091762,CHLA06ATRT
CTCAATAGTTATCCTT-1,4.6873593,-4.7985,CHLA06ATRT
CTCAATTCAAACCGCA-1,15.0862055,-3.580178,C8166
CTCAATTCAATCAATG-1,2.650518,-9.87142,U2OS OGG-/-
CTCAATTCACCATCTA-1,12.5038185,11.725674,JM1
CTCAATTCACCTGTCG-1,4.5020404,-7.9294076,U2OS OGG-/-
CTCAATTCATTACGCC-1,0.89957976,5.6357293,PF382
CTCACACCAAACTACA-1,6.430525,-3.1870105,CHLA06ATRT
CTCACACCAAGCTCCT-1,3.6579983,-8.461008,U2OS OGG-/-
CTCACACCATAGGCAT-1,1.0436305,7.114226,PF382
CTCACACCATCATACT-1,9.433788,-3.6759593,CHLA06ATRT
CTCACATTCAAGTTAC-1,11.895636,-0.71541566,ALLSIL
CTCACATTCGAAGGGC-1,-4.1727905,14.307233,KHM1B
CTCACATTCTTGAGCA-1,16.188942,-4.116492,C8166
CTCACCATCAAGTTCG-1,14.750284,5.361054,143B
CTCACCATCCCCAGGA-1,15.042717,6.12008,143B
CTCACCATCCGGAACT-1,14.571484,6.981195,143B
CTCACCTGTCTCACGA-1,11.021169,-9.937294,TK6 LIG4-/-
CTCACCTGTTAGCAAG-1,15.788897,-5.9618673,C8166
CTCACGAGTAATGCAG-1,17.942043,5.5406656,143B
CTCACGAGTTCCCAGA-1,7.947034,10.460168,RH30
CTCACGAGTTCGAGCC-1,14.2349615,-4.6785593,C8166
CTCACGAGTTGCTCCT-1,2.528329,-2.113784,CHLA06ATRT
CTCACGAGTTGGATCT-1,14.75289,4.424627,143B
CTCAGCTCAAGCTGAT-1,7.2578583,15.697851,SUPT11
CTCAGCTCACAGGATT-1,0.8779888,15.606588,TE617T
CTCAGCTCATCCTTGA-1,10.994374,-10.476778,TK6 LIG4-/-
CTCAGCTCATGGCGTA-1,13.696333,14.330916,JM1
CTCAGGTAGGTAGCGA-1,-3.1900153,4.4167485,HAP1 MUTYH-/-
CTCAGGTAGTCGCTAA-1,7.49325,17.614098,SUPT11
CTCAGTAAGGAGGATT-1,15.19856,-6.8994102,C8166
CTCAGTTTCTAGTGCA-1,8.194797,16.620321,SUPT11
CTCATAAGTAGCAGGT-1,8.465923,4.3393593,NALM6
CTCATAAGTCAATGCT-1,17.518044,8.616344,143B
CTCATAAGTGGCGTGA-1,-2.0448644,2.926283,HAP1 MUTYH-/-
CTCATAGAGGATGATA-1,0.83886623,14.889819,TE617T
CTCATAGAGGTCCCGA-1,17.5161,7.4604964,143B
CTCATAGAGTATGAGA-1,16.158974,4.1826997,143B
CTCATAGAGTTAGGTT-1,-1.7189192,3.9807322,HAP1 MUTYH-/-
CTCATCACAAATTCGA-1,18.752071,7.37763,143B
CTCATCCGTAACCCAT-1,4.633873,2.5621977,JURKAT
CTCATCCGTTTAAGCC-1,10.332604,-10.532334,TK6 LIG4-/-
CTCATCCGTTTCCGTC-1,1.6470636,12.611641,DND41
CTCATGAAGCTATACG-1,9.135534,-4.4982963,CHLA06ATRT
CTCATGGGTCTTACCC-1,2.3343449,7.5688953,PF382
CTCATGGGTCTTGGAT-1,-5.210078,3.5091949,HAP1 MUTYH-/-
CTCATGGGTGATCCCA-1,8.145424,10.626077,RH30
CTCATGTTCACACCGG-1,18.056559,6.1743975,143B
CTCATGTTCACGCCGA-1,1.319869,9.335958,PF382
CTCATGTTCCGCTGCT-1,-0.39071038,12.521025,DND41
CTCATGTTCCGTATGA-1,19.228184,5.8751073,143B
CTCATTATCCGGTATA-1,-3.9816775,-2.684164,HELA XPA-/-
CTCATTCAGCATAGTT-1,14.147787,-3.990322,C8166
CTCATTCAGTATGTGT-1,5.1902485,0.83586895,JURKAT
CTCATTCAGTCGAATT-1,14.550078,4.6754813,143B
CTCATTGCAAGTGATC-1,6.9221077,17.486757,SUPT11
CTCATTGCAATAGTGC-1,9.463306,-9.36266,TK6 LIG4-/-
CTCATTGCAATCAATG-1,13.952268,6.365105,143B
CTCATTGCAATCAGAC-1,-3.7917686,-2.2105007,HELA XPA-/-
CTCATTGCAGCCAGGT-1,2.110807,16.034695,TE617T
CTCCAACCAAATCCTT-1,20.194288,-2.2545924,SAOS2
CTCCAACCAAGGTGCC-1,3.9751422,-3.996062,CHLA06ATRT
CTCCAACCAATCCCTA-1,15.953571,8.301375,143B
CTCCAACCATGACCGA-1,8.7210245,-3.6209552,CHLA06ATRT
CTCCAAGGTGAACGAC-1,16.473848,5.3206086,143B
CTCCAATTCCTCAATC-1,14.710148,6.0908623,143B
CTCCAGCTCCACCAGG-1,13.712935,5.8624415,143B
CTCCCAATCACTATGG-1,1.4893404,4.986647,PF382
CTCCCAATCAGGAGCA-1,1.6543038,15.7523575,TE617T
CTCCCAATCCACCGTC-1,15.806387,-3.9582205,C8166
CTCCCAATCCAGGTGT-1,2.9748492,-2.7364285,CHLA06ATRT
CTCCCAATCTATCAGG-1,9.228717,-10.178423,TK6 LIG4-/-
CTCCCACAGCAAGGCA-1,15.680615,-5.5076065,C8166
CTCCCACAGGCACTGT-1,13.849849,5.816129,143B
CTCCCACAGGGGACAC-1,15.058879,5.3631225,143B
CTCCCACAGTCATGTG-1,16.078203,7.329536,143B
CTCCCTAAGTGCTTAG-1,17.707653,5.795806,143B
CTCCCTGGTCAGCATT-1,0.093752414,12.112239,DND41
CTCCCTGGTTCGCAAT-1,-0.87236345,12.294652,DND41
CTCCCTGGTTTACTCT-1,2.0760808,7.828185,PF382
CTCCGTTGTTGAGGCG-1,1.3687956,5.537121,PF382
CTCCTAGTCACGTGTA-1,2.674708,15.406408,TE617T
CTCCTAGTCCAGATCA-1,17.048576,5.341479,143B
CTCCTAGTCGTTCGTT-1,17.256468,4.260555,143B
CTCCTCAAGGTTCGAC-1,12.281585,-1.1312119,ALLSIL
CTCCTGATCAATCGGC-1,-0.45953494,12.299002,DND41
CTCCTTAGTAGGTCAA-1,10.039617,-12.169281,TK6 LIG4-/-
CTCCTTAGTAGTTACC-1,17.473783,8.397099,143B
CTCCTTAGTGGCCTAC-1,6.814522,11.693143,RH30
CTCCTTAGTTGAAGGC-1,15.429646,5.453669,143B
CTCCTTAGTTGCCTCT-1,9.853942,-8.037218,TK6 LIG4-/-
CTCCTTAGTTGTAGGA-1,-3.9289055,-2.3283389,HELA XPA-/-
CTCCTTGAGCATTAAC-1,17.791342,8.092938,143B
CTCGAACAGATTCGCA-1,3.3853862,-1.6142243,CHLA06ATRT
CTCGAACAGGGGTCAA-1,18.82068,5.8752227,143B
CTCGAACAGGGTACTC-1,1.9446034,6.029444,PF382
CTCGAACAGGGTCTAC-1,7.306904,9.638262,RH30
CTCGAATGTAGTTGGA-1,9.085759,5.5829906,NALM6
CTCGAATGTTTAGTCA-1,0.14316009,11.792088,DND41
CTCGACTCAAAGGGTA-1,13.797682,5.806093,143B
CTCGACTCAACTTCCA-1,13.4665575,-0.53069514,ALLSIL
CTCGATCCAAGTTCCC-1,-0.5627769,-3.6070673,HELA XPA-/-
CTCGATCCAATACTCT-1,3.0440028,2.2837565,JURKAT
CTCGATCCAATGAGCT-1,0.8615199,6.5960617,PF382
CTCGATCCAGTTGGGC-1,14.339729,12.534703,JM1
CTCGATCCATTACCGC-1,-4.2652483,14.239154,KHM1B
CTCGATTTCAATCAGT-1,2.6433964,-10.031264,U2OS OGG-/-
CTCGATTTCAATCCGA-1,11.26374,-8.9846525,TK6 LIG4-/-
CTCGATTTCACGCATA-1,10.3232565,-0.097884364,ALLSIL
CTCGATTTCGTTCCAT-1,2.4953637,7.0102577,PF382
CTCGATTTCTGGTGAC-1,7.927498,5.2736397,NALM6
CTCGCCACAATGTATG-1,9.776869,-9.352247,TK6 LIG4-/-
CTCGCCACAGCCAAGC-1,1.9445609,7.778017,PF382
CTCGCGAAGTCAGTTG-1,11.506255,-8.8801365,TK6 LIG4-/-
CTCGCTATCCCCAGAG-1,11.091617,-0.3115116,ALLSIL
CTCGCTATCGATATAC-1,11.533411,-9.493958,TK6 LIG4-/-
CTCGCTGCAAACTATG-1,6.2433524,14.567933,SUPT11
CTCGCTGCAATAGGGA-1,-0.4881828,-3.2747614,HELA XPA-/-
CTCGCTGCACTAATTC-1,-1.1890693,-3.7564268,HELA XPA-/-
CTCGCTGCAGCAGTTG-1,6.3269887,15.545741,SUPT11
CTCGCTGCAGGGCATC-1,0.7273755,7.040635,PF382
CTCGCTGCATCCGGTT-1,9.566054,3.5357552,NALM6
CTCGCTTGTAGTGACA-1,-1.8556529,3.4839015,HAP1 MUTYH-/-
CTCGCTTGTCTCAGGC-1,6.9675064,15.549337,SUPT11
CTCGCTTGTGGCTCTA-1,3.5716462,0.50571364,JURKAT
CTCGCTTGTTCGGTGC-1,11.023225,-1.4104207,ALLSIL
CTCGCTTGTTTCCGTC-1,17.05964,8.052852,143B
CTCGCTTGTTTGATTG-1,-2.9935963,-3.6132607,HELA XPA-/-
CTCGGATAGATTCGGC-1,3.1824105,1.9647615,JURKAT
CTCGGCAAGCGAGCTT-1,14.2049055,5.895025,143B
CTCGGCAAGTAAGCAA-1,14.627657,7.5133038,143B
CTCGGCAAGTGAATCT-1,-0.06187662,12.710629,DND41
CTCGGTTCAACTATGA-1,21.849253,-0.08172309,SAOS2
CTCGTAAAGGCTCAGT-1,16.001944,-5.6945114,C8166
CTCGTAAAGTTGCCGG-1,16.171593,7.4597635,143B
CTCGTAGGTTAAGCAG-1,-3.4754014,2.0063329,HAP1 MUTYH-/-
CTCGTAGGTTGGCTTG-1,15.03362,4.940153,143B
CTCGTCTGTATGTACC-1,15.65164,8.016191,143B
CTCGTCTGTCTTGCCT-1,7.873688,-3.0057073,CHLA06ATRT
CTCGTCTGTTCCAGCA-1,16.099245,-5.756389,C8166
CTCGTGAGTAAGTAAC-1,12.534709,12.932341,JM1
CTCGTGAGTTCGTAAC-1,18.168621,5.753824,143B
CTCGTGAGTTGGTAAG-1,-2.9408252,4.473556,HAP1 MUTYH-/-
CTCGTGAGTTGGTGCC-1,-2.258928,2.9829197,HAP1 MUTYH-/-
CTCGTTACAAGTTCAA-1,13.393133,5.4471765,143B
CTCGTTACACAACCTC-1,20.947603,-2.2994955,SAOS2
CTCGTTACACAAGCCA-1,2.7905326,15.365151,TE617T
CTCGTTACATCCGTCG-1,1.5997361,5.405107,PF382
CTCGTTGTCAGCCAAC-1,5.1093864,5.3905354,PF382
CTCGTTGTCCTTAACC-1,1.1863863,9.512713,PF382
CTCGTTGTCTTGACGA-1,-4.048952,-2.95094,HELA XPA-/-
CTCTAATCATCCCAGT-1,17.127077,6.832163,143B
CTCTAGAAGTAGTCAT-1,-1.2937921,-4.0194116,HELA XPA-/-
CTCTAGAAGTTACCAG-1,2.8002574,8.454088,PF382
CTCTAGCCAAGGTCGC-1,2.503807,15.168307,TE617T
CTCTAGCCAAGTGATC-1,18.06955,5.898225,143B
CTCTAGCCAGGCTATG-1,18.35224,7.9136567,143B
CTCTAGCCATGATCCC-1,-3.5490844,-3.0901277,HELA XPA-/-
CTCTATATCCAGCGTG-1,-3.882885,-2.233721,HELA XPA-/-
CTCTATATCGCGCTAG-1,-3.2749465,-3.3330588,HELA XPA-/-
CTCTATTGTAGCAGCG-1,14.273654,-5.093451,C8166
CTCTATTGTCAATCCG-1,17.643394,6.1449986,143B
CTCTATTGTTCGCATG-1,3.2714653,2.5436409,JURKAT
CTCTCAACAAACCAGT-1,13.974051,7.864058,143B
CTCTCAACAATCTAAG-1,16.427357,-5.253204,C8166
CTCTCAACAGGTTAGT-1,15.602837,6.4466057,143B
CTCTGACCAAACCGTG-1,2.7393632,-8.9566,U2OS OGG-/-
CTCTGATTCAATCAAC-1,2.9009852,-8.193486,U2OS OGG-/-
CTCTGATTCCGCGACA-1,3.7764518,-7.3414216,U2OS OGG-/-
CTCTGATTCCTCACCA-1,4.3908405,-4.80195,CHLA06ATRT
CTCTGATTCCTCACGC-1,2.2077937,-10.267014,U2OS OGG-/-
CTCTGATTCGTTCATC-1,3.5227315,-9.8065405,U2OS OGG-/-
CTCTGCATCATGCACA-1,10.245634,4.377394,NALM6
CTCTGCATCCCTGGCT-1,18.664452,8.331337,143B
CTCTGCATCGCATCCC-1,14.352424,-4.024054,C8166
CTCTGGTCAATACAGC-1,11.087092,-0.6534001,ALLSIL
CTCTGGTCACCAACGA-1,-0.5378068,12.024917,DND41
CTCTGGTCAGCCTACT-1,7.7364006,4.1719904,NALM6
CTCTGTTAGAACCTTG-1,6.8637214,10.764397,RH30
CTCTGTTAGCTGGCAT-1,8.54664,-2.6839085,CHLA06ATRT
CTCTGTTAGGCGTAAG-1,2.1622236,15.858308,TE617T
CTCTGTTAGTACGGGA-1,3.483141,-7.264138,U2OS OGG-/-
CTCTTCTCAACCCTTA-1,-1.8716049,-2.2103343,HELA XPA-/-
CTCTTCTCACTTCGAC-1,11.717985,-1.3522226,ALLSIL
CTCTTCTCAGGGCAGA-1,3.5156655,-9.084732,U2OS OGG-/-
CTCTTCTCATTCAGCC-1,10.629032,-0.22481419,ALLSIL
CTCTTGGTCTAGTGCA-1,-3.217406,2.2851133,HAP1 MUTYH-/-
CTGAAAGGTAGGTATG-1,-0.65910506,12.377798,DND41
CTGAAAGGTCAAGCGG-1,21.660767,-1.7609934,SAOS2
CTGAAAGGTGGCGTCT-1,1.6649374,4.975351,PF382
CTGAACATCATGTCAG-1,2.7792554,7.253314,PF382
CTGAACATCATGTGCA-1,11.012472,-9.341976,TK6 LIG4-/-
CTGAACATCCTGCCTA-1,1.8302385,7.851916,PF382
CTGAACATCGACTAAT-1,17.000938,5.833981,143B
CTGAATGTCATGTCTC-1,2.855948,1.2329531,JURKAT
CTGAATGTCTGTAAGT-1,7.450667,-3.803277,CHLA06ATRT
CTGAATTAGCGAGCTT-1,7.6200986,17.463923,SUPT11
CTGAATTAGGATGACG-1,20.414776,-2.1425316,SAOS2
CTGACAATCAGGACTC-1,11.486331,-9.308204,TK6 LIG4-/-
CTGACAATCATCGTTC-1,-4.2145147,4.493342,HAP1 MUTYH-/-
CTGACAATCATGCGCG-1,13.9784975,-4.4859457,C8166
CTGACAATCGACATCA-1,15.059634,4.064566,143B
CTGACAATCGCGTTCC-1-1,4.8557954,1.8338379,JURKAT
CTGACACAGCGATGCT-1,4.4616284,-7.5170345,U2OS OGG-/-
CTGACACAGGCTATAT-1,9.0052395,-9.741411,TK6 LIG4-/-
CTGACACAGTTACGCA-1,4.1566877,-8.499107,U2OS OGG-/-
CTGACCAGTGAACGGT-1,3.2370005,-1.92509,CHLA06ATRT
CTGACCAGTGACGTGG-1,3.4725356,1.1372216,JURKAT
CTGACCAGTTTGCAGT-1,9.9688015,4.3718133,NALM6
CTGACCCTCCCAGGAT-1,17.180948,4.532354,143B
CTGACCCTCGTCTCTG-1,-0.36057922,-3.8218946,HELA XPA-/-
CTGACCTCAATCTGCC-1,17.514202,8.51705,143B
CTGACCTCAGTAAGGA-1,11.369326,-8.845721,TK6 LIG4-/-
CTGACCTCATTGCCGT-1,-3.5692484,-3.1601508,HELA XPA-/-
CTGACGTAGCTACCTT-1,3.278274,-7.469189,U2OS OGG-/-
CTGACGTAGGATTGGG-1,13.696844,7.0283933,143B
CTGACGTAGGCGTTAC-1,16.490614,6.999907,143B
CTGACGTAGTATGTGT-1,14.818763,-3.5599904,C8166
CTGACGTAGTGAACTT-1,3.2494605,1.9253844,JURKAT
CTGACGTAGTTGCCGG-1,3.958921,0.71961176,JURKAT
CTGATAGTCAGCAAGG-1,-2.3070276,-2.9411755,HELA XPA-/-
CTGATATAGATTGACT-1,2.213296,-9.601373,U2OS OGG-/-
CTGATATAGCCATCCC-1,7.5193267,10.13336,RH30
CTGATATAGGTTCGGT-1,2.742432,-9.329817,U2OS OGG-/-
CTGATATAGGTTGATT-1,15.797444,-6.7324004,C8166
CTGATATAGTGCTTGA-1,0.3498591,11.830351,DND41
CTGATCAAGATACTAC-1,14.181437,7.587067,143B
CTGATCAAGGTTAGCC-1,11.341495,13.04009,JM1
CTGATTAGTATTGGGA-1,2.202029,-10.020884,U2OS OGG-/-
CTGATTAGTGAACTAG-1,21.814129,-0.15141301,SAOS2
CTGATTGAGCGATGAG-1,-5.303496,3.3808358,HAP1 MUTYH-/-
CTGATTGAGGTGGCAA-1,11.043376,-9.149333,TK6 LIG4-/-
CTGATTGAGTAAGCCC-1,7.8140693,4.4077487,NALM6
CTGATTGAGTCTCTGT-1,6.091306,14.539191,SUPT11
CTGATTGAGTGACGGA-1,9.124582,3.3622503,NALM6
CTGATTTCAACTAGAC-1,9.657068,4.504259,NALM6
CTGATTTCACCACAGA-1,1.1900884,6.858047,PF382
CTGATTTCACTCAGGA-1,1.1193799,5.9699836,PF382
CTGCAAATCGCTCCTA-1,14.756782,-3.8983734,C8166
CTGCAACAGAAGCTAA-1,1.2278033,-9.310282,U2OS OGG-/-
CTGCAACAGGAGTCAG-1,5.9024687,15.564719,SUPT11
CTGCAACAGTGATCTG-1,3.8307743,-3.0182953,CHLA06ATRT
CTGCAATGTAATCACC-1,1.889759,8.820709,PF382
CTGCAATGTTAGGTAG-1,3.1897876,2.0821931,JURKAT
CTGCACCTCCGCCTTA-1,11.923969,12.3338175,JM1
CTGCACCTCCGGAGTT-1,4.765227,-4.802509,CHLA06ATRT
CTGCACCTCTAGTGCA-1,8.29746,3.1518376,NALM6
CTGCATCCAACGTGAT-1,17.635567,7.741283,143B
CTGCATCCAGCCAGTA-1,-0.6651538,-3.5382218,HELA XPA-/-
CTGCATGGTCAAGTAG-1,11.222403,11.467032,JM1
CTGCATTTCAGGTTGC-1,16.945267,7.4368343,143B
CTGCATTTCCGTTGCC-1,11.587292,-0.7405046,ALLSIL
CTGCATTTCGCTGATA-1,19.407682,-1.1592654,SAOS2
CTGCCATCAACCAACG-1,14.588792,13.96448,JM1
CTGCCATCAATTCGTT-1,21.216497,-1.291292,SAOS2
CTGCCTATCCAGCTAA-1,1.9556669,12.208924,DND41
CTGCCTTGTAATGGGC-1,8.355599,3.240595,NALM6
CTGCCTTGTGAAGCAC-1,10.356461,-10.272281,TK6 LIG4-/-
CTGCCTTGTGATCCCA-1,8.489835,16.27009,SUPT11
CTGCCTTGTTGTCCCT-1,8.01565,5.8486824,NALM6
CTGCGATAGTCGCAAC-1,2.3470855,8.863681,PF382
CTGCGATAGTGGGTCT-1,1.118658,7.463418,PF382
CTGCGATAGTTACCCT-1,15.890435,-4.7656355,C8166
CTGCGCAAGATTGCAT-1,-3.6680372,13.723774,KHM1B
CTGCGGATCACATGGC-1,13.873387,5.097939,143B
CTGCGGATCATGCGCG-1,7.6495442,-3.3231375,CHLA06ATRT
CTGCGGATCCGTCCTA-1,7.748666,10.4414625,RH30
CTGCGGATCCGTGCGA-1,17.78648,5.3675747,143B
CTGCGGATCGCTAGGT-1,14.101907,6.4054675,143B
CTGCGTAGTAAGTTCC-1,6.080936,15.319539,SUPT11
CTGCGTAGTTATCCAA-1,17.459059,6.083601,143B
CTGCGTAGTTTGACGT-1,3.6364372,-8.840796,U2OS OGG-/-
CTGCTAAAGCATAGGG-1,7.263367,11.542633,RH30
CTGCTAAAGGCTAGAG-1,9.956217,-7.90682,TK6 LIG4-/-
CTGCTAAAGTACGCCG-1,1.0164168,11.8133745,DND41
CTGCTAAAGTAGAGTA-1,3.3546772,-8.055168,U2OS OGG-/-
CTGCTCGCAGCTCTCG-1,12.363038,0.46602628,ALLSIL
CTGCTCGCATTCCTCT-1,2.7579904,-2.5106294,CHLA06ATRT
CTGCTCTGTAGGCTGG-1,6.0563507,14.637859,SUPT11
CTGCTGCTCCAACTGA-1,10.441676,0.5940133,ALLSIL
CTGCTGCTCTATGGAT-1,5.285217,5.1058035,PF382
CTGCTTACAAGTGATC-1,9.818167,5.3341947,NALM6
CTGCTTACAGCTAAGT-1,7.690217,-2.9448519,CHLA06ATRT
CTGCTTACAGTAAGCT-1,1.2787572,-9.693748,U2OS OGG-/-
CTGGAAAGTAATTGCC-1,10.896403,-9.900234,TK6 LIG4-/-
CTGGAAAGTGGGTTGG-1,15.9169445,4.6813784,143B
CTGGACTAGAATCAAG-1,10.617344,0.20557801,ALLSIL
CTGGACTAGTGGCTCG-1,17.721458,6.443047,143B
CTGGCAACACAAGCGC-1,19.816952,-2.5630522,SAOS2
CTGGCCAAGTCATCCT-1,-2.8065948,3.0934315,HAP1 MUTYH-/-
CTGGCTAGTCATGCGC-1,9.838374,5.049139,NALM6
CTGGCTAGTGAAGCGT-1,8.633533,3.3396945,NALM6
CTGGCTAGTTAACGCT-1,1.9901503,15.876156,TE617T
CTGGCTAGTTGCGTGC-1,1.4722611,5.757587,PF382
CTGGCTAGTTTGGGTT-1,9.398109,-9.6868305,TK6 LIG4-/-
CTGGGCATCCAGGTGT-1,-3.9410355,3.852898,HAP1 MUTYH-/-
CTGGGCATCGTTACAG-1,2.9163008,15.348427,TE617T
CTGGGGTCAAAGGACA-1,15.872002,3.9560401,143B
CTGGGGTCACCAGCAA-1,6.627616,10.888452,RH30
CTGGGGTCAGGACTAT-1,7.09989,-2.9017148,CHLA06ATRT
CTGGGTTAGATTAGCT-1,15.913648,4.7785473,143B
CTGGGTTAGGCGAGTA-1,18.30732,5.8799615,143B
CTGGTAATCGAACGGA-1,-5.158167,3.4308527,HAP1 MUTYH-/-
CTGGTAATCGACCGTG-1,9.098099,-3.5019605,CHLA06ATRT
CTGGTAATCGTGCGTG-1,10.235994,-8.3849325,TK6 LIG4-/-
CTGGTATGTCTAGCGC-1,5.794434,15.1469,SUPT11
CTGGTCAGTCAGCTAT-1,6.3672247,-2.6636655,CHLA06ATRT
CTGGTCAGTTGCGAGG-1,6.929749,11.094117,RH30
CTGGTTAAGGAGTACG-1,-3.3304543,2.8747237,HAP1 MUTYH-/-
CTGGTTAAGTCGACGT-1,9.111068,-4.381066,CHLA06ATRT
CTGGTTAAGTGAAGTA-1,-1.6445907,-4.196553,HELA XPA-/-
CTGGTTGGTCTAGCTG-1,18.6396,5.950681,143B
CTGGTTGGTGGCTTCA-1,2.4610684,-9.532876,U2OS OGG-/-
CTGGTTGGTTAGTACC-1,13.4186325,7.9007835,143B
CTGTAACGTTCACGGC-1,7.048546,11.329228,RH30
CTGTAACGTTCCCTGT-1,4.1230593,-8.261823,U2OS OGG-/-
CTGTAACGTTCCGTAG-1,1.4878485,16.639503,TE617T
CTGTAAGTCACAGCAC-1,-1.4438523,-3.9119956,HELA XPA-/-
CTGTAAGTCGTACTAG-1,17.214216,5.032696,143B
CTGTAAGTCTAGTAAC-1,6.895658,-3.650738,CHLA06ATRT
CTGTAAGTCTGGTGAC-1,-3.7075105,-3.0540257,HELA XPA-/-
CTGTAATAGCAATTAC-1,2.9819171,7.2355127,PF382
CTGTAATAGCCCTACC-1,6.855344,-3.5768661,CHLA06ATRT
CTGTAATAGGTAGTAA-1,8.938175,3.1281767,NALM6
CTGTACCCAATTAGTG-1,6.4705124,11.642667,RH30
CTGTACCCACAGGCAC-1,20.261368,-2.006673,SAOS2
CTGTACCCACCAGCTT-1,12.274204,-5.5323415,C8166
CTGTACCCATCCCTGG-1,13.147275,14.523268,JM1
CTGTACGGTGCATCTG-1,11.085424,-8.361328,TK6 LIG4-/-
CTGTACGGTGGCTACC-1,18.45615,5.773533,143B
CTGTACGGTTAATCCA-1,-3.030062,4.389899,HAP1 MUTYH-/-
CTGTACTTCAGGAACG-1,9.398757,4.3034625,NALM6
CTGTACTTCCTGAAGC-1,16.159876,5.3256955,143B
CTGTACTTCTGTCACT-1,5.1114407,7.573331,PF382
CTGTATAGTAGCTTAC-1,4.7705603,7.379336,PF382
CTGTATAGTGACGAGT-1,4.1742177,-3.7190254,CHLA06ATRT
CTGTATAGTGCGCCAT-1,3.5831184,8.212214,PF382
CTGTATAGTTGCATCG-1,-4.1299076,4.29474,HAP1 MUTYH-/-
CTGTATAGTTGGCCGT-1,15.238044,-6.1837816,C8166
CTGTCAAAGCCCTGCT-1,0.04897153,12.694711,DND41
CTGTCAAAGTAGCACC-1,-2.9782176,-3.5488613,HELA XPA-/-
CTGTCAAAGTGCGCCA-1,17.100634,5.40226,143B
CTGTCAAAGTTGCATG-1,10.350972,0.74720097,ALLSIL
CTGTCACCAAGCACCA-1,10.531735,0.6686073,ALLSIL
CTGTCACCACCTCACG-1,21.077887,-2.4845514,SAOS2
CTGTCATTCAATCGGC-1,15.138167,-5.231948,C8166
CTGTCATTCACAGCCG-1,15.884542,8.305895,143B
CTGTCATTCATATCCC-1,17.457603,6.3615284,143B
CTGTCATTCATGTGAT-1,14.435084,6.2636514,143B
CTGTCATTCGATGTAT-1,14.74595,-3.604553,C8166
CTGTCATTCGCGCTTC-1,1.6622747,-9.787612,U2OS OGG-/-
CTGTCCATCACCATGA-1,2.0615618,12.563273,DND41
CTGTCCATCCTCAGCC-1,16.652306,-4.9618635,C8166
CTGTCCATCTGGTAAT-1,14.952061,5.7252893,143B
CTGTCGCTCATCGACA-1,-2.8065815,-3.265957,HELA XPA-/-
CTGTCGCTCCTTGATC-1,6.400445,-3.1119525,CHLA06ATRT
CTGTCGCTCGACATAT-1,14.798445,3.9838724,143B
CTGTCGCTCTGGGCTG-1,16.259272,7.3609633,143B
CTGTGAATCATGACGC-1,11.476001,0.059604816,ALLSIL
CTGTGAATCCTCTAGT-1,6.4919906,-2.8982167,CHLA06ATRT
CTGTGAATCGTTCGGG-1,3.596765,7.711462,PF382
CTGTGAATCTAGGCCG-1,-4.1338773,3.736176,HAP1 MUTYH-/-
CTGTGCCTCACATAGT-1,4.7495866,1.9598235,JURKAT
CTGTGGACATCGATCC-1,14.718059,-4.1140924,C8166
CTGTGGACATGAGTTA-1,-3.8619213,-2.280948,HELA XPA-/-
CTGTGGGTCAGCAATT-1,15.632856,8.309251,143B
CTGTGGGTCCGTGTGG-1,3.97887,-8.86093,U2OS OGG-/-
CTGTGGGTCCTGCGGA-1,14.323721,8.083386,143B
CTGTGGGTCGTGCCAG-1,18.334787,6.5136843,143B
CTGTGTCCAATATGCA-1,14.167494,13.387246,JM1
CTGTGTCCAATGCCAG-1,1.4322567,7.3291216,PF382
CTGTGTCCAGCACTGA-1,9.842791,-11.822899,TK6 LIG4-/-
CTGTGTCCAGCCTACT-1,4.322453,0.6874127,JURKAT
CTGTGTCCAGGGCACT-1,10.104298,-9.967042,TK6 LIG4-/-
CTGTGTCCATTCGTTG-1,2.427784,-7.760456,U2OS OGG-/-
CTGTTAAGTGGGTCGA-1,10.675845,-8.037509,TK6 LIG4-/-
CTGTTAAGTTGAGGTA-1,16.392923,-5.5251427,C8166
CTGTTAGAGCATATCG-1,12.669427,0.40544888,ALLSIL
CTGTTAGAGTGGCCTG-1,16.373386,6.389079,143B
CTGTTAGAGTTGCGCG-1,14.801626,-4.936276,C8166
CTGTTCCGTAGTCAAG-1,4.307059,-8.006587,U2OS OGG-/-
CTGTTCCGTATGTCAC-1,-3.7168396,-3.4823835,HELA XPA-/-
CTGTTCCGTCCATACG-1,-6.9932213,8.439918,EOL1
CTGTTCCGTCTGTCGA-1,5.70539,14.566275,SUPT11
CTGTTCCGTTCGGTCA-1,10.906495,-9.708217,TK6 LIG4-/-
CTGTTGAAGCTAGATT-1,4.8108454,-4.704778,CHLA06ATRT
CTGTTGAAGGATGCCT-1,1.7711996,11.500023,DND41
CTGTTGAAGGGTATGG-1,11.170132,-9.760312,TK6 LIG4-/-
CTGTTGAAGGTCGTTA-1,-3.9971547,3.2602875,HAP1 MUTYH-/-
CTGTTGAAGTCAGCCG-1,20.286531,-1.046998,SAOS2
CTGTTGGGTGGGTATA-1,6.3255196,14.663519,SUPT11
CTGTTGGGTTAGTACC-1,3.7713385,2.3563294,JURKAT
CTGTTGGGTTGGAATG-1,14.930592,5.9671082,143B
CTGTTGGGTTGTAGGA-1,-1.2011092,-2.712942,HELA XPA-/-
CTTAACCTCAATGTAC-1,-2.5374873,3.1131852,HAP1 MUTYH-/-
CTTAACCTCATGGATT-1,-3.2598345,-3.4651659,HELA XPA-/-
CTTAACCTCCCAGGAT-1,-1.2964095,-4.9141026,HELA XPA-/-
CTTAATCCAAATCGAC-1,21.164782,-2.0551376,SAOS2
CTTAATCCACTAGCTC-1,4.8844113,1.214661,JURKAT
CTTAATCCATAACTTC-1,13.998742,6.9021997,143B
CTTAATCCATGAGTTA-1,11.285135,-10.276792,TK6 LIG4-/-
CTTAATGGTAGTTGAG-1,6.8571463,-2.6198466,CHLA06ATRT
CTTAATGGTATAGCAG-1,14.866115,-4.039218,C8166
CTTAATGGTTTGGTGT-1,5.8465376,7.025144,PF382
CTTACAAGTCAAGGCG-1,6.3784566,11.984629,RH30
CTTACAAGTGATGGTA-1,10.912561,-9.469315,TK6 LIG4-/-
CTTACAAGTGGCTCGT-1,3.5574517,-3.92844,CHLA06ATRT
CTTACAAGTTCTGGAT-1,6.294526,-2.7527916,CHLA06ATRT
CTTACAAGTTGGTGAA-1,3.3556783,-4.06408,CHLA06ATRT
CTTACAAGTTGTGCAT-1,19.700407,-0.9704904,SAOS2
CTTACATCAACTGCCT-1,3.729531,-4.0600057,CHLA06ATRT
CTTACGAAGCCTGAAC-1,-3.5924027,-2.177082,HELA XPA-/-
CTTACGAAGGAACCCT-1,-3.7200794,-3.2334464,HELA XPA-/-
CTTACGAAGGTGCGTT-1,7.2048364,-3.4780235,CHLA06ATRT
CTTACGCCAACGGTCA-1,9.702189,4.2880783,NALM6
CTTACGCCACAAGGAA-1,3.5583608,0.37730917,JURKAT
CTTACGCCAGCACTTC-1,12.400585,-0.403923,ALLSIL
CTTACGCCAGCCATCT-1,18.572666,6.232,143B
CTTACGCCAGGACTCA-1,15.477581,-4.365213,C8166
CTTACGCCAGGATTAC-1,14.5359745,5.050741,143B
CTTACGTTCACGTACA-1,-2.3122442,-3.0466392,HELA XPA-/-
CTTACGTTCGATCACA-1,14.927526,5.283388,143B
CTTACTATCTAGCTCT-1,3.6046314,7.984285,PF382
CTTACTTGTAACTCTA-1,1.7228417,11.548014,DND41
CTTACTTGTTCCATCC-1,13.509128,6.7041245,143B
CTTACTTGTTCCCGAA-1,14.282218,6.830865,143B
CTTACTTGTTCCTTCA-1,16.951548,8.21538,143B
CTTACTTGTTCGCGTA-1,7.260849,-3.1362927,CHLA06ATRT
CTTACTTGTTGAAGGC-1,13.798133,12.388804,JM1
CTTACTTGTTGAGGTA-1,-5.1402726,3.3320475,HAP1 MUTYH-/-
CTTACTTGTTTACCTT-1,-3.1815941,2.7390375,HAP1 MUTYH-/-
CTTAGCAAGCCAGGTT-1,3.1026053,2.4546661,JURKAT
CTTAGCAAGCTAGCAC-1,2.3275545,5.2781596,PF382
CTTAGCAAGCTATACG-1,-2.7688882,-3.5151403,HELA XPA-/-
CTTAGCAAGGCGAATG-1,14.466583,6.355735,143B
CTTAGCAAGGGGCAGT-1,0.12391411,12.7550745,DND41
CTTAGCAAGGTAGTGG-1,3.5077665,4.8212843,PF382
CTTAGCGGTCAAGGCG-1,-4.3293886,2.985492,HAP1 MUTYH-/-
CTTAGCGGTCATCAGT-1,2.2304728,14.814346,TE617T
CTTAGCTTCAGCATAT-1,18.400055,5.041563,143B
CTTAGCTTCCATCGTT-1,7.872337,4.107226,NALM6
CTTAGCTTCGCGACAT-1,4.10899,-4.717765,CHLA06ATRT
CTTAGCTTCGCGTTAA-1,14.0306225,-3.898756,C8166
CTTAGGATCCTGAATG-1,16.391706,-4.7059636,C8166
CTTAGTAGTAAGCTGA-1,1.4623451,5.5661445,PF382
CTTAGTGAGAAGCGAT-1,15.363085,6.344546,143B
CTTAGTGAGCAAGCGA-1,3.0268912,-7.876364,U2OS OGG-/-
CTTAGTGAGGCAATCC-1,14.599807,14.112627,JM1
CTTAGTGAGGGGATCA-1,1.760265,5.310731,PF382
CTTATAGGTGGCAGCA-1,14.891151,4.011825,143B
CTTATAGGTTAGTAGG-1,8.601107,5.6556687,NALM6
CTTATAGGTTGTCAGT-1,-6.8830867,8.326467,EOL1
CTTATCGCAAGCTCAG-1,16.245766,-5.3074346,C8166
CTTATCGCAATTCATC-1,4.220999,-8.358249,U2OS OGG-/-
CTTATCTGTAAGTACG-1,10.841649,-9.700615,TK6 LIG4-/-
CTTATCTGTAGCCCGT-1,1.5894481,-9.555991,U2OS OGG-/-
CTTATCTGTAGCGACG-1,14.058598,6.213183,143B
CTTATCTGTGATCCTG-1,6.9771976,-3.1519241,CHLA06ATRT
CTTATCTGTTCACCTC-1,8.576886,5.395517,NALM6
CTTATCTGTTCCTTGC-1,4.395561,0.5796426,JURKAT
CTTATCTGTTGTGGCC-1,17.288866,4.1456704,143B
CTTATCTGTTTAATCG-1,-1.8836858,3.8918455,HAP1 MUTYH-/-
CTTATCTGTTTGCGTG-1,4.5503306,2.1651554,JURKAT
CTTATGAGTAATCAGG-1,18.763298,7.849019,143B
CTTATGAGTTTGCAGT-1,14.303011,7.03573,143B
CTTATGCTCACCTCTG-1,14.273303,6.1643543,143B
CTTATGCTCCACCGTC-1,-2.2299,-3.8730896,HELA XPA-/-
CTTATGCTCCGCGTGA-1,15.54307,-4.492471,C8166
CTTATGGAGCGATGTC-1,8.557164,16.32943,SUPT11
CTTATGGAGCGCTCAG-1,7.5645685,10.549874,RH30
CTTATGGAGGGTAGAT-1,15.719107,-7.3903375,C8166
CTTCAATCAAGCACAT-1,4.3096824,-3.9271705,CHLA06ATRT
CTTCAATCAATCGGGC-1,-3.0664766,-3.4761724,HELA XPA-/-
CTTCAATCACTAACGG-1,1.7771693,6.843151,PF382
CTTCAATCAGGATTCG-1,-3.8824923,4.292484,HAP1 MUTYH-/-
CTTCACTAGCCAGTAC-1,20.176353,-2.0236552,SAOS2
CTTCACTAGGATAGAC-1,11.300786,-9.905447,TK6 LIG4-/-
CTTCACTAGGCACATC-1,15.350258,4.091229,143B
CTTCACTAGGTTCGAC-1,15.378961,-3.731209,C8166
CTTCAGCCAGCATGGC-1,-3.6732671,14.277183,KHM1B
CTTCAGCCAGCTCAGA-1,-1.427807,-4.473844,HELA XPA-/-
CTTCAGCCATCATAGA-1,13.633563,5.469225,143B
CTTCAGCCATGGATTA-1,14.912061,4.625644,143B
CTTCATATCCCTGACC-1,8.003746,9.779541,RH30
CTTCATATCGAACCTA-1,-3.6941445,-2.131909,HELA XPA-/-
CTTCATCAGCTAACCA-1,5.338419,5.0671215,PF382
CTTCATCAGCTAAGGG-1,-2.0087016,3.2396517,HAP1 MUTYH-/-
CTTCATCAGGATGTAA-1,5.264229,6.9782887,PF382
CTTCATCAGGCAATGG-1,15.571262,4.0655313,143B
CTTCATCAGGCTTCGG-1,10.072566,0.8323669,ALLSIL
CTTCATCAGTTGCGAC-1,2.6608038,6.198268,PF382
CTTCATCAGTTGGGTC-1,6.0872674,6.3252788,PF382
CTTCATTGTCAGTATC-1,11.304448,-9.409561,TK6 LIG4-/-
CTTCATTGTCTGGTAT-1,11.0428095,-0.21717256,ALLSIL
CTTCATTGTTCACTCC-1,-3.7998414,3.9482305,HAP1 MUTYH-/-
CTTCGAGGTTCATCCC-1,20.9474,-2.4073422,SAOS2
CTTCGATTCGATATGT-1,18.067955,5.515069,143B
CTTCGCATCATATCGG-1,12.252001,-1.0422009,ALLSIL
CTTCGCGCACCAACTC-1,-3.5178208,-3.392464,HELA XPA-/-
CTTCGCGCATAAGCAC-1,7.4737153,-2.5072331,CHLA06ATRT
CTTCGGTCAATCTGGG-1,1.2129663,9.34666,PF382
CTTCGGTCAATGGGCC-1,15.04989,4.4372644,143B
CTTCGTTAGCCTCTGC-1,2.5514517,6.9565516,PF382
CTTCGTTAGGTGCTCG-1,8.320555,5.6262493,NALM6
CTTCTAATCATGAGCC-1,-2.978212,3.6132417,HAP1 MUTYH-/-
CTTCTAATCATGGCCG-1,17.35677,7.7683263,143B
CTTCTAATCCGTTGCC-1,-2.199609,3.2832701,HAP1 MUTYH-/-
CTTCTAATCCTCACCA-1,11.580911,-8.568725,TK6 LIG4-/-
CTTCTAATCGATCAAT-1,2.7321813,-9.348918,U2OS OGG-/-
CTTCTATGTAGTAAGT-1,2.9134293,1.6923375,JURKAT
CTTCTATGTGATGACA-1,4.637219,7.461757,PF382
CTTCTATGTTGGCCTA-1,1.6031617,5.315339,PF382
CTTCTCCTCGAGGTCT-1,20.385967,-2.5802982,SAOS2
CTTCTCCTCGATAGGG-1,2.938529,1.6198592,JURKAT
CTTCTGGTCAGTACGC-1,15.91044,-3.9013298,C8166
CTTGAACGTTATGCTA-1,-3.2002816,3.0283575,HAP1 MUTYH-/-
CTTGAACGTTGCACTG-1,3.549964,7.969637,PF382
CTTGAACGTTTAGCCG-1,7.9940033,4.952313,NALM6
CTTGAACGTTTCCGCT-1,2.152715,12.315684,DND41
CTTGAATAGGCGATTC-1,16.999,8.461114,143B
CTTGAATAGGGTCATC-1,4.9940133,5.294058,PF382
CTTGAATAGTATGGAA-1,16.168806,4.7407994,143B
CTTGACCCAACCGCAA-1,14.044136,5.4727793,143B
CTTGACCCATTGCGTC-1,2.9062414,7.29553,PF382
CTTGACTTCACACCTT-1,16.910942,6.6251583,143B
CTTGACTTCACGCAGT-1,-1.3719776,-2.1455786,HELA XPA-/-
CTTGACTTCATCGACA-1,16.379366,4.280224,143B
CTTGACTTCCCAATCT-1,4.1266184,-8.442085,U2OS OGG-/-
CTTGAGGCAAATCGTA-1,2.1037579,5.0799623,PF382
CTTGAGGCAATATGCA-1,18.320024,8.24994,143B
CTTGAGGCAATGGAAG-1,-2.581772,3.238224,HAP1 MUTYH-/-
CTTGAGGCAATTGACA-1,17.264235,5.1386924,143B
CTTGAGGCACATGCCT-1,-4.018642,14.679966,KHM1B
CTTGATAGTGACGAAC-1,3.993511,1.9523063,JURKAT
CTTGATAGTTCGCGGT-1,4.1223636,-3.4775348,CHLA06ATRT
CTTGATGAGCTAGTCA-1,15.334816,-6.297088,C8166
CTTGCAAAGGATAGCG-1,10.729623,-10.044275,TK6 LIG4-/-
CTTGCACCACATTCGC-1,-2.4800594,2.6818638,HAP1 MUTYH-/-
CTTGCACCACTAACCC-1,-3.3475604,-3.429369,HELA XPA-/-
CTTGCACCACTATCGC-1,10.709322,-9.94993,TK6 LIG4-/-
CTTGCAGGTAACTGTC-1,-2.3060184,-3.9421153,HELA XPA-/-
CTTGCAGGTAGTAGTG-1,9.2124195,-10.809248,TK6 LIG4-/-
CTTGCAGGTGAAGGAG-1,1.5657,-10.034167,U2OS OGG-/-
CTTGCAGGTTCGGCTA-1,-3.2660098,4.4597816,HAP1 MUTYH-/-
CTTGCATTCAAGTCTG-1,3.858874,-3.7923367,CHLA06ATRT
CTTGCATTCATAGAGA-1,15.913252,4.495291,143B
CTTGCATTCCGTGGAT-1,2.4734716,-9.097259,U2OS OGG-/-
CTTGCATTCCTGCGAG-1,11.431802,-5.7777386,JURKAT
CTTGCATTCGATAGTT-1,-3.0748389,-3.369195,HELA XPA-/-
CTTGCCATCATGCCTT-1,15.754367,-6.3514905,C8166
CTTGCCATCCCTGTCA-1,14.485404,8.177122,143B
CTTGCCATCTAACCCT-1,9.360841,-10.093398,TK6 LIG4-/-
CTTGCCATCTGTGCGG-1,4.491984,-4.140032,CHLA06ATRT
CTTGCCTGTTCCCTGT-1,3.6481202,-9.357174,U2OS OGG-/-
CTTGCGAGTTATGGTC-1,-3.610377,2.433765,HAP1 MUTYH-/-
CTTGCGGAGAAGGAGA-1,20.49558,-1.2417148,SAOS2
CTTGCGGAGATTGGTT-1,18.405766,8.130765,143B
CTTGCTTAGCAACCTA-1,-1.9934316,-3.0942214,HELA XPA-/-
CTTGCTTAGCAATCAT-1,8.408242,-4.002942,CHLA06ATRT
CTTGCTTAGGAGTATA-1,-1.3039784,-3.6361666,HELA XPA-/-
CTTGGATGTAAGGTCA-1,4.3780003,-7.95428,U2OS OGG-/-
CTTGGATGTAGTTGCT-1,1.033806,6.4183292,PF382
CTTGGATGTCAACTCG-1,14.241175,7.038853,143B
CTTGGATGTCAAGCGG-1,1.5612657,15.7356825,TE617T
CTTGGATGTGAAGTAT-1,10.91834,-9.757946,TK6 LIG4-/-
CTTGGATGTGACTTCG-1,3.9056628,1.579357,JURKAT
CTTGGCCTCACTCGCC-1,2.1156206,9.091914,PF382
CTTGGCCTCATCAGCA-1,12.452457,0.34810442,ALLSIL
CTTGGCGAGCTAGTGC-1,11.231649,10.664404,JM1
CTTGGCGAGGTAGCGA-1,14.665445,13.4277725,JM1
CTTGGCGAGTAGTCGC-1,10.413946,-8.248114,TK6 LIG4-/-
CTTGGCGAGTTGGTGC-1,14.891102,8.264596,143B
CTTGGCTCAAATGCTA-1,-2.8226566,4.3515434,HAP1 MUTYH-/-
CTTGGCTCAACGGGCT-1,15.395225,-5.021849,C8166
CTTGGCTCAACGGGTC-1,8.272082,16.661987,SUPT11
CTTGGCTCAAGTCCCT-1,14.082067,5.150617,143B
CTTGGCTCAATTAGGC-1,8.049512,5.822425,NALM6
CTTGGCTCACCTACGT-1,-3.0229197,-3.1039846,HELA XPA-/-
CTTGGCTCACCTTAAT-1,11.409777,-9.10272,TK6 LIG4-/-
CTTGGCTCACTTGGAG-1,15.06045,4.6452475,143B
CTTGGCTCATTAGCCC-1,12.837107,12.84198,JM1
CTTGGGACAATCCTCA-1,16.467361,4.5151606,143B
CTTGGGACAATGTGCG-1,17.326923,5.808211,143B
CTTGGGACAGCATGTG-1,-1.3374274,-4.0829983,HELA XPA-/-
CTTGGGCGTCATTAGC-1,15.847253,4.40479,143B
CTTGGGCGTCTAATGC-1,6.905434,12.191729,RH30
CTTGGGCGTGAACTGA-1,-4.035291,4.6180296,HAP1 MUTYH-/-
CTTGGGGTCACACCTT-1,11.622076,-1.2306422,ALLSIL
CTTGGGGTCAGCACCG-1,18.556007,5.777057,143B
CTTGGGGTCCCTGGTC-1,14.0501795,13.661264,JM1
CTTGGGGTCCGTCCGT-1,8.231609,10.455441,RH30
CTTGGGTAGAAGGGCC-1,15.004545,6.268068,143B
CTTGGGTAGATTGCAT-1,14.785557,7.0889378,143B
CTTGGGTAGGATGGTG-1,6.094401,14.678838,SUPT11
CTTGGGTAGGATTCAT-1,1.7466823,16.531004,TE617T
CTTGGGTAGTCGACGT-1,8.469484,2.9660592,NALM6
CTTGGGTAGTCTAGGC-1,1.9738344,12.25916,DND41
CTTGGGTAGTGCGGTT-1,-3.6764777,2.4526718,HAP1 MUTYH-/-
CTTGGTAAGAAGGAGA-1,15.740217,4.231257,143B
CTTGGTAAGCCTGTGG-1,-0.8424892,-4.4124546,HELA XPA-/-
CTTGGTAAGGCACTCG-1,8.479143,4.7983985,NALM6
CTTGGTAAGGTCGTAC-1,1.4627908,-8.616503,U2OS OGG-/-
CTTGTAAGTCAACCAT-1,15.187841,5.2323093,143B
CTTGTAAGTTGCTCTC-1,-3.3441021,3.4627569,HAP1 MUTYH-/-
CTTGTAAGTTGGTAGA-1,3.2569814,-8.453709,U2OS OGG-/-
CTTGTCCGTCATCCAG-1,13.40764,13.446474,JM1
CTTGTGAAGGATCTAT-1,3.9422553,-2.6692734,CHLA06ATRT
CTTGTGAAGGGGCATA-1,11.701423,-0.49394342,ALLSIL
CTTGTGAAGGTTGGAG-1,15.827667,-5.555009,C8166
CTTGTGAAGTACGGGA-1,14.38366,5.3025074,143B
CTTGTGTTCCATCGAA-1,17.288929,5.5248137,143B
CTTGTGTTCGAAGGGC-1,15.152825,4.250962,143B
CTTGTGTTCGTAGTCA-1,11.500291,12.046481,JM1
GCAAACCTCAGTGCTA-1,16.408283,4.9642334,143B
GCAAAGGTCCATGAGC-1,3.4496903,7.109752,PF382
GCAACATCAACGGTCA-1,-4.590222,4.2401457,HAP1 MUTYH-/-
GCAACATCACTTACTG-1,1.8216895,-9.688199,U2OS OGG-/-
GCAACATCATGGTGTG-1,4.7151756,5.5716014,PF382
GCAACCACAAGGTTAC-1,15.069061,-4.8698044,C8166
GCAACCACAATACCGG-1,10.559682,-11.576559,TK6 LIG4-/-
GCAACCACACTATACT-1,9.5600605,-4.2699814,CHLA06ATRT
GCAACCACAGGACTCA-1,3.0084891,-9.087503,U2OS OGG-/-
GCAACGTTCACGCAAC-1,4.9291573,2.3791437,JURKAT
GCAACGTTCGTTCGTT-1,13.82209,13.404903,JM1
GCAACTATCCAGCGCA-1,2.5382564,15.104452,TE617T
GCAACTATCCTCATGT-1,-5.1358147,3.9474988,HAP1 MUTYH-/-
GCAACTATCGAAGGGC-1,7.9164762,-4.3234916,CHLA06ATRT
GCAACTATCGCTATGA-1,6.773913,-3.618564,CHLA06ATRT
GCAAGCAAGATTAAGG-1,14.9913225,4.477332,143B
GCAAGCAAGCGCTGCA-1,9.26348,-4.3428874,CHLA06ATRT
GCAAGCAAGCTATCCT-1,18.063597,6.841045,143B
GCAAGCTTCAATCGGC-1,1.1968535,11.464823,DND41
GCAAGCTTCACCACGG-1,3.1666117,0.998949,JURKAT
GCAAGCTTCAGGGCTT-1,7.7321286,11.393333,RH30
GCAAGCTTCGTCTAAG-1,3.6796815,7.1830473,PF382
GCAAGCTTCTGTGGCG-1,15.772318,-6.0401917,C8166
GCAAGGATCACCCTAT-1,7.9157896,4.2306085,NALM6
GCAAGGATCCCCAGTC-1,8.581505,5.257592,NALM6
GCAAGGATCGAATTAC-1,-4.1312294,3.7128134,HAP1 MUTYH-/-
GCAAGGATCTAAGCCA-1,18.744305,7.9293423,143B
GCAAGTGAGCCGCATG-1,15.3686075,5.118809,143B
GCAATAGGTAATCAGG-1,14.585685,-5.6522536,C8166
GCAATAGGTCAGTAAG-1,3.839619,-4.2340355,CHLA06ATRT
GCAATAGGTTTACCAA-1,14.433846,13.051662,JM1
GCAATATTCCCGTGAG-1,19.712633,-2.6065812,SAOS2
GCAATATTCCTGGTCC-1,3.6535969,-4.073542,CHLA06ATRT
GCAATATTCGCTTGAA-1,12.259982,-0.067542754,ALLSIL
GCAATCATCCCTGTAT-1,4.2479205,0.93251514,JURKAT
GCAATCATCGATTAGT-1,-3.8402505,4.689685,HAP1 MUTYH-/-
GCAATCATCGTGAGTC-1,-3.6009212,4.5682054,HAP1 MUTYH-/-
GCAATCATCTCACATC-1,-2.1481009,-3.2239776,HELA XPA-/-
GCAATCATCTCATGTC-1,9.666523,-10.792995,TK6 LIG4-/-
GCAATCGCAAGCTCGA-1,16.266666,4.5606494,143B
GCAATCGCACTAGCGA-1,11.365228,10.802947,JM1
GCAATCTGTAACGGCG-1,-3.1171455,-3.5333416,HELA XPA-/-
GCAATCTGTCATCGGC-1,-2.7138286,-3.0062754,HELA XPA-/-
GCAATCTGTCTGTCGA-1,15.9419155,-7.3491373,C8166
GCAATCTGTTTGATGC-1,21.283468,-1.1389118,SAOS2
GCAATTGTCAGTGCGT-1,2.8030593,15.331204,TE617T
GCAATTGTCCATCTAC-1,4.2202396,1.4490831,JURKAT
GCAATTGTCTGGAACC-1,3.133295,-7.7371073,U2OS OGG-/-
GCAATTTAGCCATCCC-1,0.062701054,12.311726,DND41
GCAATTTAGCTATCCT-1,1.2379112,12.066995,DND41
GCACAATCAATAGGCT-1,-3.694318,-3.710224,HELA XPA-/-
GCACAATCACATTGAA-1,6.929219,-3.204458,CHLA06ATRT
GCACAATCAGGATTAC-1,1.5616659,16.747541,TE617T
GCACAATCATGGTGCA-1,14.111812,13.797522,JM1
GCACACTAGGTAATGA-1,14.959564,-4.5826626,C8166
GCACACTAGTTGGTAT-1,7.273107,9.690017,RH30
GCACAGCCAATAGGTC-1,12.082657,11.589882,JM1
GCACAGCCAGGGCTTA-1,3.0378587,6.1831517,PF382
GCACAGCCATCCACAC-1,3.8917725,-4.5579004,CHLA06ATRT
GCACCAACAACTGCCT-1,2.214519,5.7666855,PF382
GCACCATAGCCCTTCA-1,20.063995,-0.6662696,SAOS2
GCACCATAGGATCCAC-1,4.3416696,0.32597473,JURKAT
GCACCATAGGTCCCGA-1,7.446214,-4.3389935,CHLA06ATRT
GCACCATAGTAAGGGT-1,-4.5413694,2.6299348,HAP1 MUTYH-/-
GCACCCTTCGATTGAT-1,-2.1829822,3.6270173,HAP1 MUTYH-/-
GCACCCTTCGCTCACC-1,1.1788577,16.676395,TE617T
GCACCCTTCTAATGCG-1,16.069473,7.151976,143B
GCACCGATCACGGACT-1,1.6458042,11.696824,DND41
GCACCGATCATCGTCT-1,8.448487,16.269634,SUPT11
GCACCGATCCAGCACG-1,17.089169,5.7963114,143B
GCACCGATCCATAGCA-1,12.448552,0.42059478,ALLSIL
GCACCGATCCATTCGT-1,3.1886985,-7.676567,U2OS OGG-/-
GCACCGATCCGCGACA-1,9.022773,4.0445423,NALM6
GCACCGATCGACCTGG-1,16.503716,6.4881506,143B
GCACCTAGTCTAGCGC-1,4.690529,1.9742612,JURKAT
GCACCTAGTTTGCCAG-1,-2.7903237,-1.854731,HELA XPA-/-
GCACCTAGTTTGGCAT-1,0.849474,7.765614,PF382
GCACGAAAGATTGAAG-1,2.9270475,2.3052256,JURKAT
GCACGAAAGCGGTTAC-1,17.58968,7.357492,143B
GCACGAGGTAATCCGT-1,12.212071,13.214119,JM1
GCACGAGGTTCGTGGC-1,2.5282083,5.83599,PF382
GCACGATTCAAGTTAC-1,15.34572,5.6998158,143B
GCACGATTCGCATCCC-1,0.94897485,12.65329,DND41
GCACGGTCAACCATCC-1,16.198442,-4.735798,C8166
GCACGGTCAATCTGGG-1,2.3943756,15.764817,TE617T
GCACGGTCACATAGCG-1,9.7641,-12.277645,TK6 LIG4-/-
GCACGGTCAGCTACAG-1,-2.162182,-2.1061974,HELA XPA-/-
GCACGGTCATGGCGTA-1,17.484222,7.0590296,143B
GCACGTTAGCGGTCCA-1,3.6683357,-8.250579,U2OS OGG-/-
GCACGTTAGGGGATGC-1,14.237345,6.839492,143B
GCACGTTAGGTCGAAG-1,9.606145,-9.492713,TK6 LIG4-/-
GCACTAATCCTGCCAC-1,-1.4123297,-3.914151,HELA XPA-/-
GCACTATGTAACGCAA-1,8.427153,5.9921656,NALM6
GCACTATGTCATGGCC-1,-0.34298006,12.61709,DND41
GCACTCCTCACGGAAG-1,7.816923,10.321325,RH30
GCACTCCTCCTCATGT-1,8.538874,-4.288969,CHLA06ATRT
GCACTGACAATCAGGT-1,-2.4234042,3.283292,HAP1 MUTYH-/-
GCACTGACACTAGCTC-1,11.247936,-9.771962,TK6 LIG4-/-
GCACTGGTCACAGGCT-1,16.429157,6.3945503,143B
GCACTGGTCCAATGCA-1,11.01016,10.952059,JM1
GCACTGGTCTGGGATC-1,14.712653,5.852805,143B
GCACTTGGTATTAGGG-1,6.469101,11.299482,RH30
GCACTTGGTTGCTCAG-1,2.068482,5.327269,PF382
GCAGCCATCCGTATGA-1,8.618119,10.276847,RH30
GCAGCCATCCGTCCGT-1,-3.104329,-1.6428049,HELA XPA-/-
GCAGCGAGTGAGTAAT-1,1.6925687,7.4076104,PF382
GCAGCGAGTTCGGCGT-1,1.57011,16.939241,TE617T
GCAGCGAGTTGCTGAT-1,9.968415,4.3658643,NALM6
GCAGGATGTTCTGGTG-1,12.534355,12.686928,JM1
GCAGGATGTTTCGATA-1,-1.3623325,-3.9311101,HELA XPA-/-
GCAGGCTCAAGCGACC-1,-3.0071573,-3.9466064,HELA XPA-/-
GCAGGCTCACCTACGT-1,-1.0834942,-3.8085577,HELA XPA-/-
GCAGGGACACTATATC-1,8.940485,-2.9951587,CHLA06ATRT
GCAGGGACATGAAGTC-1,3.9479692,2.3211439,JURKAT
GCAGGGTAGGAGCTAG-1,6.5609694,11.963763,RH30
GCAGGGTAGGATTGGG-1,-3.3173006,-2.6817927,HELA XPA-/-
GCAGGGTAGTCGATTG-1,4.3914413,-8.128144,U2OS OGG-/-
GCAGTAAGTGCAAGCG-1,-3.192854,3.7576966,HAP1 MUTYH-/-
GCAGTGAAGCATCCAA-1,19.414001,6.051362,143B
GCAGTGAAGGGCTTAC-1,6.894348,9.776859,RH30
GCAGTGAAGTCATGTG-1,14.943356,-4.875964,C8166
GCATAACCACTTGGAG-1,13.006985,14.039561,JM1
GCATAACCATGACACG-1,-3.4807665,4.274685,HAP1 MUTYH-/-
GCATAACCATGGCGTA-1,-1.3499571,-3.9033668,HELA XPA-/-
GCATAAGGTTGACTAC-1,13.474037,13.647201,JM1
GCATAGCTCACTCATC-1,16.765387,4.39146,143B
GCATAGCTCATCATCC-1,-3.798939,14.229506,KHM1B
GCATAGTCATCGGTGA-1,21.016182,-1.3994812,SAOS2
GCATCACAGGGTGATG-1,1.7316973,-9.166699,U2OS OGG-/-
GCATCACAGGTTGGGA-1,11.371971,-1.450002,ALLSIL
GCATCAGCAGCCTATC-1,4.60692,1.4308836,JURKAT
GCATCAGCATTGGCCT-1,1.5363766,16.93265,TE617T
GCATCCCTCACAGCTA-1,2.5836504,4.846953,PF382
GCATCCCTCCATCCTG-1,4.891298,1.3812217,JURKAT
GCATCCCTCTAAGCTG-1,8.2268715,16.47437,SUPT11
GCATCCTCAATCTACT-1,16.083862,5.3275766,143B
GCATCCTCATGGAACT-1,8.719641,3.3362052,NALM6
GCATCTAAGAAGGAGA-1,16.011839,-5.0948234,C8166
GCATCTAAGGAACCAG-1,-4.284739,4.635416,HAP1 MUTYH-/-
GCATCTAAGGCTCAGT-1,12.487454,14.156337,JM1
GCATCTAAGGTACACC-1,17.812449,5.843137,143B
GCATCTAAGGTCATCA-1,13.592298,6.5417337,143B
GCATGAGAGGCGATGA-1,7.000277,15.537302,SUPT11
GCATGGTTCGATATAC-1,-3.1162908,2.5578086,HAP1 MUTYH-/-
GCATGGTTCTAAGTCG-1,2.645186,1.9492983,JURKAT
GCATGGTTCTCATCGT-1,-0.12993886,-3.6127324,HELA XPA-/-
GCATGTCAGCTTAGGC-1,10.152199,-8.951434,TK6 LIG4-/-
GCATGTTGTGGCCATC-1,4.0885816,-3.8274217,CHLA06ATRT
GCATTAACATTCGCGT-1,16.592497,6.3955812,143B
GCATTACGTAGCGGCA-1,14.160141,4.8328424,143B
GCATTACGTAGCTCAT-1,9.688806,-9.469165,TK6 LIG4-/-
GCATTACGTTGGGTAA-1,-1.9544612,-3.3270717,HELA XPA-/-
GCATTACGTTGTAGCT-1,-3.8871064,-2.5738719,HELA XPA-/-
GCATTAGTCACTGGGT-1,14.109459,6.022403,143B
GCATTAGTCAGGACGA-1,-4.0029316,14.54514,KHM1B
GCATTAGTCCATTGAG-1,11.255302,-10.566682,TK6 LIG4-/-
GCATTAGTCTGTGGAC-1,6.998091,9.844608,RH30
GCATTATAGCAAGTCC-1,3.8760283,-4.2749414,CHLA06ATRT
GCATTATAGTTACCAG-1,8.557512,3.9365046,NALM6
GCATTCAAGCCATTGA-1,2.747235,2.0622246,JURKAT
GCATTCAAGCCTAGAC-1,3.6721644,2.386273,JURKAT
GCATTCAAGGTTCAGC-1,10.661721,0.69751406,ALLSIL
GCATTCAAGTCTAGGC-1,6.971462,-4.099528,CHLA06ATRT
GCATTCCCAAGCTATA-1,10.823086,-1.4274645,ALLSIL
GCATTCCCATTACGTT-1,8.079273,10.369475,RH30
GCATTGATCACGCACG-1,9.219791,-10.467469,TK6 LIG4-/-
GCATTGATCACTAGGC-1,11.982032,-0.31519184,ALLSIL
GCATTGATCATGTAAC-1,1.7163839,-9.410229,U2OS OGG-/-
GCATTGATCCCGCTTA-1,14.517064,6.32814,143B
GCATTGATCGAACGAG-1,3.4255216,7.0449758,PF382
GCATTTAGTCATGAAG-1,-2.1724825,-2.0824125,HELA XPA-/-
GCATTTAGTTGGTCAT-1,7.6414127,-2.6014683,CHLA06ATRT
GCATTTGAGCTACCGG-1,14.597765,4.8219438,143B
GCATTTGAGTGCAATT-1,20.14009,-1.8758283,SAOS2
GCCAAATCAAGCCGAC-1,7.638437,-2.631701,CHLA06ATRT
GCCAAATCAATCGAGT-1,4.0310864,-8.029127,U2OS OGG-/-
GCCAAATCAGGACTTG-1,6.4952245,10.351889,RH30
GCCAACTAGGAATGAC-1,-0.20301788,12.578093,DND41
GCCAACTAGGAATGGT-1,15.705487,-6.312016,C8166
GCCAAGCCAAGTGTAC-1,7.619715,10.063832,RH30
GCCAAGCCAGCCATAG-1,11.399004,-1.0051844,ALLSIL
GCCAAGCCAGCTAAGT-1,-4.377113,2.3389604,HAP1 MUTYH-/-
GCCAAGCCATCCACGT-1,3.9102547,-8.495317,U2OS OGG-/-
GCCAATATCATCACCT-1,14.178134,4.8812366,143B
GCCAATATCCGCCACT-1,-4.157665,2.4395227,HAP1 MUTYH-/-
GCCAATGCAAGCTCAG-1,-2.0227861,3.7812726,HAP1 MUTYH-/-
GCCAATGCAATACTCT-1,3.8735697,-7.5479736,U2OS OGG-/-
GCCAATGCAATAGCAC-1,15.507779,4.3185043,143B
GCCAATGCAATTCAAG-1,4.6337304,1.2431895,JURKAT
GCCAATTGTATAGCCT-1,8.86159,3.83321,NALM6
GCCAATTGTATGTACC-1,-2.8521914,3.3075898,HAP1 MUTYH-/-
GCCAATTGTCAATTCA-1,6.5388007,11.059165,RH30
GCCAATTGTGCATTAC-1,3.2928045,2.5966754,JURKAT
GCCAATTGTTGAGCGG-1,-3.075871,4.1576276,HAP1 MUTYH-/-
GCCACAACAGGTAATC-1,18.10036,5.202127,143B
GCCACAACATAACCGG-1,1.691951,11.783535,DND41
GCCACAACATAGAGAG-1,9.722316,4.9391794,NALM6
GCCACATAGATTGAGA-1,13.687297,6.64278,143B
GCCACATAGTAAGTTC-1,2.810955,7.3054647,PF382
GCCACATAGTGAGTAA-1,11.200618,-9.667595,TK6 LIG4-/-
GCCACCTTCCATCGTT-1,4.7979593,2.014947,JURKAT
GCCACCTTCCCTCACA-1,0.03171838,12.610806,DND41
GCCACCTTCTATGTGG-1,17.18004,6.298825,143B
GCCACTTCAAGGTGCC-1,4.091117,-8.289525,U2OS OGG-/-
GCCACTTCAATGCGTG-1,4.8930526,1.7978292,JURKAT
GCCACTTCACTTCATG-1,4.248968,-4.555346,CHLA06ATRT
GCCACTTCAGGAATCT-1,0.4142275,12.330367,DND41
GCCATAATCCGGGTCA-1,-2.5678658,3.9359987,HAP1 MUTYH-/-
GCCATAATCGCTCTGC-1,15.352122,-4.5559688,C8166
GCCATAGCAAATGCTA-1,0.79893667,8.2527,PF382
GCCATATGTTGGATGA-1,14.394688,4.6742344,143B
GCCATCAGTTAAGGTG-1,0.9586738,6.49439,PF382
GCCATCCTCAATCTCC-1,9.323153,-12.035527,TK6 LIG4-/-
GCCATCCTCAGCCACG-1,10.00087,-11.470895,TK6 LIG4-/-
GCCATCCTCCGCGTCT-1,8.738401,-4.5786133,CHLA06ATRT
GCCATCCTCGCATCGG-1,5.933968,11.868103,RH30
GCCATCTCAATTCGTT-1,4.02635,0.99314004,JURKAT
GCCATCTCACATGAGT-1,4.680627,1.0106179,JURKAT
GCCATGGTCATGACGC-1,-1.2285817,-2.247685,HELA XPA-/-
GCCATTCCAAGTAGGA-1,18.637054,6.7880206,143B
GCCATTCCATAACCGG-1,0.9194203,6.7962294,PF382
GCCATTCCATCCAGAG-1,7.1660867,10.43528,RH30
GCCATTCCATTACCTG-1,2.6220334,7.1686745,PF382
GCCCAAGTCATCGAAT-1,4.837111,6.2814054,PF382
GCCCAAGTCCAGGGAA-1,14.101136,13.442036,JM1
GCCCAAGTCCGTGTGG-1,21.552334,0.09531178,SAOS2
GCCCAAGTCGATGGCT-1,-0.9123611,-4.3069158,HELA XPA-/-
GCCCAAGTCGCGTAAC-1,20.069195,-1.8898172,SAOS2
GCCCAATAGCGCTGCA-1,14.678862,13.062533,JM1
GCCCACTTCCGGGCTA-1,3.4618113,1.6725931,JURKAT
GCCCACTTCGCTCCGT-1,14.5901575,-4.320513,C8166
GCCCATAGTCTGTCGA-1,1.7122418,15.895249,TE617T
GCCCATAGTTTGACTA-1,3.5658183,7.54731,PF382
GCCCATTCACCTGTCG-1,7.1722326,11.435224,RH30
GCCCATTCAGCTATCC-1,6.2223563,14.6681595,SUPT11
GCCCCATTCCATCCAT-1,3.90717,-7.3435774,U2OS OGG-/-
GCCCCTTAGCCACAGT-1,20.616798,-1.1610571,SAOS2
GCCCCTTAGTACGCCG-1,1.5007018,5.646556,PF382
GCCCCTTAGTGGGTTC-1,16.812511,5.573308,143B
GCCCGTAAGCGGTTAC-1,2.9157624,-9.270524,U2OS OGG-/-
GCCCTAAGTATTGCGT-1,14.709869,5.4101553,143B
GCCCTAAGTATTGGTC-1,15.366044,-5.7451043,C8166
GCCCTAGAGCCCTGAG-1,10.25702,-8.800942,TK6 LIG4-/-
GCCCTAGAGTTACACG-1,15.684882,-5.9573765,C8166
GCCCTCACAAACTGGT-1,7.254665,10.960335,RH30
GCCCTCACAAGCCTCT-1,21.2338,-1.9495109,SAOS2
GCCCTCACAGTTGACG-1,3.8997312,0.54898334,JURKAT
GCCCTGAAGATTCAAC-1,3.570908,-8.567517,U2OS OGG-/-
GCCCTGAAGCCAATCA-1,12.655181,-0.40455222,ALLSIL
GCCCTGAAGCGGAGTA-1,3.774171,-3.0821462,CHLA06ATRT
GCCCTGAAGTCAGGCT-1,-3.0885718,3.7397106,HAP1 MUTYH-/-
GCCCTGTTCACATTCC-1,15.974353,6.617604,143B
GCCCTGTTCATGGCTA-1,3.5257452,-7.945278,U2OS OGG-/-
GCCCTGTTCGAGTGGA-1,-4.0870256,-2.6161606,HELA XPA-/-
GCCCTGTTCGTTAAGT-1,21.2917,0.09351302,SAOS2
GCCCTTGCAAACCGCA-1,3.6665096,-3.845867,CHLA06ATRT
GCCCTTGCAAATCGAC-1,-2.3813632,-3.0217733,HELA XPA-/-
GCCCTTGCAGCCATAG-1,7.7238054,11.673863,RH30
GCCGAACCACAGGATT-1,3.009937,-10.086166,U2OS OGG-/-
GCCGAACCACCTGCTG-1,15.631086,-6.3142567,C8166
GCCGAACCATTCGCGT-1,15.021776,-5.0233283,C8166
GCCGAAGGTTAGTCAC-1,2.278989,5.5652046,PF382
GCCGAGTCAACATGGT-1,-2.8889093,4.6193824,HAP1 MUTYH-/-
GCCGAGTCAGGCTACA-1,0.63609165,14.982815,TE617T
GCCGAGTCAGTACCCT-1,12.19175,11.51638,JM1
GCCGAGTCATTAGATG-1,7.083796,10.328091,RH30
GCCGAGTCATTCGTAT-1,11.613618,11.170017,JM1
GCCGATTAGAATCACT-1,0.6301061,7.306252,PF382
GCCGATTAGCGATCAC-1,8.64163,6.259398,NALM6
GCCGATTAGGTAGCTC-1,14.993746,-4.459202,C8166
GCCGATTAGTGAGGTG-1,16.632666,6.1536403,143B
GCCGATTAGTGCGGAA-1,10.1400585,-9.934796,TK6 LIG4-/-
GCCGATTAGTGGCCTG-1,14.518007,6.3619742,143B
GCCGATTAGTTGCAGC-1,-1.486131,-2.923866,HELA XPA-/-
GCCGCTAAGCATCTCT-1,12.198713,12.6162615,JM1
GCCGCTAAGTTAGTCG-1,1.284286,12.086827,DND41
GCCGGTTGTTAATGGG-1,12.157218,12.347909,JM1
GCCGGTTGTTAGCAAG-1,13.585235,14.706161,JM1
GCCGTACGTAGCCTTG-1,-2.070733,2.7919662,HAP1 MUTYH-/-
GCCGTACGTCAGTAGA-1,20.677956,-1.172847,SAOS2
GCCGTACGTCATCCCT-1,3.1976151,-7.7849455,U2OS OGG-/-
GCCGTACGTGCGCCAT-1,11.02293,12.604205,JM1
GCCGTACGTTATCTGA-1,10.8525505,-10.706838,TK6 LIG4-/-
GCCGTACGTTGTGCAT-1,13.401668,6.134648,143B
GCCGTAGTCAATCTCC-1,-1.5546539,-3.4446015,HELA XPA-/-
GCCGTCAAGCTTAGGC-1,11.516212,-0.43195176,ALLSIL
GCCGTCAAGTAAGGAC-1,14.478964,8.106201,143B
GCCGTCAAGTTGGGTC-1,15.694582,3.9382002,143B
GCCGTTGAGCATATAC-1,11.122487,-9.53595,TK6 LIG4-/-
GCCGTTGAGCATCGAC-1,7.876858,3.6643474,NALM6
GCCGTTGAGCCGATGT-1,9.137874,4.5383487,NALM6
GCCGTTGAGCCTGGAT-1,16.07772,-4.6352654,C8166
GCCTAAATCACCATTC-1,11.395152,-10.152393,TK6 LIG4-/-
GCCTAACAGCCTCTCA-1,-0.8552141,-4.356946,HELA XPA-/-
GCCTAACAGGTCATTG-1,2.3267102,-8.972896,U2OS OGG-/-
GCCTAATGTCAGTCCA-1,0.67736,7.2901454,PF382
GCCTAATGTCATGATC-1,-3.7609258,2.2456794,HAP1 MUTYH-/-
GCCTAATGTCTCCATC-1,18.864145,7.734135,143B
GCCTAATGTCTTGAAC-1,11.405143,10.829912,JM1
GCCTACCTCAGTAGCC-1,13.334563,6.0102954,143B
GCCTACTCAAATCCAA-1,1.7051172,-9.101223,U2OS OGG-/-
GCCTACTCACTAGGGC-1,15.189375,5.5872936,143B
GCCTATGGTTATCCAA-1,19.340391,-1.8799816,SAOS2
GCCTATGGTTGCCTGA-1,5.8976116,14.714673,SUPT11
GCCTATGGTTGTAACC-1,13.694142,6.6466823,143B
GCCTCATCAGGTAACT-1,15.454562,-5.3151765,C8166
GCCTCATCATCGAAGT-1,7.636301,16.536716,SUPT11
GCCTCCACAATCAGTA-1,12.737019,6.741549,143B
GCCTCCACAGCCAATG-1,12.012613,-1.248642,ALLSIL
GCCTCCACAGGCAGGA-1,-3.1286342,-3.3241792,HELA XPA-/-
GCCTGATAGTTGCTTC-1,-3.6755302,-3.3700538,HELA XPA-/-
GCCTGCTTCACCAATG-1,2.1234763,16.33015,TE617T
GCCTGCTTCAGGTCCG-1,-3.522436,-2.8437366,HELA XPA-/-
GCCTGCTTCCCTGGAG-1,3.1675308,-10.098843,U2OS OGG-/-
GCCTGCTTCGTTCACT-1,15.850829,8.351216,143B
GCCTGGATCAGCGAAG-1,4.098001,0.6693404,JURKAT
GCCTGTGAGGATTGCC-1,4.3458047,-4.034132,CHLA06ATRT
GCCTGTGAGTCGCAAC-1,11.180417,-0.4070535,ALLSIL
GCCTGTTCAACTGCGA-1,7.0549097,16.567955,SUPT11
GCCTGTTCATAATCTC-1,3.7313128,-8.713014,U2OS OGG-/-
GCCTTCATCCATAGCA-1,6.7658734,11.64256,RH30
GCCTTCATCGAGTGTC-1,14.359908,14.106606,JM1
GCCTTGCTCCGTCCAC-1,-2.8586626,2.3026526,HAP1 MUTYH-/-
GCCTTGCTCGACTGGT-1,-1.9179,3.4297152,HAP1 MUTYH-/-
GCCTTGCTCTCATTCA-1,1.1065117,9.567058,PF382
GCGAAAGTCCCGTAGG-1,17.638329,5.083693,143B
GCGAAAGTCGAATGAA-1,-3.9811883,-2.774353,HELA XPA-/-
GCGAATAGTGAACTGA-1,11.116268,-10.9651165,TK6 LIG4-/-
GCGAATTCAAACCGGC-1,10.236125,-0.327587,ALLSIL
GCGAATTCAATACCGG-1,1.7434093,-10.322246,U2OS OGG-/-
GCGAATTCATTGGCAG-1,5.3456736,6.5478554,PF382
GCGACAGGTAGTCATC-1,21.627056,-0.052163526,SAOS2
GCGACATTCACCAGCG-1,17.539236,7.991373,143B
GCGACATTCGCTAGAC-1,15.030437,6.11057,143B
GCGACATTCGCTAGGT-1,1.3603538,-8.789662,U2OS OGG-/-
GCGACATTCGTAGTTG-1,2.2123227,14.968303,TE617T
GCGACTTAGAAGCTCC-1,13.545822,5.533128,143B
GCGAGGTAGCTTAGTG-1,-4.361965,2.473473,HAP1 MUTYH-/-
GCGAGGTAGGCGAGAC-1,18.281145,6.2842665,143B
GCGAGGTAGGGTCAAG-1,9.5135765,-9.054453,TK6 LIG4-/-
GCGAGTAAGTACGCCG-1,-2.81862,-3.6985848,HELA XPA-/-
GCGAGTTTCACCTAGA-1,6.8524847,11.885002,RH30
GCGAGTTTCACGTGCG-1,10.808312,0.66640764,ALLSIL
GCGAGTTTCCTCTCCT-1,18.114101,8.055051,143B
GCGATAAGTAACTCTA-1,-3.622783,2.8813095,HAP1 MUTYH-/-
GCGATCCGTCATTGCG-1,-0.061136387,11.373858,DND41
GCGATCCGTTATGGCT-1,3.9233,-8.707051,U2OS OGG-/-
GCGATCCGTTGCGGAG-1,2.770676,8.337565,PF382
GCGATCCGTTTACTCT-1,2.6638806,1.9660664,JURKAT
GCGATGAAGATTCGAT-1,16.348999,-4.7967267,C8166
GCGATGAAGGCACGTT-1,2.890814,2.3393211,JURKAT
GCGATGAAGTAACGCC-1,-0.78881305,-3.4985552,HELA XPA-/-
GCGATGTTCCTGTGCC-1,5.4416175,6.679499,PF382
GCGATTCAGCCCTACC-1,14.9148445,-5.051606,C8166
GCGATTCAGCGGGTAA-1,2.9568555,1.284342,JURKAT
GCGATTCAGGGCAGAC-1,11.852764,12.500387,JM1
GCGATTCAGTTGGTGC-1,-4.084925,2.7546322,HAP1 MUTYH-/-
GCGCAAGGTCATTCAA-1,14.41582,5.665851,143B
GCGCAAGGTGAGACCG-1,7.12186,15.665351,SUPT11
GCGCAAGGTTTACGCG-1,3.4463406,1.4247376,JURKAT
GCGCATTAGCCGCAAT-1,13.928816,5.2872705,143B
GCGCATTAGCCTACCC-1,2.025146,8.94341,PF382
GCGCATTAGGTTCAGC-1,9.792668,-8.3346815,TK6 LIG4-/-
GCGCCAATCACACACA-1,-3.2410088,3.5190177,HAP1 MUTYH-/-
GCGCCAATCATGCTCT-1,4.096126,1.9561014,JURKAT
GCGCCAATCGTGCCCT-1,1.7751523,-9.353253,U2OS OGG-/-
GCGCCAATCGTTAGTG-1,2.4856262,-9.951518,U2OS OGG-/-
GCGCCTAAGTACCAAT-1,2.8948088,2.197381,JURKAT
GCGCCTAAGTTGGCCG-1,-0.0139629375,12.238738,DND41
GCGCTAACAAACTTGA-1,15.513985,-4.955729,C8166
GCGCTAGTCAGCACGT-1,14.032216,6.219319,143B
GCGCTAGTCCGGGTTG-1,11.911127,11.248096,JM1
GCGCTCAAGAAGGATC-1,11.557275,-8.968168,TK6 LIG4-/-
GCGCTCAAGTCAGCTA-1,-3.9269655,3.821245,HAP1 MUTYH-/-
GCGCTTAGTTAGTGGA-1,5.528266,5.372213,PF382
GCGCTTAGTTTAGTGC-1,-0.41101497,-3.4580252,HELA XPA-/-
GCGCTTGAGGCGCTCA-1,3.8214023,-2.7261953,CHLA06ATRT
GCGCTTGAGGGTCCTG-1,20.111917,-0.8180355,SAOS2
GCGCTTGAGTAACGAA-1,1.9768751,-8.254413,U2OS OGG-/-
GCGCTTGAGTGCCCGA-1,9.851464,-8.535636,TK6 LIG4-/-
GCGGACTCACTATCAT-1,-3.9300199,14.852821,KHM1B
GCGGAGACAAAGGGTA-1,9.774073,4.047186,NALM6
GCGGAGACAAGGTGCC-1,15.12048,5.0890636,143B
GCGGAGACACTTCGAC-1,14.479986,7.883887,143B
GCGGATGGTATGGAGC-1,6.8091245,10.078045,RH30
GCGGATGGTGACTCGC-1,-2.6068,-3.6033237,HELA XPA-/-
GCGGATGGTGAGCGTG-1,2.973332,-8.551761,U2OS OGG-/-
GCGGATGGTTATGACC-1,4.099357,2.17298,JURKAT
GCGGCTATCACTAGCA-1,4.634201,1.615298,JURKAT
GCGGCTATCCACCATT-1,-2.5015354,-3.1967666,HELA XPA-/-
GCGGCTATCCTGCATT-1,3.367193,1.4737537,JURKAT
GCGGCTATCGAAGCCT-1,11.037648,-1.6310827,ALLSIL
GCGGCTTGTTGTCATA-1,15.209273,4.1029716,143B
GCGGGTAGTCAGGGCA-1,-2.7537615,-4.0024743,HELA XPA-/-
GCGGGTAGTGAAGGTC-1,16.468506,4.0360303,143B
GCGGGTTCAAGTGAAG-1,3.6750457,-2.2939732,CHLA06ATRT
GCGGGTTCAGCCAGGT-1,2.2211761,8.561317,PF382
GCGGGTTCATCCAAGG-1,3.1751523,1.3846166,JURKAT
GCGGGTTCATCCACAC-1,-0.7192753,-3.6961362,HELA XPA-/-
GCGGGTTCATGCGTAG-1,14.415834,5.398152,143B
GCGGGTTCATTACAGA-1,9.66733,3.7911568,NALM6
GCGGTAAAGCATCCGG-1,13.392945,12.964675,JM1
GCGGTAAAGGATCAGG-1,-2.0757694,3.2897546,HAP1 MUTYH-/-
GCGGTAAAGGCACGTT-1,16.21645,7.849168,143B
GCGGTAGGTAATGGTG-1,3.6417043,-7.9280386,U2OS OGG-/-
GCGGTAGGTTTACTTC-1,14.892934,-5.220799,C8166
GCGGTCATCCCGCTGT-1,17.76233,5.935416,143B
GCGGTCATCTAAGTAC-1,12.853515,12.380515,JM1
GCGGTGAGTTACTGCG-1,-3.95755,3.0242174,HAP1 MUTYH-/-
GCGGTTACAACCAGTG-1,15.076879,-4.571272,C8166
GCGGTTACACAAGGCC-1,15.117772,-4.611276,C8166
GCGGTTTAGCAATGAA-1,3.6059756,0.7070595,JURKAT
GCGGTTTAGCTAGTTG-1,13.647989,6.621243,143B
GCGGTTTAGTCAAGCC-1,-4.151747,3.065702,HAP1 MUTYH-/-
GCGGTTTAGTTGCGCG-1,-0.49895048,-2.163678,HELA XPA-/-
GCGTAAAGTCTAGCGC-1,-1.9549989,3.2072043,HAP1 MUTYH-/-
GCGTAAAGTGAGTTAG-1,21.792711,0.15443732,SAOS2
GCGTAAAGTGATCCAT-1,10.989984,-1.3857377,ALLSIL
GCGTAAAGTGGAGCAT-1,19.679007,-1.3648782,SAOS2
GCGTAATCAATTCGCC-1,9.7394085,-9.67716,TK6 LIG4-/-
GCGTACCGTTGGGATA-1,17.42517,6.3826594,143B
GCGTAGCCAAGCGCAC-1,3.9569461,1.315731,JURKAT
GCGTATATCACTTCAC-1,16.616993,5.121518,143B
GCGTATATCCCATACT-1,4.5203342,1.607985,JURKAT
GCGTATATCCCCTGTA-1,7.1527247,11.606477,RH30
GCGTCAACAAGCTCGA-1,6.7848873,17.798014,SUPT11
GCGTCAACAATCAGGT-1,4.071362,-8.383602,U2OS OGG-/-
GCGTCAACAGCATGAT-1,13.488972,5.695903,143B
GCGTCCTTCACCCTGC-1,1.4384494,12.001505,DND41
GCGTCCTTCAGCTACA-1,14.222167,-4.3040366,C8166
GCGTCCTTCAGGGAAT-1,2.8953483,-10.063376,U2OS OGG-/-
GCGTCCTTCCACCATT-1,10.46136,-10.02233,TK6 LIG4-/-
GCGTCCTTCCCTGGTC-1,13.748296,-4.0532165,C8166
GCGTCCTTCCTTCCAG-1,3.7752028,7.6720395,PF382
GCGTGAGGTAATCGCT-1,7.454912,11.471524,RH30
GCGTGAGGTCTTGGGC-1,11.308992,10.65692,JM1
GCGTGAGGTGACGACG-1,8.633639,4.446488,NALM6
GCGTGCATCGCGAATC-1,2.6233618,-8.267361,U2OS OGG-/-
GCGTGTTAGGTAATGA-1,-1.7936512,-3.2183015,HELA XPA-/-
GCGTTAATCACGCTCC-1,3.428665,1.069841,JURKAT
GCGTTAATCACTGGCG-1,5.584393,0.7204758,JURKAT
GCGTTAATCATGGTGC-1,15.059662,-6.374233,C8166
GCGTTAATCCAGAGGA-1,2.7488759,7.401936,PF382
GCGTTAATCCGCGTGA-1,0.8969037,11.816146,DND41
GCGTTAATCGAAGTCC-1,14.075015,13.338515,JM1
GCGTTAATCGACCCAG-1,2.0568695,5.8859296,PF382
GCGTTAGCAACTGGGC-1,-3.074837,4.5893764,HAP1 MUTYH-/-
GCGTTAGCAATGCCTC-1,-2.5681121,-4.3330584,HELA XPA-/-
GCGTTAGCATCGCTAC-1,13.52702,-0.79378796,ALLSIL
GCGTTATGTCAACGAA-1,16.738619,-5.2180915,C8166
GCGTTATGTTTCGTAA-1,-3.6339636,-2.1360364,HELA XPA-/-
GCGTTCCTCATATAGC-1,2.4133506,-8.216539,U2OS OGG-/-
GCGTTCCTCCCGTACC-1,11.182134,-9.009422,TK6 LIG4-/-
GCGTTCCTCGTTCGGG-1,0.9157208,8.506528,PF382
GCGTTCCTCTATCTGC-1,3.224151,6.881789,PF382
GCGTTCTCAAGCGATT-1,5.813301,14.875932,SUPT11
GCGTTTCCAACATAGC-1,13.714801,8.238737,143B
GCGTTTCCACCTACCG-1,9.162791,3.463886,NALM6
GCGTTTCCACCTGCCA-1,13.962667,13.581444,JM1
GCGTTTCCATTAAGCA-1,-3.239444,2.2682898,HAP1 MUTYH-/-
GCGTTTGGTCTTGCCT-1,6.3805957,-2.734648,CHLA06ATRT
GCGTTTGGTTCCCATC-1,14.498598,4.685771,143B
GCTAAACCACAATCGG-1,11.334262,0.8130709,ALLSIL
GCTAAACCACTACCGT-1,6.802251,11.326116,RH30
GCTAAACCACTAGCGA-1,16.387423,-5.0717583,C8166
GCTAAACCATAGACCG-1,5.266605,1.7751812,JURKAT
GCTAAACCATCCCATA-1,18.0828,7.5028872,143B
GCTAAAGGTAATGCCT-1,16.866417,8.2066345,143B
GCTAAAGGTTGAGCTT-1,13.159872,12.658489,JM1
GCTAAATTCCCCAGCT-1,15.265147,-5.0294714,C8166
GCTAAATTCCGGAACT-1,-3.3474956,2.1554716,HAP1 MUTYH-/-
GCTAAATTCGATGCGT-1,9.2851515,4.184513,NALM6
GCTAAATTCGCTGGAT-1,13.18874,-0.65524936,ALLSIL
GCTAACATCGCTCGTC-1,4.7021084,2.097409,JURKAT
GCTAAGTCATGGCAGC-1,7.789686,11.467338,RH30
GCTAATGTCATATAGC-1,4.660114,1.1839578,JURKAT
GCTAATGTCCTCGATT-1,-2.5274894,-4.2616196,HELA XPA-/-
GCTAATGTCCTGGGAT-1,14.693896,13.830113,JM1
GCTAATGTCGAACGGA-1,4.0554957,2.2834742,JURKAT
GCTACAGCAAGCCTAG-1,11.411047,0.05082885,ALLSIL
GCTACAGCAAGGTGCC-1,3.8442814,-3.8859305,CHLA06ATRT
GCTACAGCAGGGACTC-1,12.204499,0.20986293,ALLSIL
GCTACAGCAGGTTAGT-1,4.700667,-3.6099617,CHLA06ATRT
GCTACAGCATCAAGTA-1,16.927992,7.7464576,143B
GCTACCCTCTCATGTC-1,1.5025942,5.022317,PF382
GCTACCTCAGCAGGAG-1,10.771145,-0.06790858,ALLSIL
GCTACCTCATAGGCAT-1,-2.0746536,3.9584832,HAP1 MUTYH-/-
GCTACCTCATGGCTAG-1,8.056212,5.351898,NALM6
GCTACTGGTAACTTCA-1,13.766514,5.320299,143B
GCTACTGGTTCAAGTC-1,14.64689,6.1466255,143B
GCTAGGCCAACTGGAT-1,9.3710985,3.8525562,NALM6
GCTAGGCCAAGCACAT-1,-3.592602,4.231976,HAP1 MUTYH-/-
GCTAGGCCACTATCCA-1,17.024036,8.1613865,143B
GCTAGGGGTATGTGTC-1,17.066746,6.4386086,143B
GCTAGGGGTTACACGT-1,4.0274587,-8.7129345,U2OS OGG-/-
GCTAGGGGTTCGCTTC-1,12.985935,14.368424,JM1
GCTAGGTTCATGGTCA-1,12.354686,13.887566,JM1
GCTAGGTTCATGTGTG-1,11.0432825,-8.977133,TK6 LIG4-/-
GCTAGGTTCGCTATCT-1,16.04153,-4.8728704,C8166
GCTAGTCAGATTGCGC-1,6.9788313,16.611204,SUPT11
GCTAGTCAGCCATCCC-1,17.688473,6.502223,143B
GCTAGTCAGCTAAGGG-1,7.8573294,-3.0493705,CHLA06ATRT
GCTAGTCAGCTAGTGC-1,18.072683,6.744318,143B
GCTAGTCAGGCTACCG-1,4.3557754,-8.7194605,U2OS OGG-/-
GCTAGTCAGTAGAGTA-1,1.722414,16.188723,TE617T
GCTATCCCACCTACCG-1,4.5885706,1.0718367,JURKAT
GCTATCCCAGGCAACC-1,4.133156,-7.295094,U2OS OGG-/-
GCTATCCCATCAAGTA-1,12.312802,13.743256,JM1
GCTATGATCACGTGCG-1,15.968305,-5.59698,C8166
GCTATGATCAGGACGA-1,7.2798834,-2.9547513,CHLA06ATRT
GCTATGATCTCACACT-1,15.408068,-3.6908872,C8166
GCTATTGAGCGCTTAA-1,-2.9449518,2.581855,HAP1 MUTYH-/-
GCTATTGAGGCATGGA-1,18.478659,6.58626,143B
GCTATTGAGGCGATGA-1,-3.5359366,2.3855212,HAP1 MUTYH-/-
GCTATTGAGGGCAGGT-1,20.467775,-2.7610326,SAOS2
GCTATTGAGGTTCGTA-1,15.026688,-5.007111,C8166
GCTATTGAGTCGCGTG-1,11.580496,-9.011681,TK6 LIG4-/-
GCTCAAATCAATCTCC-1,13.279166,6.261884,143B
GCTCAAATCACATGAT-1,11.75308,-0.8008703,ALLSIL
GCTCAAATCATCGTGA-1,7.9208503,11.139467,RH30
GCTCAATGTTAGCTGT-1,11.369762,-8.588831,TK6 LIG4-/-
GCTCACCTCCTTCAAC-1,9.033079,-10.776338,TK6 LIG4-/-
GCTCACCTCTAGTCGA-1,16.21856,4.338365,143B
GCTCACCTCTGGATCA-1,17.242338,6.6553493,143B
GCTCACCTCTGTGAAT-1,8.964402,-9.546898,TK6 LIG4-/-
GCTCAGGTCAGTTCCT-1,18.407944,5.272985,143B
GCTCAGTAGGGGTTAG-1,20.597673,-1.109288,SAOS2
GCTCAGTAGTGACCCG-1,-6.827173,8.268042,EOL1
GCTCATAAGAAGGTTA-1,1.4572535,9.427901,PF382
GCTCATAAGTAGTTCG-1,18.041134,7.618253,143B
GCTCATAAGTGAGTGG-1,13.266515,13.895874,JM1
GCTCATCCAATCGCAG-1,1.9910934,15.629404,TE617T
GCTCATCCAATGGGCC-1,-1.2107244,-3.5148103,HELA XPA-/-
GCTCATCCACAAGCTG-1,18.30177,8.3712015,143B
GCTCATCCAGCCTAAG-1,7.858151,10.765261,RH30
GCTCATGGTTTCAGTA-1,9.518752,3.8417666,NALM6
GCTCATTTCCAGGTTA-1,1.5228081,9.2208805,PF382
GCTCATTTCCCAGATA-1,16.803223,4.9577703,143B
GCTCATTTCGATGGAG-1,3.2398,-9.883687,U2OS OGG-/-
GCTCATTTCTATCTGC-1,1.6822504,-10.088703,U2OS OGG-/-
GCTCCAAGTCTAGTGT-1,3.2248535,-9.599412,U2OS OGG-/-
GCTCCAAGTCTCACAG-1,11.457746,-8.792474,TK6 LIG4-/-
GCTCCAAGTTTCCGAG-1,-0.45077643,11.60333,DND41
GCTCCAAGTTTGGCTG-1,-3.2377448,-3.7170143,HELA XPA-/-
GCTCCATCACAGGGTC-1,3.4291985,-9.017598,U2OS OGG-/-
GCTCCATCAGCATGAT-1,11.481562,-9.480681,TK6 LIG4-/-
GCTCCATCAGGAATCT-1,9.8536825,-7.7302995,TK6 LIG4-/-
GCTCCCACAATATACG-1,-1.1278852,-3.67303,HELA XPA-/-
GCTCCCACACCTTGCG-1,20.006788,-2.5171125,SAOS2
GCTCCGTTCTAACCCT-1,8.142654,-3.303297,CHLA06ATRT
GCTCCTGCAGCACTTC-1,3.1360323,8.682398,PF382
GCTCCTGCAGCCTACT-1,3.7250233,1.31297,JURKAT
GCTCCTTGTTATGCAC-1,7.1109853,-3.2000475,CHLA06ATRT
GCTCCTTGTTCCTTGC-1,9.425402,-4.2670426,CHLA06ATRT
GCTCCTTGTTGGCGAG-1,18.112112,5.2332063,143B
GCTCGATAGCGCTGCA-1,8.698721,-3.5570974,CHLA06ATRT
GCTCGATAGCGGGTAA-1,-3.0830688,4.1199965,HAP1 MUTYH-/-
GCTCGATAGGATTAGA-1,8.274212,10.923484,RH30
GCTCGATAGTGAGATA-1,10.089835,-8.218902,TK6 LIG4-/-
GCTCGCTTCCAGCACG-1,-0.9645713,-3.309429,HELA XPA-/-
GCTCGCTTCCATATCC-1,2.7323797,-2.0910115,CHLA06ATRT
GCTCGCTTCGCGCTTC-1,11.435645,-10.485239,TK6 LIG4-/-
GCTCGTAGTCTCCAGA-1,-3.6254113,-2.9383738,HELA XPA-/-
GCTCGTTCAGGGATGG-1,9.862197,-11.703257,TK6 LIG4-/-
GCTCTATTCACACCTT-1,16.610193,4.4115553,143B
GCTCTATTCCGGTTCC-1,3.468633,0.49214578,JURKAT
GCTCTATTCCTTCACG-1,14.207467,5.898155,143B
GCTCTTGTCATGTGTG-1,-4.326673,2.5735614,HAP1 MUTYH-/-
GCTCTTGTCCGCACAG-1,-4.100535,14.632202,KHM1B
GCTCTTGTCCTGAATG-1,7.5790687,9.467797,RH30
GCTCTTGTCGTACCAA-1,5.6087885,14.9134,SUPT11
GCTGAAAGTAATGAGT-1,8.147463,16.891344,SUPT11
GCTGAAAGTGATCCGC-1,2.0084846,5.080936,PF382
GCTGAAAGTGGGTACG-1,9.232472,-3.677119,CHLA06ATRT
GCTGAAAGTTTGATGC-1,10.981693,0.79115033,ALLSIL
GCTGACTAGCGCCAAT-1,9.29936,4.3754086,NALM6
GCTGACTAGGAATGGT-1,6.773016,11.625733,RH30
GCTGACTAGTCAATCG-1,4.564762,-7.585274,U2OS OGG-/-
GCTGAGGGTATGTAGG-1,3.3798835,1.1037322,JURKAT
GCTGAGGGTCATTAGC-1,6.0974507,14.515258,SUPT11
GCTGAGGGTCTAGTTA-1,14.162706,13.568171,JM1
GCTGAGGGTTACACTA-1,7.397835,-3.7761114,CHLA06ATRT
GCTGATGCAAAGGATG-1,7.1841993,9.631135,RH30
GCTGATGCATAACCAA-1,2.741107,-1.8381447,CHLA06ATRT
GCTGATGCATAACTCT-1,4.437559,-8.513332,U2OS OGG-/-
GCTGATGCATGGCTGA-1,14.306664,13.727215,JM1
GCTGATTGTAGCTAGA-1,4.531288,1.0556134,JURKAT
GCTGATTGTGGCTTCA-1,19.621122,-1.1142274,SAOS2
GCTGATTGTTGAAGCA-1,-1.0059791,-4.395685,HELA XPA-/-
GCTGCCTTCACCCTGC-1,1.8114971,16.399433,TE617T
GCTGCCTTCGACTACA-1,6.5158014,10.572273,RH30
GCTGCGATCAGCATCA-1,4.467586,-8.055329,U2OS OGG-/-
GCTGCTAGTTCCTGTC-1,18.18423,8.127187,143B
GCTGCTGAGCATTCAG-1,21.569502,-0.3300199,SAOS2
GCTGCTGAGCTAGTGC-1,7.4817476,-3.0938458,CHLA06ATRT
GCTGGATTCACCATCT-1,-1.4179621,-3.3325908,HELA XPA-/-
GCTGGATTCATCAGGC-1,15.162783,5.3001,143B
GCTGGATTCTCATTGC-1,4.173407,2.7951934,JURKAT
GCTGGCTGTTGCAGTT-1,14.208827,4.674806,143B
GCTGGCTGTTTCCTTG-1,4.4798226,-3.7064056,CHLA06ATRT
GCTGGCTGTTTGAGTC-1,18.045675,8.165446,143B
GCTGGGTCAAATCGGT-1,1.2146137,11.709172,DND41
GCTGGGTCAATACGCG-1,8.045893,-3.9800572,CHLA06ATRT
GCTGGTTAGCTACCAA-1,-3.4973304,-2.1986346,HELA XPA-/-
GCTGGTTAGGATGAGT-1,9.458351,1.2071463,ALLSIL
GCTGGTTAGGTTGCGT-1,-0.82586354,-3.4984055,HELA XPA-/-
GCTGTATGTCATCAGT-1,3.1028748,-8.102506,U2OS OGG-/-
GCTGTTAAGCGATCCG-1,-2.8279207,-3.8007395,HELA XPA-/-
GCTGTTAAGGCGATTC-1,15.2769785,-5.9486995,C8166
GCTGTTAAGTACCACA-1,14.771868,14.17229,JM1
GCTGTTAAGTCGAAGG-1,14.113106,-4.6130333,C8166
GCTGTTGGTAGGTACA-1,11.988483,-0.2992483,ALLSIL
GCTGTTGGTTAAGCCT-1,16.607452,4.1829934,143B
GCTGTTGGTTAGCCGC-1,7.623817,-2.7659435,CHLA06ATRT
GCTGTTGGTTGGCGCT-1,11.161265,-1.5709683,ALLSIL
GCTTAATAGATTCACG-1,4.4528437,-7.7864285,U2OS OGG-/-
GCTTAATAGCCAACTA-1,1.6194937,-10.145577,U2OS OGG-/-
GCTTAATAGCCATCAA-1,9.14641,-3.4606822,CHLA06ATRT
GCTTAATAGTGCAATT-1,3.148022,1.6047586,JURKAT
GCTTACAAGATAGCTT-1,2.8514872,-8.855619,U2OS OGG-/-
GCTTACAAGGTGGACA-1,-3.1968255,3.1274798,HAP1 MUTYH-/-
GCTTACAAGTATGGTT-1,2.2208803,9.211285,PF382
GCTTACCCAAATCTAG-1,10.947565,-0.75759697,ALLSIL
GCTTACCCACAGGCTA-1,11.258428,10.596454,JM1
GCTTACCCACTTACTG-1,1.1218168,5.704511,PF382
GCTTACCCAGCACTTC-1,14.503318,6.8105693,143B
GCTTACCCATCGCTTA-1,-0.57348466,12.40352,DND41
GCTTATAGTAGTAGTG-1,15.451999,4.2625313,143B
GCTTATAGTGATGACA-1,11.080972,-9.597085,TK6 LIG4-/-
GCTTATAGTTAGCCAT-1,15.20689,6.8736734,143B
GCTTATGAGGCACGTT-1,17.191923,8.235838,143B
GCTTATGAGTAGTTAC-1,8.541066,3.3029344,NALM6
GCTTATGAGTTAGTAC-1,-4.620563,4.2821007,HAP1 MUTYH-/-
GCTTCACCAAGCGGAG-1,6.38585,10.640006,RH30
GCTTCAGGTCAGGAAC-1,-2.148106,-2.958714,HELA XPA-/-
GCTTCAGGTCTGTCGA-1,14.382141,-4.302022,C8166
GCTTCAGGTTTGGATC-1,15.634047,5.2669954,143B
GCTTCATTCCTGCGAG-1,11.09758,-9.2011595,TK6 LIG4-/-
GCTTCATTCGTTAGGC-1,14.338414,4.8769765,143B
GCTTCCATCCATCAAG-1,11.581427,-1.5615121,ALLSIL
GCTTCCATCCTGCCAC-1,4.3949223,-7.411472,U2OS OGG-/-
GCTTCCATCCTTGAGA-1,16.090548,4.49532,143B
GCTTCCGCACTTCGTA-1,17.499311,6.5247316,143B
GCTTCCGCAGGCAATT-1,3.6347957,7.891738,PF382
GCTTCCGCATAGAGCT-1,16.288637,7.029096,143B
GCTTCCTGTAACGGCG-1,13.620937,12.690576,JM1
GCTTCCTGTAGGTCCC-1,16.174314,6.7675385,143B
GCTTCGCTCATGAACT-1,6.62253,-3.071555,CHLA06ATRT
GCTTCGCTCTAACCTC-1,15.747398,6.1637044,143B
GCTTGAATCACACTAG-1,0.7241245,6.647973,PF382
GCTTGAATCAGCCAAC-1,9.8318405,-7.8215675,TK6 LIG4-/-
GCTTGAATCCCGTTGC-1,0.7029829,6.6101975,PF382
GCTTGAATCCGTGATA-1,14.814383,14.089472,JM1
GCTTGAATCGTGCTCC-1,-4.4700813,2.46369,HAP1 MUTYH-/-
GCTTGATGTAGGTGCG-1,17.276684,8.522299,143B
GCTTGATGTATGGTTC-1,-2.4939778,-3.737543,HELA XPA-/-
GCTTGATGTGACGAAC-1,17.30222,6.5661755,143B
GCTTGCCTCACCACGG-1,15.830384,7.867035,143B
GCTTGCCTCACCATTC-1,9.808822,-8.628824,TK6 LIG4-/-
GCTTGCCTCACGGCCA-1,13.708984,13.593999,JM1
GCTTGCCTCTGGAAGG-1,3.5911684,0.33835974,JURKAT
GCTTGGACAAATGGCT-1,12.011922,0.4130619,ALLSIL
GCTTGGACAATCCTCA-1,-1.0003498,-4.6308875,HELA XPA-/-
GCTTGGACATCGGGAC-1,4.129739,-7.9478574,U2OS OGG-/-
GCTTGGGTCAGGACGA-1,15.153516,-4.9884415,C8166
GCTTGGGTCATGCTGA-1,5.415893,6.6892095,PF382
GCTTGGGTCTGGATTG-1,0.06061767,11.961893,DND41
GCTTGTAAGGAGGACC-1,11.418431,-8.831113,TK6 LIG4-/-
GCTTGTAAGGGGCAGT-1,1.2290035,11.51792,DND41
GCTTGTAAGGTAATCT-1,17.66655,8.381812,143B
GCTTTCACAAACCCGA-1,11.153326,-9.515257,TK6 LIG4-/-
GCTTTCACAACGGCTA-1,11.005504,-8.693129,TK6 LIG4-/-
GCTTTCACAGGACACC-1,17.719957,5.1049547,143B
GCTTTGAAGCCAACTA-1,11.329078,0.39756438,ALLSIL
GCTTTGAAGCCTTCGC-1,9.757655,-7.9556327,TK6 LIG4-/-
GCTTTGAAGGATAGCG-1,21.206553,-1.2868173,SAOS2
GCTTTGAAGTGCCGTG-1,9.309364,4.9196734,NALM6
GCTTTGGGTTGAGCCC-1,17.151701,8.267722,143B
GGAAACTAGAAGGGAA-1,18.218111,8.393239,143B
GGAAACTAGTAAGTGA-1,13.523431,-0.5189447,ALLSIL
GGAAAGCCATGTCGGA-1,16.54841,5.659392,143B
GGAAAGCCATTAGCTT-1,6.197707,15.095733,SUPT11
GGAAATGCAGCCTAAG-1,11.451871,11.695472,JM1
GGAAATGCATCGCGTT-1,1.2070853,11.865423,DND41
GGAACATAGAACCTTG-1,10.618572,-9.313725,TK6 LIG4-/-
GGAACATAGCAATCTG-1,-0.9532621,-3.883344,HELA XPA-/-
GGAACCAAGTAACGGG-1,21.738842,-0.0064975517,SAOS2
GGAACCAAGTCAAGTT-1,11.456733,-5.754472,JURKAT
GGAACCTTCACGTACA-1,18.134064,8.510794,143B
GGAACCTTCGCTATCT-1,7.456797,10.330796,RH30
GGAACGATCCTCTATA-1,12.762093,0.282554,ALLSIL
GGAACGATCGTGACCG-1,1.7029396,9.296968,PF382
GGAACGATCTCATTGC-1,-1.5539122,-3.4734213,HELA XPA-/-
GGAACTGAGATTGCAT-1,3.4808195,-8.907134,U2OS OGG-/-
GGAACTGAGCGGACTT-1,3.5349712,0.62087464,JURKAT
GGAACTGAGGATGCTC-1,18.319744,7.0914545,143B
GGAACTGAGGGTCATC-1,16.093548,4.8970566,143B
GGAACTGAGGTAGCCT-1,-2.6770315,4.307357,HAP1 MUTYH-/-
GGAACTGAGGTAGGAT-1,1.3661608,6.0850534,PF382
GGAACTGAGTAACCGC-1,16.887737,6.922072,143B
GGAAGATTCACCTCAT-1,10.084658,-8.787302,TK6 LIG4-/-
GGAAGCATCACTCAAG-1,3.6240256,-7.652319,U2OS OGG-/-
GGAAGCATCATGCTAG-1,8.249032,3.6046288,NALM6
GGAAGCCAGGCACTAC-1,16.059795,7.6804256,143B
GGAAGCCAGGTAGATA-1,15.42801,-4.5764813,C8166
GGAAGCCAGTCTAGGC-1,1.3868157,-8.929371,U2OS OGG-/-
GGAAGGCTCATGAACT-1,16.20316,6.3644805,143B
GGAAGGCTCGATTCCT-1,19.627302,-2.6773293,SAOS2
GGAAGGTCATGGATAC-1,15.67224,4.373845,143B
GGAAGGTCATTAGGGT-1,7.424538,15.767205,SUPT11
GGAAGTTAGCATCCTT-1,8.366162,-3.4351666,CHLA06ATRT
GGAAGTTAGCATGTCA-1,-3.5198073,2.8169951,HAP1 MUTYH-/-
GGAAGTTAGGCGAGGT-1,-2.180008,-3.3590581,HELA XPA-/-
GGAATATGTTCTGTGG-1,4.7610393,5.9089103,PF382
GGAATCTCAAACTAGC-1,7.145058,15.432822,SUPT11
GGAATCTCACTCAAGG-1,19.64248,-2.0060554,SAOS2
GGAATCTCAGGCTAAT-1,11.498993,12.790507,JM1
GGAATCTCATGCTGCT-1,3.270952,-1.5780145,CHLA06ATRT
GGAATCTCATTCGCTA-1,4.574525,1.5048826,JURKAT
GGAATCTCATTCGTTG-1,12.540222,-0.05248545,ALLSIL
GGAATGGTCTATGCCT-1,1.297628,-9.592704,U2OS OGG-/-
GGAATTAAGCATCGCG-1,-3.3184505,2.926469,HAP1 MUTYH-/-
GGAATTGGTAACTTCA-1,9.0192,-9.230954,TK6 LIG4-/-
GGAATTGGTAGGTCCC-1,10.220862,-8.952848,TK6 LIG4-/-
GGAATTGGTTAGTGCT-1,16.38182,5.732252,143B
GGAATTGGTTATGCTA-1,-2.943994,3.2794023,HAP1 MUTYH-/-
GGAATTGGTTCCGCTT-1,-4.9002256,3.895322,HAP1 MUTYH-/-
GGACAATAGTCAATGT-1,14.5247345,7.3609195,143B
GGACAATAGTCAGTAT-1,15.941365,7.8413115,143B
GGACACAAGATTAGTC-1,14.720748,5.5306306,143B
GGACACAAGCATGGTC-1,6.665181,11.98895,RH30
GGACACAAGCCCTGGA-1,14.993691,-5.0773926,C8166
GGACACCCAACATGGT-1,12.915189,12.014406,JM1
GGACACCCAATGCCAG-1,4.7382836,1.2213415,JURKAT
GGACACCCAATTACGA-1,1.8790817,-9.649517,U2OS OGG-/-
GGACACCCACCAACTC-1,-0.0739218,12.641012,DND41
GGACACGGTAATCCAC-1,1.075984,16.40138,TE617T
GGACACGGTAGTTGAG-1,1.0452867,5.998317,PF382
GGACACGGTGGGTTAA-1,-0.38770616,12.279874,DND41
GGACACGGTTGTCATA-1,11.0777025,-8.8199835,TK6 LIG4-/-
GGACACGGTTTACTTC-1,-2.2999938,2.6255975,HAP1 MUTYH-/-
GGACAGGCAGGACACC-1,-0.47326624,12.268383,DND41
GGACATAGTAATGCCT-1,1.4146689,-10.021984,U2OS OGG-/-
GGACATAGTGAGGACT-1,17.59131,7.0245175,143B
GGACATAGTTAACGTC-1,-2.977957,-1.7757425,HELA XPA-/-
GGACATAGTTATATCG-1,3.7597075,-3.5929704,CHLA06ATRT
GGACATAGTTGTGGAA-1,17.638939,7.9415073,143B
GGACATGAGCGACTAC-1,17.40757,7.26607,143B
GGACATGAGGGTACGA-1,9.531121,-4.1583586,CHLA06ATRT
GGACATGAGGTGCTCG-1,4.750524,2.0891554,JURKAT
GGACATGAGTAGCATT-1,-1.3409711,-3.8982673,HELA XPA-/-
GGACATGAGTGCCGAT-1,-1.2485716,-3.853739,HELA XPA-/-
GGACATTCACAGGGCT-1,16.300001,6.1992445,143B
GGACATTCAGGTTCAG-1,2.7358193,1.5044857,JURKAT
GGACATTCAGTTAAGC-1,15.872702,-4.6311183,C8166
GGACATTCATGGTATA-1,16.861437,6.036867,143B
GGACCCTGTAACCGAA-1,3.9497983,-4.5202203,CHLA06ATRT
GGACCCTGTAATCCCG-1,-2.1000082,-3.9362686,HELA XPA-/-
GGACCCTGTTCGATTA-1,8.303096,16.384697,SUPT11
GGACCCTGTTCGGTCA-1,5.908526,14.834428,SUPT11
GGACCCTGTTTAGCCG-1,15.087951,8.252495,143B
GGACCCTGTTTCCGCT-1,10.559668,-8.568765,TK6 LIG4-/-
GGACCTTAGATAGCGG-1,5.6536946,1.0312775,JURKAT
GGACCTTAGATTCCCT-1,0.96746296,12.812885,DND41
GGACCTTAGTCGATCA-1,2.6235359,-2.0182223,CHLA06ATRT
GGACCTTAGTTACAGT-1,-5.455694,4.0308895,HAP1 MUTYH-/-
GGACGAATCACCATCT-1,16.629265,7.7202063,143B
GGACGAATCCCTTGAT-1,13.605691,-5.0971456,C8166
GGACGAATCCTGACTT-1,6.621239,11.0959835,RH30
GGACGAATCGATGTGC-1,17.632051,6.9105787,143B
GGACGACAGCAACCCG-1,9.380821,-10.565283,TK6 LIG4-/-
GGACGACAGGATGGAT-1,4.2480407,2.0302658,JURKAT
GGACGACAGGTTGCTA-1,-3.2926698,-2.437834,HELA XPA-/-
GGACGACAGTCATGGC-1,4.1909466,1.1362815,JURKAT
GGACGATGTTGGGTCC-1,-5.1009855,4.0355253,HAP1 MUTYH-/-
GGACGGACACAGCGAC-1,2.021369,8.639849,PF382
GGACGGACATAATCTC-1,6.863903,10.778748,RH30
GGACGTAAGCATGGCT-1,2.840164,-1.9821908,CHLA06ATRT
GGACGTAAGTTGCAGC-1,4.578138,-3.6758018,CHLA06ATRT
GGACGTTTCACCTGCC-1,8.508066,-4.295661,CHLA06ATRT
GGACTCACAACCTTCA-1,-2.305532,3.1611867,HAP1 MUTYH-/-
GGACTCACAAGGGCTC-1,18.66498,6.226212,143B
GGACTCACAGGCATAT-1,11.026905,-10.5064745,TK6 LIG4-/-
GGACTCACATAAGCCG-1,17.180862,4.9515862,143B
GGACTTATCCTGCACC-1,16.151701,8.194411,143B
GGACTTATCGAATCTG-1,9.778418,4.882219,NALM6
GGACTTGCAACCGCTT-1,9.300403,-11.835928,TK6 LIG4-/-
GGAGAACCAATGAGTC-1,16.328857,4.8905287,143B
GGAGAACCATGGTAGT-1,7.263455,-2.7329094,CHLA06ATRT
GGAGAAGGTAATTGCC-1,1.7601292,12.523985,DND41
GGAGAAGGTCCATTAA-1,13.316992,7.9696083,143B
GGAGAGGAGAATCGGG-1,15.325362,5.238914,143B
GGAGAGGAGCCTGCGA-1,3.6798494,-3.8602517,CHLA06ATRT
GGAGAGTCAATTACGA-1,14.527661,14.374346,JM1
GGAGAGTCAGTTAGTA-1,11.150889,-0.44104013,ALLSIL
GGAGAGTCATAGGGTT-1,2.547281,-9.415578,U2OS OGG-/-
GGAGATTAGCAGGTAG-1,14.532136,-4.48081,C8166
GGAGATTAGCGAATCC-1,5.1143427,5.1975307,PF382
GGAGATTAGGTCGTTA-1,-3.5241175,13.9793215,KHM1B
GGAGCAATCATGACTG-1,14.063049,14.5164,JM1
GGAGCAATCCGTTAAG-1,-1.7128255,-2.6732597,HELA XPA-/-
GGAGCAATCGAGTCCG-1,14.673857,6.6244855,143B
GGAGCAATCGCGCTAG-1,8.311844,3.5477426,NALM6
GGAGCATGTAGTCATC-1,4.628486,2.0329514,JURKAT
GGAGCATGTCTGGGCT-1,-1.6384597,-4.484003,HELA XPA-/-
GGAGCATGTGGCCAAG-1,16.352478,4.9134655,143B
GGAGCATGTTTGGTAC-1,8.048983,17.03536,SUPT11
GGAGCCAGTATTGACC-1,3.3483527,-9.2189665,U2OS OGG-/-
GGAGCCAGTGAAGTAT-1,14.930315,4.5146556,143B
GGAGCCAGTGAGCAAC-1,14.023959,4.6427155,143B
GGAGCCAGTTAACGCT-1,14.679339,6.163721,143B
GGAGCCAGTTATCGCG-1,14.944391,-4.5664697,C8166
GGAGCCAGTTCACGGC-1,-3.772469,-3.0990098,HELA XPA-/-
GGAGCCAGTTGCGTAT-1,11.239683,-0.37682527,ALLSIL
GGAGCCAGTTTGCCCT-1,14.346114,14.595776,JM1
GGAGCTAAGCCTCTCA-1,1.4365978,11.813588,DND41
GGAGCTAAGCGCTCTC-1,14.707836,5.692525,143B
GGAGCTAAGTATGATC-1,9.915589,5.2594337,NALM6
GGAGCTAAGTCAGTTG-1,13.652927,7.39453,143B
GGAGCTGGTAATGAGT-1,0.9731254,11.803431,DND41
GGAGCTGGTATGTGAG-1,13.351351,13.365516,JM1
GGAGCTGGTTAGTACC-1,11.062867,-1.3329465,ALLSIL
GGAGGTTGTGGCGCTT-1,-5.177407,3.0504994,HAP1 MUTYH-/-
GGAGGTTGTTCACCAG-1,1.8129478,6.121224,PF382
GGAGTAGTCAGTGCTA-1,10.8843,-8.546723,TK6 LIG4-/-
GGAGTAGTCCTCAGTT-1,4.2922173,-7.695552,U2OS OGG-/-
GGAGTAGTCGTAATCG-1,8.835829,3.2752643,NALM6
GGAGTAGTCTAATGAC-1,19.93611,-0.61341596,SAOS2
GGAGTATAGATAGGGT-1,2.4009206,-8.9766865,U2OS OGG-/-
GGAGTATAGCCTAGCG-1,17.323168,6.0639057,143B
GGAGTATAGCTAGGCT-1,4.4282365,1.4785666,JURKAT
GGAGTATAGTAGTTAC-1,2.4871578,5.2835293,PF382
GGAGTCAAGATTCCGA-1,8.016441,11.314089,RH30
GGAGTCAAGATTGACT-1,4.5656905,1.799353,JURKAT
GGAGTCAAGCGAGCAA-1,3.5051248,-8.687538,U2OS OGG-/-
GGAGTCAAGGTGACAG-1,-2.8713963,-3.8386962,HELA XPA-/-
GGAGTGATCACAGCGT-1,-3.081075,4.2398415,HAP1 MUTYH-/-
GGAGTGATCCGCGAAT-1,17.595676,6.421031,143B
GGAGTGATCGCGCCAA-1,13.835161,-4.976126,C8166
GGAGTGATCGTGAACC-1,8.749426,3.4837253,NALM6
GGAGTTAGTTACACCG-1,17.18344,6.0372496,143B
GGATAACAGCTACGAC-1,1.535786,6.2049384,PF382
GGATAACAGGCTTGGT-1,16.697737,6.3994355,143B
GGATAACAGGTACCAC-1,16.12872,4.7955217,143B
GGATAACAGGTATCTG-1,3.9998314,-4.5190144,CHLA06ATRT
GGATAACAGTAAGGGT-1,2.8306935,15.194925,TE617T
GGATAACAGTAATGTC-1,14.801104,13.453074,JM1
GGATAATGTGAAGGTC-1,16.065165,-4.270889,C8166
GGATAATGTTCGTCTC-1,2.5962048,15.610548,TE617T
GGATAGGTCTAGTACG-1,7.7579813,16.805426,SUPT11
GGATAGGTCTGTCTGT-1,13.823635,6.566035,143B
GGATAGTAGATAGGGT-1,6.6264954,-2.829827,CHLA06ATRT
GGATAGTAGCAACCTA-1,18.19786,4.572445,143B
GGATAGTAGCCGACTG-1,6.349475,15.568501,SUPT11
GGATAGTAGCCTTCGC-1,-3.2439885,-4.010897,HELA XPA-/-
GGATAGTAGCTAGGTC-1,8.15948,16.50752,143B
GGATAGTAGTCATGGC-1,13.237365,12.999535,JM1
GGATATGGTAAGCTAG-1,4.3712883,-3.0666637,CHLA06ATRT
GGATATGGTAGGTGCG-1,15.868822,4.9377847,143B
GGATATGGTGGCGTCT-1,5.9736233,14.723549,SUPT11
GGATATGGTTGAGCCC-1,2.2449417,-9.779385,U2OS OGG-/-
GGATATGGTTGGCTGC-1,18.854736,5.277078,143B
GGATCGCCAATCCAGG-1,11.249365,-9.043665,TK6 LIG4-/-
GGATCGCCATTACGCC-1,1.6459473,15.381085,TE617T
GGATCGTTCATACTGG-1,9.83314,-8.538592,TK6 LIG4-/-
GGATCGTTCATGATCG-1,0.08644986,12.132646,DND41
GGATCGTTCGCTCGTC-1,18.384235,4.7877307,143B
GGATCTATCGCTCGCT-1,1.5465127,16.925869,TE617T
GGATCTATCGCTTGCC-1,1.5902404,-8.87128,U2OS OGG-/-
GGATCTATCGTAACCA-1,2.867604,15.353592,TE617T
GGATGCAAGAAGCTAA-1,5.9237194,14.85943,SUPT11
GGATGCAAGTAAGGGT-1,21.8473,-0.08908902,SAOS2
GGATGGATCGACTAAT-1,15.037632,5.111979,143B
GGATGGGCAACCTGGA-1,-3.5263224,3.2571137,HAP1 MUTYH-/-
GGATGGGCAAGCGTTG-1,15.428352,-4.447406,C8166
GGATGGGCAATCTATC-1,7.567492,-4.1979527,CHLA06ATRT
GGATGGGCACTCAGGA-1,1.4974157,5.664356,PF382
GGATGTTCAAGCTTAA-1,3.4945176,-7.9900837,U2OS OGG-/-
GGATTAAAGCTAGTAT-1,17.76995,6.002738,143B
GGATTAAAGCTTACTC-1,2.327046,6.090063,PF382
GGATTAAAGGCTTCCC-1,4.3952613,2.13847,JURKAT
GGATTAAAGGTGAAGT-1,8.828149,4.80053,NALM6
GGATTAGGTGGAAGTC-1,13.63158,5.1737137,143B
GGATTAGGTTCGGTTG-1,1.9613972,12.708043,DND41
GGATTCGCAATGTCGG-1,9.976466,-7.9199243,TK6 LIG4-/-
GGATTGAGTAGTCCAT-1,10.961599,0.2170803,ALLSIL
GGATTGAGTTCACTGG-1,7.2928905,15.122379,SUPT11
GGATTGCTCACTCTCG-1,17.278603,6.608303,143B
GGATTGCTCGCTCTAT-1,-0.5009133,-3.4023917,HELA XPA-/-
GGATTGCTCTGTGCTT-1,6.1236877,12.07587,RH30
GGCAAAGTCACCTCGC-1,4.597725,0.7642956,JURKAT
GGCAAAGTCCCCAGCT-1,11.224705,-1.7448527,ALLSIL
GGCAAAGTCGTGCTAA-1,1.0389704,15.227066,TE617T
GGCAAAGTCTAACCTC-1,2.15932,-10.29208,U2OS OGG-/-
GGCAAAGTCTCATGCT-1,3.9614577,-7.6599607,U2OS OGG-/-
GGCAACCCAAGCCAAT-1,15.151908,-5.67828,C8166
GGCAACCCAGGGCAAG-1,-3.9509194,13.799895,KHM1B
GGCAACCCATAAGGAG-1,-3.458692,13.876421,KHM1B
GGCAACTTCATGTCAG-1,15.446805,4.3929014,143B
GGCAACTTCCACCTAT-1,4.1121025,-8.532897,U2OS OGG-/-
GGCAACTTCTATGCCT-1,-3.4026973,-2.804254,HELA XPA-/-
GGCAAGGCAAGCCGGT-1,2.014677,-10.233066,U2OS OGG-/-
GGCAAGGCATCGACAG-1,14.047438,-4.385566,C8166
GGCAATAGTAGTAGCA-1,14.493371,-3.964182,C8166
GGCAATAGTCTAATCA-1,3.285574,-9.811571,U2OS OGG-/-
GGCAATAGTGAGCATA-1,10.500112,-9.172478,TK6 LIG4-/-
GGCAATAGTGGGTAAC-1,7.0144763,10.9201565,RH30
GGCAATGAGCTAACTG-1,8.875439,5.1239724,NALM6
GGCAATGAGGATACTT-1,18.31028,7.817013,143B
GGCAATTCAAACCGCA-1,15.379828,-6.4559064,C8166
GGCAATTCAACGGCAC-1,14.621516,5.466664,143B
GGCAATTCAATCCGTC-1,3.3943264,-8.0173855,U2OS OGG-/-
GGCACACCAACATCGG-1,13.954957,6.8260446,143B
GGCACACCAATCGGCA-1,-3.8414624,2.701351,HAP1 MUTYH-/-
GGCACACCACCAACCT-1,7.2469263,9.742625,RH30
GGCACACCAGGCAGCT-1,17.422365,6.5935955,143B
GGCACACCATAAGCCG-1,20.920977,-2.373285,SAOS2
GGCACACCATCCCTAA-1,18.775871,4.8759284,143B
GGCACATTCCTTCAGT-1,-2.352207,3.928496,HAP1 MUTYH-/-
GGCACATTCGAATTAC-1,4.272266,1.1837361,JURKAT
GGCACATTCGCGTTCC-1,11.16096,-9.109421,TK6 LIG4-/-
GGCACATTCTAAGCCA-1,17.997488,8.5039215,143B
GGCACCATCTGGCAAC-1,15.927944,-5.1935062,C8166
GGCACCTGTGCAAGGT-1,1.2176728,12.133471,DND41
GGCACGAGTCAATCCG-1,16.270456,6.7287507,143B
GGCACGAGTGATTCCG-1,4.2173038,-3.7797394,CHLA06ATRT
GGCACGAGTTGGTTCG-1,-3.8122537,-2.7100303,HELA XPA-/-
GGCATAAGTGCAGGAT-1,4.5397077,-8.393418,U2OS OGG-/-
GGCATAGAGCTACTTC-1,8.193927,16.436197,SUPT11
GGCATAGAGTCATTGG-1,15.314348,6.2514443,143B
GGCATCACAAGTGCGC-1,12.619845,-0.51755774,ALLSIL
GGCATCACAATACATG-1,14.188959,7.611157,143B
GGCATCACACCAACCT-1,9.191146,-11.525688,TK6 LIG4-/-
GGCATCACACCTCGCA-1,3.0511358,-10.1388035,U2OS OGG-/-
GGCATCACACTCATGC-1,7.4373126,-4.396199,CHLA06ATRT
GGCATCCGTAGCTTAC-1,-3.0086184,3.5950673,HAP1 MUTYH-/-
GGCATGAAGCTTAGGC-1,15.389206,-4.993251,C8166
GGCATGGGTTAACGTC-1,11.160149,0.405246,ALLSIL
GGCATGTTCACCTAAG-1,20.258781,-2.5512302,SAOS2
GGCATGTTCCATAGGC-1,10.898927,-8.241001,TK6 LIG4-/-
GGCATGTTCGCTAGTA-1,19.075972,5.4878306,143B
GGCATTATCATGGCAC-1,3.6571643,1.843382,JURKAT
GGCATTATCCCTCATG-1,11.2686405,-9.069531,TK6 LIG4-/-
GGCATTATCCGGAACT-1,8.0378,11.013558,RH30
GGCATTATCCGGATGT-1,-4.1161137,3.824262,HAP1 MUTYH-/-
GGCATTATCCTCAATC-1,6.6013465,11.619515,RH30
GGCATTATCGTGCGAT-1,11.679292,-9.382913,TK6 LIG4-/-
GGCATTCAGCAGTTCA-1,0.975924,11.421147,DND41
GGCATTCAGCATGCAC-1,20.649862,-2.6896703,SAOS2
GGCATTCAGCATTAAC-1,2.8856432,7.3971252,PF382
GGCATTCAGCCAGAGA-1,13.900113,-4.749532,C8166
GGCATTCAGCTAGTTG-1,2.0226154,-9.011794,U2OS OGG-/-
GGCATTCAGGTGATGG-1,16.278046,5.3535814,143B
GGCCAACCAACTATGA-1,16.813965,8.0246,143B
GGCCAACCACTCAATT-1,2.8716211,4.9314175,PF382
GGCCAACCATGCGCTT-1,21.757498,-0.2717122,SAOS2
GGCCAATTCACGTACA-1,16.074358,4.568531,143B
GGCCAATTCATACAGT-1,7.43007,17.291468,SUPT11
GGCCAATTCCCCAACC-1,3.391754,-8.181888,U2OS OGG-/-
GGCCAATTCCCTCAAT-1,20.500998,-2.1070983,SAOS2
GGCCCTAAGGTGACAG-1,2.8618336,8.476524,PF382
GGCCGAAGTCAAGGGT-1,8.4367695,10.7811985,RH30
GGCCGAAGTTGAAGGC-1,8.732094,3.2773027,NALM6
GGCCGATCATGCTCCG-1,8.652233,3.7561774,NALM6
GGCCGTTGTTGAGTAG-1,17.788925,6.819161,143B
GGCCGTTGTTGCTAAC-1,-3.8972683,-2.933761,HELA XPA-/-
GGCCGTTGTTGGAGCG-1,0.9819837,11.551777,DND41
GGCCTAACAAATTCGA-1,10.205549,-10.956995,TK6 LIG4-/-
GGCCTAACAAGCGGAG-1,4.657386,2.1377428,JURKAT
GGCCTAACAAGTTCCC-1,-2.626924,2.3985093,HAP1 MUTYH-/-
GGCCTAACATAAGGCT-1,14.105628,5.2845926,143B
GGCCTAGTCCAGCCTC-1,15.346286,7.4598417,143B
GGCCTAGTCCCAGAGT-1,0.4348159,12.6060705,DND41
GGCCTAGTCGTACCAA-1,18.287394,6.279936,143B
GGCCTCAAGCTTACTC-1,8.054348,10.306879,RH30
GGCCTCAAGGTATAGA-1,3.7869236,2.581682,JURKAT
GGCCTTGAGATAGGAC-1,9.035416,4.8390036,NALM6
GGCCTTGAGCTTAACG-1,15.825073,7.1367135,143B
GGCCTTGAGGAATGCG-1,16.650244,4.3608627,143B
GGCGAACAGATTACGT-1,7.321152,16.291176,SUPT11
GGCGAACAGGTACACC-1,14.784001,13.962408,JM1
GGCGAACAGTACGCCG-1,-0.72302544,11.826604,DND41
GGCGAATGTGAGTAGC-1,14.435883,14.31733,JM1
GGCGAATGTGGACACG-1,19.946016,-2.4774475,SAOS2
GGCGACTCAACCTTCA-1,-1.9922581,3.4576201,HAP1 MUTYH-/-
GGCGACTCAAGGTGCC-1,3.649866,-8.117738,U2OS OGG-/-
GGCGACTCATAACTTC-1,16.384068,4.5667424,143B
GGCGACTCATTAGACA-1,14.04405,4.8108644,143B
GGCGAGACAATCATCT-1,3.3290174,5.677506,PF382
GGCGAGACACAGCCAA-1,-3.6439362,-2.6752348,HELA XPA-/-
GGCGAGACACAGGGTC-1,17.339005,8.449649,143B
GGCGAGACATAGACGT-1,2.5378015,15.338611,TE617T
GGCGATCCAATCCAGG-1,20.733904,-1.0982146,SAOS2
GGCGATCCACATAGGT-1,19.609758,-2.630289,SAOS2
GGCGATCCACTATCCA-1,14.506022,7.274119,143B
GGCGATCCAGGATTAC-1,13.786559,5.848137,143B
GGCGATCCAGGCAGCT-1,13.192344,-0.91677266,ALLSIL
GGCGATCCATGCGTCT-1,4.214876,-3.4134881,CHLA06ATRT
GGCGATGGTAAGGACC-1,14.879947,5.704325,143B
GGCGATGGTAGTCAGA-1,3.5666149,-2.5040503,CHLA06ATRT
GGCGATGGTCATTACA-1,-3.862745,13.926791,KHM1B
GGCGATGGTTATCCAA-1,17.412857,6.958212,143B
GGCGATGGTTCGAGCC-1,7.5552897,9.653079,RH30
GGCGATTTCTCATGTC-1,20.991533,-2.3983493,SAOS2
GGCGCTATCATAGGAA-1,2.9076788,7.1763473,PF382
GGCGCTATCCAATGCA-1,11.251868,-9.009852,TK6 LIG4-/-
GGCGCTATCCGTGATA-1,3.025769,1.8882812,JURKAT
GGCGCTATCCTTGATC-1,2.400155,8.700183,PF382
GGCGCTTGTAAGTGCA-1,16.995632,4.760243,143B
GGCGCTTGTAATCGCT-1,18.21324,7.8784537,143B
GGCGCTTGTATAGACG-1,7.727662,11.097883,RH30
GGCGCTTGTGGCAGTG-1,-4.0855355,2.6078718,HAP1 MUTYH-/-
GGCGCTTGTTAAGCGA-1,7.168592,-4.3427954,CHLA06ATRT
GGCGGATAGCGAAGCA-1,8.923289,3.0910633,NALM6
GGCGGATAGGGCTCAT-1,10.8820915,0.6043709,ALLSIL
GGCGGATAGGGGCAGT-1,2.9329462,-9.018415,U2OS OGG-/-
GGCGGTAGTGGAGCTG-1,-0.29811782,11.56652,DND41
GGCGGTTCAAGGTTAC-1,-0.5785229,11.457323,DND41
GGCGGTTCATCGCTGT-1,4.6341767,2.2584062,JURKAT
GGCGTAAAGCTAGCGT-1,13.8843355,14.091589,JM1
GGCGTAAAGCTGGAAG-1,13.553713,-0.43152472,ALLSIL
GGCGTAAAGGGCTATC-1,17.573196,4.11726,143B
GGCGTAAAGTCGATTG-1,13.449385,5.638804,143B
GGCGTAGGTTGGCGCT-1,2.6146371,7.762521,PF382
GGCGTCTGTTCACTGG-1,6.251151,15.498749,SUPT11
GGCGTGAGTTATGGTC-1,8.107277,15.3218565,SUPT11
GGCGTGAGTTCGAGCC-1,12.010208,11.751398,JM1
GGCGTGAGTTGAGGCG-1,-3.1461725,-3.1405315,HELA XPA-/-
GGCGTGAGTTGAGTGA-1,2.528447,-9.098486,U2OS OGG-/-
GGCGTGAGTTTGGCAT-1,4.3848085,2.6296961,JURKAT
GGCGTTACAATATGGC-1,-3.0143845,4.4091196,HAP1 MUTYH-/-
GGCGTTACATAGAGCT-1,4.6877227,2.3105707,JURKAT
GGCGTTGTCGCATGTA-1,7.365702,10.388642,RH30
GGCTAATCATTAGATG-1,0.45676026,15.036626,TE617T
GGCTAGAAGATTCCAG-1,9.914652,-9.1474085,TK6 LIG4-/-
GGCTAGAAGGAATCAA-1,2.038548,8.380518,PF382
GGCTATATCATATCCC-1,14.30246,4.700003,143B
GGCTATATCCCTGGCT-1,7.907199,3.7877963,NALM6
GGCTATTGTGAAGTCA-1,-7.213058,8.668559,143B
GGCTATTGTTGGGCAG-1,20.27631,-0.935232,SAOS2
GGCTATTGTTGTGGTT-1,1.5274262,-9.889437,U2OS OGG-/-
GGCTCAACAACCAGTG-1,13.816777,8.317413,143B
GGCTCGATCACCTCGC-1,15.704858,4.117873,143B
GGCTCGATCACTCCGC-1,-3.0662882,-3.8099682,HELA XPA-/-
GGCTGAAAGGAATGAC-1,-3.5228243,-4.0020237,HELA XPA-/-
GGCTGAAAGGCAATCC-1,4.2974586,2.7169538,JURKAT
GGCTGAAAGGGGACTA-1,17.685457,6.299604,143B
GGCTGAAAGGGGATAT-1,15.605616,4.2147975,143B
GGCTGACCAACCTGTC-1,6.760475,-3.9728231,CHLA06ATRT
GGCTGACCAAGCATGT-1,3.0655122,1.1860374,JURKAT
GGCTGACCAATTCAGA-1,15.307469,5.1289315,143B
GGCTGAGGTATGGATG-1,-3.6306753,-3.6595457,HELA XPA-/-
GGCTGAGGTATTAGGG-1,13.9988,5.3557634,143B
GGCTGAGGTCTTGCCT-1,7.272044,17.511572,SUPT11
GGCTGCATCAATCCAG-1,2.2260218,-9.41503,U2OS OGG-/-
GGCTGCATCAGCAAGG-1,3.908919,-3.9848566,CHLA06ATRT
GGCTGCATCAGCTACA-1,15.395549,-7.591069,C8166
GGCTGCATCAGCTGCG-1,6.8230066,11.943354,RH30
GGCTGCATCGATGTGC-1,14.068802,4.5015078,143B
GGCTGGTCAATCAGCG-1,18.498598,8.011157,143B
GGCTGGTCACAACGAT-1,18.272589,8.538591,143B
GGCTGGTCACTAATCT-1,6.8553634,10.453988,RH30
GGCTGGTCACTCAGGA-1,4.874957,7.4095597,PF382
GGCTGGTCATAGGCCA-1,16.74638,8.437812,143B
GGCTGGTCATCGCGTT-1,3.000141,-8.423784,U2OS OGG-/-
GGCTGTTAGCTACGAC-1,-3.5509818,-3.4862823,HELA XPA-/-
GGCTGTTAGTAGGTCC-1,1.2239256,5.2624035,PF382
GGCTGTTAGTGGCGTT-1,17.409079,6.490969,143B
GGCTTAATCAGGTTCA-1,6.717198,11.645748,RH30
GGCTTAATCCAGCTCC-1,-2.633636,-3.9619992,HELA XPA-/-
GGCTTAATCGCATTGA-1,1.4857018,9.163925,PF382
GGCTTATGTCTTGACG-1,7.1756124,-2.9622037,CHLA06ATRT
GGCTTATGTGGCGCTT-1,-1.1889877,-3.9466627,HELA XPA-/-
GGCTTCCTCCCGTTCA-1,14.653484,12.865297,JM1
GGCTTCCTCCTTCCAG-1,8.095755,5.0619545,NALM6
GGCTTCTCAACCCTAC-1,-1.950363,-2.1267788,HELA XPA-/-
GGCTTCTCAAGGGAAC-1,17.940523,8.270964,143B
GGCTTCTCATTAAGCA-1,-4.7050176,3.0641663,HAP1 MUTYH-/-
GGCTTGGTCACCTTCG-1,17.54221,5.7801957,143B
GGCTTGGTCCCCATCA-1,7.5683517,10.185178,RH30
GGCTTGGTCGCATCGG-1,3.809145,1.2370323,JURKAT
GGCTTGGTCTATCTCA-1,15.756745,6.8028874,143B
GGCTTGGTCTGGCATA-1,4.1287503,-8.660369,U2OS OGG-/-
GGCTTTGGTAGTGACA-1,7.2662315,15.373892,SUPT11
GGCTTTGGTCTAGTCG-1,8.820748,-2.9124339,CHLA06ATRT
GGCTTTGGTTGCACGC-1,12.048761,-1.3330582,ALLSIL
GGGAACATCAGGACTC-1,-0.90306425,-4.815662,HELA XPA-/-
GGGAACATCGATCGTA-1,14.3793,4.8211346,143B
GGGAATGTCACCATCT-1,9.331169,1.2683976,ALLSIL
GGGAATTAGAACCTCA-1,1.2934462,16.630888,TE617T
GGGAATTAGCGATTGC-1,14.877244,-4.6894684,C8166
GGGAATTAGCTGGAAG-1,18.492672,7.6397305,143B
GGGAATTAGTAGTAAG-1,2.5756583,8.830488,PF382
GGGAATTAGTCAAGCC-1,15.960823,7.3222156,143B
GGGAATTAGTCGATGC-1,0.69877756,12.341528,DND41
GGGAATTAGTGACCCG-1,-3.8739293,13.664142,KHM1B
GGGACAATCCACCGTC-1,7.695315,-2.582267,CHLA06ATRT
GGGACAATCGATCGTA-1,10.960259,0.5930149,ALLSIL
GGGACAATCTAGTGTG-1,14.449402,5.5277224,143B
GGGACACAGCGAAGGC-1,1.8544551,4.907778,PF382
GGGACACAGCGATTGC-1,-0.4347641,11.944069,DND41
GGGACCAGTTCCCAGA-1,2.3570344,6.2350473,PF382
GGGACCTCACTCGCTG-1,-4.147513,3.3140006,HAP1 MUTYH-/-
GGGACCTCAGCAGGGA-1,-2.7386677,-4.1086607,HELA XPA-/-
GGGACCTCATTACAGA-1,1.8755188,4.9073133,PF382
GGGACTAAGCATGGAG-1,13.895108,12.203143,JM1
GGGACTAAGGTTGCCG-1,-3.5316722,-3.8577442,HELA XPA-/-
GGGACTAAGTTGCCTT-1,17.486172,8.594439,143B
GGGACTGGTGAGTTGA-1,15.55719,-4.4958997,C8166
GGGATAGTCACTCCTG-1,16.469652,4.935458,143B
GGGATAGTCTAATGAC-1,18.190647,6.0097413,143B
GGGATATAGATTCGGC-1,2.860131,8.62428,PF382
GGGATATAGCAACCTA-1,-0.50406593,11.561047,DND41
GGGATATAGTATGGAA-1,15.462632,6.4259877,143B
GGGATATAGTTACGTG-1,1.4646603,15.18628,TE617T
GGGATCAAGCAGGTTC-1,3.3555417,-9.245841,U2OS OGG-/-
GGGATCAAGTCATTCC-1,-3.3217947,1.7316124,HAP1 MUTYH-/-
GGGATTAGTTAGCCAT-1,5.7762904,14.880824,SUPT11
GGGATTGAGCCATCAA-1,9.4416,-4.329401,CHLA06ATRT
GGGATTGAGGCAATCC-1,11.630502,11.812251,JM1
GGGCAAATCTAATGCG-1,8.583363,3.1118941,NALM6
GGGCAACAGATTGACT-1,8.935821,-3.4614878,CHLA06ATRT
GGGCAACAGATTGATC-1,1.9743005,15.904527,TE617T
GGGCAACAGCGGATAG-1,2.4876208,15.671395,TE617T
GGGCAACAGGCAATGG-1,19.908638,6.9729486,143B
GGGCAACAGTCAGGTC-1,14.577972,4.350509,143B
GGGCAACAGTGATGCC-1,-2.98392,2.3366444,HAP1 MUTYH-/-
GGGCAACAGTTGCTGA-1,17.83664,7.8923216,143B
GGGCAATGTTCGTTGG-1,15.159857,-3.4763014,C8166
GGGCAATGTTGTCTAA-1,5.9205174,6.93381,PF382
GGGCAGACAAACCCGA-1,12.775618,-0.40323007,ALLSIL
GGGCAGACAAGCTTAA-1,13.295044,6.0952535,143B
GGGCAGACACCTGGAA-1,-4.037152,13.75594,KHM1B
GGGCAGACACTAATTC-1,2.6387103,-9.758727,U2OS OGG-/-
GGGCAGACATTCAACT-1,3.4440157,-8.91954,U2OS OGG-/-
GGGCATCCAATACCGG-1,11.257872,-0.32563823,ALLSIL
GGGCATCCAGTTAGTA-1,1.546308,12.203703,DND41
GGGCATCCATGGTAAC-1,-0.21749252,11.554859,DND41
GGGCATGGTGCAAGCG-1,20.070461,-2.1329825,SAOS2
GGGCATGGTTGCCTAG-1,21.466047,-0.49606702,SAOS2
GGGCATGGTTTCCAGG-1,2.181412,4.862824,PF382
GGGCCTATCCTCACCA-1,14.782572,-3.369218,C8166
GGGCCTATCCTGCTCA-1,1.3526134,9.2084055,PF382
GGGCCTATCCTTCGCA-1,11.347152,-8.720338,TK6 LIG4-/-
GGGCCTTGTGAAGCGT-1,13.081536,-0.8996255,ALLSIL
GGGCCTTGTGAGGAGA-1,-2.762856,2.8513436,HAP1 MUTYH-/-
GGGCGATAGAAGGGCC-1,9.243102,-3.8451326,CHLA06ATRT
GGGCGATAGAATCACT-1,3.3262413,-1.6198306,CHLA06ATRT
GGGCGATAGCTAGTAT-1,12.841024,0.004818846,ALLSIL
GGGCGTAGTCAGTCAT-1,18.473362,4.5656667,143B
GGGCGTAGTCATTCGG-1,-1.2517809,-3.7981012,HELA XPA-/-
GGGCGTAGTTGCTGAT-1,8.157513,-4.027854,CHLA06ATRT
GGGCGTAGTTTACCAA-1,3.7082977,-3.9478712,CHLA06ATRT
GGGCTAAAGCGATCTA-1,19.752108,6.036831,143B
GGGCTAAAGGATGTAA-1,14.775219,13.337957,JM1
GGGCTAGGTCTAACTA-1,16.05247,5.221231,143B
GGGCTAGGTGAGCCAG-1,15.200308,4.2985,143B
GGGCTAGGTTATATCG-1,-3.2620738,3.8463268,HAP1 MUTYH-/-
GGGCTCTGTGGAGCTG-1,3.0588946,8.444699,PF382
GGGCTCTGTGGCTGAG-1,18.21429,5.122691,143B
GGGCTCTGTTTGCGTG-1,14.995467,-3.4238493,C8166
GGGCTTACAAAGGATG-1,16.383736,7.961784,143B
GGGCTTGTCATGCGAC-1,8.800231,-2.9857757,CHLA06ATRT
GGGCTTGTCTGTAACG-1,3.7507994,2.2144027,JURKAT
GGGGACTAGCGCATCG-1,2.1883883,-7.511834,U2OS OGG-/-
GGGGATGCAAATGCCG-1,4.5417924,-3.104806,CHLA06ATRT
GGGGATGCAAGTAGTC-1,14.632138,4.955357,143B
GGGGATGCACATTGAA-1,6.8713303,16.651188,SUPT11
GGGGATGCACTCAAGG-1,-1.0357234,-3.9455788,HELA XPA-/-
GGGGATGCATGAATTG-1,17.487072,4.700594,143B
GGGGATGCATGAGTTA-1,1.506687,7.155256,PF382
GGGGCAACAATTGGCG-1,21.813644,0.020628134,SAOS2
GGGGCAACACCATCTA-1,7.2966633,17.215927,SUPT11
GGGGCAACATCGACTC-1,5.103572,2.1288505,JURKAT
GGGGCTAGTCAAGCAA-1,2.7904496,-10.015298,U2OS OGG-/-
GGGGCTAGTTCATCGG-1,-3.2347875,4.265274,HAP1 MUTYH-/-
GGGGCTAGTTGTAAGG-1,2.6714149,15.12868,TE617T
GGGGTAATCCTCGTCA-1,2.0608177,-8.844817,U2OS OGG-/-
GGGGTAATCTGGCCGA-1,20.008701,-2.724627,SAOS2
GGGGTATGTAACCCAT-1,14.161784,5.9641366,143B
GGGGTATGTAAGTGCA-1,-0.84205544,-3.4161694,HELA XPA-/-
GGGGTATGTGACGAAC-1,6.606543,15.5061245,SUPT11
GGGGTATGTTGCTAAC-1,15.351588,4.954112,143B
GGGGTATGTTGGAATG-1,11.358025,10.451279,JM1
GGGGTATGTTTGACGT-1,-4.254187,2.9123986,HAP1 MUTYH-/-
GGGGTCAGTGGCCAGA-1,11.185928,-9.620644,TK6 LIG4-/-
GGGGTCAGTGGCGCTT-1,8.449543,5.2002697,NALM6
GGGGTCAGTTTGGTGT-1,3.317356,-7.9686003,U2OS OGG-/-
GGGGTTAAGAACCTGC-1,14.905548,4.8054976,143B
GGGGTTAAGTACGCTA-1,13.26784,12.390297,JM1
GGGGTTGGTAAGCCAA-1,-0.74703217,11.863445,DND41
GGGGTTGGTCTAGCAT-1,20.98987,-2.015948,SAOS2
GGGTAACGTGAAGTCA-1,-3.844779,2.8230298,HAP1 MUTYH-/-
GGGTAACGTGGGTAGT-1,7.4698753,-3.1518867,CHLA06ATRT
GGGTAACGTTGGGCCT-1,8.211802,6.0139456,NALM6
GGGTAAGTCACATGGC-1,17.592258,4.844323,143B
GGGTAAGTCACTGGCG-1,12.846057,6.8220577,143B
GGGTAAGTCGCATGTA-1,2.743075,7.376451,PF382
GGGTAAGTCGCGACTG-1,1.7714174,-8.5782995,U2OS OGG-/-
GGGTAAGTCGTTCGCC-1,15.443602,-4.386308,C8166
GGGTAATAGTAATCAC-1,3.0396786,-9.3116865,U2OS OGG-/-
GGGTACTTCATAGGAA-1,1.5984138,-9.735353,U2OS OGG-/-
GGGTACTTCGCGATTA-1,-3.8568985,13.707927,KHM1B
GGGTACTTCTGGTAGC-1,11.279708,-5.926483,JURKAT
GGGTATGAGAAGGGCC-1,12.029758,12.50126,JM1
GGGTATGAGTGCAACC-1,11.717564,-8.765353,TK6 LIG4-/-
GGGTCAAAGCGATGAG-1,1.9078938,16.58765,TE617T
GGGTCAAAGCTGGCTG-1,7.0245,10.119434,RH30
GGGTCAGGTAATGTGG-1,4.1253347,-8.499131,U2OS OGG-/-
GGGTCAGGTTAGTTCA-1,15.748884,4.7143188,143B
GGGTCAGGTTCCAGTG-1,1.922667,15.914514,TE617T
GGGTCATTCAATTCCC-1,2.082039,-8.178958,U2OS OGG-/-
GGGTCATTCGTTACAG-1,9.5021925,4.0644093,NALM6
GGGTCCATCAGCATTG-1,2.0460987,5.932136,PF382
GGGTCCATCTATGCGA-1,7.8634877,-3.8790975,CHLA06ATRT
GGGTCCATCTGTAACG-1,-0.3904852,11.629871,DND41
GGGTGAATCTATGGAT-1,18.721153,6.069443,143B
GGGTGAATCTGGTACA-1,14.175272,5.0405693,143B
GGGTGTCCAACTGGTG-1,1.5096794,-10.040885,U2OS OGG-/-
GGGTGTCCAGTTGCCT-1,10.125457,-11.812171,TK6 LIG4-/-
GGGTTAAGTAATCGCT-1,5.3411326,5.7789583,PF382
GGGTTAAGTCATCGCA-1,-3.6021807,14.160542,KHM1B
GGGTTAAGTTGGATCT-1,3.9858944,2.1089854,JURKAT
GGGTTAGAGAAGGATC-1,1.8888128,6.024518,PF382
GGGTTAGAGCCGCATG-1,13.796563,5.8386893,143B
GGGTTAGAGGTCGAGA-1,15.81826,-5.3250766,C8166
GGGTTAGAGGTTCGAC-1,17.077417,4.7419424,143B
GGGTTCCGTAACCCAT-1,-3.4703958,-3.2273846,HELA XPA-/-
GGGTTCCGTAGCTTCG-1,17.924623,5.8832064,143B
GGGTTCCGTCAATGCT-1,13.47399,-0.8012052,ALLSIL
GGGTTGAAGAAGGGAA-1,16.315348,-5.0109887,C8166
GGGTTGAAGGATGTCC-1,8.923817,4.5382223,NALM6
GGGTTGAAGGTTCATG-1,11.70285,-8.502864,TK6 LIG4-/-
GGGTTGAAGTGGCGTT-1,8.902536,6.073825,NALM6
GGGTTGGGTAATCGCT-1,14.910115,7.847649,143B
GGGTTGGGTTGGCGCT-1,4.1742973,-3.8139713,CHLA06ATRT
GGGTTTCAGCCAACTA-1,-3.23138,3.2535307,HAP1 MUTYH-/-
GGGTTTCAGCCTTCGC-1,11.385381,-5.862242,JURKAT
GGGTTTGCAAACCGCA-1,3.696739,-9.087494,U2OS OGG-/-
GGGTTTGCAAACCTGG-1,1.9729837,15.814023,TE617T
GGGTTTGCACATAGTA-1,20.894598,-2.7777607,SAOS2
GGGTTTGCATCGAAGT-1,2.8507836,1.0151284,JURKAT
GGGTTTGCATTCGTTG-1,14.403439,13.841507,JM1
GGTAAATGTCTAATCA-1,4.588989,6.885816,PF382
GGTAAATGTTGCGCTA-1,15.51997,-5.0508947,C8166
GGTAAATGTTGTGAAG-1,18.238201,7.8020782,143B
GGTAACAGTATTGGTC-1,15.33555,6.851279,143B
GGTAACAGTGGCAGTG-1,18.669863,4.8595047,143B
GGTAACAGTTAGTGCT-1,6.647806,10.604009,RH30
GGTAAGGTCCTGAGAC-1,0.82550997,15.181807,TE617T
GGTAATCCAAAGGCAA-1,16.015657,6.671522,143B
GGTAATCCATCGACTC-1,7.930926,3.7864094,NALM6
GGTAATGGTAAGGGTC-1,16.819445,6.913565,143B
GGTAATGGTGAAGCCG-1,11.448348,11.633583,JM1
GGTAATGGTGGCAGCA-1,15.165756,-4.8302584,C8166
GGTAATGGTTGGATTC-1,-2.5022714,3.693102,HAP1 MUTYH-/-
GGTAATGGTTTCGGTG-1,-2.9479198,2.4440477,HAP1 MUTYH-/-
GGTAATTTCGATAGGG-1,5.509182,6.8500447,PF382
GGTAATTTCGTTGCGG-1,6.897483,17.846802,SUPT11
GGTACATCAACATGCG-1,16.40857,3.9934256,143B
GGTACGAAGATTAACC-1,13.837378,7.1750584,143B
GGTACGAAGCATGCCG-1,4.422507,1.4363552,JURKAT
GGTACGAAGCCCTGTC-1,14.368698,5.8977175,143B
GGTACGAAGCGAGCAA-1,4.954055,1.8141402,JURKAT
GGTACGAAGCGGATGA-1,4.4266405,-3.3516476,CHLA06ATRT
GGTACGAAGGTCACGT-1,15.5173855,4.4717093,143B
GGTACGAAGTAGAGAC-1,7.33457,11.307559,RH30
GGTACGCCAAAGGAAT-1,16.295225,-5.3213954,C8166
GGTACGCCAACGTGGC-1,16.26266,8.290869,143B
GGTACGCCACAGCAAT-1,14.829975,8.057006,143B
GGTACGCCACAGCATG-1,-2.3402214,-3.3032935,HELA XPA-/-
GGTACGCCAGGTAACT-1,5.131071,1.7701796,JURKAT
GGTACGCCATAGGCTG-1,14.30441,5.4321437,143B
GGTACGGGTATAGCCT-1,1.2968811,6.161232,PF382
GGTACGGGTCATGCCA-1,0.7293844,8.034396,PF382
GGTACGGGTGATAGCA-1,11.720673,12.5611315,JM1
GGTACGTTCCCAATGA-1,0.15958072,11.802688,DND41
GGTACGTTCGTTGCGG-1,15.772686,-4.5390186,C8166
GGTACGTTCTAATGAC-1,15.119008,4.8049474,143B
GGTACGTTCTCATTCA-1,-3.1753109,2.3875241,HAP1 MUTYH-/-
GGTACTATCCCAATGA-1,1.4041275,11.721538,DND41
GGTACTTGTCTGGTAT-1,5.7676997,14.835901,SUPT11
GGTACTTGTGCGTGGA-1,3.1130483,7.572738,PF382
GGTACTTGTTCACTAA-1,1.0574908,8.749967,PF382
GGTAGCAAGCAGGCTT-1,2.1191192,-10.209706,U2OS OGG-/-
GGTAGCAAGCATTAAC-1,2.5651789,-2.360532,CHLA06ATRT
GGTAGCGGTCAGCTCA-1,14.665715,-5.3175073,C8166
GGTAGCGGTCATCGCA-1,13.861943,7.056496,143B
GGTAGCGGTTCATCGG-1,8.006934,-3.2389033,CHLA06ATRT
GGTAGCGGTTGCGTAT-1,8.381703,4.5184526,NALM6
GGTAGCGGTTGGGCAG-1,-0.45130783,12.393352,DND41
GGTAGCGGTTGTCATA-1,8.271818,10.452244,RH30
GGTAGCGGTTTGGAGA-1,1.2408512,-9.527619,U2OS OGG-/-
GGTAGCTTCACTAACG-1,17.596022,7.4820375,143B
GGTAGGATCACATACG-1,17.685736,5.2506046,143B
GGTAGGATCACGTTAG-1,11.918709,12.10983,JM1
GGTAGGATCCCTCTCT-1,14.545322,12.848523,JM1
GGTAGGATCCTGTGAA-1,-0.4734315,-3.5063329,HELA XPA-/-
GGTAGGATCCTTAGTC-1,14.916203,6.5574265,143B
GGTAGGATCTGGGCAT-1,7.6248717,10.351782,RH30
GGTAGTAGTCAACGGG-1,16.255327,6.7491837,143B
GGTAGTAGTTGTGCCA-1,19.757551,-0.85450983,SAOS2
GGTAGTGAGCGCTTCC-1,16.422918,-5.01497,C8166
GGTAGTGAGGTACGGA-1,-4.2360377,2.6069865,HAP1 MUTYH-/-
GGTATAGGTCATGGTT-1,1.0265157,11.5584,DND41
GGTATATTCAGCAGAG-1,8.60332,-4.268558,CHLA06ATRT
GGTATATTCAGCTAAT-1,7.549642,10.316201,RH30
GGTATATTCCATCACT-1,-0.7158175,12.180426,DND41
GGTATATTCCGCAACG-1,18.358452,5.840231,143B
GGTATCGCAACCAGTG-1,8.434758,10.331299,RH30
GGTATCGCATAAGCAC-1,16.529118,4.599995,143B
GGTATCTGTTGGGACG-1,8.01771,5.068522,NALM6
GGTATGAGTCCATCTC-1,6.5502,-3.9464252,CHLA06ATRT
GGTATGAGTCTAGGCC-1,2.1293983,15.510786,TE617T
GGTATGGAGGCTTGGT-1,-2.7546637,-3.3202684,HELA XPA-/-
GGTATGGAGTCGAACC-1,14.851826,-6.1298842,C8166
GGTATGGAGTCGATGC-1,2.6653602,1.9659117,JURKAT
GGTATGTCAATTGCCC-1,7.9688888,10.204411,RH30
GGTATGTCACATTGAA-1,13.823103,8.317342,143B
GGTATTGTCGACCAGT-1,7.2112894,16.89142,SUPT11
GGTATTGTCTAGTGCA-1,17.519547,6.906072,143B
GGTCAATCAACCCGAA-1,-3.2241945,4.192331,HAP1 MUTYH-/-
GGTCAATCATCCGTGT-1,6.723151,10.7056055,RH30
GGTCACTAGCATTGAT-1,14.523041,13.863271,JM1
GGTCAGCCAAGGTTAC-1,14.423012,5.6798,143B
GGTCAGCCACCTTCCC-1,3.659342,-9.206065,U2OS OGG-/-
GGTCATATCATGCGAC-1,7.1863503,12.016525,RH30
GGTCATATCCGCCAGA-1,7.115169,-2.8538089,CHLA06ATRT
GGTCATATCCTGGTCC-1,13.027722,6.2671814,143B
GGTCATCAGCGACTAC-1,8.069006,10.238155,RH30
GGTCATCAGTCTAGCA-1,4.3462567,1.8214065,JURKAT
GGTCATTGTGGAGCCA-1,7.7537217,-2.9119296,CHLA06ATRT
GGTCATTGTTTCGTAA-1,16.514042,6.254272,143B
GGTCCTGAGGGTAGCA-1,6.578578,17.59656,SUPT11
GGTCGAGGTCATCGGC-1,1.3426644,-9.353344,U2OS OGG-/-
GGTCGAGGTGAAGGCT-1,13.878895,14.809666,JM1
GGTCGAGGTGCAGGTG-1,19.73526,-1.6834571,SAOS2
GGTCGATTCTATGACG-1,10.489432,-9.553786,TK6 LIG4-/-
GGTCGATTCTGGTACA-1,16.843786,4.802517,143B
GGTCGCATCCATGCAA-1,1.9387589,-9.866074,U2OS OGG-/-
GGTCGCATCCATTACC-1,17.761927,7.7547455,143B
GGTCGCATCGAAGTCC-1,17.247604,7.5102673,143B
GGTCGCATCGATGTCA-1,14.624428,-3.5809588,C8166
GGTCGCATCGTGCCCT-1,20.714731,-1.2205284,SAOS2
GGTCGCATCTGGGACT-1,5.1321044,6.9580145,PF382
GGTCGGTCAATCCATT-1,-3.768188,-3.2387846,HELA XPA-/-
GGTCGTTAGGTACGAG-1,14.115364,5.223676,143B
GGTCTAATCACAGGCT-1,9.387034,-11.145886,TK6 LIG4-/-
GGTCTAATCAGCAATT-1,3.3973558,-1.6186936,CHLA06ATRT
GGTCTAATCATGCGCG-1,15.66045,-5.459515,C8166
GGTCTAATCCCATAGA-1,19.956276,-1.0806502,SAOS2
GGTCTAATCGTTCATC-1,3.668174,-3.9283748,CHLA06ATRT
GGTCTAATCTTGAGCA-1,9.6929,-10.303422,TK6 LIG4-/-
GGTCTAGCAAGTGCGC-1,8.9860935,-3.9286635,CHLA06ATRT
GGTCTAGCAGGATTCG-1,16.243898,7.523578,143B
GGTCTATGTTCGGCGT-1,-2.1616511,3.0789754,HAP1 MUTYH-/-
GGTCTATGTTGTCCCT-1,2.3342283,-9.726124,U2OS OGG-/-
GGTCTCCTCTGGCCTC-1,13.687228,5.481041,143B
GGTCTCCTCTGGCTCC-1,3.3309367,-1.7490128,CHLA06ATRT
GGTCTTAAGCGAGTTC-1,-3.1421363,-3.801725,HELA XPA-/-
GGTCTTAAGGCTCCAG-1,-3.38013,-3.3319712,HELA XPA-/-
GGTGAACGTATAGCTC-1,4.253178,-7.539016,U2OS OGG-/-
GGTGAACGTTAACCCG-1,13.634218,6.750571,143B
GGTGACTTCAGCTGGT-1,10.997581,0.6992702,ALLSIL
GGTGACTTCCATTCCG-1,-4.87375,3.2169008,HAP1 MUTYH-/-
GGTGACTTCCGTAGTA-1,8.170618,10.205488,RH30
GGTGAGGCAGGATGAA-1,2.7811956,1.6085619,JURKAT
GGTGAGGCATCCTCGG-1,3.5038424,-4.425302,CHLA06ATRT
GGTGAGGCATCGCGTT-1,5.0882893,1.7716752,JURKAT
GGTGATAGTTAACCAC-1,0.7067741,7.6996574,PF382
GGTGATAGTTTGCGAT-1,8.86805,-3.5367773,CHLA06ATRT
GGTGATGAGAACGGCA-1,3.658365,4.0802217,DND41
GGTGCAGGTTCACTCC-1,17.453714,4.7395635,143B
GGTGCATTCGCTGATA-1,5.0387974,0.91989636,JURKAT
GGTGCATTCTCATTCA-1,17.814737,7.531899,143B
GGTGCATTCTGGCAAC-1,8.223684,16.370922,SUPT11
GGTGCATTCTGGTGAC-1,3.3969808,-9.645085,U2OS OGG-/-
GGTGCGAGTAGTCCAT-1,8.73702,3.1964788,NALM6
GGTGCGAGTGCGTGAG-1,3.6749465,-2.9966173,CHLA06ATRT
GGTGCGAGTTTACGAC-1,15.76502,6.8209586,143B
GGTGCTTAGGATTCGC-1,18.04232,7.992075,143B
GGTGGATGTAGCGGAT-1,4.469825,0.99562347,JURKAT
GGTGGATGTATGGATG-1,14.66054,8.168661,143B
GGTGGATGTGGCGCTT-1,5.487779,0.6908673,JURKAT
GGTGGCAGTCAGCATT-1,3.257491,-9.27625,U2OS OGG-/-
GGTGGCAGTTATGGTC-1,3.453565,0.7133582,JURKAT
GGTGGCTCAATGAGCT-1,7.5827374,-2.9500072,CHLA06ATRT
GGTGGCTCACATAGTA-1,1.5647014,5.052187,PF382
GGTGGCTCACCTCATA-1,13.339885,5.2440877,143B
GGTGGCTCACTCGCTG-1,-1.362468,7.0997906,C8166
GGTGGCTCAGCACGAC-1,9.381034,-11.008919,TK6 LIG4-/-
GGTGGTAAGAAGGTGT-1,14.850909,6.3216133,143B
GGTGGTAAGGAATTGA-1,14.090605,7.349801,143B
GGTGGTAAGGTTACGC-1,17.837685,4.83744,143B
GGTGTAAGTGAGCATA-1,9.13073,-4.1525292,CHLA06ATRT
GGTGTAAGTGCGTGAG-1,-4.3239255,2.4040065,HAP1 MUTYH-/-
GGTGTAAGTGGCGTAG-1,7.533652,-4.352239,CHLA06ATRT
GGTGTAAGTTGCCTCT-1,5.884395,14.753897,SUPT11
GGTGTCCGTCTAATCA-1,9.81381,-11.534117,TK6 LIG4-/-
GGTGTCCGTCTTGCTC-1,2.0557733,15.670222,TE617T
GGTGTCCGTGATGAAT-1,7.3543797,15.491658,SUPT11
GGTGTCCGTTTGGTCG-1,-7.178823,8.632232,EOL1
GGTGTGAAGGGGACTA-1,9.667964,-11.017077,TK6 LIG4-/-
GGTGTGAAGTAGGGCA-1,-0.3568376,11.348151,DND41
GGTGTTGCACCTGCAT-1,14.394542,-5.0063534,C8166
GGTGTTGCACTTGGTC-1,2.3586023,4.9359617,PF382
GGTGTTGCAGGGCTTA-1,1.1108737,11.81582,DND41
GGTGTTGCATGCGTCT-1,7.8148155,3.7717574,NALM6
GGTTAAGGTAGCCTGC-1,3.1027656,-8.422424,U2OS OGG-/-
GGTTAAGGTATGTGAG-1,3.8338141,2.124148,JURKAT
GGTTAAGGTTCGTGAT-1,15.160732,-3.522555,C8166
GGTTAATTCCGGTTAA-1,15.652379,-3.8789933,C8166
GGTTAATTCCTGAGTA-1,12.250438,13.553363,JM1
GGTTACATCACATGCA-1,9.062194,3.3002675,NALM6
GGTTACATCACCTGGG-1,1.3124975,12.031001,DND41
GGTTACATCAGGCTAC-1,9.038669,3.9823427,NALM6
GGTTACATCAGTTGGC-1,7.2609124,-2.7485483,CHLA06ATRT
GGTTACATCGAGTCTA-1,4.482085,5.6082006,PF382
GGTTACGCACTTCGGT-1,8.199229,4.6641016,NALM6
GGTTAGCTCAATCTGG-1,4.178935,1.573759,JURKAT
GGTTAGCTCCCCATCA-1,14.764397,14.21414,JM1
GGTTAGCTCCGTGGAT-1,8.323217,-3.180079,CHLA06ATRT
GGTTAGGAGCGCTCAG-1,7.6644545,16.920343,SUPT11
GGTTAGGAGCTAGTGC-1,16.230581,4.551343,143B
GGTTAGGAGGGGATGC-1,-2.8296683,-4.1437817,HELA XPA-/-
GGTTAGGAGGGTAGTG-1,11.874287,12.957866,JM1
GGTTAGGAGTCAGTGC-1,7.1942806,11.525576,RH30
GGTTAGTCAATTCGTT-1,15.086995,6.5328364,143B
GGTTAGTCAATTGCTT-1,14.062233,5.307624,143B
GGTTAGTCAATTGGCG-1,2.7939165,1.7127122,JURKAT
GGTTAGTCAGGTAGGG-1,20.400843,-2.7406094,SAOS2
GGTTAGTCAGGTATCG-1,-0.5361035,12.580528,DND41
GGTTATGTCAGGTCGT-1,11.02523,-8.690165,TK6 LIG4-/-
GGTTCAATCAAGTGCC-1,-1.8269511,3.4000132,HAP1 MUTYH-/-
GGTTCAATCACCTGGG-1,11.769604,-10.064921,TK6 LIG4-/-
GGTTCAGCACCTACCG-1,-0.36026308,11.314714,DND41
GGTTCAGCACTCGCTG-1,1.221087,-9.125819,U2OS OGG-/-
GGTTCAGCAGGGACAG-1,-3.1303248,-3.8671417,HELA XPA-/-
GGTTCAGCATTACAGA-1,6.8924656,15.755943,SUPT11
GGTTCCTCAAAGGATG-1,8.497072,6.096766,NALM6
GGTTCCTCAAGCCTAG-1,6.631967,16.936453,SUPT11
GGTTCCTCAAGTGAAG-1,16.162024,5.391203,143B
GGTTCCTCAATAGGCT-1,6.879202,10.998353,RH30
GGTTCCTCAGCTAAGT-1,4.4653325,2.1106265,JURKAT
GGTTCCTCAGGAACCC-1,-4.6210384,3.9277515,HAP1 MUTYH-/-
GGTTCCTCATCACGGA-1,-3.9531167,14.0147505,KHM1B
GGTTCCTCATGCTGAG-1,8.772691,5.4505463,NALM6
GGTTCCTCATTCATAC-1,4.5304456,5.4582505,PF382
GGTTCTAAGCGCATTA-1,6.466161,12.048625,RH30
GGTTCTAAGGTATCTG-1,9.369532,-3.82825,CHLA06ATRT
GGTTCTAAGTTGGGTC-1,6.913862,10.823907,RH30
GGTTGGGGTGAGTAGC-1,16.151623,6.984223,143B
GGTTGGTTCAGGCAGA-1,9.734615,-9.846773,TK6 LIG4-/-
GGTTGGTTCTGTCTAC-1,0.8509879,6.7550364,PF382
GGTTGTCAGTACGGAG-1,3.1974764,-1.4784569,CHLA06ATRT
GGTTTAGTCATGAGTT-1,6.9352202,-3.0226781,CHLA06ATRT
GGTTTAGTCCCAGACG-1,18.21015,5.595572,143B
GGTTTAGTCGATCCGG-1,16.42509,7.8948855,143B
GGTTTCAAGATTAACC-1,1.8261852,-9.849822,U2OS OGG-/-
GGTTTCAAGCGAGCAA-1,15.911496,-7.280912,C8166
GGTTTCAAGCGCTCGA-1,18.467796,6.507494,143B
GGTTTCAAGGAATGCG-1,14.075639,8.005164,143B
GGTTTCAAGGCTATAT-1,3.3061607,6.8418384,PF382
GGTTTCAAGTCAATCG-1,17.948465,4.601544,143B
GGTTTGATCAGGTTCA-1,14.315096,-4.7041917,C8166
GGTTTGATCGCATAGC-1,-3.164074,4.2141504,HAP1 MUTYH-/-
GTAAACCCAATCATCT-1,18.46931,7.4394584,143B
GTAAACCCAGCCTATC-1,6.2932696,11.945074,RH30
GTAAACCCAGGCAGGA-1,19.0911,5.1646657,143B
GTAAACCCATTCGCAC-1,11.496978,10.623048,JM1
GTAAACGGTCAAGGTA-1,6.418271,10.992936,RH30
GTAAACGGTTCAAGTC-1,2.746297,-9.636046,U2OS OGG-/-
GTAAACGGTTGTCCTC-1,6.1202693,15.499628,SUPT11
GTAAACTTCATAGAGA-1,21.359438,-1.814075,SAOS2
GTAAACTTCCAGATTG-1,13.467837,13.360795,JM1
GTAAACTTCGACATTG-1,-0.8999091,-4.8433905,HELA XPA-/-
GTAAACTTCGCGAGTT-1,9.198234,-9.5551,TK6 LIG4-/-
GTAAAGGCAAGCATAC-1,7.3452787,16.429472,SUPT11
GTAAAGGCACATACCC-1,-2.3880787,2.7414997,HAP1 MUTYH-/-
GTAAAGGCATGCAGTG-1,-1.8870199,-4.0195627,HELA XPA-/-
GTAAATGAGGCACAGA-1,20.592407,-1.7145194,SAOS2
GTAAATGAGTAGTAAG-1,9.354934,3.6138384,NALM6
GTAAATGAGTAGTTAC-1,2.1572003,14.964216,TE617T
GTAACCATCCAGGGAA-1,-3.1114678,-3.5501413,HELA XPA-/-
GTAACCATCCCATACT-1,4.9274073,5.179151,PF382
GTAACCATCCCCAGCT-1,1.652185,-9.10094,U2OS OGG-/-
GTAACCATCCCTGGAG-1,13.3152075,8.1751585,143B
GTAACCATCCGTAGGT-1,14.539743,7.9015207,143B
GTAACCATCCTTCGGC-1,3.28974,-8.587421,U2OS OGG-/-
GTAACCATCGCGACAT-1,17.168615,6.582013,143B
GTAACCATCGTCTATC-1,13.793408,6.0218024,143B
GTAACCCAGCATTAGT-1,14.871976,-5.149067,C8166
GTAACCCAGGAACCTC-1,4.683217,-3.5544057,CHLA06ATRT
GTAACCCAGTGAGCGA-1,9.188624,-9.349744,TK6 LIG4-/-
GTAACCGCACTATCAT-1,2.4377592,8.197366,PF382
GTAACCGCATGCGGAC-1,7.5551066,9.520587,RH30
GTAACCTGTAATCAGG-1,3.4196093,0.46972868,JURKAT
GTAACCTGTTGCTTGG-1,4.387938,-8.220141,U2OS OGG-/-
GTAACGGAGTACGGCT-1,11.369652,-1.6703935,ALLSIL
GTAAGCCTCAGGTTGC-1,7.223704,9.671125,RH30
GTAAGCCTCCCGTTCA-1,6.864945,11.604976,RH30
GTAAGCTCAACCGCTT-1,0.7100826,15.16849,TE617T
GTAAGCTCAACCTGCT-1,14.576489,6.6734114,143B
GTAAGGCGTCTCACCT-1,13.493033,6.027261,143B
GTAAGGCGTCTCAGCA-1,8.144984,3.7234654,NALM6
GTAAGGCGTGACGTGG-1,18.374903,5.305986,143B
GTAAGGGTCCTTGGAA-1,15.937943,-7.10186,C8166
GTAAGGTAGGTCCAAC-1,13.047998,13.536798,JM1
GTAAGGTAGTAGTCAT-1,-3.6915934,14.956811,KHM1B
GTAAGGTAGTGAATCT-1,-3.581145,-3.1577518,HELA XPA-/-
GTAAGTAAGGCAATGG-1,18.086699,8.43725,143B
GTAAGTAAGGTCGTAC-1,14.733953,6.2272096,143B
GTAAGTTTCCGCAGAT-1,4.623675,2.456503,JURKAT
GTAAGTTTCGAATGGG-1,3.730728,-3.8278778,CHLA06ATRT
GTAATCACACTCATAT-1,4.2467604,2.1749644,JURKAT
GTAATCCGTCATTAGC-1,2.3609464,5.523687,PF382
GTAATCCGTGAGCAGT-1,15.322582,-5.3117385,C8166
GTAATCCGTGAGTAGC-1,-3.4572246,3.7297318,HAP1 MUTYH-/-
GTAATCCGTTGTGGCC-1,7.5194182,10.32055,RH30
GTAATCCGTTTGCCCT-1,3.5679696,-7.6736083,U2OS OGG-/-
GTAATGAAGATTGGCC-1,1.0920688,11.568076,DND41
GTAATGAAGCAATTCG-1,4.49566,1.5598214,JURKAT
GTAATGAAGCGAGAGC-1,13.457962,5.449979,143B
GTAATGAAGCGGCATT-1,17.283567,8.052385,143B
GTAATGAAGGTCCATA-1,16.385372,8.093116,143B
GTAATGGGTTGACCAT-1,19.828249,-0.707866,SAOS2
GTAATGTTCATGCGTA-1,16.271152,4.9807568,143B
GTAATGTTCGCGCACA-1,2.559228,-9.033949,U2OS OGG-/-
GTAATGTTCTAAGCCA-1,7.335068,16.048048,SUPT11
GTAATTCAGCTAGTCA-1,5.8381515,7.200502,PF382
GTAATTCAGGCACTAC-1,3.0757432,7.2281985,PF382
GTAATTCAGTGGCAGA-1,1.9840285,15.882365,TE617T
GTACAACCAATTGCTT-1,19.744768,-1.1400281,SAOS2
GTACAACCATGATAGC-1,-4.1200905,14.527393,KHM1B
GTACAAGGTCATCAAC-1,18.00988,5.70033,143B
GTACAAGGTTCGCAAT-1,-2.8289247,4.0885797,HAP1 MUTYH-/-
GTACAAGGTTGAAGTG-1,9.499443,3.3225393,NALM6
GTACACGCACTAACTT-1,7.9895477,10.999902,RH30
GTACACGCACTAGCTC-1,1.0835412,15.291805,TE617T
GTACACGCATGCGCTT-1,16.024088,-5.24394,C8166
GTACACGCATTGCCAC-1,18.402166,4.7365317,143B
GTACATTAGATTAACC-1,9.886897,-12.340578,TK6 LIG4-/-
GTACATTAGCCCTGCT-1,3.2433264,6.59245,PF382
GTACATTAGGTGGAGC-1,3.450367,0.449513,JURKAT
GTACATTAGTAATGAG-1,15.058341,-6.224912,C8166
GTACATTAGTTACGTG-1,4.071918,-7.6507783,U2OS OGG-/-
GTACCAATCCTGCACC-1,8.49194,5.3335457,NALM6
GTACCAGCAACGGTCA-1,-4.4131937,2.4353917,HAP1 MUTYH-/-
GTACCCTCAATCATCT-1,7.6085024,16.477459,SUPT11
GTACCCTCATAATCCT-1,8.288449,16.735909,SUPT11
GTACCCTCATCATAGA-1,8.763067,6.171086,NALM6
GTACGAAGTGATCCCA-1,2.5504558,14.856431,TE617T
GTACGAAGTTGACCTG-1,14.1060095,5.4212756,143B
GTACGAAGTTGCAGGG-1,-3.506104,3.195954,HAP1 MUTYH-/-
GTACGAAGTTGCTCTC-1,-3.6614513,-3.8174984,HELA XPA-/-
GTACGATCACATTACT-1,-4.8047013,4.288252,HAP1 MUTYH-/-
GTACGATCACTAGGGC-1,8.393377,-4.2752433,CHLA06ATRT
GTACGATCAGCCAAGC-1,20.860588,-0.32439497,SAOS2
GTACGATCATAACGAC-1,1.0310752,6.5062,PF382
GTACGATCATCCGGTT-1,8.483239,3.9659626,NALM6
GTACGGGGTAGCCCTA-1,2.2034795,-10.056853,U2OS OGG-/-
GTACGGGGTCAGTCGC-1,9.068144,5.6516657,NALM6
GTACGGGGTTGTCCCT-1,2.6246128,-8.737664,U2OS OGG-/-
GTACGGTTCACGCACG-1,15.085884,-5.555974,C8166
GTACGGTTCAGCACTA-1,3.5139728,5.694337,PF382
GTACGGTTCGCGACAT-1,8.500604,16.72892,SUPT11
GTACGTTGTTCGATGT-1,-2.0129366,-3.6774921,HELA XPA-/-
GTACTAACAGTTAGAC-1,6.7429924,-4.2871966,CHLA06ATRT
GTACTAACATAGATTG-1,7.290957,16.154524,SUPT11
GTACTAACATCCGTTA-1,13.9223385,7.18627,143B
GTACTAGTCACTTGCT-1,4.3538036,1.4606503,JURKAT
GTACTAGTCCCAGTAA-1,13.960493,5.79293,143B
GTACTAGTCTAGTCGA-1,13.7690735,5.899199,143B
GTAGAATGTAGTGTCT-1,11.592829,12.597027,JM1
GTAGAATGTGAGGATC-1,7.254669,16.849737,SUPT11
GTAGACTCATGGCCTT-1,9.550177,-4.065723,CHLA06ATRT
GTAGATGGTAGGTCGG-1,3.790704,0.8317004,JURKAT
GTAGATGGTCTAACCG-1,11.337116,-9.261335,TK6 LIG4-/-
GTAGATGGTGGACATA-1,0.8619591,15.20229,TE617T
GTAGATGGTTCACCAG-1,17.830442,5.274226,143B
GTAGATGGTTGCCTGA-1,3.3181725,2.2724338,JURKAT
GTAGATGGTTGGGTAA-1,4.236523,-4.1404805,CHLA06ATRT
GTAGCATCAGTACCGA-1,4.170505,-8.934521,U2OS OGG-/-
GTAGCCACAGCTAAGT-1,14.103627,5.0856495,143B
GTAGCGAAGGCAAGTG-1,2.0562334,8.827831,PF382
GTAGCGCCAAACCTGG-1,-2.0809574,3.0241802,HAP1 MUTYH-/-
GTAGCGCCATCATCAT-1,6.6141944,11.423358,RH30
GTAGCGGGTTGTAGAG-1,7.2953644,15.969303,SUPT11
GTAGCTATCGCGTGAT-1,15.473096,6.961427,143B
GTAGCTATCTATCCTA-1,19.126406,7.742586,143B
GTAGCTTGTAAGTGAT-1,6.9847007,9.797791,RH30
GTAGCTTGTTCACTCC-1,13.515134,14.254532,JM1
GTAGCTTGTTTGGTGT-1,7.412047,10.280269,RH30
GTAGGAACAATCTCTG-1,13.64864,-4.9566956,C8166
GTAGGAACATTAGTAG-1,16.685438,7.641466,143B
GTAGGATAGATACTAC-1,11.035751,-9.719633,TK6 LIG4-/-
GTAGGATAGATAGATG-1,14.059189,14.219124,JM1
GTAGGATAGCATGGTC-1,5.0762353,5.3403487,PF382
GTAGGATAGCCTTCGC-1,6.8050666,-3.6302164,CHLA06ATRT
GTAGGATAGCGCCACA-1,-3.7697403,-3.082067,HELA XPA-/-
GTAGGATAGTAGAGAC-1,7.8097386,16.56495,SUPT11
GTAGGCAAGCGCGATT-1,18.076609,6.505944,143B
GTAGGCAAGGGGATGC-1,15.902934,6.424318,143B
GTAGGCGGTAATGGTG-1,6.3610578,14.713244,SUPT11
GTAGGCGGTCCATACG-1,3.0485563,2.598749,JURKAT
GTAGGCGGTTCGCCAA-1,-3.9886642,14.800652,KHM1B
GTAGGCTTCCCTTGAT-1,11.105873,-9.7691555,TK6 LIG4-/-
GTAGGCTTCCTCTAAC-1,6.569214,16.719292,SUPT11
GTAGGCTTCTGTCTGT-1,16.114162,4.0109863,143B
GTAGGGGCAACCGGAC-1,14.155649,7.706297,143B
GTAGGGGCACATGCCT-1,16.79441,7.15352,143B
GTAGGGGCAGCTCTGT-1,2.0406435,12.6659355,DND41
GTAGGGGCAGGACTAT-1,18.386486,4.5845175,143B
GTAGGGGCATTAGCAA-1,-3.6062586,-3.4871798,HELA XPA-/-
GTAGGTAGTCAACTTA-1,3.2990458,0.5447534,JURKAT
GTAGGTAGTTCCATCC-1,-7.215991,8.669489,EOL1
GTAGGTGAGGATCACC-1,11.129729,10.811019,JM1
GTAGGTGAGGGTACTC-1,9.42722,-4.241868,CHLA06ATRT
GTAGGTGAGGTTCAAT-1,4.082626,-3.0488749,CHLA06ATRT
GTAGGTGAGTAATTGC-1,1.4097114,6.210465,PF382
GTAGGTGAGTGCCAGT-1,-1.282408,-2.9208128,HELA XPA-/-
GTAGGTTCAACCATCC-1,10.814966,-9.811237,TK6 LIG4-/-
GTAGGTTCAACTGCGA-1,12.175752,-1.2330009,ALLSIL
GTAGGTTCAAGCGTAT-1,11.993964,12.033188,JM1
GTAGGTTCAATCAGTA-1,2.695465,5.5849557,PF382
GTAGGTTCAATCGTAA-1,14.586399,4.373476,143B
GTAGGTTCATCGTTCA-1,9.134934,-9.755357,TK6 LIG4-/-
GTAGTAAAGCGATCCG-1,5.972725,6.1260386,PF382
GTAGTAAAGCGGTAAG-1,3.8287575,-2.315635,CHLA06ATRT
GTAGTAAAGGCAACTC-1,-3.9812183,14.846545,KHM1B
GTAGTAGGTAATGAAC-1,10.019703,-9.885786,TK6 LIG4-/-
GTAGTAGGTAGGTCGG-1,11.249187,-9.515789,TK6 LIG4-/-
GTAGTAGGTCAGGGAT-1,15.187751,-4.8121667,C8166
GTAGTAGGTTAGGTTC-1,3.2172823,1.9263574,JURKAT
GTAGTCATCACGCATA-1,13.350642,12.608686,JM1
GTAGTCATCAGGTAGG-1,1.8299272,11.839048,DND41
GTAGTCATCCGTATGA-1,0.82018334,7.639447,PF382
GTAGTCATCGATGCTA-1,3.001912,-9.932609,U2OS OGG-/-
GTAGTCTGTAAGTGCA-1,15.939451,4.1252284,143B
GTAGTCTGTATTGGCT-1,14.810569,-4.8735476,C8166
GTAGTCTGTGAGCATA-1,-6.734352,8.174664,EOL1
GTAGTCTGTTAGACTC-1,10.7376375,-11.232403,TK6 LIG4-/-
GTAGTCTGTTCCTGAG-1,-2.7611115,2.339209,HAP1 MUTYH-/-
GTAGTGAGTGCACGAG-1,21.176392,-2.1476643,SAOS2
GTAGTGAGTGCGCATC-1,2.3749254,-2.2664702,CHLA06ATRT
GTAGTGAGTGGCTAGG-1,16.219189,5.641092,143B
GTAGTGAGTTCCCAGA-1,14.92526,8.247629,143B
GTAGTGAGTTGAAGCA-1,3.4631417,6.988075,PF382
GTAGTTGTCCAATTCC-1,9.913263,-7.9953732,TK6 LIG4-/-
GTAGTTGTCCGTGTGG-1,-4.5529294,3.299053,HAP1 MUTYH-/-
GTAGTTTAGGCAATCC-1,3.7703457,-8.687891,U2OS OGG-/-
GTATAGAAGCGGTTAC-1,6.728516,-3.2227178,CHLA06ATRT
GTATAGAAGGAATCGG-1,1.6011851,8.747619,PF382
GTATAGAAGTAACGGG-1,-0.9013786,-4.3542585,HELA XPA-/-
GTATAGAAGTGGGTCT-1,2.2785897,15.90305,TE617T
GTATAGAAGTTGGGCT-1,20.21024,-0.5946123,SAOS2
GTATAGCCAGCAGTTG-1,14.816347,4.653277,143B
GTATAGCCAGGTAGTT-1,2.9192102,4.871643,PF382
GTATAGCCATCCACGT-1,11.0930605,-0.15298487,ALLSIL
GTATATCAGCCGACTG-1,9.576726,-9.283315,TK6 LIG4-/-
GTATATCAGCCGATGT-1,2.178433,-7.5405526,U2OS OGG-/-
GTATATCAGCTTACGA-1,10.271721,-8.808956,TK6 LIG4-/-
GTATATCAGGCGTATC-1,8.40061,3.2562428,NALM6
GTATATCAGTCATCCT-1,-4.424168,3.6890647,HAP1 MUTYH-/-
GTATATCAGTTAGTGT-1,-4.6543465,3.155378,HAP1 MUTYH-/-
GTATCCCCAAGCTGCA-1,-2.7270045,3.8270047,HAP1 MUTYH-/-
GTATCCGGTAGCTAAG-1,3.458659,-8.365041,U2OS OGG-/-
GTATCCGGTCAGGATA-1,-1.2952969,-4.4492207,HELA XPA-/-
GTATCCGGTTGCGCTA-1,4.6446567,1.1255736,JURKAT
GTATCCGGTTGTCCAG-1,11.254694,-9.589028,TK6 LIG4-/-
GTATCCTTCCCAATTC-1,13.165078,6.0685964,143B
GTATCCTTCCTGCGTC-1,12.428238,0.2559084,ALLSIL
GTATCCTTCGACCAGT-1,13.635847,5.4482527,143B
GTATCGATCATCGAAT-1,16.299126,5.4261155,143B
GTATCTTCAAACCCGA-1,-2.466701,3.5684798,HAP1 MUTYH-/-
GTATCTTCATGATCCC-1,10.6136875,-9.765534,TK6 LIG4-/-
GTATGAAAGCGAACTC-1,0.042700566,11.636372,DND41
GTATGAAAGCGGGTAA-1,16.82211,4.5944247,143B
GTATGAGGTCTCACGA-1,17.599005,8.421185,143B
GTATGAGGTTATCCAA-1,5.564838,1.1183121,JURKAT
GTATGAGGTTCCTTGC-1,15.297765,7.0603976,143B
GTATGAGGTTCGATGT-1,15.660571,4.977569,143B
GTATGCATCAATCTCC-1,11.4485235,11.333987,JM1
GTATGCATCAGGTTGC-1,17.418985,5.3029194,143B
GTATGCATCTCATTCA-1,14.489837,4.236629,143B
GTATGGCTCTGTCTAC-1,4.4740343,-8.200669,U2OS OGG-/-
GTATGGTCACCTTCCC-1,14.983723,6.3879533,143B
GTATGTTAGAAGGATC-1,15.331213,3.829421,143B
GTATGTTAGCCATCAA-1,-0.330917,-3.3870182,HELA XPA-/-
GTATGTTAGGCGTTCG-1,-3.656757,-3.4170942,HELA XPA-/-
GTATGTTAGTTGGCGT-1,7.272884,9.544356,RH30
GTATTAGCAAACCGAT-1,7.2578135,-3.103498,CHLA06ATRT
GTATTAGCAATCGACG-1,4.709196,1.4368131,JURKAT
GTATTAGCAATTACAG-1,13.491325,14.851207,JM1
GTATTAGCACATTACT-1,15.186295,4.647529,143B
GTATTAGCATAGGTAC-1,2.402206,-10.310416,U2OS OGG-/-
GTATTAGCATTGCCGT-1,17.39275,8.019455,143B
GTATTCAGTAAGGTGC-1,2.2425046,-7.6238065,U2OS OGG-/-
GTATTCAGTCAGCTAT-1,-3.57604,3.9183397,HAP1 MUTYH-/-
GTATTCAGTTCGGTCA-1,13.907126,7.077467,143B
GTATTCCTCATGCCAA-1,2.1488624,-9.717524,U2OS OGG-/-
GTATTCCTCCAACTAG-1,5.198747,6.7659006,PF382
GTATTCCTCCCCTGAC-1,20.028728,-2.4201093,SAOS2
GTATTGGTCACGCATA-1,-2.8786159,2.17748,HAP1 MUTYH-/-
GTATTGGTCGAACCGT-1,12.1867895,11.984722,JM1
GTCAAACCAAGTAGAG-1,14.71389,5.1110597,143B
GTCAAACCACAATCGG-1,14.932636,6.465478,143B
GTCAAACCATTCGCCG-1,2.371176,15.323433,TE617T
GTCAAAGGTGAGGAAG-1,3.7882698,-3.0321198,CHLA06ATRT
GTCAAAGGTGAGGCAT-1,1.2133515,5.5767164,PF382
GTCAAAGGTTCATCCC-1,6.738279,-2.5518148,CHLA06ATRT
GTCAAAGGTTCGTGCA-1,16.131998,-5.0732903,C8166
GTCAAATTCCGTCCGT-1,-1.9050055,4.193211,HAP1 MUTYH-/-
GTCAACATCAGCGAGA-1,-0.6411245,-3.4904175,HELA XPA-/-
GTCAACATCCCTGGCT-1,3.4177506,-8.836123,U2OS OGG-/-
GTCAACATCCGCGTGA-1,6.4816875,11.848238,RH30
GTCAACATCGATCATG-1,18.44265,5.574296,143B
GTCAACATCTCACCGC-1,-3.729095,-2.3921328,HELA XPA-/-
GTCAAGCTCCATCTCG-1,17.358622,4.880066,143B
GTCAAGCTCTCACAGA-1,17.453764,5.3892083,143B
GTCAATGTCATAGGCC-1,1.2721406,15.922663,TE617T
GTCAATGTCCGCGTGA-1,6.7324505,14.702595,SUPT11
GTCAATGTCCTGATAG-1,4.223195,0.8161104,JURKAT
GTCAATGTCGACATGC-1,-0.454416,11.351098,DND41
GTCAATGTCGCGCTCT-1,17.417522,7.578796,143B
GTCAATTAGGCATCCG-1,0.31525505,11.751827,DND41
GTCACCTCAACTGTCC-1,18.237247,6.6829805,143B
GTCACCTCAGGCATTG-1,7.987847,10.274265,RH30
GTCACGTAGGATGCTC-1,21.846582,-0.089087196,SAOS2
GTCACGTAGGCGATCT-1,2.1821692,8.785327,PF382
GTCACGTAGTGCAATT-1,6.2577634,14.621684,SUPT11
GTCATAACACCTGCCA-1,-3.4204562,-2.2584958,HELA XPA-/-
GTCATAACATCCCAAC-1,15.267172,-3.778203,C8166
GTCATATAGTCAGGGA-1,-2.6585476,-3.4324825,HELA XPA-/-
GTCATCAAGGCTTCGG-1,-3.718641,13.603547,KHM1B
GTCATCCCAAGTGTGT-1,17.033222,4.295785,143B
GTCATCCCAGGAACCC-1,-2.1070251,-3.8908806,HELA XPA-/-
GTCATCCCAGGCATAT-1,9.592679,-12.226622,TK6 LIG4-/-
GTCATTAGTAAGTTGG-1,15.936874,4.6372833,143B
GTCATTTCATTCGCCG-1,16.509356,6.581269,143B
GTCCAAATCAGGTTGC-1,7.9170694,10.172573,RH30
GTCCAAATCCGCTGGA-1,18.38603,5.8522167,143B
GTCCAACAGATAGAGC-1,1.6386776,12.098997,DND41
GTCCAACAGCCAATCA-1,2.4652839,-8.272665,U2OS OGG-/-
GTCCAACAGCCAGTTA-1,-4.357193,14.237156,KHM1B
GTCCAACAGCCTGCCT-1,4.597734,-7.6643205,U2OS OGG-/-
GTCCAACAGGTGCGAA-1,7.7388225,10.265369,RH30
GTCCAACAGTAATGTC-1,13.952441,5.892366,143B
GTCCAACAGTGCTGGT-1,11.77118,0.026635025,ALLSIL
GTCCAATGTCAGCCAC-1,-2.6818893,-3.1557317,HELA XPA-/-
GTCCAATGTGATAGTG-1,21.48563,-1.9746474,SAOS2
GTCCAATGTTAATCCA-1,-2.4394596,2.6648595,HAP1 MUTYH-/-
GTCCAATGTTAGCAAG-1,5.087181,1.709377,JURKAT
GTCCAATGTTGAGCCC-1,4.604062,6.099371,PF382
GTCCAATGTTGTCCTC-1,4.2977037,-8.242004,U2OS OGG-/-
GTCCACCTCAATCAAC-1,9.868632,-10.944182,TK6 LIG4-/-
GTCCACCTCAGTTCCT-1,-7.2214823,8.677223,EOL1
GTCCACCTCGTGATAT-1,-2.9499283,-2.8292956,HELA XPA-/-
GTCCAGGTCTAGTTCC-1,19.206892,6.082295,143B
GTCCAGTAGGCGATGA-1,13.885209,-4.420244,C8166
GTCCATAAGATTCACG-1,8.969564,3.1216915,NALM6
GTCCATAAGCGGACTT-1,10.2621975,-0.8910294,ALLSIL
GTCCATAAGGTGAGAT-1,-3.7866251,4.433977,HAP1 MUTYH-/-
GTCCATAAGTTAGGCC-1,13.681062,7.247883,143B
GTCCATCCAACCAGCA-1,4.252853,-8.468362,U2OS OGG-/-
GTCCATCCAACTAAGC-1,6.279103,15.408185,SUPT11
GTCCATGGTATGGTGA-1,6.8108497,10.7925825,RH30
GTCCATGGTTAGACGA-1,8.287561,6.0741477,NALM6
GTCCATTTCTCACCGC-1,-1.6109928,-1.9931481,HELA XPA-/-
GTCCCAAGTTGGTCAT-1,3.404183,1.1798694,JURKAT
GTCCCATCAATCTAAG-1,10.034457,-12.275502,TK6 LIG4-/-
GTCCCGAAGGAATGAC-1,14.764244,6.652631,143B
GTCCCGAAGGAATTAG-1,9.092613,-3.6467357,CHLA06ATRT
GTCCCGAAGGCTGTAC-1,12.164821,0.26328057,ALLSIL
GTCCCGTTCGACCCGA-1,-3.0290875,-3.2699785,HELA XPA-/-
GTCCCTCAGAAGCATA-1,2.1752949,-9.299894,U2OS OGG-/-
GTCCCTCAGTAAGGGT-1,13.492119,6.314242,143B
GTCCCTTGTCATGCGC-1,14.548072,-4.8396053,C8166
GTCCCTTGTTAGAGTG-1,2.972262,-8.467658,U2OS OGG-/-
GTCCCTTGTTATGCTA-1,3.3475535,-8.04863,U2OS OGG-/-
GTCCGAACAATATCCT-1,17.151295,5.6062164,143B
GTCCGAACAGGCATAT-1,1.8239939,-8.795683,U2OS OGG-/-
GTCCGAACAGTACTCC-1,17.361128,6.6707673,143B
GTCCGATAGCCTGCTC-1,16.427542,7.449502,143B
GTCCGCAAGGGCAGTA-1,3.4038658,-10.032176,U2OS OGG-/-
GTCCGCAAGTAAGGCG-1,21.916397,0.03426329,SAOS2
GTCCGCAAGTCGCAGT-1,7.2608457,9.796043,RH30
GTCCGCTTCATAGGTT-1,11.451792,10.571117,JM1
GTCCGCTTCCCTCAAT-1,9.757886,-8.274802,TK6 LIG4-/-
GTCCGCTTCCGTATAG-1,4.3307967,-8.249951,U2OS OGG-/-
GTCCGTAGTAATGGAT-1,-2.6701686,-3.8999815,HELA XPA-/-
GTCCGTAGTGGCGCAA-1,14.935935,-5.747486,C8166
GTCCGTAGTGGCTCTA-1,19.517223,7.546875,143B
GTCCGTAGTTGTCACG-1,1.8309811,9.490388,PF382
GTCCGTGAGGGCTGAA-1,-3.6606934,3.9468248,HAP1 MUTYH-/-
GTCCGTGAGGTATGGG-1,1.7801075,-7.981248,U2OS OGG-/-
GTCCTAAAGATTAGAG-1,17.29156,7.9838905,143B
GTCCTAAAGCGCTCAG-1,2.6448972,-8.23576,U2OS OGG-/-
GTCCTAAAGGCTTACA-1,3.3755682,1.549124,JURKAT
GTCCTATTCAGCACTA-1,1.0732126,5.9091835,PF382
GTCCTATTCAGCCACG-1,8.273163,3.4171205,NALM6
GTCCTATTCATAGGAA-1,15.423025,-6.6660423,C8166
GTCCTATTCATATCGG-1,14.314694,-4.4987326,C8166
GTCCTCATCCGCCACT-1,12.52692,-0.004659766,ALLSIL
GTCCTCATCGCATTGA-1,8.047897,17.203594,SUPT11
GTCCTCATCGTGCCAG-1,-3.255198,-2.5493507,HELA XPA-/-
GTCCTCATCTCACTCG-1,1.4011402,8.753877,PF382
GTCCTCTGTGGGTAAC-1,3.3697553,-1.8747679,CHLA06ATRT
GTCCTCTGTTCCAGTG-1,11.335763,-8.810342,TK6 LIG4-/-
GTCCTGCTCATATAGC-1,1.2566531,5.3416524,PF382
GTCCTTTAGCTAGACC-1,16.617474,4.4774036,143B
GTCCTTTAGGGGCATA-1,0.6596294,15.179173,TE617T
GTCGACTAGCAACCGT-1,11.456221,11.497838,JM1
GTCGATGCAAGTATCA-1,0.9421435,12.27467,DND41
GTCGATGCACATACGG-1,14.286247,-4.228778,C8166
GTCGATGCACCTATAT-1,15.42676,-4.842314,C8166
GTCGATGCACTTAACT-1,8.310097,16.629429,SUPT11
GTCGATGCATCCTGCG-1,4.674582,-3.7419279,CHLA06ATRT
GTCGATTGTCTCCAAG-1,15.903077,-4.98205,C8166
GTCGATTGTTCGTTGG-1,5.731994,7.000658,PF382
GTCGCAACATGAGCCA-1,17.86879,8.044694,143B
GTCGCTAGTTCAAGCT-1,14.573369,-3.7627125,C8166
GTCGGATTCATGGACC-1,2.625696,8.252175,PF382
GTCGGATTCGACTAAT-1,-3.8114188,-3.5575142,HELA XPA-/-
GTCGGATTCGATCGGT-1,-0.042017598,11.9960785,DND41
GTCGGATTCTAATGCG-1,1.411555,7.9207582,PF382
GTCGGCTGTAATCCGT-1,-3.789675,-3.6170793,HELA XPA-/-
GTCGGCTGTAGCCCTA-1,4.327479,-8.719141,U2OS OGG-/-
GTCGGCTGTTGAGTTC-1,8.552577,4.6417074,NALM6
GTCGGGTCAAGCCACA-1,17.522768,8.38341,143B
GTCGGGTCACTAGCGA-1,15.270656,-5.2270403,C8166
GTCGGGTCATAGGTGT-1,16.168833,4.764358,143B
GTCGGTTAGGCACGAA-1,14.230971,-4.6730375,C8166
GTCGGTTAGGCGTAAG-1,2.971309,-8.923445,U2OS OGG-/-
GTCGGTTAGGCGTCAT-1,8.480449,4.150387,NALM6
GTCGGTTAGGTCGTTA-1,3.0350182,2.071607,JURKAT
GTCGGTTAGGTGGAGC-1,-4.5733504,4.0712223,HAP1 MUTYH-/-
GTCGTAATCGTGCTGG-1,20.479223,-1.4596457,SAOS2
GTCGTAATCTATCCGT-1,16.269192,-4.3274846,C8166
GTCGTAATCTATGAAC-1,9.558542,2.9082572,NALM6
GTCTAACGTAACTGCT-1,-2.530637,4.210248,HAP1 MUTYH-/-
GTCTAACGTTCCGCTT-1,-2.8642893,4.6103287,HAP1 MUTYH-/-
GTCTAACGTTCGATTA-1,14.366245,12.513037,JM1
GTCTAACGTTGCGGCT-1,13.68743,5.4723506,143B
GTCTAAGTCACCAAGC-1,8.018203,6.5579386,NALM6
GTCTAAGTCCGCAACG-1,8.380366,-3.7791946,CHLA06ATRT
GTCTAAGTCGCTTGGG-1,21.491268,0.35470548,SAOS2
GTCTAAGTCGTGATGC-1,11.726864,0.26701722,ALLSIL
GTCTAAGTCTGGTAGC-1,15.408171,4.057805,143B
GTCTACAAGGTTGCCG-1,14.653838,6.3665824,143B
GTCTACCCACTAAGCG-1,6.0763383,11.984876,RH30
GTCTACCCATGGCAGC-1,13.304787,5.80296,143B
GTCTACCCATTCGTCA-1,1.5382348,9.359838,PF382
GTCTACTTCAAGTCTG-1,-2.6297262,-3.714523,HELA XPA-/-
GTCTACTTCCGGGCTA-1,15.791743,6.3318677,143B
GTCTACTTCGATCGCG-1,13.336266,-4.936198,C8166
GTCTACTTCTAGCCGG-1,2.7928722,15.335166,TE617T
GTCTACTTCTATGGCA-1,18.02879,4.973767,143B
GTCTACTTCTGGGATC-1,11.410699,-9.216128,TK6 LIG4-/-
GTCTATGAGATAGTCT-1,7.751742,10.831807,RH30
GTCTATGAGATTACCG-1,-4.1270313,2.3866403,HAP1 MUTYH-/-
GTCTATGAGCGAAGTG-1,3.4847674,-4.0760884,CHLA06ATRT
GTCTATGAGCTAGACC-1,14.226804,-4.459609,C8166
GTCTATGAGGCGATCT-1,-5.0596805,3.2401838,HAP1 MUTYH-/-
GTCTATGAGGGGCAGT-1,11.469024,0.57613844,ALLSIL
GTCTATGAGTCAGGAG-1,9.963441,-12.313842,TK6 LIG4-/-
GTCTCAAAGCTAGTAT-1,3.4382381,-3.9983265,CHLA06ATRT
GTCTCAAAGGATGCCT-1,16.143347,7.832964,143B
GTCTCAAAGGGGCAAC-1,3.9337265,-2.7785463,CHLA06ATRT
GTCTCAAAGGGTCCAT-1,5.0836067,0.9633445,JURKAT
GTCTCCATCAGCAACC-1,15.34233,-4.3860044,C8166
GTCTCCATCCAATGTG-1,13.945422,5.9876904,143B
GTCTCCATCTAGCCAA-1,13.379384,5.802357,143B
GTCTCCGCACAGGGTC-1,7.6754165,-4.361572,CHLA06ATRT
GTCTCGCTCCTTGATC-1,6.947861,11.905831,RH30
GTCTGCCTCTGTAAGT-1,13.716961,5.1028576,143B
GTCTGGACAAGTTCGG-1,0.43892094,12.316732,DND41
GTCTGGACATGACGGC-1,2.4968143,15.497958,TE617T
GTCTGGGTCTATCGCT-1,1.5039505,-10.105082,U2OS OGG-/-
GTCTGTCCAACCTGTC-1,-3.6622262,14.157765,KHM1B
GTCTGTCCACCTCGCA-1,15.851107,-7.254324,C8166
GTCTGTCCAGCACGGT-1,14.801504,-5.2958055,C8166
GTCTTAAGTGATTCGT-1,-3.8608398,1.8467599,HAP1 MUTYH-/-
GTCTTCACAGGTAACT-1,-1.7887024,3.852972,HAP1 MUTYH-/-
GTCTTCACATCCTATG-1,13.848254,13.700397,JM1
GTCTTCACATGATAGC-1,-1.9425266,2.8656995,HAP1 MUTYH-/-
GTCTTCACATTCGTGC-1,3.5631144,0.4981425,JURKAT
GTGAAATGTCAAGCCC-1,21.36739,-2.1995523,SAOS2
GTGAAATGTCTGTCGA-1,8.371417,6.338124,NALM6
GTGAAATGTTCAATGC-1,-3.934445,14.011071,KHM1B
GTGAAATGTTCGTTAA-1,6.5194955,-3.7565384,CHLA06ATRT
GTGAACAGTGGACTAA-1,-2.5482683,2.7259948,HAP1 MUTYH-/-
GTGAACAGTTGGGATA-1,3.8336189,-7.217435,U2OS OGG-/-
GTGAACAGTTTGCGTG-1,11.270978,0.1968164,ALLSIL
GTGAACCTCCAATGTG-1,-3.2915235,-2.9848518,HELA XPA-/-
GTGAACCTCCTGACTT-1,14.520776,6.3886695,143B
GTGAACCTCCTTCGAT-1,3.4414277,-7.597803,U2OS OGG-/-
GTGAACCTCGTGCTAA-1,16.864548,5.112844,143B
GTGAACCTCTGTGCGG-1,-3.135508,-2.6449668,HELA XPA-/-
GTGAAGGTCATGTCTC-1,9.589008,2.7786827,NALM6
GTGAATCCAATTCGCC-1,6.9997473,11.2922535,RH30
GTGAATGGTGCGCGAA-1,-3.2814038,-3.4785516,HELA XPA-/-
GTGAATGGTGCGGATG-1,-3.1065745,4.246476,HAP1 MUTYH-/-
GTGAATGGTTAGGCAA-1,19.97772,-0.95635587,SAOS2
GTGACGAAGCGGTCTG-1,10.383408,-11.991643,TK6 LIG4-/-
GTGACGAAGGTCCAGT-1,-4.545156,2.530231,HAP1 MUTYH-/-
GTGACGAAGTAATGGA-1,2.893937,4.826564,PF382
GTGACGTTCCTGGGAT-1,14.325438,-4.313053,C8166
GTGACTATCAATCCAG-1,15.518645,-4.0716586,C8166
GTGACTATCATGCTCT-1,5.5539246,5.605597,PF382
GTGACTATCATGGACC-1,-1.6870934,3.1803493,HAP1 MUTYH-/-
GTGAGCAAGCCGACTG-1,9.728379,-10.8368845,TK6 LIG4-/-
GTGAGCAAGCTACGCG-1,7.0591197,11.441527,RH30
GTGAGCAAGGTTAGTT-1,11.354124,-8.92122,TK6 LIG4-/-
GTGAGCGGTAATGGAT-1,-2.664304,2.8512914,HAP1 MUTYH-/-
GTGAGCGGTTAGAGGC-1,1.7678107,11.701898,DND41
GTGAGCGGTTATATCG-1,16.195612,5.301283,143B
GTGAGTAGTATGTCCG-1,19.613445,-2.782482,SAOS2
GTGAGTAGTCAACCTG-1,13.710979,-4.5729685,C8166
GTGAGTAGTCATCATA-1,11.085477,11.215268,JM1
GTGAGTAGTTGGGACG-1,20.872051,-2.4079673,SAOS2
GTGATAGGTTGACTCG-1,8.300341,10.290371,RH30
GTGATAGGTTTCCTAT-1,14.639269,6.5495205,143B
GTGATATTCGACCCAG-1,-4.015589,2.721784,HAP1 MUTYH-/-
GTGATATTCGTGCATA-1,7.0982966,11.73946,RH30
GTGATGCTCACGCATA-1,2.9726274,5.9507627,PF382
GTGATGCTCCTGACCC-1,6.207097,11.778338,RH30
GTGATGGAGGTGCTTA-1,15.320395,6.098979,143B
GTGATGGAGTTGCTCT-1,17.354614,7.5032573,143B
GTGATTGTCGTTGCTT-1,17.785667,6.5464272,143B
GTGATTTAGCATAGTT-1,13.810437,7.8276997,143B
GTGATTTAGGGGACTA-1,-3.5437124,1.923001,HAP1 MUTYH-/-
GTGATTTAGTAGCCGT-1,19.843678,7.1089396,143B
GTGATTTAGTTGCCTT-1,15.802051,5.6146674,143B
GTGCAATCAAGCTGTG-1,14.418308,12.531955,JM1
GTGCAATCAATCATCT-1,0.53291667,15.691134,TE617T
GTGCACTAGGCGAAGC-1,7.1352406,10.510548,RH30
GTGCACTAGGTTAGTT-1,4.8077283,2.1875424,JURKAT
GTGCAGCCATGAGCGC-1,7.303238,11.746547,RH30
GTGCATATCACCTGAA-1,13.709604,6.577322,143B
GTGCATATCAGCATCA-1,14.000242,6.757406,143B
GTGCATATCGATATAC-1,0.8057035,6.6611114,PF382
GTGCATATCGCATGGT-1,-3.2993958,2.298975,HAP1 MUTYH-/-
GTGCATATCTGGTGTA-1,14.76242,4.712243,143B
GTGCATTGTAATGACG-1,3.08307,6.7821093,PF382
GTGCCATAGGTGCAGA-1,7.693199,16.816153,SUPT11
GTGCCCAAGCAAGCCT-1,-0.4252019,11.502357,DND41
GTGCCCAAGCAAGTAA-1,14.480296,-4.672939,C8166
GTGCCCAAGTACGGAG-1,-3.5670457,13.603074,KHM1B
GTGCCTAGTAGCGCCT-1,-3.6820989,14.806575,KHM1B
GTGCCTAGTCTAGTAC-1,1.784049,-10.218865,U2OS OGG-/-
GTGCGAAAGCAAGCCT-1,13.877376,8.346153,143B
GTGCGAAAGCAAGGAT-1,13.479032,13.37022,JM1
GTGCGAAAGGATTGAA-1,6.7707815,17.429523,SUPT11
GTGCGAGGTTATCAGC-1,9.567445,-11.338754,TK6 LIG4-/-
GTGCGATTCACAGGAG-1,3.7007995,-7.574652,U2OS OGG-/-
GTGCGATTCATGCTCT-1,11.020928,-1.4760078,ALLSIL
GTGCGATTCGCGTTGG-1,2.3929112,5.42968,PF382
GTGCGCATCACGCATA-1,3.5594654,-8.550714,U2OS OGG-/-
GTGCGCATCATGTCCT-1,14.400809,-4.4020147,C8166
GTGCGCATCCACCTCA-1,-2.855324,2.5861475,HAP1 MUTYH-/-
GTGCGCATCCAGCGAT-1,13.163162,6.0664287,143B
GTGCGCATCCCATGCC-1,-3.149374,3.4421806,HAP1 MUTYH-/-
GTGCGCATCCGGGTCA-1,3.6727436,-7.2094145,U2OS OGG-/-
GTGCGCATCGATTCAG-1,3.7692854,-3.5774968,CHLA06ATRT
GTGCGCATCGTACTAG-1,8.003954,-3.1152358,CHLA06ATRT
GTGCGCATCTATGCGA-1,3.4686,-4.2797847,CHLA06ATRT
GTGCGCATCTCACTTA-1,7.346001,10.348388,RH30
GTGCGGTCAAACCGTG-1,1.1436701,9.027199,PF382
GTGCTAATCCCGCTGT-1,6.5761857,11.004315,RH30
GTGCTAATCGTGATTG-1,4.1071763,-3.9914174,CHLA06ATRT
GTGCTAATCTCACCTG-1,1.428586,-9.441719,U2OS OGG-/-
GTGCTATGTTGAGTGA-1,-2.9423122,3.1837456,HAP1 MUTYH-/-
GTGCTCAGTAAGGTAT-1,8.083445,5.0659337,NALM6
GTGCTCAGTGATGCAA-1,2.6252363,-8.335727,U2OS OGG-/-
GTGCTCAGTTCGGTTG-1,3.2145455,6.8417907,PF382
GTGCTCAGTTCGTAGT-1,-4.856331,3.3315625,HAP1 MUTYH-/-
GTGCTTGGTAAGCGTA-1,4.823248,1.2013035,JURKAT
GTGCTTGGTGATCCCA-1,16.022089,-4.860626,C8166
GTGCTTGGTTTCGCTC-1,14.319485,12.509531,JM1
GTGGAACGTAGTTGCT-1,17.478567,8.131957,143B
GTGGAACGTATGTGAG-1,20.38561,-1.1325068,SAOS2
GTGGAACGTGAGTGCG-1,16.336174,5.154648,143B
GTGGACAAGTAAGGTA-1,18.339052,5.517092,143B
GTGGACCCAATCTCCA-1,0.20218183,12.342748,DND41
GTGGACCCATGCTGTC-1,3.8901024,-7.697014,U2OS OGG-/-
GTGGATAGTCTAAGTC-1,11.526963,-9.131853,TK6 LIG4-/-
GTGGATAGTTAGGCTT-1,15.358033,4.079208,143B
GTGGATAGTTCCCAGA-1,6.8535285,11.146802,RH30
GTGGATAGTTGACTAC-1,-2.5269625,3.0800002,HAP1 MUTYH-/-
GTGGATAGTTGAGTAG-1,15.823353,-4.109446,C8166
GTGGATAGTTGCAGTT-1,21.00291,-2.382803,SAOS2
GTGGATAGTTTACGGT-1,-2.9047265,-3.937391,HELA XPA-/-
GTGGATTCAAGCTGGC-1,4.4074855,-7.979734,U2OS OGG-/-
GTGGATTCAAGCTGTG-1,18.583832,6.2369895,143B
GTGGATTCACATGAGT-1,17.539696,4.9564776,143B
GTGGATTCAGTAAGCT-1,15.158883,4.9137177,143B
GTGGATTCATCCCGTG-1,1.447327,-8.864177,U2OS OGG-/-
GTGGCAAAGGATGAGT-1,14.299247,5.2779226,143B
GTGGCAAAGGGGCAGT-1,15.279008,-4.0892973,C8166
GTGGCAAAGGTTCAGC-1,1.252074,14.980335,TE617T
GTGGCAAAGTAGTGAA-1,-3.5917485,2.2889123,HAP1 MUTYH-/-
GTGGCAGGTGATAGAT-1,1.1332715,6.1144147,PF382
GTGGCCATCACAGATT-1,3.6239762,-8.769248,U2OS OGG-/-
GTGGCCATCAGCTGGT-1,2.4779458,-2.2664464,CHLA06ATRT
GTGGCCATCCCGTAGG-1,1.1895307,5.620233,PF382
GTGGCGAGTATTGCCG-1,11.122758,0.82724035,ALLSIL
GTGGCGAGTGAACCTT-1,16.940151,7.847527,143B
GTGGCGAGTGAAGTGC-1,16.29539,5.918589,143B
GTGGCGAGTGAGGTCG-1,2.2708335,9.266641,PF382
GTGGCGAGTGAGGTTA-1,-2.8608007,-4.076482,HELA XPA-/-
GTGGCGAGTGCGCAAG-1,-4.138962,14.080128,KHM1B
GTGGCGAGTTCGCTTC-1,11.590442,10.9795265,JM1
GTGGCGAGTTGCTTCC-1,7.480085,9.753714,RH30
GTGGCGAGTTGGGACG-1,8.817809,5.8443356,NALM6
GTGGCGAGTTTGACAC-1,9.827489,-11.878038,TK6 LIG4-/-
GTGGGATGTAACGGGT-1,20.89084,-1.4187218,SAOS2
GTGGGATGTTATAGGG-1,1.3828443,9.48247,PF382
GTGGGATGTTATCGCG-1,15.133339,6.0629215,143B
GTGGGATGTTTAGGTC-1,-1.2381657,-3.7167895,HELA XPA-/-
GTGGGATGTTTGCCAG-1,-0.045918487,12.22419,DND41
GTGGGCAGTAAGTCAG-1,-3.1744995,-2.2597098,HELA XPA-/-
GTGGGCAGTTGGTTCG-1,8.9115925,3.4330902,NALM6
GTGGGTAAGCCTAGCG-1,1.9016888,-9.555515,U2OS OGG-/-
GTGGGTAAGCGCATTA-1,9.957214,-8.199689,TK6 LIG4-/-
GTGGGTAAGGATGGCA-1,13.065876,6.1703844,143B
GTGGGTAAGTTGGACC-1,12.010485,12.330918,JM1
GTGGGTAAGTTGGCTA-1,9.093569,1.3747442,ALLSIL
GTGGGTTTCATCAAGT-1,2.9293768,6.243016,PF382
GTGGTAAGTCAGCCTA-1,19.714674,-2.7844121,SAOS2
GTGGTAAGTTGTGGTT-1,1.7941028,15.199459,TE617T
GTGGTAAGTTTGAGTC-1,16.590593,5.1320124,143B
GTGGTCACACAAGGTT-1,17.161396,5.914452,143B
GTGGTCACAGCTAAGT-1,-4.1429844,3.53619,HAP1 MUTYH-/-
GTGGTCACATAGATCA-1,17.695251,6.7573853,143B
GTGGTCCGTAAGTCAG-1,14.327767,6.399665,143B
GTGGTCCGTTATCACA-1,15.991205,-5.3217745,C8166
GTGGTCCGTTCGTGGC-1,-2.5686934,-4.366975,HELA XPA-/-
GTGGTCCGTTGCTCGA-1,3.8060737,-8.530918,U2OS OGG-/-
GTGGTCCGTTGGAGAC-1,2.1678956,5.442423,PF382
GTGGTCCGTTGGGCAG-1,6.922045,9.768123,RH30
GTGGTGAAGATTCGGC-1,-3.9847777,14.585089,KHM1B
GTGGTGAAGCGATTCA-1,8.851591,-3.1086345,CHLA06ATRT
GTGGTGAAGCTAATGT-1,-1.6242017,-3.9497492,HELA XPA-/-
GTGGTGAAGGCTTCGG-1,2.1470926,-10.342311,U2OS OGG-/-
GTGGTTATCCATCATC-1,0.554007,12.2883625,DND41
GTGGTTGCAATACATG-1,21.256767,0.020755235,SAOS2
GTGTAACCAACATGGT-1,13.939449,4.939644,143B
GTGTAACCAACTCGTC-1,-0.2949032,11.789758,DND41
GTGTAACCACTAACCC-1,7.018902,-4.038737,CHLA06ATRT
GTGTAACCACTAAGCG-1,2.4385788,6.6138787,PF382
GTGTAACCAGTTAGTA-1,5.0540113,6.313808,PF382
GTGTAACCATTACACT-1,11.623525,0.53471726,ALLSIL
GTGTAAGGTCATCCCT-1,20.013132,-1.8179328,SAOS2
GTGTAAGGTGAGTAGC-1,4.146795,-4.4391503,CHLA06ATRT
GTGTAAGGTGCAATTC-1,5.3970494,6.7671156,PF382
GTGTAAGGTTAACCAC-1,1.3123509,11.935047,DND41
GTGTAAGGTTTACGGT-1,-3.8821607,4.4968333,HAP1 MUTYH-/-
GTGTAGTCAATTGACA-1,3.6311426,-8.808343,U2OS OGG-/-
GTGTAGTCAGGGACAG-1,4.034954,-7.7926097,U2OS OGG-/-
GTGTAGTCATTGGCGA-1,14.018883,-4.1513352,C8166
GTGTCAATCACGTGTA-1,14.590486,4.657203,143B
GTGTCAATCCAGCGCA-1,17.302916,5.419607,143B
GTGTCAATCGAAGTCC-1,12.60302,-0.5727969,ALLSIL
GTGTCCCTCACCTAAG-1,3.5973604,-3.9127808,CHLA06ATRT
GTGTCCCTCATAGGCC-1,6.4724965,-2.5399275,CHLA06ATRT
GTGTCCCTCCGTATAG-1,1.1047592,9.632745,PF382
GTGTCCTCAATACTCT-1,2.4181633,5.189442,PF382
GTGTCCTCAATGAGCT-1,18.925308,6.1794143,143B
GTGTGAGAGAACGATA-1,13.742,14.817411,JM1
GTGTGAGAGATTGATC-1,12.102135,11.435651,JM1
GTGTGAGAGTGAGGAT-1,9.557671,-4.329995,CHLA06ATRT
GTGTGAGAGTTAGGAA-1,-0.32957357,12.118547,DND41
GTGTGGCCAACTCGTC-1,-2.696318,3.9541197,HAP1 MUTYH-/-
GTGTGGCCATCCTACA-1,13.782417,5.669141,143B
GTGTGGCCATTGCCAC-1,1.5573319,-10.247869,U2OS OGG-/-
GTGTGGTTCACACATG-1,6.7325654,11.6407175,RH30
GTGTGGTTCTGGTAAT-1,15.049856,-4.4990177,C8166
GTGTGTTGTAATGCTC-1,8.681058,5.9791446,NALM6
GTGTGTTGTAGTAGGC-1,8.176797,3.6253595,NALM6
GTGTGTTGTGAACCTT-1,-2.4197438,3.7097833,HAP1 MUTYH-/-
GTGTGTTGTGCAGGAT-1,7.4837136,-3.5599008,CHLA06ATRT
GTGTGTTGTTAAGGGC-1,16.510008,4.19794,143B
GTGTTACGTAGCAGAC-1,12.603022,14.089782,JM1
GTGTTACGTCAGTAAG-1,4.3422666,0.49634492,JURKAT
GTGTTACGTTGGCATT-1,16.414698,5.586462,143B
GTGTTAGTCAGCAGTC-1,15.457005,7.3331437,143B
GTGTTAGTCAGGTTCA-1,4.9187646,1.4390807,JURKAT
GTGTTATAGCCAGTAC-1,8.7555275,-2.7345264,CHLA06ATRT
GTGTTATAGCTACGGT-1,21.145899,-1.1329228,SAOS2
GTGTTATAGCTAGAGG-1,18.036188,8.222075,143B
GTGTTATAGTGACGGA-1,20.523571,-1.0797658,SAOS2
GTGTTATAGTTAGTGT-1,15.396024,-4.5540576,C8166
GTGTTCAAGCGGGTAA-1,9.454651,-9.713176,TK6 LIG4-/-
GTGTTCAAGGGCTTCG-1,18.171318,7.9725614,143B
GTGTTCAAGGTGGCAA-1,5.7628264,7.1051044,PF382
GTGTTCCCAACGGGCT-1,4.7932653,0.97383016,JURKAT
GTGTTCCCATGACTAA-1,4.406817,-4.7536564,CHLA06ATRT
GTTAACTAGGCGAGAC-1,17.354494,4.9535203,143B
GTTAACTAGGGTCAAG-1,1.5750291,8.413052,PF382
GTTAACTAGGTTAGGG-1,9.088251,-9.346158,TK6 LIG4-/-
GTTAACTAGTCGACAC-1,8.110999,5.947372,NALM6
GTTAACTAGTGGCTAC-1,2.7770958,1.5191514,JURKAT
GTTAAGCCAATATGGC-1,13.156459,13.9312315,JM1
GTTAAGCCATCCTTGA-1,2.6008325,-9.319253,U2OS OGG-/-
GTTAAGGGTTGAGCGG-1,10.578304,-11.05987,TK6 LIG4-/-
GTTAATGCACATACCC-1,-2.5665414,3.1801353,HAP1 MUTYH-/-
GTTAATGCATCAAGCG-1,14.214386,-4.625061,C8166
GTTACCAAGGGCTGAA-1,15.083381,5.795882,143B
GTTACCCCAGGATACT-1,3.8700235,-7.7867436,U2OS OGG-/-
GTTACCCCATAAGGGA-1,14.724745,-4.1049786,C8166
GTTACCCCATTGACGG-1,9.538678,3.9997766,NALM6
GTTACCCCATTGCACC-1,17.57134,5.732661,143B
GTTACCTTCAAGTATC-1,15.732777,-4.704268,C8166
GTTACCTTCATATCCC-1,9.819809,-8.565983,TK6 LIG4-/-
GTTACCTTCGTGAACC-1,-2.2496927,2.6845129,HAP1 MUTYH-/-
GTTACTTCAGCTATCC-1,-3.93971,14.567881,KHM1B
GTTACTTCAGTTGACG-1,17.343365,4.7671986,143B
GTTACTTCATCCTGAC-1,1.3639947,8.047851,PF382
GTTAGAGGTGAGGATC-1,8.93965,-9.345239,TK6 LIG4-/-
GTTAGAGGTGAGTATG-1,4.208625,-4.3704624,CHLA06ATRT
GTTAGAGGTTCGTCCT-1,-0.5995677,-3.6448677,HELA XPA-/-
GTTAGAGGTTGGTGAA-1,13.185449,6.25162,143B
GTTAGATTCCCTGATT-1,10.735113,-10.411523,TK6 LIG4-/-
GTTAGATTCGATTCAG-1,-4.8950605,3.3539546,HAP1 MUTYH-/-
GTTAGATTCGCTCTCA-1,10.026256,-8.48162,TK6 LIG4-/-
GTTAGCATCCACCTCA-1,15.495837,-5.7239137,C8166
GTTAGCATCGCGCAAT-1,-3.3058562,2.2282133,HAP1 MUTYH-/-
GTTAGCATCGTTCGGG-1,17.060469,5.3928986,143B
GTTAGCCAGCATGCCG-1,2.6450977,1.9329814,JURKAT
GTTAGCGCAAATGCTA-1,15.921834,7.5907664,143B
GTTAGCGCAACCAACG-1,15.186124,-4.6639304,C8166
GTTAGCGCACAATTAG-1,4.342873,1.7926344,JURKAT
GTTAGCGCAGGACACC-1,4.255695,-8.049878,U2OS OGG-/-
GTTAGCGCAGGTTCGA-1,15.876439,-5.765623,C8166
GTTAGCTGTCAACTGT-1,20.647636,-1.8962903,SAOS2
GTTAGCTGTCTCCAGA-1,13.80129,13.206502,JM1
GTTAGCTGTTGTGAGA-1,9.6758995,-8.22243,TK6 LIG4-/-
GTTAGGCTCATGTGGC-1,15.766625,6.407297,143B
GTTAGGCTCCGTGCGA-1,2.7313411,-8.68985,U2OS OGG-/-
GTTAGGCTCCGTTGCC-1,8.354404,10.871002,RH30
GTTAGGCTCCTCAACT-1,-3.9679322,13.888288,KHM1B
GTTAGGCTCGTTCATC-1,-1.9587388,3.4947548,HAP1 MUTYH-/-
GTTAGGGAGTATCTGG-1,12.16626,-1.0426809,ALLSIL
GTTAGGGAGTTGGTGC-1,6.500813,14.846411,SUPT11
GTTAGGTCAAACTAGC-1,17.50513,5.7580347,143B
GTTAGGTCAAGTCCCT-1,17.734678,8.500614,143B
GTTAGGTCACCTAACC-1,3.993353,-3.590362,CHLA06ATRT
GTTAGTTAGTGCTGAC-1,16.050388,6.307424,143B
GTTATCAGTAAGCAAT-1,-1.462124,-3.4025526,HELA XPA-/-
GTTATCCTCATGCTGA-1,7.146499,-3.9036603,CHLA06ATRT
GTTATCCTCCGCACTC-1,13.233306,6.3523726,143B
GTTATCCTCGCTAGTA-1,15.227067,-6.7519765,C8166
GTTATCTCAGTAATGC-1,9.038582,-10.35071,TK6 LIG4-/-
GTTATCTCATGCGTTC-1,16.788242,5.9399276,143B
GTTATGGTCACCAATG-1,-3.8615327,14.857869,KHM1B
GTTATGGTCGAGCACT-1,3.2058365,7.2589297,PF382
GTTATGGTCTAGTCTC-1,3.3457234,0.35312295,JURKAT
GTTCAATAGTATGTGT-1,13.333544,12.852693,JM1
GTTCAATAGTTGCATG-1,2.4417567,-7.5523453,U2OS OGG-/-
GTTCACAAGCCAGCCA-1,2.7815285,-9.911768,U2OS OGG-/-
GTTCACAAGGCAAGTG-1,13.819315,6.906614,143B
GTTCACAAGGCGTATC-1,19.100788,5.7164125,143B
GTTCACAAGTAAGGGT-1,1.5922898,15.980952,TE617T
GTTCACCCATCCATCA-1,10.815593,-10.082516,TK6 LIG4-/-
GTTCACCCATGGCTCT-1,9.134168,-9.345437,TK6 LIG4-/-
GTTCACCCATTCGCTA-1,13.919432,7.0852776,143B
GTTCACTTCCGTATAG-1,7.2338595,-4.1728606,CHLA06ATRT
GTTCACTTCCGTTACT-1,20.71446,6.338983,143B
GTTCACTTCGATTAAC-1,4.353858,2.3775966,JURKAT
GTTCAGGCAACCTTGC-1,4.179292,1.146749,JURKAT
GTTCAGGCAAGTAGCT-1,4.5915594,1.8957311,JURKAT
GTTCAGGCACCATGTC-1,10.403191,-10.347454,TK6 LIG4-/-
GTTCAGGCATAGACGT-1,14.72603,4.9062934,143B
GTTCATGAGCTAGCCG-1,-3.0696118,2.6510975,HAP1 MUTYH-/-
GTTCATGAGCTATCAG-1,-4.191372,13.976903,KHM1B
GTTCATTCAAGCTCCT-1,13.386111,13.70468,JM1
GTTCATTCAAGTGCGC-1,-5.127221,3.7143283,HAP1 MUTYH-/-
GTTCATTCATGAGCTG-1,15.276159,4.5420976,143B
GTTCATTCATGCGTTC-1,2.57781,-2.316126,CHLA06ATRT
GTTCCACCAATAGCAC-1,-3.5395138,3.3084803,HAP1 MUTYH-/-
GTTCCACCACTAGTCC-1,16.254118,6.919735,143B
GTTCCACCAGGCTTAG-1,14.732942,14.087961,JM1
GTTCCAGGTAAGCCAA-1,15.9248905,6.139026,143B
GTTCCCGCAATGCCAG-1,4.818119,1.9685873,JURKAT
GTTCCCGCAGGGCTAC-1,6.4483943,-3.19974,CHLA06ATRT
GTTCCCTGTAGCCCGT-1,16.009415,4.243227,143B
GTTCCCTGTAGGCCAG-1,2.098735,-10.204631,U2OS OGG-/-
GTTCCCTGTTTCCATT-1,12.356127,12.044957,JM1
GTTCCGGAGCCTGTCC-1,4.394612,-4.299374,CHLA06ATRT
GTTCCGGAGGATTGGG-1,12.696519,0.1439973,ALLSIL
GTTCCGGAGGCAAGGC-1,1.688665,6.916157,PF382
GTTCCTTAGCCACACG-1,15.738929,-6.55696,C8166
GTTCCTTAGGTCATGC-1,-4.42784,2.182201,HAP1 MUTYH-/-
GTTCGAATCCTGACTT-1,-7.115263,8.564828,EOL1
GTTCGAATCCTGATAG-1,7.1586847,15.960136,SUPT11
GTTCGAATCGTTCACT-1,6.9790883,17.842583,SUPT11
GTTCGATGTTAATGGG-1,18.14963,6.943782,143B
GTTCGCCTCAATCCCT-1,4.5355783,-7.6703467,U2OS OGG-/-
GTTCGCCTCACCTATC-1,9.096126,4.4584656,NALM6
GTTCGCCTCCAGCATA-1,18.29667,6.4916162,143B
GTTCGCCTCGAAGCCT-1,2.5552511,15.619435,TE617T
GTTCGTCCAAGCGATT-1,20.622738,-1.6180999,SAOS2
GTTCGTCCACCAACTC-1,15.946089,5.4755955,143B
GTTCGTCCACTTAATC-1,-2.0380886,3.3939433,HAP1 MUTYH-/-
GTTCGTTTCGCGTTCC-1,1.3933841,-9.81699,U2OS OGG-/-
GTTCGTTTCGTGCCGA-1,4.1314735,1.6245197,JURKAT
GTTCTAAGTAATGAAC-1,15.360635,6.24127,143B
GTTCTCACAAATTCAG-1,20.245506,-2.0132673,SAOS2
GTTCTCACAGCCTACT-1,4.068181,-3.8940926,CHLA06ATRT
GTTCTCACAGGAACCC-1,4.3544836,0.36169708,JURKAT
GTTCTCACAGGGCAAG-1,14.479684,4.166208,143B
GTTGAAGGTAGTCCTG-1,-3.9243305,14.581153,KHM1B
GTTGAAGGTCATCACG-1,6.2591944,12.061103,RH30
GTTGAAGGTTGCATGT-1,13.038787,6.6784363,143B
GTTGAGGAGTCATTCC-1,13.359048,13.543474,JM1
GTTGATTAGAAGGTTA-1,3.3689632,-9.378069,U2OS OGG-/-
GTTGATTAGTAGTCCA-1,10.2531805,-10.398619,TK6 LIG4-/-
GTTGATTAGTTGGGTC-1,2.1581678,-9.907761,U2OS OGG-/-
GTTGCAATCCCCAGTC-1,18.236292,6.0252857,143B
GTTGCAATCCGCAACG-1,3.5563447,-8.763011,U2OS OGG-/-
GTTGCAATCCGCATGG-1,19.357368,7.634216,143B
GTTGCAATCCGCTGCT-1,-0.77528256,12.30501,DND41
GTTGCAATCGACATCA-1,8.0428,6.5392146,NALM6
GTTGCAATCTCACTCG-1,9.20717,-4.4414816,CHLA06ATRT
GTTGCATGTCTTGCAG-1,1.7277882,-10.007791,U2OS OGG-/-
GTTGCATGTTTAGTTG-1,13.973844,6.1693172,143B
GTTGCCAGTCATGGTT-1,13.916566,5.5862904,143B
GTTGCCAGTGATCCGC-1,17.580616,6.7593317,143B
GTTGCCAGTGGACCCT-1,13.7426605,6.8224087,143B
GTTGCCCTCCAACCTT-1,2.93488,-9.08586,U2OS OGG-/-
GTTGCCTCAACCCTGT-1,-3.746083,-2.952402,HELA XPA-/-
GTTGCCTCAGCCATGA-1,11.836222,-0.16012037,ALLSIL
GTTGCGCGTCTAGGAA-1,9.748141,-8.294513,TK6 LIG4-/-
GTTGCGCGTCTCCAAG-1,8.560576,-3.7215254,CHLA06ATRT
GTTGCGCGTTCGATGT-1,3.031109,1.8808688,JURKAT
GTTGCGCGTTGCCTGA-1,13.469662,7.908083,143B
GTTGCTGGTTGTCCCT-1,7.4613686,-3.904518,CHLA06ATRT
GTTGGGTTCACATGCA-1,-4.0682063,-2.6166792,HELA XPA-/-
GTTGGTCAGCGAACGA-1,16.23877,5.3210177,143B
GTTGGTCAGCGAGTAG-1,14.818951,-4.281283,C8166
GTTGGTTGTCTTGCCT-1,13.612336,6.3132763,143B
GTTGGTTGTGATCAGA-1,-3.2645566,3.3097494,HAP1 MUTYH-/-
GTTGTACGTAAGCATG-1,-4.1034727,14.311777,KHM1B
GTTGTACGTGCAGCTC-1,10.258135,-11.980435,TK6 LIG4-/-
GTTGTGATCCGTGGAT-1,5.708539,0.70640236,JURKAT
GTTGTGATCCTCGATT-1,6.707152,11.247678,RH30
GTTGTGATCGTTCATC-1,6.46486,11.953957,RH30
TAAACCACACAACGGC-1,15.322957,-7.4382467,C8166
TAAACCACACTAACCC-1,6.850754,-3.8222208,CHLA06ATRT
TAAACCACATAAGCTA-1,2.718429,15.7987585,TE617T
TAAACGAAGATAGAGC-1,3.5487435,-7.4918723,U2OS OGG-/-
TAAACGAAGCATGGAG-1,7.842241,3.9970345,NALM6
TAAACGAAGGATAGCG-1,16.195112,5.821059,143B
TAAACGGGTAACTTCA-1,4.3541365,-8.3098755,U2OS OGG-/-
TAAACGGGTCAATGTC-1,-3.549126,3.014025,HAP1 MUTYH-/-
TAAACGGGTGGACTGG-1,20.174149,-2.6962101,SAOS2
TAAACGTTCCACCTAT-1,18.376984,7.8000393,143B
TAAACGTTCCAGAGGA-1,17.66536,5.379276,143B
TAAACGTTCCGCGTAG-1,15.818099,4.764239,143B
TAAATCGCAGCAGGTC-1,17.224924,8.304036,143B
TAAATCGCATAGGTTA-1,-0.927156,-3.380255,HELA XPA-/-
TAAATGCTCATGACTG-1,17.616997,5.243977,143B
TAACACTAGCCAGCCA-1,19.04711,7.251887,143B
TAACACTAGGCACTGT-1,15.742861,4.990725,143B
TAACACTAGGGGATAT-1,16.127132,5.6946917,143B
TAACACTAGGTATCCA-1,14.566774,7.6467233,143B
TAACACTAGGTCACGT-1,19.080402,5.363758,143B
TAACACTAGTAGTTAC-1,3.2760224,-8.148289,U2OS OGG-/-
TAACACTAGTATCTGG-1,1.3367095,15.676076,TE617T
TAACAGCCAGGATTCG-1,2.405194,-10.059852,U2OS OGG-/-
TAACAGCCATGTCGTC-1,17.573252,6.932779,143B
TAACCAACAAGCCTGA-1,1.3597921,8.272811,PF382
TAACCAACAAGCTAAC-1,14.620748,4.7809005,143B
TAACCAACAAGGTGCC-1,10.980849,-1.3033288,ALLSIL
TAACCAACACAATTAG-1,2.0410056,5.961512,PF382
TAACCAACACTTGGGA-1,7.589954,-4.320118,CHLA06ATRT
TAACCAACATGGTAAC-1,19.599976,7.518787,143B
TAACCATAGCGCGATT-1,12.925427,0.41480216,ALLSIL
TAACCCTTCGCGCACA-1,4.362026,-7.852343,U2OS OGG-/-
TAACCCTTCTAGTGAT-1,3.156452,-2.0773911,CHLA06ATRT
TAACCCTTCTAGTTCC-1,7.465513,-3.936452,CHLA06ATRT
TAACCGATCAAGTGAA-1,6.134185,14.583848,SUPT11
TAACCGATCACTGGGT-1,-0.94014835,-4.445644,HELA XPA-/-
TAACCGATCGACCCGA-1,9.244521,-3.3701096,CHLA06ATRT
TAACCGATCGCATCGG-1,3.300694,6.1818695,PF382
TAACCTAGTGCGGACA-1,21.321636,-0.22605368,SAOS2
TAACCTAGTGGGTAAC-1,15.894507,6.808474,143B
TAACCTAGTTGGACCC-1,-3.1489959,-3.3311393,HELA XPA-/-
TAACGAAAGCATGCGT-1,9.64972,4.4906693,NALM6
TAACGAAAGCCTGCTC-1,16.456327,5.2096586,143B
TAACGAAAGGATACCC-1,14.2750635,12.674424,JM1
TAACGAAAGGTTCACA-1,2.4810698,5.3261566,PF382
TAACGAAAGTCATGCA-1,-2.9167275,-3.8896105,HELA XPA-/-
TAACGAAAGTGACCCG-1,21.23961,-1.5527334,SAOS2
TAACGAAAGTGAGAGT-1,18.032299,5.579722,143B
TAACGAAAGTGCGCCA-1,15.215638,-3.473092,C8166
TAACGAGGTCAGTTCG-1,15.023607,4.4416947,143B
TAACGAGGTCTAGGAA-1,3.4982257,2.7083166,JURKAT
TAACGAGGTGAGCATA-1,20.060705,6.442705,143B
TAACGATTCCCCATGC-1,2.2349775,-9.276822,U2OS OGG-/-
TAACGATTCGATGCCG-1,15.387406,-4.924596,C8166
TAACGGCTCCCCATAT-1,-1.4234061,7.1338396,C8166
TAACGGCTCTAAGCTG-1,1.2602634,15.631026,TE617T
TAACGGCTCTATGCAG-1,4.723482,2.4517572,JURKAT
TAACGGTCAATCTGGG-1,17.66776,7.92075,143B
TAACGGTCAATGACAC-1,0.09720147,11.488782,DND41
TAACGGTCAGTTGAGT-1,1.8874117,-9.903811,U2OS OGG-/-
TAACGGTCATCATCGC-1,-3.0972984,3.4811044,HAP1 MUTYH-/-
TAACGGTCATGACCAG-1,8.300493,3.590143,NALM6
TAACGGTCATGGTCCT-1,16.535868,8.361148,143B
TAACTAGCAATGGAGA-1,19.51887,-1.1650009,SAOS2
TAACTAGCATAGACCG-1,4.3294487,0.13497071,JURKAT
TAACTCCTCACTATCC-1,14.503664,6.1342053,143B
TAACTCCTCAGGAGAT-1,-1.3255637,-4.077536,HELA XPA-/-
TAACTCCTCGCGCTGA-1,17.271067,5.857456,143B
TAACTGACAACGTTAA-1,2.8024948,7.3969593,PF382
TAACTGACAATCCTGC-1,11.360129,-0.6246986,ALLSIL
TAACTGACAGGATGGG-1,-3.2937117,4.54697,HAP1 MUTYH-/-
TAACTGACATGAAGGA-1,7.268281,12.020857,RH30
TAACTGGTCCCCATCA-1,13.258402,-0.45288876,ALLSIL
TAACTGGTCCGGGCTA-1,6.711393,-4.0963917,CHLA06ATRT
TAACTGGTCCTTCAGT-1,6.3935413,-2.816524,CHLA06ATRT
TAACTGGTCTGTCTGT-1,-2.6901603,4.1586437,HAP1 MUTYH-/-
TAACTTGGTAGTGCCC-1,5.2220597,6.813264,PF382
TAACTTGGTATGGTTC-1,21.110971,-2.207787,SAOS2
TAACTTGGTCTCACTC-1,13.057674,14.407208,JM1
TAACTTGGTGCACGCT-1,14.786601,4.9847145,143B
TAACTTGGTGCAGCCT-1,11.404073,12.103255,JM1
TAACTTGGTTTAATCG-1,13.642894,-4.910336,C8166
TAAGCAAAGCTACTGA-1,6.3856854,11.784477,RH30
TAAGCAAAGTCGCAGT-1,-2.4984117,-3.7213156,HELA XPA-/-
TAAGCAAAGTTGCTCT-1,15.630558,4.4515557,143B
TAAGCACCAAGCCTAG-1,-0.5723785,-3.5686977,HELA XPA-/-
TAAGCACCAAGTTAGC-1,9.193714,5.137347,NALM6
TAAGCACCAGGCATAT-1,7.3201437,11.350688,RH30
TAAGCACCAGGTTCAG-1,7.215379,10.85951,RH30
TAAGCAGGTAATCACC-1,15.388392,-6.136751,C8166
TAAGCAGGTCAAGTCT-1,17.684689,6.79671,143B
TAAGCAGGTGAACGCG-1,16.003805,-7.6854076,C8166
TAAGCCATCACTTCGT-1,15.555372,4.416278,143B
TAAGCCATCGAACCGT-1,1.5905435,12.146437,DND41
TAAGCCATCGAGTCCG-1,7.091374,9.876331,RH30
TAAGCCATCTATGAGT-1,20.969194,-0.18829441,SAOS2
TAAGCCTGTAGCGAGT-1,-3.1972835,-2.9212139,HELA XPA-/-
TAAGCCTGTAGGTCGG-1,-1.9067639,-4.7566223,HELA XPA-/-
TAAGCCTGTCAAGGCG-1,4.537849,5.7273183,PF382
TAAGCCTGTTCGTAGT-1,8.595365,10.374702,RH30
TAAGCCTGTTTAGGAG-1,1.8880185,8.890057,PF382
TAAGCGAGTGATGCCC-1,9.073854,-9.93762,TK6 LIG4-/-
TAAGCGAGTTGTCACG-1,14.4633665,6.994262,143B
TAAGCGCTCGTGCCCT-1,16.701458,7.7415104,143B
TAAGCGGAGGAATCAA-1,9.608906,-9.424872,TK6 LIG4-/-
TAAGGCGAGATAGGAC-1,6.9616904,11.646871,RH30
TAAGGCGAGCATGGTC-1,1.3834629,5.4290266,PF382
TAAGGCGAGCTATCAG-1,2.3801386,9.23231,PF382
TAAGGCTCAAACCGTG-1,-1.8837689,-4.301334,HELA XPA-/-
TAAGGCTCAACTATGA-1,2.744462,-9.275743,U2OS OGG-/-
TAAGGCTCACAGCGAC-1,-1.3144995,-3.542456,HELA XPA-/-
TAAGGCTCATGGTAGT-1,2.8519776,15.369144,TE617T
TAAGGGGTCACAGGTC-1,-1.7397588,-3.1932757,HELA XPA-/-
TAAGGGTAGCCAATGC-1,8.109009,5.2075152,NALM6
TAAGGGTAGCTACCTT-1,10.472353,-11.210446,TK6 LIG4-/-
TAAGGGTAGGATGCAG-1,8.06884,16.95982,SUPT11
TAAGGGTAGTTGCAGC-1,10.21418,-11.652244,TK6 LIG4-/-
TAAGTCACAACTCGCT-1,-0.7576692,-2.177887,HELA XPA-/-
TAAGTCACACATGAGT-1,8.216593,6.203525,NALM6
TAAGTCACAGGCTATG-1,15.907572,-4.2236276,C8166
TAAGTCACATAACGGT-1,9.995304,-12.402602,TK6 LIG4-/-
TAAGTCACATGATCCC-1,21.918676,0.009425839,SAOS2
TAAGTCACATTCCTAG-1,13.914084,13.210126,JM1
TAAGTCCGTAACGCAA-1,17.80833,8.189239,143B
TAAGTGAAGCCAGTCG-1,9.545658,-9.783518,TK6 LIG4-/-
TAAGTGAAGTTGCATG-1,17.551994,8.385717,143B
TAATAGCTCCATCTCG-1,1.21859,12.229586,DND41
TAATCACAGCGGGATA-1,8.34447,6.331804,NALM6
TAATCACAGGTTCATG-1,21.29407,-1.1641549,SAOS2
TAATCCCTCATCACCT-1,9.760185,-8.881203,TK6 LIG4-/-
TAATCCCTCCCAATCT-1,4.0214496,-3.633807,CHLA06ATRT
TAATCCCTCCGCGTAG-1,8.97713,4.9514713,NALM6
TAATCCCTCGATGCTA-1,19.698421,-0.97627604,SAOS2
TAATCCTCAATCTGCC-1,7.501295,-3.4239244,CHLA06ATRT
TAATCCTCACATAGGT-1,3.5771945,-7.2421794,U2OS OGG-/-
TAATCCTCATCACGTC-1,11.036067,-10.777863,TK6 LIG4-/-
TAATGAGAGAAGCTGG-1,3.8198144,1.1648983,JURKAT
TAATGGGGTAACGAAT-1,9.981334,-7.8819275,TK6 LIG4-/-
TAATGGGGTTTACTAG-1,20.088936,-2.6605911,SAOS2
TAATGGGGTTTGAGGA-1,7.5412607,11.327291,RH30
TAATGGGGTTTGCCAG-1,13.728347,5.8432617,143B
TAATGGTTCATCGTTC-1,4.0288835,-7.333013,U2OS OGG-/-
TAATGGTTCCCATACT-1,16.450693,6.9794855,143B
TAATGTCAGATAGGGT-1,9.200451,-3.5056763,CHLA06ATRT
TAATGTCAGCATAGCC-1,14.56611,5.236263,143B
TAATGTCAGCATAGGG-1,7.33006,11.074456,RH30
TAATGTCAGCGGTGAA-1,-1.0482885,-4.798935,HELA XPA-/-
TAATGTCAGGTCAATT-1,7.841956,10.963303,RH30
TAATTCCCAAGCTAGT-1,2.974389,6.243089,PF382
TAATTCCCACTTCGTA-1,4.979146,5.2984834,PF382
TAATTCCCAGCAGGGA-1-1,14.587691,-5.6567545,C8166
TAATTCCCATTCGGGA-1,14.324137,12.70168,JM1
TACAACTAGCCTCTGC-1,2.129893,-8.928922,U2OS OGG-/-
TACAACTAGGTGCTGT-1,9.430552,-10.753488,TK6 LIG4-/-
TACAACTAGTCAAGTT-1,13.276261,5.6366396,143B
TACAAGCCAATAGCAC-1,15.41206,-4.306146,C8166
TACAAGCCACAGGACC-1,3.8154297,5.480489,PF382
TACAAGCCACGCCATT-1,13.867563,13.081954,JM1
TACAAGCCATAAGGCT-1,-3.4896133,-3.210029,HELA XPA-/-
TACAATGCATGGCGAC-1,17.802965,4.7726293,143B
TACACCGGTCATCATA-1,21.683538,0.15536346,SAOS2
TACACCGGTGCGGTTC-1,13.105055,14.374005,JM1
TACACCTTCAGCTCAA-1,16.529573,4.6394463,143B
TACACCTTCATCTCAC-1,20.250973,-2.2936502,SAOS2
TACACCTTCATGAACT-1,16.902466,5.4937673,143B
TACACCTTCCAGGTGT-1,-4.5993404,4.451366,HAP1 MUTYH-/-
TACACTAGTAATTCGC-1,4.4225783,1.7204176,JURKAT
TACACTAGTGACTCTG-1,16.571962,4.8035374,143B
TACACTAGTGAGTCGG-1,3.428887,-8.4468775,U2OS OGG-/-
TACACTTCAATGAAGG-1,6.0250883,14.95458,SUPT11
TACACTTCACAACTAA-1,15.297694,-5.0347133,C8166
TACACTTCAGGCTAAT-1,12.782854,-0.94464034,ALLSIL
TACACTTCATGATTGA-1,4.0251794,-8.566068,U2OS OGG-/-
TACAGATTCATGGTCA-1,9.419645,5.442642,NALM6
TACAGCGCAACCTGAG-1,1.7136332,12.067925,DND41
TACAGCGCACCTTACA-1,14.156319,-4.099341,C8166
TACAGGCTCATCACGA-1,-2.453263,2.7594097,HAP1 MUTYH-/-
TACAGGGAGGTTGCTA-1,11.420688,12.866552,JM1
TACAGGTCAAGCACGC-1,6.642524,16.739338,SUPT11
TACAGGTCAAGCTGGC-1,14.62087,8.174353,143B
TACAGGTCAATATGTG-1,1.0019567,6.100519,PF382
TACAGGTCAATCGCTC-1,6.7532306,17.735231,SUPT11
TACAGGTCAGGGCTAC-1,15.8002825,5.5204577,143B
TACAGTTAGAAGCCCT-1,14.517417,6.19764,143B
TACAGTTAGTGACCTA-1,8.945865,3.234832,NALM6
TACAGTTAGTGCCCGA-1,21.471493,0.3499595,SAOS2
TACATAGCAACTACCC-1,13.570778,14.580492,JM1
TACATAGCAAGTTCCC-1,1.8576685,5.211748,PF382
TACATAGCAGCTCTAC-1,4.3189774,-3.5488558,CHLA06ATRT
TACATCAGTCAACGGG-1,14.464442,14.319806,JM1
TACATCAGTCAGCCGT-1,15.735058,-4.8099113,C8166
TACATCAGTCTCCAAG-1,7.286257,-2.9578924,CHLA06ATRT
TACATCAGTGAAGTGC-1,18.313395,7.063921,143B
TACATCAGTGACCGAG-1,-3.3803692,-3.9386592,HELA XPA-/-
TACATCAGTTAGTGCT-1,11.027291,-10.464135,TK6 LIG4-/-
TACATCAGTTCAAGCT-1,7.314708,-4.0903506,CHLA06ATRT
TACATCCTCAGTAGTT-1,-1.4273986,3.3853076,HAP1 MUTYH-/-
TACATCCTCCGCCAGA-1,13.492938,5.5243545,143B
TACATCCTCCTGACCC-1,1.7301077,5.5887637,PF382
TACATGACAGCACGAC-1,1.8711069,-10.183217,U2OS OGG-/-
TACATGACATAACGTA-1,9.579611,3.2634945,NALM6
TACCAATAGGATGTGG-1,1.6453055,11.80815,DND41
TACCAATAGTCAACTG-1,2.5272143,-9.854134,U2OS OGG-/-
TACCACAAGGAGTCGA-1,7.3991265,-3.4184852,CHLA06ATRT
TACCACAAGGCTTAAT-1,-2.80237,2.1939354,HAP1 MUTYH-/-
TACCACAAGGCTTACA-1,3.7717927,7.8335204,PF382
TACCACAAGTGCAACC-1,7.4616947,-2.8035936,CHLA06ATRT
TACCACAAGTGCTCGG-1,20.758808,-2.3632739,SAOS2
TACCACGGTCTTGATA-1,3.6534362,7.9986377,PF382
TACCACGGTGAACCAA-1,4.8198347,5.4226694,PF382
TACCACGGTGAGTATG-1,16.352013,-5.9244847,C8166
TACCACGGTGATAGAT-1,18.777163,7.8175397,143B
TACCAGGCACATTAGA-1,8.692145,5.496842,NALM6
TACCAGGCACCATGTC-1,0.9537855,15.057306,TE617T
TACCATAGTGAAGGCT-1,14.564644,-4.287153,C8166
TACCATAGTGAGCATA-1,11.045931,10.751586,JM1
TACCATAGTTGCAGCC-1,1.5327914,11.892832,DND41
TACCATGAGCAGGTAG-1,-2.895753,4.5054164,HAP1 MUTYH-/-
TACCATTCAATGACGT-1,14.479707,6.1894526,143B
TACCATTCACAAGGAA-1,16.941225,4.765525,143B
TACCATTCACTTGCAC-1,13.506119,14.141121,JM1
TACCATTCAGGATAGA-1,11.50507,12.7043085,JM1
TACCCAAAGCCAGGTT-1,9.66213,-11.785356,TK6 LIG4-/-
TACCCAAAGGCATCAC-1,4.926594,1.3286602,JURKAT
TACCCATTCCTTCAGT-1,1.0577364,6.398243,PF382
TACCCCATCCTCTACG-1,9.706942,-9.551937,TK6 LIG4-/-
TACCCCATCTCATCAC-1,-0.065279916,12.310627,DND41
TACCCCATCTGGAACC-1,16.570122,4.0624223,143B
TACCCCTGTCATCGCA-1,16.399155,7.3970523,143B
TACCCCTGTGCGCAGA-1,1.289083,11.716212,DND41
TACCCCTGTTGTAACC-1,13.190292,13.70118,JM1
TACCCGCTCCGTAGAC-1,8.407393,16.484367,SUPT11
TACCCTTAGATTCAGT-1,14.14388,6.784975,143B
TACCCTTAGCAAGGAT-1,14.468055,14.2139635,JM1
TACCCTTAGCTAGTAT-1,14.179015,6.519095,143B
TACCCTTAGTGGCGTT-1,1.4409502,12.135692,DND41
TACCGCCTCACCATAG-1,10.313395,-8.609985,TK6 LIG4-/-
TACCGGACAAATGACC-1,4.704991,1.8149519,JURKAT
TACCGGACAATATCTC-1,11.148192,-9.488509,TK6 LIG4-/-
TACCGGACACCTGCCA-1,2.6833067,15.196105,TE617T
TACCGGACAGGATGCC-1,20.970945,-1.8057449,SAOS2
TACCGGACAGGCAGGA-1,13.98516,12.648138,JM1
TACCGTCCAATTAGCA-1,-1.773376,3.0569947,HAP1 MUTYH-/-
TACCGTCCATAAGGGA-1,6.4419456,-3.238486,CHLA06ATRT
TACCTAAGTGAAGGTC-1,3.2645507,1.4895204,JURKAT
TACCTAAGTTAGCCTG-1,-2.9975107,-1.9011279,HELA XPA-/-
TACCTCACAAATCACA-1,-2.5601149,4.5228934,HAP1 MUTYH-/-
TACCTCCGTCCATTCC-1,15.816037,6.1109295,143B
TACCTCCGTGAGTGAC-1,3.7643673,-3.190654,CHLA06ATRT
TACCTCCGTTCTGTGG-1,14.419229,13.755522,JM1
TACCTCCGTTGTGAAG-1,16.542221,4.0593953,143B
TACCTCCGTTTGAGTC-1,4.2852354,-3.893878,CHLA06ATRT
TACCTGAAGAATCGAA-1,3.6375496,-2.0853612,CHLA06ATRT
TACCTGAAGTTACGTG-1,15.547215,6.859992,143B
TACCTGTTCAGTTGCA-1,12.505844,12.431512,JM1
TACCTGTTCCGCAACG-1,6.2683787,15.431023,SUPT11
TACCTGTTCCGGTAGT-1,9.446167,-3.85847,CHLA06ATRT
TACCTGTTCGATGTCA-1,13.177141,6.289136,143B
TACCTGTTCTCATGCT-1,4.3928614,1.4891788,JURKAT
TACCTTGCACAGGGTC-1,-3.8930657,-3.152334,HELA XPA-/-
TACCTTGCACCTAATT-1,4.5199475,-3.5801513,CHLA06ATRT
TACGAACCAACCCGTT-1,0.9653442,12.834447,DND41
TACGAACCAATCGAAC-1,3.9979904,0.51546824,JURKAT
TACGAACCAGCTCATC-1,1.0904441,11.618388,DND41
TACGAACCATGTCGGA-1,21.508045,0.34122935,SAOS2
TACGAACCATGTCGTC-1,15.980735,7.4121957,143B
TACGAAGGTGGCGTAG-1,4.012569,-2.8641453,CHLA06ATRT
TACGAAGGTTAACGTC-1,7.24235,12.231613,RH30
TACGAAGGTTATCCTT-1,7.6096406,16.552282,SUPT11
TACGAAGGTTGGATAG-1,14.802794,14.0999565,JM1
TACGAGGAGATTAAGG-1,4.420597,-4.3397837,CHLA06ATRT
TACGAGGAGGTGAGTG-1,17.625097,6.3238683,143B
TACGAGTCAGGACTGC-1,3.6408281,-8.922937,U2OS OGG-/-
TACGATTAGATAGTTC-1,14.163208,5.260978,143B
TACGATTAGCCTATCT-1,10.941049,-0.20172428,ALLSIL
TACGCAATCACTATCC-1,2.5413747,-2.1400692,CHLA06ATRT
TACGCAATCAGGGCAA-1,13.20248,-5.513604,C8166
TACGCAATCATAGGCC-1,8.806513,-4.5361342,CHLA06ATRT
TACGCAATCCGTGTAA-1,19.090815,6.702579,143B
TACGCAATCCTGCTCA-1,4.0999746,1.1527717,JURKAT
TACGCAATCTATCGAG-1,17.191904,7.021671,143B
TACGCATGTAGTGCGG-1,18.313444,8.025114,143B
TACGCATGTCTGTGTG-1,13.548581,13.294126,JM1
TACGCATGTTGCCCTT-1,5.6150966,6.9137335,PF382
TACGCATGTTGTGATC-1,14.414111,-4.5994368,C8166
TACGCCCTCATGTCAG-1,18.288633,7.9054356,143B
TACGCCCTCCTGATCT-1,8.528552,6.336469,NALM6
TACGCTAAGCCTCTCA-1,-0.789347,-4.4338007,HELA XPA-/-
TACGCTAAGCTAATGT-1,16.977705,7.884422,143B
TACGCTAAGGTAGGTG-1,18.342405,4.643554,143B
TACGCTAAGGTGGAAT-1,4.376467,5.5480337,PF382
TACGCTGGTAATCGTC-1,3.1062071,0.96934515,JURKAT
TACGCTGGTGGACCCT-1,11.31947,12.742808,JM1
TACGCTGGTTCCGTTC-1,8.953017,-3.6995358,CHLA06ATRT
TACGCTGGTTTGGTCG-1,14.733308,5.0879927,143B
TACGGGCCAACGTTAA-1,3.1850288,6.0885286,PF382
TACGGGCCACCATTGC-1,-1.7192714,2.7883754,HAP1 MUTYH-/-
TACGGGCCAGGGACCT-1,-4.542009,4.3301363,HAP1 MUTYH-/-
TACGGGCCATAAGGTC-1,13.954155,7.103034,143B
TACGGTCAGCGACTTA-1,9.713274,4.0520096,NALM6
TACGGTCAGCGCCACA-1,5.2234225,0.7371913,JURKAT
TACGGTCAGGGGATGC-1,21.06215,-1.6583875,SAOS2
TACGGTTGTAGCTCCA-1,8.700774,5.5064607,NALM6
TACGGTTGTAGGTACA-1,9.712366,4.377236,NALM6
TACGGTTGTCTGGCGT-1,-2.167354,-4.685318,HELA XPA-/-
TACGGTTGTGGGTACG-1,16.381063,4.8841047,143B
TACGGTTGTTCGTGAT-1,8.998107,3.0133967,NALM6
TACGTCAAGCGCGATT-1,6.8559175,11.549692,RH30
TACGTCAAGGTATAGA-1,-2.3136652,-3.0668197,HELA XPA-/-
TACGTTGAGGGGATTG-1,7.3283753,10.609745,RH30
TACGTTGAGTCGCATA-1,15.546421,-6.1468782,C8166
TACTACCTCACTATCC-1,1.8795068,12.502803,DND41
TACTACCTCAGCTCAA-1,17.285122,4.2913027,143B
TACTACCTCTATCCGT-1,7.796191,3.9288652,NALM6
TACTACTCAATCGTCC-1,5.9025874,7.053099,PF382
TACTACTCAATGTAGC-1,18.428324,7.0694084,143B
TACTACTCAGGGCATC-1,15.562551,4.5098844,143B
TACTACTCATGCTCGT-1,10.213685,-9.69342,TK6 LIG4-/-
TACTATGGTTGAGCCC-1,21.628027,0.040161982,SAOS2
TACTATGGTTGTCTAA-1,0.92796284,15.066845,TE617T
TACTCATCAAATCGCG-1,5.7325788,14.851452,SUPT11
TACTCATCAATATCAG-1,1.5381099,12.202213,DND41
TACTCATCATAACGGT-1,21.002113,0.013463243,SAOS2
TACTCATCATAGAGAG-1,14.561034,5.608725,143B
TACTCCACAACTACTT-1,-2.6852922,4.053142,HAP1 MUTYH-/-
TACTCCACAATACCTT-1,-3.9630663,4.056702,HAP1 MUTYH-/-
TACTCCACAATCCGTC-1,3.1748083,-8.466365,U2OS OGG-/-
TACTCCACAGCACTGA-1,5.9639874,6.704631,PF382
TACTCGCCAAACCACG-1,3.0028365,2.294197,JURKAT
TACTCGCCAGTACTAA-1,9.841202,-10.450373,TK6 LIG4-/-
TACTGATAGCCATAGC-1,3.3064303,-7.8855586,U2OS OGG-/-
TACTGATAGGTAGATA-1,13.939641,-5.0533295,C8166
TACTGCAAGCTTAGAT-1,1.2329147,11.53349,DND41
TACTGCAAGGGTACGA-1,21.476688,-1.57623,SAOS2
TACTGCAAGGGTCTCG-1,20.002075,-2.6443965,SAOS2
TACTGGATCATCACGA-1,7.817691,4.556589,NALM6
TACTGTGAGCCAGCAT-1,11.695785,-1.1622839,ALLSIL
TACTGTGAGCCTGAAC-1,17.93821,8.550778,143B
TACTGTGAGCGCATTA-1,3.4705567,1.8431058,JURKAT
TACTGTGAGCGGATGA-1,21.384798,-1.5247984,SAOS2
TACTGTGAGGAGGCAC-1,12.176622,13.345675,JM1
TACTGTTCATTACGTT-1,4.508574,2.261736,JURKAT
TACTTAGGTAACTCGT-1,-4.5418158,3.0793517,HAP1 MUTYH-/-
TACTTAGGTCAGCGAG-1,-4.080918,2.7117164,HAP1 MUTYH-/-
TACTTAGGTCTCCAAG-1,13.672267,12.361481,JM1
TACTTCATCACGCTAA-1,4.15317,5.847776,PF382
TACTTCATCCGTGTGG-1,12.943991,14.069301,JM1
TACTTCATCGTGACTA-1,15.106381,5.7174397,143B
TACTTCATCTATCCGT-1,9.301424,-3.2095575,CHLA06ATRT
TACTTGCTCCGGATAC-1,2.401891,6.876065,PF382
TACTTGCTCGCGACTG-1,10.696809,-9.242991,TK6 LIG4-/-
TAGCAAGGTGGCTCGT-1,8.143197,3.5038006,NALM6
TAGCAAGGTTAATGCC-1,12.733583,0.3512485,ALLSIL
TAGCACGCACAATGAC-1,8.581607,10.338166,RH30
TAGCACGCATCCTCGG-1,20.288013,-0.79205805,SAOS2
TAGCAGTCAACCTCTA-1,1.1178787,16.574402,TE617T
TAGCATTAGAATCCGC-1,-1.5858268,-3.5872796,HELA XPA-/-
TAGCCAATCACTGGCG-1,17.463997,6.2334757,143B
TAGCCAATCGAGTCCG-1,21.971045,0.15580608,SAOS2
TAGCCACAGCGATCTA-1,-2.914336,3.4300883,HAP1 MUTYH-/-
TAGCCACAGCGCAATC-1,-0.1913793,-3.503503,HELA XPA-/-
TAGCCAGCAAGCGGAG-1,13.281667,-1.0851376,ALLSIL
TAGCCAGCAAGTCCAG-1,2.6560493,-9.779727,U2OS OGG-/-
TAGCCAGCAATGTGCG-1,18.173445,7.0110197,143B
TAGCCAGCATAAGCCG-1,3.0166988,7.1412416,PF382
TAGCCCAGTGACTCTG-1,4.516611,0.62148625,JURKAT
TAGCCCAGTGGAGCAT-1,14.312554,13.628245,JM1
TAGCCCAGTTGCCCAA-1,13.618067,-0.7022504,ALLSIL
TAGCCCAGTTGCTCCT-1,4.5299125,-8.052428,U2OS OGG-/-
TAGCCCTCAACTTCAT-1,-3.203791,-3.0224168,HELA XPA-/-
TAGCCCTCACTTGGTC-1,15.3778305,3.9389527,143B
TAGCCCTCAGGGCAGA-1,-4.132469,4.4961286,HAP1 MUTYH-/-
TAGCCCTCATAACCTT-1,9.232706,4.6731577,NALM6
TAGCCTGGTTCTGTCC-1,3.2870793,-1.4191163,CHLA06ATRT
TAGCGAAGTAATCCTA-1,6.8489537,9.916999,RH30
TAGCGAAGTCAGGAGT-1,13.987026,-4.160776,C8166
TAGCGGTTCACATTGG-1,6.558034,17.236986,SUPT11
TAGCGGTTCCCATAGA-1,4.030226,-8.762133,U2OS OGG-/-
TAGCGGTTCTAACCCT-1,13.153096,13.820323,JM1
TAGCTAGTCACAGCGT-1,14.951491,4.7907376,143B
TAGCTAGTCCTCTCGA-1,16.148918,4.8586936,143B
TAGCTAGTCTATGCAG-1,-0.64234364,11.963969,DND41
TAGCTCAAGAAGGAAG-1,1.3655689,9.344657,PF382
TAGCTCAAGGTAATCT-1,10.213638,0.56320167,ALLSIL
TAGCTCCCAATCGACG-1,6.7025833,15.63042,SUPT11
TAGCTCCCAGGCTACA-1,3.2407844,-9.909666,U2OS OGG-/-
TAGCTCCCAGGTTACG-1,10.072486,-10.207129,TK6 LIG4-/-
TAGCTCCCAGTACCTC-1,-3.0398545,3.3769288,HAP1 MUTYH-/-
TAGCTCCCATGTCGGA-1,6.0524974,11.832161,RH30
TAGCTGATCCGCCAGA-1,0.8146666,15.045969,TE617T
TAGCTTGAGCTGGGAA-1,21.810888,-0.06734908,SAOS2
TAGGACTCATTAATCC-1,16.2273,7.464055,143B
TAGGAGTAGGTGAACG-1,8.62363,3.0764666,NALM6
TAGGAGTAGTCGCTGG-1,6.7400465,16.462688,SUPT11
TAGGATGGTCAATTCA-1,4.4107103,1.1850328,JURKAT
TAGGATGGTGATAGGC-1,-2.0301373,-2.0139363,HELA XPA-/-
TAGGATGGTTCGTAGT-1,3.893904,-2.7361488,CHLA06ATRT
TAGGCAAGTGGGTAGT-1,11.268168,-10.268446,TK6 LIG4-/-
TAGGCAAGTTAGCAGA-1,17.900478,8.201879,143B
TAGGCAAGTTCGCACA-1,1.6065829,-9.758486,U2OS OGG-/-
TAGGCAAGTTTGCGGC-1,6.681968,10.806337,RH30
TAGGCCACAAGCTCCT-1,8.267612,-3.3628316,CHLA06ATRT
TAGGCCACAATGAAGG-1,8.057193,16.857044,SUPT11
TAGGCGAAGCAGGGTA-1,10.509763,-0.17249924,ALLSIL
TAGGCGAAGTCGAACC-1,15.761823,6.615714,143B
TAGGCTGCACATATAG-1,17.894522,5.9221225,143B
TAGGCTGCAGCAGTTG-1,15.144604,-4.478812,C8166
TAGGCTGCAGGGCAGA-1,10.190812,-8.774284,TK6 LIG4-/-
TAGGCTTGTAGGTACA-1,13.966087,5.835367,143B
TAGGCTTGTCAATCGT-1,3.934822,-8.61332,U2OS OGG-/-
TAGGCTTGTTATCGTA-1,14.126918,-4.355002,C8166
TAGGGCTTCAGGCATC-1,15.569965,-3.8954608,C8166
TAGGGCTTCGTCTCCA-1,13.536669,14.775579,JM1
TAGGGGATCACATTGG-1,17.01614,6.1299996,143B
TAGGGGATCGCTGATA-1,7.951219,16.763977,SUPT11
TAGGGTAGTAAGCATG-1,2.399383,5.6575675,PF382
TAGGGTAGTAAGGTGC-1,7.1090627,11.280513,RH30
TAGGGTAGTGAACCAA-1,1.5258819,8.9012785,PF382
TAGGGTAGTGCGCGAA-1,8.028314,-2.617691,CHLA06ATRT
TAGGGTAGTTTCGTAA-1,13.773163,6.298939,143B
TAGGGTGAGGGCAGAC-1,2.856593,-8.749508,U2OS OGG-/-
TAGGGTTCAACGTTAA-1,-3.7250671,-3.663658,HELA XPA-/-
TAGGGTTCACAATCGG-1,16.388542,4.056557,143B
TAGGGTTCATGACGAT-1,-1.6297492,-3.029455,HELA XPA-/-
TAGGTAGGTAAGCGCG-1,-1.0276284,-4.553588,HELA XPA-/-
TAGGTAGGTGGAGAGA-1,-4.0946155,14.567357,KHM1B
TAGGTAGGTGGGTCCT-1,1.8220017,11.6081915,DND41
TAGGTAGGTTGTGAGA-1,8.086247,-4.0608025,CHLA06ATRT
TAGGTCATCCATTGAG-1,8.557685,-4.1835985,CHLA06ATRT
TAGGTCATCCCAGTAA-1,16.246763,4.006283,143B
TAGGTCATCGCTCCGT-1,15.043758,-5.463048,C8166
TAGGTCATCTCATTCA-1,13.314224,7.9652257,143B
TAGGTGAGTCAGCTAT-1,4.2865996,-7.8557367,U2OS OGG-/-
TAGGTGAGTTCGTAGT-1,-0.5780541,-3.6238503,HELA XPA-/-
TAGGTGGAGATTGCTG-1,-4.2777925,2.1159997,HAP1 MUTYH-/-
TAGGTGGAGCCAGCCA-1,13.431704,6.03361,143B
TAGGTGGAGTCAACCA-1,17.76579,6.5098457,143B
TAGGTGGAGTGGGTTC-1,17.54902,7.472303,143B
TAGGTTACACCTCAGT-1,16.545536,4.7144885,143B
TAGGTTACAGCTATCC-1,6.325515,-3.1861362,CHLA06ATRT
TAGGTTTAGCTTCCAT-1,13.300717,7.0893054,143B
TAGGTTTAGTATGGCC-1,12.615919,-0.51406884,ALLSIL
TAGTAGCCAACCCTAC-1,-3.1111705,2.275655,HAP1 MUTYH-/-
TAGTAGCCAATCATCT-1,14.407742,5.716917,143B
TAGTAGCCAATTGGAC-1,12.6479,14.020804,JM1
TAGTAGCCACCTCGAT-1,1.6377136,-9.989417,U2OS OGG-/-
TAGTAGCCATAACGGT-1,17.118034,6.223721,143B
TAGTAGCCATCGACAG-1,-4.493588,4.4644156,HAP1 MUTYH-/-
TAGTAGCCATGGTACG-1,-2.3401473,2.9496639,HAP1 MUTYH-/-
TAGTCAACATTCGTCA-1,13.51375,13.544695,JM1
TAGTCCCCACAGGCTA-1,10.853035,-9.492492,TK6 LIG4-/-
TAGTCCTTCACGGATC-1,2.013528,-10.395521,U2OS OGG-/-
TAGTCCTTCCTGCTGC-1,2.4945474,-8.194628,U2OS OGG-/-
TAGTCCTTCGCATCCC-1,1.720234,4.8975244,PF382
TAGTGAGGTGAGTGCG-1,-2.9119332,-4.0265007,HELA XPA-/-
TAGTGAGGTGCGGTCT-1,14.605455,6.553165,143B
TAGTGCATCACAGACC-1,4.178155,-4.633787,CHLA06ATRT
TAGTGCATCAGGCAGA-1,17.922749,4.2927933,143B
TAGTGCATCCAGCTAA-1,9.9510565,-11.502902,TK6 LIG4-/-
TAGTGCATCCAGGTGT-1,20.69059,-2.221057,SAOS2
TAGTGCATCCGTCACC-1,-3.7495978,3.8056247,HAP1 MUTYH-/-
TAGTGCATCGACTAGC-1,9.548805,2.920598,NALM6
TAGTGCATCGATACGC-1,9.9452095,5.030286,NALM6
TAGTGCATCGCTAGGT-1,14.888665,7.1270895,143B
TAGTGGCTCCATGCGG-1,11.940632,11.549618,JM1
TAGTGGCTCCATTCGT-1,7.085462,16.388826,SUPT11
TAGTGGGAGCGGTACT-1,0.70760864,12.104738,DND41
TAGTGGGAGCTGGAGA-1,14.162495,-3.877547,C8166
TAGTGGGAGGGTCAAG-1,13.827156,5.727574,143B
TAGTGGGAGTGATGAA-1,-0.7221922,-3.3413532,HELA XPA-/-
TAGTGTTAGCTATGTG-1,10.409533,-0.2552822,ALLSIL
TAGTTCCTCACATGCA-1,10.380939,-9.966443,TK6 LIG4-/-
TAGTTCCTCACTCCTG-1,17.386147,8.521159,143B
TAGTTCCTCAGGTCGT-1,17.44922,5.9891,143B
TAGTTCCTCCACGGAT-1,9.509121,-4.368408,CHLA06ATRT
TAGTTCCTCCTGCCAC-1,9.166619,-3.5578163,CHLA06ATRT
TAGTTCTCAAGCTCCT-1,1.2406818,-9.484677,U2OS OGG-/-
TAGTTCTCATGACCCT-1,17.772738,5.3349547,143B
TAGTTTCCAAAGGAGC-1,17.257301,4.523796,143B
TAGTTTCCAAGGTGCC-1,3.4628575,-7.2098274,U2OS OGG-/-
TAGTTTGGTAGTTGGA-1,-3.0815635,3.666162,HAP1 MUTYH-/-
TAGTTTGGTTATCGAC-1,14.806245,6.830385,143B
TATACAGCAACATTAG-1,16.49624,6.2252493,143B
TATACAGCAGGAACTT-1,1.6985912,15.677059,TE617T
TATACAGCATAACTTC-1,-3.8705854,-2.7827206,HELA XPA-/-
TATACAGCATAGGTGT-1,21.84846,-0.25106573,SAOS2
TATACAGCATCCCAGT-1,3.7427878,4.525894,PF382
TATACAGCATGGCTCT-1,1.4692321,12.165132,DND41
TATACGTAGCATTAGT-1,6.0086274,15.154259,SUPT11
TATACTGGTAATGTGG-1,17.250818,4.3467665,143B
TATACTGGTCATCACG-1,20.084454,-2.2862835,SAOS2
TATACTGGTGGCTCTA-1,3.5215774,5.905638,PF382
TATAGGCCAAGCCGAC-1,10.564748,-9.318041,TK6 LIG4-/-
TATAGGCCAATATCAG-1,0.7775993,5.878909,PF382
TATAGGCCAGCACCTT-1,16.046923,8.122343,143B
TATAGGCCAGTTGCGA-1,11.918108,12.43356,JM1
TATAGGCCATGGTGAT-1,1.5241004,9.594438,PF382
TATAGGGGTGAGTCCC-1,6.9567432,-4.0396476,CHLA06ATRT
TATAGGGGTTGAATGG-1,15.865207,-7.057871,C8166
TATAGGGGTTGCCTGA-1,2.1100812,6.592667,PF382
TATAGGGGTTGGCTTG-1,11.230722,-1.5823089,ALLSIL
TATAGGTTCAGCGAGA-1,14.0998535,12.882243,JM1
TATAGGTTCCATCCCA-1,13.671268,8.02359,143B
TATAGGTTCCGTGAGT-1,4.1533136,1.5458833,JURKAT
TATAGTCAGCTTAGTG-1,4.393001,1.960754,JURKAT
TATAGTCAGGAGGTTG-1,-2.040676,-3.767841,HELA XPA-/-
TATAGTCAGGTAAGGT-1,-3.0807757,-3.7786496,HELA XPA-/-
TATAGTCAGTTACCTC-1,17.27878,5.0433383,143B
TATATCCCAAGCATTA-1,3.5204406,-1.9184612,CHLA06ATRT
TATATCCCAGTTGCTC-1,7.7379146,-3.9627223,CHLA06ATRT
TATATCCCATCACTCA-1,2.4872746,-9.104123,U2OS OGG-/-
TATCACCTCATGGTCA-1,10.387185,0.3671867,ALLSIL
TATCACCTCCTTCCTC-1,7.042954,-2.7280383,CHLA06ATRT
TATCAGGTCAGGCTTA-1,3.4418578,-9.992016,U2OS OGG-/-
TATCAGGTCGCGATAC-1,8.308158,16.575094,SUPT11
TATCAGTAGAACGAAC-1,9.076936,3.143128,NALM6
TATCAGTAGGAACCAG-1,17.382166,5.756572,143B
TATCAGTAGGTACGAG-1,14.599901,-3.9109113,C8166
TATCATCCAATTCAGA-1,15.658804,8.114901,143B
TATCATCCACTATATC-1,15.149964,6.4550424,143B
TATCATCCAGTAAGTC-1,9.567243,5.5410314,NALM6
TATCATCCATGCGCTT-1,20.837961,-2.173998,SAOS2
TATCATGGTTATGGAG-1,10.291329,-0.024628859,ALLSIL
TATCCAAGTTCAATCA-1,10.621121,-9.551119,TK6 LIG4-/-
TATCCATCACAATGGT-1,-0.9037519,-2.1365285,HELA XPA-/-
TATCCATCACTTGAGG-1,5.3953238,0.88608843,JURKAT
TATCCCACAAACTAGC-1,16.387657,5.5997148,143B
TATCCCACAACCCGTT-1,9.448632,2.9647036,NALM6
TATCCCACAGCACTAG-1,4.359505,0.25998572,JURKAT
TATCCCACAGGCTACA-1,-3.4696033,14.404066,KHM1B
TATCCCACAGGGCCAT-1,0.7320122,15.439532,TE617T
TATCCCACATGATCCC-1,5.7952623,14.853701,SUPT11
TATCCGCCAAGCACAT-1,17.14478,4.6974797,143B
TATCCGCCAATGCCAG-1,-2.3535006,3.0989847,HAP1 MUTYH-/-
TATCCGCCAGGATCTG-1,6.8984413,11.921985,RH30
TATCCGGGTCATGAAG-1,15.359299,5.504855,143B
TATCCGGGTCTCCAGA-1,16.242216,7.095841,143B
TATCCGGGTGAAGTGC-1,12.067541,13.347273,JM1
TATCCGGGTTGCCCTT-1,13.6619215,13.6045065,JM1
TATCCGGGTTTCGACG-1,5.4962063,7.3717403,PF382
TATCCGTTCCGCAGTG-1,-3.1261537,4.0270443,HAP1 MUTYH-/-
TATCCGTTCCTGAGAC-1,6.7318716,15.641019,SUPT11
TATCCGTTCGACCGCA-1,6.816031,10.713308,RH30
TATCCTTGTTATAGCC-1,-4.045369,14.337966,KHM1B
TATCCTTGTTCGTAAC-1,-3.6015115,3.583714,HAP1 MUTYH-/-
TATCCTTGTTGCATTA-1,-3.3941188,-3.740992,HELA XPA-/-
TATCCTTGTTTACTCT-1,9.9096365,-12.192537,TK6 LIG4-/-
TATCGAACAAGTAGCT-1,3.057301,2.077295,JURKAT
TATCGAACACTATGAA-1,15.228139,-4.1613073,C8166
TATCGCTTCAGGCTTA-1,3.9938896,-7.2906423,U2OS OGG-/-
TATCGCTTCCATAGCA-1,14.33624,6.675108,143B
TATCGCTTCCGCCAGA-1,-1.3985449,7.136702,C8166
TATCGCTTCGCGCGTA-1,17.603241,5.118465,143B
TATCGCTTCTATGCTC-1,9.51454,-3.8603632,CHLA06ATRT
TATCGGGCAAATTCGA-1,9.86438,-8.354998,TK6 LIG4-/-
TATCGGGCAATAGGGA-1,15.435332,-6.323055,C8166
TATCGTAGTCAAGGAC-1,-1.5222487,-2.3191097,HELA XPA-/-
TATCGTAGTGGCGATG-1,20.696985,-2.1473577,SAOS2
TATCGTAGTTTCGGTG-1,10.846321,-9.799848,TK6 LIG4-/-
TATCGTTCAACTGTCC-1,3.0534344,6.805221,PF382
TATCGTTCACTCGGAA-1,-3.2520869,2.3387527,HAP1 MUTYH-/-
TATCGTTCAGTAATTG-1,5.362748,5.9350653,PF382
TATCTCATCGTGACCG-1,14.722253,4.102608,143B
TATCTGCTCAGCTGCG-1,0.5736649,15.492607,TE617T
TATCTTGTCGAATTAC-1,-3.633917,3.1853282,HAP1 MUTYH-/-
TATCTTGTCTAGGCAC-1,9.723976,4.9386578,NALM6
TATGACTAGGCGAGTA-1,8.266576,10.891423,RH30
TATGACTAGTCAGGCT-1,15.279091,-4.897304,C8166
TATGAGAAGCCAGTCG-1,-3.3029473,3.5670464,HAP1 MUTYH-/-
TATGAGAAGTAACCAT-1,15.138891,4.850451,143B
TATGAGAAGTGCTGAC-1,11.224764,-10.787641,TK6 LIG4-/-
TATGAGGGTAAGTAGT-1,14.536993,5.826703,143B
TATGAGGGTAGTGATG-1,13.135798,13.778589,JM1
TATGAGGGTGATAGCA-1,1.8860712,-10.216224,U2OS OGG-/-
TATGAGGGTTCGTCCT-1,15.903758,-5.205569,C8166
TATGATGCAAACCGCA-1,-3.9360683,2.9940796,HAP1 MUTYH-/-
TATGATGCACAGCATG-1,7.4453816,-3.2565296,CHLA06ATRT
TATGATGCACTAACGG-1,8.384134,16.460646,SUPT11
TATGCAACAAATCCAA-1,4.1517973,-7.308092,U2OS OGG-/-
TATGCAACAAGTGAAG-1,1.1011112,11.662113,DND41
TATGCAACAGGCAAGG-1,9.892443,5.0880837,NALM6
TATGCAACATCGCTAC-1,-0.59601986,-3.9862454,HELA XPA-/-
TATGCCCCATCGGCTT-1,11.253322,-5.9209394,JURKAT
TATGCTAGTTCCGTTC-1,10.077567,-10.247431,TK6 LIG4-/-
TATGGCCAGATAGCTT-1,14.664755,5.3947864,143B
TATGGCGCAGGAAGCG-1,14.41282,5.1516943,143B
TATGGCTGTGCAGGAT-1,11.310825,-9.206286,TK6 LIG4-/-
TATGGGTCACATATAG-1,-2.873436,-4.221566,HELA XPA-/-
TATGGTTAGAACCTGC-1,8.621606,3.2327242,NALM6
TATGGTTAGAAGGATC-1,13.705579,6.331694,143B
TATGGTTAGGTCACGT-1,15.584492,7.6194572,143B
TATGGTTAGGTGCGTT-1,13.866288,6.897612,143B
TATGGTTAGTAGGACG-1,15.322409,8.32094,143B
TATGTCAGTATTGGGA-1,-1.9043515,4.228006,HAP1 MUTYH-/-
TATGTCAGTTGGGTAA-1,10.999913,-10.152883,TK6 LIG4-/-
TATGTTGGTAGCTGAA-1,13.705066,7.04313,143B
TATGTTGGTCAGTAAG-1,15.940596,-5.7735047,C8166
TATGTTGGTCTAACTA-1,0.87854487,11.385921,DND41
TATGTTGGTGCACCAC-1,9.542672,-10.542394,TK6 LIG4-/-
TCAAACTAGCATTACG-1,3.2419922,-7.8580456,U2OS OGG-/-
TCAAACTAGCTAATCG-1,4.5212655,-7.7186713,U2OS OGG-/-
TCAAACTAGGTAGGAT-1,15.644877,4.689404,143B
TCAAAGCCAATAGACC-1,15.222258,-4.447801,C8166
TCAAAGGGTCAAGTAG-1,10.856434,-8.261682,TK6 LIG4-/-
TCAAATGCACCAATCC-1,3.7835002,-8.667168,U2OS OGG-/-
TCAAATGCAGGCTCAA-1,15.340886,4.3848205,143B
TCAACATAGCTATCCT-1,15.063537,-5.678441,C8166
TCAACATAGCTGGTTA-1,13.651606,6.925889,143B
TCAACATAGCTTACAG-1,13.7394085,7.2062125,143B
TCAACATAGGAGTAAC-1,7.0348115,-4.285792,CHLA06ATRT
TCAACATAGGTCCCAG-1,2.9796991,-9.0263195,U2OS OGG-/-
TCAACATAGGTGCATC-1,4.0206995,-8.402757,U2OS OGG-/-
TCAACCAAGATTGATC-1,14.648386,-5.293495,C8166
TCAACCAAGGTACAGG-1,5.016767,5.0892706,PF382
TCAACCAAGTTGGGCT-1,-0.6961764,11.871882,DND41
TCAACCTTCGACCCAG-1,14.7733345,-5.7260666,C8166
TCAACCTTCTTGATCC-1,15.399435,3.955576,143B
TCAACTGAGAACGGAT-1,-3.4047494,3.8500154,HAP1 MUTYH-/-
TCAACTGAGTGAGGAT-1,2.663049,15.404447,TE617T
TCAACTGAGTGATTCG-1,16.581537,4.7769756,143B
TCAATCCTCAGGGCTT-1,17.118353,8.29159,143B
TCAATCCTCCAGATCA-1,4.331893,5.7285,PF382
TCAATCCTCCTGACGG-1,9.895927,-8.511156,TK6 LIG4-/-
TCAATCCTCGATGGGA-1,-2.9488077,2.209179,HAP1 MUTYH-/-
TCAATCCTCTAAGCGC-1,13.423714,14.525373,JM1
TCAATCTCAACCCTTA-1,16.979536,5.896608,143B
TCAATCTCAACTGTAA-1,2.6390066,7.5544734,PF382
TCAATCTCATCACGTC-1,3.4566648,-3.5393775,CHLA06ATRT
TCAATCTCATTACAGA-1,3.6421304,7.586507,PF382
TCAATGGTCCATCCCA-1,3.4827166,6.4759808,PF382
TCAATGGTCCTCTCAG-1,3.1388414,1.8560622,JURKAT
TCAATTGGTAAGCAGC-1,3.2656925,-1.4672207,CHLA06ATRT
TCACAATAGAAGCGCA-1,15.820226,4.059863,143B
TCACAATAGGTACACC-1,-3.9945893,13.897199,KHM1B
TCACAATAGTAATCAC-1,11.421364,10.86241,JM1
TCACACAAGCTACCTT-1,2.7391741,7.383618,PF382
TCACACAAGGATTGCC-1,-2.6326203,-3.6362278,HELA XPA-/-
TCACACAAGGGGTCAA-1,-1.7251635,-3.5184093,HELA XPA-/-
TCACACCCAACATAGC-1,4.4238787,-3.717753,CHLA06ATRT
TCACACCCAAGTCCCT-1,3.640651,7.662719,PF382
TCACACCCACCAACGA-1,4.4944534,-4.1482077,CHLA06ATRT
TCACACCCATCCCTAA-1,20.3221,-2.7328997,SAOS2
TCACACGGTAACCCTG-1,9.335803,4.6755733,NALM6
TCACACGGTGAGCCCT-1,11.574146,-1.2221396,ALLSIL
TCACACGGTTAAGGGC-1,3.7867172,2.3597991,JURKAT
TCACAGGCATGCTGCT-1,17.767374,4.6472273,143B
TCACATAGTAACGTCT-1,-3.348072,2.1271245,HAP1 MUTYH-/-
TCACATAGTGGGAACT-1,15.52162,-5.001344,C8166
TCACATTCAGGTTGCA-1,-0.8433323,-3.474254,HELA XPA-/-
TCACCAAAGAACGGCA-1,14.903895,-5.3400517,C8166
TCACCAAAGCTATCCT-1,3.0884492,-8.584192,U2OS OGG-/-
TCACCAAAGGATACTT-1,17.34986,6.287,143B
TCACCATTCCGCTGCT-1,14.268537,5.862194,143B
TCACCATTCTATCGCT-1,19.281319,6.0398803,143B
TCACCCGCACAGCCTT-1,-2.6491437,3.3154387,HAP1 MUTYH-/-
TCACCCGCAGCACTGA-1,-3.6292777,2.5816805,HAP1 MUTYH-/-
TCACCCGCAGTTGGGC-1,14.626683,13.685133,JM1
TCACCCTGTAAGGGTC-1,1.839843,15.606169,TE617T
TCACCCTGTGATGCGG-1,0.20650591,12.351033,DND41
TCACCCTGTTAAGCCT-1,-2.7294796,3.3010392,HAP1 MUTYH-/-
TCACCCTGTTATGTCA-1,9.035846,-11.385575,TK6 LIG4-/-
TCACCCTGTTTGGCAT-1,1.5156927,5.62276,PF382
TCACCGCTCAATCAAC-1,-3.7193062,-2.2241018,HELA XPA-/-
TCACCGCTCCGCGTAG-1,3.9533184,0.99844325,JURKAT
TCACCGCTCGTTACCT-1,10.556196,-10.028178,TK6 LIG4-/-
TCACGAATCGCGCCAA-1,8.855977,-9.31299,TK6 LIG4-/-
TCACGACAGCCCGTAG-1,-1.3312732,-4.5011997,HELA XPA-/-
TCACGACAGGTACGCT-1,11.48126,-1.7450806,ALLSIL
TCACGACAGGTACTAT-1,16.701239,7.251578,143B
TCACGCCTCCGTCATT-1,16.714272,-4.7390847,C8166
TCACGCCTCGACTGAC-1,6.386764,14.707457,SUPT11
TCACGCCTCTTGATCC-1,-3.6280138,13.547354,KHM1B
TCACGGACATTGGGCA-1,9.197398,-12.023668,TK6 LIG4-/-
TCACGGGTCAGCCAAC-1,8.98239,5.9452314,NALM6
TCACGTAAGATAGTAG-1,1.5946611,7.409865,PF382
TCACGTTTCAAGTAAG-1,-2.2251678,4.318795,HAP1 MUTYH-/-
TCACGTTTCTATCCGT-1,1.1712747,16.647354,TE617T
TCACTCACAAGGTGAA-1,7.1034975,-3.528004,CHLA06ATRT
TCACTCACATCCAATT-1,8.082583,10.639818,RH30
TCACTCCGTCAGTTAC-1,5.437509,6.1972575,PF382
TCACTCCGTGGCTCGT-1,-3.7248352,-3.1671536,HELA XPA-/-
TCACTCCGTTAGTTCA-1,12.638059,0.21394925,ALLSIL
TCACTGTTCATCGTTC-1,7.482756,-2.695732,CHLA06ATRT
TCACTGTTCCACCGCT-1,9.375403,-4.3523803,CHLA06ATRT
TCACTTATCAATCGGC-1,15.084326,6.3180394,143B
TCACTTATCCAACCGG-1,0.6891335,11.250068,DND41
TCACTTGCAATACTGA-1,-1.1202167,-3.0403514,HELA XPA-/-
TCACTTGCATGGCGTA-1,18.276655,7.091923,143B
TCAGAGGAGAAGCTGG-1,14.192901,5.5154486,143B
TCAGAGGAGGCGAAGC-1,20.230253,6.237648,143B
TCAGAGGAGTATCTCC-1,3.3939388,2.5321703,JURKAT
TCAGATTAGCGCTTAA-1,1.3165495,11.451222,DND41
TCAGATTAGTACGGGA-1,7.3455114,-3.592576,CHLA06ATRT
TCAGCAATCCTTCCTC-1,1.2396936,7.046908,PF382
TCAGCATGTGAACGCG-1,4.36263,-7.9599347,U2OS OGG-/-
TCAGCCAGTGCGGTAG-1,4.6344495,-3.4597814,CHLA06ATRT
TCAGCGCGTAGTGAGC-1,16.167936,7.9733667,143B
TCAGCGCGTGGAGCAT-1,4.1384645,-8.145836,U2OS OGG-/-
TCAGCGCGTGGCTTGC-1,14.924936,5.7261086,143B
TCAGCGCGTGGGAACT-1,14.999303,4.253495,143B
TCAGCGCGTTGGCGAG-1,14.07352,7.804631,143B
TCAGCTAAGCCTATCT-1,4.577556,2.4156213,JURKAT
TCAGCTAAGGAGGTGC-1,16.330688,4.0849814,143B
TCAGCTGGTATGGTTC-1,14.629936,8.076094,143B
TCAGCTGGTTGAAGGC-1,-3.2658362,-3.2096364,HELA XPA-/-
TCAGCTGGTTTGCGAT-1,14.652037,13.182656,JM1
TCAGGTCAGAATCACT-1,15.312341,-4.7606874,C8166
TCAGGTCAGATAGAGC-1,-4.5813785,3.8664796,HAP1 MUTYH-/-
TCAGGTCAGCCCTTCA-1,3.2980423,1.6683217,JURKAT
TCAGGTCAGGGTCCAT-1,6.148761,14.706942,SUPT11
TCAGGTCAGGTAGGCA-1,16.518206,4.168123,143B
TCAGGTTGTTCACGAT-1,11.540017,-10.084912,TK6 LIG4-/-
TCAGGTTGTTCCTCTA-1,1.8848394,-7.9479756,U2OS OGG-/-
TCAGGTTGTTTGAGCT-1,7.949755,4.0490837,NALM6
TCAGTAACAGGCTCAA-1,0.98204356,7.8986073,PF382
TCAGTAACATTAAGTG-1,2.9503727,0.8975045,JURKAT
TCAGTAGTCAATGGCC-1,-0.8263244,-4.380721,HELA XPA-/-
TCAGTAGTCATGCTCT-1,7.7255797,-3.0030773,CHLA06ATRT
TCAGTAGTCTAATGCG-1,4.8144765,5.3608804,PF382
TCAGTATAGAAGGTTA-1,-3.6961076,2.9344158,HAP1 MUTYH-/-
TCAGTATAGCCAGGAA-1,11.385466,-9.2715645,TK6 LIG4-/-
TCAGTCAAGCAGGTTC-1,9.876815,-8.406929,TK6 LIG4-/-
TCAGTCAAGGTCGAGA-1,8.684807,-3.1850774,CHLA06ATRT
TCAGTCAAGTCAGCCG-1,-1.9305478,3.3153155,HAP1 MUTYH-/-
TCAGTCAAGTGGGTAG-1,3.541371,-8.49603,U2OS OGG-/-
TCAGTTGAGAAGCGCA-1,6.6418815,11.399701,RH30
TCAGTTGAGCTAGGTC-1,3.271121,7.1344233,PF382
TCAGTTGAGGTACGCT-1,16.742619,8.349549,143B
TCATAACAGTCGAGGA-1,5.060686,1.2510304,JURKAT
TCATAACAGTTACAGT-1,-2.893605,4.0505576,HAP1 MUTYH-/-
TCATAACAGTTGGCCG-1,7.606197,4.1344175,NALM6
TCATAGGTCGAATTAC-1,17.094292,6.7987823,143B
TCATAGTAGGAATCGG-1,15.95984,-4.2386007,C8166
TCATAGTAGGCATCAC-1,7.97853,16.847994,SUPT11
TCATAGTAGGCGAATG-1,11.604326,-9.747405,TK6 LIG4-/-
TCATATGGTTATCATG-1,20.092108,-2.3374736,SAOS2
TCATATGGTTTAGTTG-1,3.520881,-2.6495886,CHLA06ATRT
TCATATGGTTTGGATC-1,-3.6229208,13.971897,KHM1B
TCATCAAGTATGTAGG-1,2.8244114,6.4932594,PF382
TCATCAAGTCAGCTAT-1,21.003214,-1.0989779,SAOS2
TCATCAAGTTATCATG-1,-1.847065,3.1288037,HAP1 MUTYH-/-
TCATCAAGTTCAATCA-1,-3.1857932,-1.7054318,HELA XPA-/-
TCATCATCACTTAGCC-1,-2.9280143,-3.105618,HELA XPA-/-
TCATCATCATCCATCA-1,17.873253,6.0987115,143B
TCATCGAAGATTCACG-1,-3.8296392,3.6246161,HAP1 MUTYH-/-
TCATCGCCAACATCCC-1,1.8436667,-9.760151,U2OS OGG-/-
TCATCGCCACTTACCA-1,14.874207,5.6690626,143B
TCATCGTTCCAGCGTG-1,-1.6278715,-3.6355374,HELA XPA-/-
TCATCGTTCCCGCTGT-1,3.0935037,-10.237444,U2OS OGG-/-
TCATCGTTCCGGTGTG-1,0.15412475,11.807567,DND41
TCATCTATCTATGGTG-1,6.1135178,15.228024,SUPT11
TCATGCAAGCAACTAT-1,1.7485392,7.3564887,PF382
TCATGCTTCTGGCTCC-1,5.059859,2.0796254,JURKAT
TCATGGATCACGTAAT-1,-3.9285576,2.550017,HAP1 MUTYH-/-
TCATGGATCGATATGT-1,2.4208095,-9.329529,U2OS OGG-/-
TCATGGATCTCACTAC-1,-4.0957565,3.8425496,HAP1 MUTYH-/-
TCATGGGCAAACTTGA-1,17.62016,4.3017664,143B
TCATGGGCAGCCATCT-1,1.6484122,5.845034,PF382
TCATGTGAGATTGCCA-1,3.2018828,-3.0597174,CHLA06ATRT
TCATGTGAGCCTAGAC-1,1.8123827,8.70205,PF382
TCATGTGAGGCGTTCG-1,14.610275,5.4966793,143B
TCATGTGAGGTAGTCC-1,-2.7199051,2.5997164,HAP1 MUTYH-/-
TCATGTGAGTCATCAG-1,8.183253,10.304537,RH30
TCATGTGAGTCGATTG-1,7.5488853,11.440891,RH30
TCATGTTCATTGGCCT-1,6.327136,-2.5704105,CHLA06ATRT
TCATTAGGTAAGCTCT-1,7.0034766,16.890772,SUPT11
TCATTAGGTCTCACCT-1,18.418089,5.472064,143B
TCATTAGGTGCAGCCT-1,17.799055,6.2815185,143B
TCATTCATCCTGCGTC-1,10.580363,-9.183981,TK6 LIG4-/-
TCATTCGCACTACCTA-1,-1.9266993,3.1624217,HAP1 MUTYH-/-
TCATTCGCAGCCAAGC-1,10.921463,-9.870475,TK6 LIG4-/-
TCATTCGCAGCTCACT-1,-3.0633805,2.15888,HAP1 MUTYH-/-
TCATTCGCAGGATGAA-1,2.4492245,5.2280593,PF382
TCATTCGCAGGATTAC-1,15.732891,4.452195,143B
TCATTCGCATGGCAGC-1,6.9977484,11.52993,RH30
TCATTGCTCACCTGCC-1,13.155851,6.4215307,143B
TCATTGCTCAGTAGGG-1,3.1228178,2.3792648,JURKAT
TCCAAAGTCGTGCAAC-1,-4.892634,3.0840456,HAP1 MUTYH-/-
TCCAAAGTCGTTAGGC-1,10.193249,0.76157665,ALLSIL
TCCAAAGTCTTGACAG-1,20.260185,6.177434,143B
TCCAACCCAATCGGCA-1,4.557216,6.9013124,PF382
TCCAACCCAGGTAGTT-1,-1.9116315,-3.8859835,HELA XPA-/-
TCCAACCCATGGTATA-1,20.761515,-2.3900137,SAOS2
TCCAACTTCACTTGAG-1,-0.100264445,12.782034,DND41
TCCAACTTCCATTGAG-1,13.175091,14.264335,JM1
TCCAACTTCTGGAACC-1,16.656149,4.021064,143B
TCCAATAGTAGGTCCC-1,-2.9193392,4.157386,HAP1 MUTYH-/-
TCCAATAGTGATGGAC-1,-1.2804025,-3.797668,HELA XPA-/-
TCCAATGAGCATCGAC-1,18.908314,5.5094314,143B
TCCAATGAGGAATTGA-1,3.306736,1.9388839,JURKAT
TCCAATGAGGATGCGA-1,12.130019,0.102799945,ALLSIL
TCCAATGAGGCTACTA-1,4.371649,2.7035427,JURKAT
TCCAATGAGGTGCTTA-1,13.358136,-4.732759,C8166
TCCAATGAGTCGAAGG-1,17.045837,6.062769,143B
TCCAATTCAACATCGG-1,6.449507,-3.2918184,CHLA06ATRT
TCCAATTCACTTCATG-1,7.636782,-4.4881315,CHLA06ATRT
TCCACACCAACCCTGT-1,5.473604,6.621057,PF382
TCCACACCATTAGCAA-1,2.8081312,-10.000526,U2OS OGG-/-
TCCACATTCAGTATCG-1,9.709578,0.9420284,ALLSIL
TCCACATTCCATCTCG-1,14.773709,5.0508018,143B
TCCACCATCACTTGGA-1,7.270665,-2.976911,CHLA06ATRT
TCCACCATCATCTGTC-1,13.570053,-0.8313083,ALLSIL
TCCACCATCCCATAGA-1,2.6713152,-10.003811,U2OS OGG-/-
TCCACCGCATCCATCA-1,6.2670116,-2.6535697,CHLA06ATRT
TCCACCTGTTCGCACA-1,19.65458,-1.1033945,SAOS2
TCCACTTAGCCGATTA-1,8.431397,4.5225863,NALM6
TCCAGCTCACAGCATG-1,14.767603,5.5721,143B
TCCAGCTCACTAATTC-1,1.2463261,16.351435,TE617T
TCCAGCTCATCCATAT-1,16.136856,4.6785774,143B
TCCAGGCGTAATGCAG-1,2.3816953,5.938594,PF382
TCCAGGCGTATTAGCC-1,-3.746335,1.1910411,HAP1 MUTYH-/-
TCCAGGCGTCAGTAAG-1,16.145182,4.6858516,143B
TCCAGGTAGCGGGATA-1,15.651041,-4.027183,C8166
TCCAGGTAGGCAACCT-1,7.246409,9.662399,RH30
TCCAGGTAGGTAGTAA-1,7.7752337,10.856887,RH30
TCCAGGTAGTAACGAA-1,12.719003,0.03507713,ALLSIL
TCCAGGTAGTCGCAGT-1,7.0082088,9.713419,RH30
TCCAGTAAGCTTCCCA-1,13.980954,5.250759,143B
TCCAGTAAGTTAGCTG-1,4.6331086,1.8427397,JURKAT
TCCAGTTTCATGCTTC-1,11.319915,-9.230469,TK6 LIG4-/-
TCCAGTTTCCAGCTAA-1,-3.432504,-3.1750524,HELA XPA-/-
TCCAGTTTCCATAGTG-1,21.144505,0.06338511,SAOS2
TCCAGTTTCTCACTAC-1,8.0365305,10.8894005,RH30
TCCATAAGTAGTCCGC-1,6.858705,15.610852,SUPT11
TCCATAAGTAGTGCCC-1,-3.2810314,3.3811023,HAP1 MUTYH-/-
TCCATAGAGCCACAGT-1,-2.4699228,3.0196655,HAP1 MUTYH-/-
TCCATAGAGCGAGGTA-1,7.642183,-3.2038884,CHLA06ATRT
TCCATAGAGTAAGCGG-1,9.287027,-9.313115,TK6 LIG4-/-
TCCATAGAGTGGCCTG-1,15.680097,4.2804923,143B
TCCATCACAACCTTGC-1,3.963416,0.81533504,JURKAT
TCCATCCGTCATTCGG-1,2.7117574,6.670381,PF382
TCCATCCGTTATGGGA-1,15.130864,4.1841445,143B
TCCATGAAGTGCCTGG-1,9.938778,4.2690253,NALM6
TCCATGAAGTTAGGTT-1,4.4789524,-8.132971,U2OS OGG-/-
TCCATGGGTCAACTCG-1,15.555678,-4.61904,C8166
TCCATGGGTCTGTCGA-1,1.7943163,-9.975262,U2OS OGG-/-
TCCATGGGTGCAGCGA-1,-3.934472,2.8272953,HAP1 MUTYH-/-
TCCATGGGTTATCACA-1,7.923365,15.797448,SUPT11
TCCATTATCGTACTTC-1,10.430989,-10.619244,TK6 LIG4-/-
TCCATTATCTGTAAGT-1,19.990635,-2.590207,SAOS2
TCCATTCAGCAAGCGA-1,-0.6062579,-3.682876,HELA XPA-/-
TCCATTCAGCATTAAC-1,7.459572,15.620768,SUPT11
TCCATTCAGCCAGTAC-1,-1.7576894,2.9086537,HAP1 MUTYH-/-
TCCATTCAGCGCAATC-1,1.147825,12.362429,DND41
TCCATTCAGGCATCAC-1,18.447323,7.3582935,143B
TCCATTCAGTAACGCC-1,14.370554,-4.405248,C8166
TCCATTCAGTCAAGCC-1,9.008146,-11.470455,TK6 LIG4-/-
TCCATTGCAAACCGTG-1,13.54054,5.9447546,143B
TCCATTGCAAATGCAC-1,-3.2026742,2.9307702,HAP1 MUTYH-/-
TCCATTGCAAGTGGAA-1,15.912263,-4.9131184,C8166
TCCATTGCAATGGAAG-1,-3.3908522,2.3824387,HAP1 MUTYH-/-
TCCATTGCAGGATAGA-1,1.2385345,5.3454766,PF382
TCCATTGCAGTACCCT-1,-3.7671983,-2.2944102,HELA XPA-/-
TCCATTGCATGCTCGT-1,16.663624,4.99975,143B
TCCCAACCAAGTCGGC-1,-0.63310057,-3.6213357,HELA XPA-/-
TCCCAACCAGGATGAA-1,-2.6486847,4.2066817,HAP1 MUTYH-/-
TCCCAACCAGTACCCT-1,12.753525,14.289275,143B
TCCCAACCATCGACAG-1,17.48623,8.049811,143B
TCCCAACCATGACCAG-1,17.333637,5.703895,143B
TCCCAAGGTAACGAGC-1,14.584171,7.243199,U2OS OGG-/-
TCCCAAGGTAGCTCGC-1,4.5657897,-7.592787,U2OS OGG-/-
TCCCAAGGTAGCTGGG-1,3.2172222,-2.392894,CHLA06ATRT
TCCCAAGGTATTGCCG-1,14.325141,-4.5855026,C8166
TCCCAAGGTGAGGCTG-1,6.961717,11.784974,RH30
TCCCAAGGTGCATCCA-1,-4.111676,14.268918,KHM1B
TCCCAAGGTTAGGTCT-1,-2.9691904,3.5781376,HAP1 MUTYH-/-
TCCCAATTCACCATAG-1,-2.0658257,4.0354953,HAP1 MUTYH-/-
TCCCAATTCTTGAGTG-1,10.405012,-11.444012,TK6 LIG4-/-
TCCCAGCTCACCATAG-1,6.800551,16.536987,SUPT11
TCCCAGCTCACTATGG-1,20.788399,-1.1629701,SAOS2
TCCCAGCTCGATCGCG-1,6.831518,17.065372,SUPT11
TCCCATTAGCGAGCTT-1,20.690195,-1.3013407,SAOS2
TCCCATTAGGAGGCAC-1,4.0111365,-8.426693,U2OS OGG-/-
TCCCATTAGGTCACGT-1,-3.5852323,-1.9521867,HELA XPA-/-
TCCCATTAGTGCCTAA-1,14.286201,6.6228127,143B
TCCCCAATCAGGCAGA-1,4.283819,1.776265,JURKAT
TCCCCAATCCGTCACC-1,-3.29059,3.4585266,HAP1 MUTYH-/-
TCCCCAATCGAGTCCG-1,-3.4024725,-2.4535344,HELA XPA-/-
TCCCCAGCAAGCATGT-1,4.920371,2.0523338,JURKAT
TCCCCAGCAAGTAGGA-1,14.7392435,-5.353717,C8166
TCCCCAGCAATGAGTC-1,1.1653169,8.169644,PF382
TCCCCAGCAATTGCCC-1,0.7410061,6.2676435,PF382
TCCCCAGCACAATCCC-1,9.728177,-8.392481,TK6 LIG4-/-
TCCCCAGCATGGCTAG-1,10.263978,-10.622482,TK6 LIG4-/-
TCCCCTAAGATAGTCT-1,21.474827,-0.45841587,SAOS2
TCCCCTAAGCATGTAT-1,20.220253,-0.8523249,SAOS2
TCCCCTAAGCCCGTAG-1,9.443969,-11.902855,TK6 LIG4-/-
TCCCCTAAGCCTGACG-1,8.407514,10.408643,RH30
TCCCCTAAGGATCTGC-1,-4.790431,2.4905624,HAP1 MUTYH-/-
TCCCCTAAGGCACTTA-1,12.614782,-5.4746423,C8166
TCCCCTGGTTCGGTAT-1,14.790764,-4.0372124,C8166
TCCCGAAGTCAAGTTC-1,17.644047,5.954415,143B
TCCCGAAGTCAATGGA-1,-3.1498718,4.000795,HAP1 MUTYH-/-
TCCCGAAGTCATCCGA-1,14.334804,8.019276,143B
TCCCGAAGTCTAATCA-1,14.026745,13.709325,JM1
TCCCGAAGTGCATCTG-1,18.004936,7.8211584,143B
TCCCGATCAGCCATAG-1,19.824394,-1.9433864,SAOS2
TCCCTAACACATACGG-1,-1.142191,-3.8209898,HELA XPA-/-
TCCCTAACACCATGCT-1,16.533983,5.86959,143B
TCCCTAACACCTTGAC-1,10.702623,-10.689771,TK6 LIG4-/-
TCCCTAACAGTAAGCT-1,9.656874,-8.093708,TK6 LIG4-/-
TCCCTAGTCACCTGCC-1,0.49157375,15.737898,TE617T
TCCCTAGTCACTCAGA-1,-5.2157288,3.0316598,HAP1 MUTYH-/-
TCCCTAGTCAGGTGAG-1,20.768217,-1.4869796,SAOS2
TCCCTAGTCCTGAGAC-1,-0.8988091,12.484429,DND41
TCCCTAGTCCTGCTCA-1,9.370165,4.449371,NALM6
TCCCTAGTCCTTGAGA-1,16.637379,6.3308716,143B
TCCCTCAAGCCTGAAC-1,10.289608,0.07232623,ALLSIL
TCCCTCAAGCGAGGTA-1,-4.092499,2.7173095,HAP1 MUTYH-/-
TCCCTCAAGCTTAGGC-1,8.314381,5.838048,NALM6
TCCCTCAAGGCTACGT-1,15.112262,4.921491,143B
TCCCTCAAGTCAACTG-1,6.7525344,17.382763,SUPT11
TCCCTGATCACTCCGC-1,14.807378,-3.6733048,C8166
TCCCTGATCATGATCG-1,7.508414,-4.1356745,CHLA06ATRT
TCCCTGATCCGCGACA-1,17.23474,6.359845,143B
TCCCTGATCGAACGAG-1,7.828399,9.755816,RH30
TCCCTTAGTTAAGCCT-1,0.94995815,16.10365,TE617T
TCCCTTGAGCTAATGT-1,8.36683,16.687092,SUPT11
TCCCTTGAGTAGAGTA-1,5.326675,0.9429972,JURKAT
TCCTAATCAATATGGC-1,3.8630934,-2.6081176,CHLA06ATRT
TCCTAATCAATGTAGC-1,14.072377,4.9821253,143B
TCCTAATCACTATGCC-1,16.631147,-5.2329574,C8166
TCCTAATCAGTAATCA-1,13.824266,5.30718,143B
TCCTAGAAGATTACCG-1,13.602072,14.844151,JM1
TCCTAGAAGGTCCACG-1,-1.6499358,-3.2712896,HELA XPA-/-
TCCTAGAAGTCGCTCC-1,18.022875,6.3650537,143B
TCCTATATCAGGGACA-1,-1.8852516,-2.0809302,HELA XPA-/-
TCCTATATCGTGACTA-1,-3.3902833,2.673677,HAP1 MUTYH-/-
TCCTATATCTAACCAG-1,2.784544,-2.092736,CHLA06ATRT
TCCTATATCTAGTGAT-1,14.441747,5.6170673,143B
TCCTATTGTTAAGCTC-1,3.5355515,-7.111914,U2OS OGG-/-
TCCTATTGTTGACCGC-1,-3.0427518,-1.6685592,HELA XPA-/-
TCCTATTGTTGCATTA-1,13.674458,6.8962526,143B
TCCTATTGTTTGCACG-1,9.129391,1.4048477,ALLSIL
TCCTCAACAACCCTTA-1,4.1733346,-3.2860553,CHLA06ATRT
TCCTCAACACCTATCA-1,6.6935606,17.785084,SUPT11
TCCTCAACATTACGAA-1,3.686466,0.8581287,JURKAT
TCCTCGATCATGACTG-1,7.0453935,-2.7211442,CHLA06ATRT
TCCTCTTCAAGTCCCT-1,8.652364,5.594478,NALM6
TCCTCTTCACAATGAC-1,16.398882,6.293429,143B
TCCTCTTCATCACACC-1,-0.11923187,11.968151,DND41
TCCTGACCAAATGCTA-1,2.5718842,-2.1463501,CHLA06ATRT
TCCTGACCAAGGTTCG-1,18.802364,7.4497538,143B
TCCTGACCACATGACG-1,-0.67927885,-3.5721135,HELA XPA-/-
TCCTGCATCATGATCG-1,6.726887,-2.7009263,CHLA06ATRT
TCCTGCATCCAGGTGT-1,6.9049354,-4.1572075,CHLA06ATRT
TCCTGGTCAAACCGGC-1,17.278713,8.357266,143B
TCCTGGTCAACCCGAA-1,10.757372,0.18095705,ALLSIL
TCCTGGTCAACCGCAA-1,7.781937,9.679203,RH30
TCCTGGTCAATACGCG-1,11.458867,-9.150244,TK6 LIG4-/-
TCCTGGTCAATCGCAG-1,12.186718,0.043837447,ALLSIL
TCCTGGTCAGGACTAT-1,-3.0828793,4.6962924,HAP1 MUTYH-/-
TCCTGTTAGGCTCCGA-1,3.4474742,-4.0073605,CHLA06ATRT
TCCTGTTAGGTACGCT-1,15.171992,-4.309159,C8166
TCCTGTTAGTAATTGC-1,-3.0267699,-3.2946422,HELA XPA-/-
TCCTGTTAGTATGGTT-1,14.349437,7.3691688,143B
TCCTGTTAGTTGGGCT-1,10.292633,0.75392246,ALLSIL
TCCTTAATCAGTACCA-1,2.6634655,-2.3900445,CHLA06ATRT
TCCTTAATCCCTCAGC-1,-2.0492697,3.7743483,HAP1 MUTYH-/-
TCCTTAATCTAGTTCC-1,1.2091893,5.6358547,PF382
TCCTTAATCTCATGCT-1,2.0350568,5.2621307,PF382
TCCTTCCTCAGCTAAT-1,16.586433,7.4351697,143B
TCCTTCTCAAGGGATA-1,13.986734,-4.531458,C8166
TCCTTCTCAGCTCTAC-1,4.8114824,1.508932,JURKAT
TCCTTGGTCACTCGGG-1,9.493283,2.8509793,NALM6
TCCTTGGTCGACCGCA-1,15.723758,-4.8174944,C8166
TCCTTGGTCGACTGGT-1,14.313421,4.5609903,143B
TCCTTGGTCTAATGGT-1,9.193989,-3.9668133,CHLA06ATRT
TCCTTGGTCTCACTTA-1,-3.533913,-3.0861206,HELA XPA-/-
TCCTTTGGTAATCCGT-1,16.449862,5.0707946,143B
TCCTTTGGTGAGACCG-1,14.227975,5.6073685,143B
TCCTTTGGTGCATTCG-1,9.366081,-9.661076,TK6 LIG4-/-
TCGAATGTCACACCTT-1,8.096692,10.765358,RH30
TCGAATGTCATGCGAC-1,20.328926,6.3103905,143B
TCGAATGTCCAGAGAG-1,-2.8220978,-2.8083382,HELA XPA-/-
TCGAATGTCCGCGTAG-1,7.7921867,-4.185144,CHLA06ATRT
TCGAATGTCCTCAATC-1,17.519882,8.135638,143B
TCGAATTAGGGCTTCG-1,14.060894,14.3133135,JM1
TCGACACAGAAGGATC-1,18.42321,6.0760007,143B
TCGACCAGTCAGCGGA-1,2.850222,8.799758,PF382
TCGACCAGTCAGGCGA-1,9.058603,4.48107,NALM6
TCGACCAGTTGGCGAG-1,2.5407438,-9.967538,U2OS OGG-/-
TCGACCTCAAATGGCT-1,14.263356,4.8526144,143B
TCGACCTCAGCTAGAT-1,-3.1421642,3.3288639,HAP1 MUTYH-/-
TCGACCTCAGGCAACC-1,7.980675,3.5752373,NALM6
TCGACCTCAGTTGCCT-1,12.967459,14.384329,JM1
TCGACCTCATCGGCTT-1,-3.7117472,13.8153105,KHM1B
TCGACGTAGCATCAAT-1,8.55972,5.1069283,NALM6
TCGACGTAGGGTGATG-1,0.77684414,11.268007,DND41
TCGACTGGTAAGCTAG-1,-5.485596,3.7707567,HAP1 MUTYH-/-
TCGACTGGTCATGTCG-1,16.962093,4.830067,143B
TCGACTGGTGATTGCT-1,14.136592,-3.727664,C8166
TCGAGGTTCGCTCTAT-1,3.0586832,7.4358244,PF382
TCGAGGTTCTGGGCAT-1,7.783619,16.745466,SUPT11
TCGATATAGCTTACCT-1,-1.4372196,-3.5300999,HELA XPA-/-
TCGATCAAGGTTAGGG-1,1.7148664,-8.447419,U2OS OGG-/-
TCGATCAAGTAGTTCG-1,18.351048,5.483522,143B
TCGATTAGTATTGCGT-1,13.85224,-3.981132,C8166
TCGATTAGTTTCAGCG-1,2.9253385,1.1829753,JURKAT
TCGATTGAGCGGTAAG-1,16.067953,6.713201,143B
TCGATTGAGGTCAACC-1,14.63115,13.173472,JM1
TCGATTGAGGTCACAC-1,14.812599,4.9716415,143B
TCGATTGAGTACGCAC-1,10.484597,0.71847576,ALLSIL
TCGATTGAGTGATTCG-1,13.466453,13.785995,JM1
TCGATTTCACTTCACA-1,10.629304,-9.12854,TK6 LIG4-/-
TCGCAAATCACTAACG-1,-4.243512,2.606307,HAP1 MUTYH-/-
TCGCAAATCCTGGGAT-1,1.3794261,6.3016367,PF382
TCGCAAATCGCGTCCT-1,18.305265,4.57196,143B
TCGCAACAGATTAACC-1,6.9552417,11.691446,RH30
TCGCAACAGCGGCATT-1,2.0187688,9.335153,PF382
TCGCAATGTGGGAATC-1,5.6715164,6.0433517,PF382
TCGCAATGTTATGCTA-1,-3.6999948,-3.29445,HELA XPA-/-
TCGCACCTCACCAATG-1,-3.9129703,14.554628,KHM1B
TCGCACCTCGTTAGAT-1,4.1048236,-8.686813,U2OS OGG-/-
TCGCATAAGCATGTCA-1,8.400655,-3.7195702,CHLA06ATRT
TCGCATAAGCCAACTA-1,13.575495,14.909694,JM1
TCGCATAAGCGCCACA-1,4.6396437,-3.8127816,CHLA06ATRT
TCGCATAAGCGCTCCT-1,3.563153,-4.382957,CHLA06ATRT
TCGCATAAGGAGCTGA-1,8.950762,-4.1122117,CHLA06ATRT
TCGCATAAGGGCTGAA-1,19.819979,-2.5253408,SAOS2
TCGCATAAGGTTGACC-1,21.931053,-0.0549095,SAOS2
TCGCATAAGTCGAGAG-1,7.4799037,10.209173,RH30
TCGCATAAGTTAATGC-1,1.4399228,9.445917,PF382
TCGCATGGTGACCGAG-1,16.172613,4.820786,143B
TCGCATGGTGACGTGG-1,4.950853,1.4284109,JURKAT
TCGCATGGTTTGACAC-1,17.182041,7.9717617,143B
TCGCATTTCAATCGGC-1,4.8767633,2.1300647,JURKAT
TCGCATTTCATGTGTG-1,18.521269,7.9303308,143B
TCGCCAAGTCTAGAGA-1,15.083764,-5.463204,C8166
TCGCCATCAATATCCT-1,2.1575449,5.314583,PF382
TCGCCATCACCTTCGG-1,3.2591026,-1.5311211,CHLA06ATRT
TCGCCATCATAGACGT-1,-3.259896,2.3392437,HAP1 MUTYH-/-
TCGCCTATCATGACTG-1,3.624723,-7.918406,U2OS OGG-/-
TCGCCTATCATGTCGA-1,7.6497755,10.212637,RH30
TCGCCTATCCTTCGTG-1,14.177428,6.879933,143B
TCGCCTGCAAATCGGT-1,8.242936,3.5601811,NALM6
TCGCCTGCAATCGAAC-1,3.8561645,-3.7755818,CHLA06ATRT
TCGCCTGCACTAACTT-1,18.114702,6.4433193,143B
TCGCCTTGTTGACTCG-1,0.10281822,12.344197,DND41
TCGCGATAGCATTGAT-1,7.234183,16.50644,SUPT11
TCGCGCAAGCGCAACT-1,15.643473,6.372156,143B
TCGCGCAAGCTAGGCT-1,6.900564,17.649149,SUPT11
TCGCGCAAGGTGGCTT-1,6.2077565,12.197617,RH30
TCGCGGATCACACCAA-1,-0.59670395,-3.6745985,HELA XPA-/-
TCGCGGATCACGGAAG-1,12.261398,13.0635605,JM1
TCGCGGATCCCCAACC-1,1.6257769,8.579925,PF382
TCGCGGATCGCATGGT-1,5.0161915,5.552954,PF382
TCGCGGATCTAGTGTG-1,7.740903,17.411684,SUPT11
TCGCTAAAGCTACCGG-1,2.2522411,15.637769,TE617T
TCGCTAAAGTAACCAT-1,-4.6431875,3.261658,HAP1 MUTYH-/-
TCGCTAAAGTCAGCTA-1,17.244732,5.485218,143B
TCGCTAGGTCATGCGC-1,11.064939,-9.685619,TK6 LIG4-/-
TCGCTAGGTGATTAGG-1,13.591744,-0.9319093,ALLSIL
TCGCTAGGTTCCGTAG-1,16.639591,4.264874,143B
TCGCTCGCAAGTGTCG-1,14.7414465,4.5853815,143B
TCGCTCGCAGGCTAAT-1,17.229761,6.8991966,143B
TCGCTCGCATCACTCA-1,8.317008,10.910536,RH30
TCGCTCGCATTAGTCT-1,3.0414073,-9.245244,U2OS OGG-/-
TCGCTCTGTAAGTTCC-1,8.476317,6.073992,NALM6
TCGCTCTGTAGCGAGT-1,3.1253161,-9.648454,U2OS OGG-/-
TCGCTGCTCCAACTTC-1,10.257553,-8.101539,TK6 LIG4-/-
TCGCTTACACTATATC-1,13.774405,8.058099,143B
TCGCTTACATGAGCGC-1,1.0129352,9.089028,PF382
TCGCTTGTCCAACCGG-1,15.012512,5.331402,143B
TCGCTTGTCGAATGGG-1,4.789759,-3.5217927,CHLA06ATRT
TCGGCAACATTAGATG-1,20.672016,-0.82246554,SAOS2
TCGGCTAGTCTCAGTG-1,15.960532,-7.07455,C8166
TCGGCTAGTGATCCAT-1,4.1380057,-8.678132,U2OS OGG-/-
TCGGCTAGTGATCCCA-1,3.5184236,7.2290654,PF382
TCGGCTAGTTAGTAGG-1,-3.922089,-2.923981,HELA XPA-/-
TCGGCTGAGCGACTTA-1,-1.280696,-3.1494467,HELA XPA-/-
TCGGGCATCAGCTGGT-1,3.8030348,-4.2544875,CHLA06ATRT
TCGGGCATCATAGGCC-1,3.1747556,1.7336893,JURKAT
TCGGGCATCGACTCAA-1,0.24631211,12.170419,DND41
TCGGGGTCAACCTACC-1,7.951109,5.3696346,NALM6
TCGGGGTCAACGGGCT-1,3.082648,1.2523878,JURKAT
TCGGGGTCACAGGCAC-1,18.225674,7.8752465,143B
TCGGGTTAGGAGTCGA-1,4.729319,2.287001,JURKAT
TCGGGTTAGGTCGTAC-1,9.316493,-4.4462605,CHLA06ATRT
TCGGGTTAGGTTCGCG-1,20.467386,-1.7421842,SAOS2
TCGGTAATCACGTGTA-1,-3.6716332,2.1061063,HAP1 MUTYH-/-
TCGGTAATCCTGCACC-1,2.9562678,-9.162866,U2OS OGG-/-
TCGGTAATCGTTCCTG-1,9.103679,-3.103122,CHLA06ATRT
TCGGTAATCTCACTTA-1,8.006258,-2.5715408,CHLA06ATRT
TCGGTATGTGGCTAGG-1,10.368671,-9.273716,TK6 LIG4-/-
TCGGTATGTTATATCG-1,-3.4975584,4.0647316,HAP1 MUTYH-/-
TCGGTATGTTTCCTCA-1,2.444584,15.34083,TE617T
TCGGTCAGTAACTTCA-1,8.205446,16.483866,SUPT11
TCGGTCAGTGGACCGA-1,4.2359586,0.12652946,JURKAT
TCGGTCAGTTTAGGAG-1,1.2750795,9.77423,PF382
TCGGTTAAGCGGTTAC-1,13.711671,5.8729467,143B
TCGGTTAAGGATACTT-1,13.300977,6.1232834,143B
TCGGTTGGTAGTTGAG-1,4.4094267,2.5295086,JURKAT
TCGTAATAGCCAATGC-1,9.636159,-10.245048,TK6 LIG4-/-
TCGTACCCAACCGGAC-1,9.27438,-11.088155,TK6 LIG4-/-
TCGTACCCATTAGTTC-1,14.949266,6.3766785,143B
TCGTACTTCAGCATTG-1,15.830352,8.442647,143B
TCGTACTTCGTGAGGA-1,4.360371,7.0777173,PF382
TCGTACTTCTAATGGT-1,20.640764,-0.5505785,SAOS2
TCGTACTTCTGTCTAC-1,10.51487,-10.026057,TK6 LIG4-/-
TCGTATAGTCATCAGT-1,9.914453,-12.151285,TK6 LIG4-/-
TCGTATAGTCTAGTGT-1,13.672308,6.558512,143B
TCGTATAGTTAGTAGG-1,13.886693,-4.0186195,C8166
TCGTATAGTTAGTGGA-1,-2.9680955,-3.7119431,HELA XPA-/-
TCGTATAGTTTGACCG-1,3.69522,2.4232404,JURKAT
TCGTCAAAGAAGCATA-1,3.2608392,1.6737266,JURKAT
TCGTCAAAGCGGAGTA-1,6.7510724,11.518906,RH30
TCGTCAAAGGATGCCT-1,-1.5384789,-2.2814553,HELA XPA-/-
TCGTCAAAGGGTAGTG-1,8.853321,3.510648,NALM6
TCGTCATTCACACAGC-1,11.182167,-9.634999,TK6 LIG4-/-
TCGTCATTCATCACTC-1,7.467609,11.474422,RH30
TCGTCATTCGCGCATG-1,8.0671215,15.625401,SUPT11
TCGTCATTCGTAGTCA-1,9.571514,-3.5401871,CHLA06ATRT
TCGTCCATCACTAACG-1,14.496439,5.0516872,143B
TCGTCCATCGAGTCTA-1,9.295099,-10.687473,TK6 LIG4-/-
TCGTGAATCCTCGTGC-1,1.8875746,9.194152,PF382
TCGTGAATCGAGTTGC-1,6.0210323,15.055339,SUPT11
TCGTGAATCGTGATAT-1,-3.9082568,14.380414,KHM1B
TCGTGATGTTTCCGCT-1,12.496772,14.226816,JM1
TCGTGCCTCCCGTACC-1,9.994764,-8.758672,TK6 LIG4-/-
TCGTGGACAAGTGCAT-1,16.375832,7.132247,143B
TCGTGTCCAAGGGATA-1,3.716216,2.594047,JURKAT
TCGTGTCCATCCACGT-1,10.66113,0.49068725,ALLSIL
TCGTTAAGTAATGAAC-1,1.3991823,5.783023,PF382
TCGTTAAGTAGCAGAC-1,8.307525,3.8966172,NALM6
TCGTTAAGTAGTGCTT-1,21.76549,-0.047260653,SAOS2
TCGTTAAGTGGCGTCT-1,3.1631339,-9.960407,U2OS OGG-/-
TCGTTAAGTTTACCAA-1,14.096718,5.2408185,143B
TCGTTAGAGCCTTCGC-1,-3.7577145,3.245292,HAP1 MUTYH-/-
TCGTTAGAGGCTACAC-1,16.726854,6.7041893,143B
TCGTTAGAGGCTCAGT-1,6.885636,-3.3404095,CHLA06ATRT
TCGTTAGAGTGAATCT-1,1.0895945,8.07773,PF382
TCGTTCCGTAAGTGCA-1,11.2371435,-8.697512,TK6 LIG4-/-
TCGTTCCGTAGTCCCA-1,16.827478,6.8256,143B
TCGTTCCGTCTTGGGC-1,6.817305,-2.492113,CHLA06ATRT
TCGTTGAAGTAACCAT-1,3.7437904,-8.944574,U2OS OGG-/-
TCGTTGGGTTGAAGTG-1,-1.6284047,-3.4798641,HELA XPA-/-
TCGTTGGGTTTACGGT-1,17.387157,6.749821,143B
TCGTTTCAGCTTACTC-1,14.835982,6.0556936,143B
TCGTTTCAGGAGTACG-1,1.9096109,-9.437565,U2OS OGG-/-
TCGTTTCAGGATCCGT-1,13.525913,14.104089,JM1
TCGTTTCAGTAGCATT-1,-2.7259736,2.6381807,HAP1 MUTYH-/-
TCGTTTGCAAACCGTG-1,4.8058605,1.3190626,JURKAT
TCGTTTGCAACCGCTT-1,13.462887,6.9422946,143B
TCGTTTGCACCATCCG-1,16.522728,5.2337594,143B
TCGTTTGCACCTATCA-1,2.9866211,1.1809424,JURKAT
TCGTTTGCAGCTATCC-1,12.081819,13.476454,JM1
TCTAACCTCACCTGCC-1,1.8891014,5.0250654,PF382
TCTAACCTCCCTCGGT-1,13.89862,-5.0216594,C8166
TCTAACCTCCTGAATG-1,10.258572,-8.516689,TK6 LIG4-/-
TCTAACCTCTAATGCG-1,11.280175,-0.29994312,ALLSIL
TCTAAGGTCGCATTGA-1,17.29608,5.703346,143B
TCTAAGGTCGCGACTG-1,-1.9170794,-4.2446265,HELA XPA-/-
TCTAATCCAAGCGGTC-1,19.826189,-1.7462065,SAOS2
TCTAATCCATCGCTTA-1,-3.0595512,1.9044812,HAP1 MUTYH-/-
TCTAATCCATGACTCC-1,-0.96209764,-3.6064596,HELA XPA-/-
TCTAATGGTCAAGCGG-1,-3.9652462,2.5891802,HAP1 MUTYH-/-
TCTACAAGTATAGTGG-1,3.3033843,1.4615929,JURKAT
TCTACAAGTGCGGTCT-1,-3.4840844,-3.0436454,HELA XPA-/-
TCTACATCAACCAAGT-1,10.072698,-10.293317,TK6 LIG4-/-
TCTACATCAATAGACC-1,9.460621,-11.869912,TK6 LIG4-/-
TCTACGAAGCATAGTT-1,15.659081,-5.151482,C8166
TCTACGAAGCGGAGTA-1,8.773121,2.979044,NALM6
TCTACGCCAACTGGCA-1,14.608534,4.579564,143B
TCTACGGGTAATTGCC-1,17.035557,5.8778825,143B
TCTACGTTCCAACCGG-1,14.227026,6.122895,143B
TCTACGTTCGCTGACG-1,16.59117,7.021846,143B
TCTACGTTCGTAACTG-1,17.28445,6.6804924,143B
TCTACGTTCTGGCACG-1,14.207392,13.804871,JM1
TCTACTATCACATGAT-1,11.823914,11.280094,JM1
TCTACTATCACCATAG-1,8.172056,10.118972,RH30
TCTACTATCGATGTAT-1,19.76282,-1.3925954,SAOS2
TCTACTGCAAGTGGCC-1,8.54576,10.489321,RH30
TCTACTGCAATGCCCT-1,8.046808,16.422817,SUPT11
TCTACTGCACCAGCAA-1,-2.4518654,3.2590852,HAP1 MUTYH-/-
TCTACTGCAGGAACGG-1,-3.9767742,3.2663934,HAP1 MUTYH-/-
TCTACTGCATAACCTT-1,2.8606658,0.9327972,JURKAT
TCTACTTGTAGCCTGC-1,15.574654,-4.8486347,C8166
TCTACTTGTAGGCGAT-1,13.536467,6.330684,143B
TCTACTTGTGAACCAA-1,3.6196709,0.47221157,JURKAT
TCTACTTGTGATCCTG-1,17.24382,3.8158255,143B
TCTAGCGGTCAGGACG-1,16.371529,4.283623,143B
TCTAGCGGTCATCGTG-1,2.1391096,-9.6005,U2OS OGG-/-
TCTAGCGGTTGAGTAG-1,-3.1942563,-3.8735402,HELA XPA-/-
TCTAGCTTCCAGCCTC-1,-3.53966,14.474351,KHM1B
TCTAGCTTCTAAGCAT-1,4.1992307,-8.872349,U2OS OGG-/-
TCTAGCTTCTAATCGG-1,5.2478714,6.812373,PF382
TCTAGTGAGCGCCAAT-1,3.8331337,-2.7235444,CHLA06ATRT
TCTAGTGAGCTAGCGT-1,20.311195,-0.99250996,SAOS2
TCTAGTGAGTGAGGTG-1,3.8258684,-8.288401,U2OS OGG-/-
TCTATAGGTGATGAGC-1,15.499107,-4.4644623,C8166
TCTATAGGTTGCCCTT-1,4.0132217,-4.7070184,CHLA06ATRT
TCTATCGCACCAACCT-1,-2.1947036,3.3742273,HAP1 MUTYH-/-
TCTATCGCACCATCCG-1,0.9736665,7.700012,PF382
TCTATCGCAGGATCTG-1,18.008871,5.7887826,143B
TCTATCTGTCCATCCT-1,2.5929024,15.499267,TE617T
TCTATCTGTCTAGCGC-1,18.67414,5.8331904,143B
TCTATCTGTGCAACCC-1,7.3915105,17.19168,SUPT11
TCTATCTGTTCTGTGG-1,5.079388,0.98579913,JURKAT
TCTATGAGTAGTGTCT-1,6.2599025,15.091283,SUPT11
TCTATGAGTATAGTGG-1,4.8111634,-3.9478323,CHLA06ATRT
TCTATGAGTTAGGCTT-1,-5.248502,3.0803156,HAP1 MUTYH-/-
TCTATGAGTTATCCAA-1,11.542362,10.564996,JM1
TCTATGCTCACTCAGA-1,15.384754,-6.348911,C8166
TCTATGCTCAGCTACA-1,7.4484396,10.314262,RH30
TCTATGCTCATCGAGC-1,3.3818479,-1.3705763,CHLA06ATRT
TCTATGCTCCGGGTTG-1,3.9662354,-7.8755703,U2OS OGG-/-
TCTATGGAGGGCTATC-1,-1.5137329,-3.6228564,HELA XPA-/-
TCTATTGTCGATGTGC-1,3.178953,0.7959926,JURKAT
TCTCAATCATAACGAC-1,7.068348,10.925567,RH30
TCTCAGCCAATGTCAA-1,0.52613354,15.282516,TE617T
TCTCAGCCACATTGCC-1,6.503379,-3.5303354,CHLA06ATRT
TCTCAGCCAGTAATCA-1,-5.146916,3.1399903,HAP1 MUTYH-/-
TCTCAGCCATGAGTTA-1,5.942016,15.086252,SUPT11
TCTCAGCCATGCTTCA-1,17.967022,6.1115317,143B
TCTCATATCATAGGAA-1,10.479535,-10.233933,TK6 LIG4-/-
TCTCATCAGCCTGCTC-1,18.488773,8.40239,143B
TCTCATCAGGCAACCT-1,8.974132,-10.752531,TK6 LIG4-/-
TCTCATCAGTTAACCG-1,14.016137,5.468538,143B
TCTCATTGTAATGCTC-1,0.78121346,7.7725797,PF382
TCTCATTGTTCCGTGA-1,3.71123,-7.217174,U2OS OGG-/-
TCTCATTGTTTACAGC-1,0.78855234,8.153067,PF382
TCTCATTGTTTGATTG-1,8.356943,-3.7751973,CHLA06ATRT
TCTCCAACAAATGGGA-1,7.7127824,-4.0027905,CHLA06ATRT
TCTCCAACACTATCAT-1,8.911156,6.009945,NALM6
TCTCCATAGATTCCAG-1,9.181074,-9.971766,TK6 LIG4-/-
TCTCCATAGCATTCGA-1,-3.1046393,-4.3811426,HELA XPA-/-
TCTCCATAGGTACGGA-1,8.521597,4.2798862,NALM6
TCTCCATAGTAATCCG-1,1.1109985,6.481919,PF382
TCTCCCAAGCCACATA-1,3.7100518,-4.684446,CHLA06ATRT
TCTCCCAAGGAATTAG-1,10.2211685,-0.8395871,ALLSIL
TCTCCCAAGGTGGATG-1,2.476891,8.369321,PF382
TCTCGAGGTAACGGGT-1,-1.738859,-3.3044481,HELA XPA-/-
TCTCGAGGTTCCTGCT-1,15.142871,5.5343285,143B
TCTCGAGGTTGTGCAT-1,15.7206,5.8873396,143B
TCTCGATTCAGCAGTC-1,3.6723824,-3.5748568,CHLA06ATRT
TCTCGATTCATGCGTA-1,8.358282,-2.5379171,CHLA06ATRT
TCTCGCATCAGCAGGA-1,8.34253,10.076843,RH30
TCTCGCGCAACCTGCT-1,6.9277635,11.497217,RH30
TCTCGCGCAACGTGGC-1,4.5716023,-7.743708,U2OS OGG-/-
TCTCGCGCAATGAGTC-1,2.306696,-10.504011,U2OS OGG-/-
TCTCGCGCATAAGGTC-1,7.4331965,-4.2001967,CHLA06ATRT
TCTCGCGCATGAAGGA-1,13.853198,13.200032,JM1
TCTCGGCTCACGCACG-1,17.829859,7.361477,143B
TCTCGGCTCACGTAAT-1,11.969198,13.225352,JM1
TCTCGTTAGAATCACT-1,11.775875,-9.585885,TK6 LIG4-/-
TCTCGTTAGCCTGCTC-1,3.5221179,1.8592863,JURKAT
TCTCGTTAGGAATCAA-1,2.7750618,15.399067,TE617T
TCTCTAATCATCTGTC-1,4.513684,6.1944456,PF382
TCTCTAATCCTCACGC-1,8.642168,-3.1317344,CHLA06ATRT
TCTCTAATCGAATCTG-1,8.356244,-2.821353,CHLA06ATRT
TCTCTAATCTCACAGA-1,16.88929,4.484381,143B
TCTCTAGCAACTAGAC-1,4.2786064,0.7744126,JURKAT
TCTCTAGCAAGTTCGG-1,14.12654,4.9777265,143B
TCTCTAGCACTTCGAC-1,17.686405,4.878885,143B
TCTCTAGCATTGCCGT-1,3.8492136,2.5361066,JURKAT
TCTCTATGTAAGTACG-1,4.1636424,-7.9454827,U2OS OGG-/-
TCTCTATGTCCCGTAA-1,7.5312448,16.910954,SUPT11
TCTCTCCTCAGCAACC-1,-0.96779954,-3.4827282,HELA XPA-/-
TCTCTCCTCGCATCCC-1,-1.378444,7.0827894,C8166
TCTCTGGTCATGAGCC-1,-3.6732297,4.5654964,HAP1 MUTYH-/-
TCTCTGGTCGATGTCA-1,3.6207755,0.75385624,JURKAT
TCTGACAAGATAGGTA-1,13.711351,-4.358424,C8166
TCTGACAAGGAGGACC-1,21.04328,-2.281578,SAOS2
TCTGACCCAAAGGACA-1,11.183427,-10.580804,TK6 LIG4-/-
TCTGACTTCACACCAA-1,17.953394,5.172355,143B
TCTGACTTCCAGGGTT-1,8.762278,-3.0761425,CHLA06ATRT
TCTGACTTCCTGACGG-1,14.883737,-5.0050454,C8166
TCTGACTTCGACCAGT-1,14.245833,14.191266,JM1
TCTGACTTCGTAATCG-1,1.9955225,8.061078,PF382
TCTGACTTCTAGGCGT-1,-4.8503385,4.114101,HAP1 MUTYH-/-
TCTGACTTCTATCAGG-1,16.07913,-4.143525,C8166
TCTGAGGCAAGTCCCT-1,3.3006928,-7.7277927,U2OS OGG-/-
TCTGAGGCAAGTTCAA-1,15.14358,6.5613523,143B
TCTGATAGTGATTCCG-1,17.257347,8.253725,143B
TCTGATGAGCTAATGT-1,15.274481,-4.513759,C8166
TCTGATGAGGAATGTA-1,4.78054,1.7624354,JURKAT
TCTGATGAGGGTCTAC-1,6.9684467,11.97876,RH30
TCTGATGAGGTTCCAA-1,0.9695862,15.257582,TE617T
TCTGATGAGTCGCTCC-1,12.712729,-0.046701126,ALLSIL
TCTGCAAAGATTGGTT-1,20.752811,-2.470961,SAOS2
TCTGCAAAGCAGTCTA-1,3.2827601,-7.346286,U2OS OGG-/-
TCTGCAAAGGTGCTCG-1,10.056046,-11.475366,TK6 LIG4-/-
TCTGCAAAGTGACCCG-1,-0.91224194,-3.6908689,HELA XPA-/-
TCTGCAAAGTGATGGG-1,11.919061,12.879337,JM1
TCTGCACCATCCTAAT-1,14.928354,3.9404933,143B
TCTGCACCATCCTCGG-1,2.7989056,15.552383,TK6 LIG4-/-
TCTGCAGGTGAACGTA-1,11.178343,-1.559928,ALLSIL
TCTGCAGGTTAGCACT-1,16.701973,5.9224935,143B
TCTGCAGGTTATCGTA-1,17.255787,4.6212683,143B
TCTGCATTCCAGGTTA-1,1.8699406,-10.279747,U2OS OGG-/-
TCTGCATTCCCATAGA-1,0.6123782,15.035603,TE617T
TCTGCATTCGTTCGTT-1,-0.50638,11.5437765,DND41
TCTGCATTCTGGATGC-1,7.6679387,11.660962,RH30
TCTGCCATCTAGCTCT-1,1.5119752,7.7593346,PF382
TCTGCCTGTGGCTGCT-1,5.084694,5.8620305,PF382
TCTGCCTGTTGCAGGG-1,5.944915,11.887719,RH30
TCTGCCTGTTGGTAGA-1,8.413859,3.4141586,NALM6
TCTGCGAGTAGCTAGA-1,3.1143837,-1.8014266,CHLA06ATRT
TCTGCGGAGCCATGAC-1,3.4338129,0.2940684,JURKAT
TCTGCGGAGGTTCGAC-1,9.242092,-3.3634012,CHLA06ATRT
TCTGGATGTCAGTATC-1,13.591934,14.380491,JM1
TCTGGCCTCACCTGAA-1,1.8552436,7.7190375,PF382
TCTGGCCTCCCAGTCC-1,15.259084,-3.8807316,C8166
TCTGGCCTCGTTACCT-1,19.52691,-2.5823593,SAOS2
TCTGGCCTCTATCGCT-1,-4.8288927,3.2881763,HAP1 MUTYH-/-
TCTGGCGAGTGAGACG-1,11.131252,-10.005737,TK6 LIG4-/-
TCTGGCTCAGTTGCAG-1,-2.759442,4.35976,HAP1 MUTYH-/-
TCTGGCTCATCCTAAT-1,0.8644185,15.572175,TE617T
TCTGGGACAAGGTCCA-1,4.5383167,6.0972147,PF382
TCTGGGACAATCAGCG-1,18.708017,5.698804,143B
TCTGGGACATCCCTAA-1,-1.5818393,-3.9064748,HELA XPA-/-
TCTGGGCGTCAGCTTG-1,-2.2861722,-3.8550055,HELA XPA-/-
TCTGGGCGTGGCGTAG-1,18.204826,7.4237022,143B
TCTGGGCGTTCCGTTC-1,14.411015,13.1163025,JM1
TCTGGGCGTTGCTATA-1,-4.2333336,3.0474415,HAP1 MUTYH-/-
TCTGGGGTCCTTCGCA-1,-3.0146396,-3.4017057,HELA XPA-/-
TCTGGGGTCGTTACTC-1,16.768616,5.9074984,143B
TCTGGGTAGGCGTCTG-1,1.3477652,-9.165427,U2OS OGG-/-
TCTGGGTAGGTCGAGA-1,-3.9789865,-2.6456003,HELA XPA-/-
TCTGGGTAGGTGCAAG-1,15.2184,4.353596,143B
TCTGGTAAGTAGTAAG-1,-0.22474943,-3.4098217,HELA XPA-/-
TCTGTAAGTGCGATGG-1,2.525739,15.2558365,TE617T
TCTGTAAGTGGAGACT-1,16.182228,5.6383605,143B
TCTGTAAGTTAGGTTC-1,0.86902386,6.28365,PF382
TCTGTCCGTTGTGCCA-1,3.3929584,2.6359718,JURKAT
TCTGTCCGTTTAATCG-1,-2.3733642,-4.155337,HELA XPA-/-
TCTGTGAAGGTTGCGT-1,11.0828,0.7567913,ALLSIL
TCTGTGTTCCAATGAT-1,10.457183,4.2796903,NALM6
TCTGTGTTCCGTTGCC-1,4.339169,2.1455104,JURKAT
TCTGTTGCAAGCCAGC-1,0.9670051,8.634099,PF382
TCTGTTGCATCACTAT-1,8.066937,3.572624,NALM6
TGAAACCCAAACTGGT-1,1.9270179,5.348607,PF382
TGAAACCCAAGTGTCG-1,14.061527,-5.764408,C8166
TGAAACCCAGCAGGAG-1,13.822928,8.011464,143B
TGAAACGGTAACGAAT-1,14.501092,12.610302,JM1
TGAAACGGTGATGGTA-1,5.30555,7.414053,PF382
TGAAACGGTTCCGTTC-1,2.428298,-7.3994837,U2OS OGG-/-
TGAAACGGTTGCGCGT-1,-4.2225294,14.482377,KHM1B
TGAAACGGTTTCGTCC-1,1.4714403,7.013719,PF382
TGAAAGGCAAACTATG-1,7.2324724,-4.139893,CHLA06ATRT
TGAAAGGCAATAGTCA-1,4.6894526,1.618018,JURKAT
TGAAAGGCAGGCAACC-1,-2.2135425,-2.7966387,HELA XPA-/-
TGAAAGGCATAGGTTA-1,14.5888405,6.7858305,143B
TGAAATGAGTGAATGA-1,1.6713742,-10.137109,U2OS OGG-/-
TGAACAGGTAGCCTCA-1,9.835119,-8.684846,TK6 LIG4-/-
TGAACAGGTATAGACG-1,-2.9631555,3.6287155,HAP1 MUTYH-/-
TGAACAGGTATTGCAC-1,10.266471,-0.8729489,ALLSIL
TGAACAGGTGAGGCCA-1,3.1115885,6.6576967,PF382
TGAACAGGTGCAGCGA-1,4.109269,2.2475536,JURKAT
TGAACAGGTTCCGTCT-1,8.327735,10.340006,RH30
TGAACATTCCAGCCTC-1,19.904093,-0.98045874,SAOS2
TGAACCATCACAGGTC-1,-2.6388934,4.4482226,HAP1 MUTYH-/-
TGAACCCAGGGGCTAA-1,2.623176,-10.218736,U2OS OGG-/-
TGAACCCAGGGTTGAG-1,1.2902155,11.758601,DND41
TGAACCGCAACCAGGC-1,8.48101,16.495878,SUPT11
TGAACCGCATGGAGCC-1,10.534139,-8.339989,TK6 LIG4-/-
TGAACCTGTAGCCTCA-1,3.1249235,7.355779,PF382
TGAACCTGTGATGCTT-1,6.6389318,-2.7290163,CHLA06ATRT
TGAACCTGTTCGAGTT-1,17.609163,7.5576086,143B
TGAACTTAGGCAACTC-1,-1.4951812,-3.6323078,HELA XPA-/-
TGAATAGAGAATCAGA-1,3.451749,-3.787012,CHLA06ATRT
TGAATAGAGAATCCGC-1,-3.0082643,-3.811803,HELA XPA-/-
TGAATAGAGGCGAGGT-1,-1.4575573,2.8209074,HAP1 MUTYH-/-
TGAATAGAGGCTAGAG-1,10.808648,-1.3067789,ALLSIL
TGAATAGAGGTGGCTT-1,-3.5749521,-3.2105522,HELA XPA-/-
TGAATCCGTCTGGCTA-1,-1.2436821,-4.1860604,HELA XPA-/-
TGAATCCGTTATCACA-1,6.529926,-2.618902,CHLA06ATRT
TGAATGAAGGAGCTGA-1,-1.7274488,3.8107283,HAP1 MUTYH-/-
TGAATGAAGTGAGCAG-1,17.28982,7.6279573,143B
TGAATGGGTATGGTGA-1,16.59619,7.529496,143B
TGAATGGGTTAGACGA-1,15.263959,-3.3175006,C8166
TGAATGGGTTCGCCAA-1,7.081919,-2.863692,CHLA06ATRT
TGAATTGCAAGCCAAT-1,4.6444416,1.3574716,JURKAT
TGAATTGCAATCTGGG-1,18.303373,4.771019,143B
TGAATTGCAGCATGTG-1,19.475306,7.4150405,143B
TGAATTGCATAACGCG-1,19.602516,-1.2441776,SAOS2
TGACACGCAACGTGAT-1,17.276323,7.0156407,143B
TGACACGCAAGCACCA-1,-1.8082118,4.1055055,HAP1 MUTYH-/-
TGACACGCACATTCGC-1,2.7449503,15.298918,TE617T
TGACACGCATCGCGTT-1,6.4873943,11.893442,RH30
TGACACGCATTCAGGG-1,17.444,7.0533857,143B
TGACATTAGAAGGTTA-1,10.054389,-8.120562,TK6 LIG4-/-
TGACATTAGTAAGTGA-1,2.2784915,-8.377497,U2OS OGG-/-
TGACATTAGTCATGCA-1,14.650375,5.550448,143B
TGACCAATCCCCAACC-1,19.116415,7.935671,143B
TGACCAATCGTGCCAG-1,17.73884,6.2291102,143B
TGACCAGCACTCGGAA-1,8.333908,16.05921,SUPT11
TGACCAGCAGCTACAG-1,5.054715,7.2697163,PF382
TGACCAGCATAGGTCG-1,11.867431,13.289061,JM1
TGACCCAGTATGTCCG-1,-4.832814,2.9371998,HAP1 MUTYH-/-
TGACCCAGTTCCTGAG-1,16.139587,5.910178,143B
TGACCCTCAACCGGAC-1,4.524249,1.7176559,JURKAT
TGACCCTCAATCGTAA-1,6.6671596,-3.6238608,CHLA06ATRT
TGACCCTCACTCAACC-1,15.60746,5.3604355,143B
TGACCCTCAGCAGGAG-1,-3.8889658,2.5410445,HAP1 MUTYH-/-
TGACCCTCATGGAGCC-1,15.223422,7.205321,143B
TGACCTAAGCAAGCGA-1,16.251066,-4.1512775,C8166
TGACCTAAGCAGTCTA-1,12.913418,14.175709,JM1
TGACCTAAGGTCGTAC-1,6.0324965,15.013903,SUPT11
TGACCTAAGGTTCCAA-1,21.324335,-2.1645424,SAOS2
TGACCTAAGTACGGAG-1,-1.6493137,-3.477682,HELA XPA-/-
TGACGAAGTCATCAAC-1,7.670895,4.232044,NALM6
TGACGAAGTCATTCAA-1,11.587799,-0.2630313,ALLSIL
TGACGAAGTTCTGGTG-1,7.769372,4.0488505,NALM6
TGACGAAGTTGAAGGC-1,4.9946814,1.3297244,JURKAT
TGACGGTTCCTTAGTC-1,7.648562,-4.2019362,CHLA06ATRT
TGACGTTGTAGCCAGG-1,13.500973,0.075987995,ALLSIL
TGACGTTGTGCGTACC-1,9.212057,4.0969405,NALM6
TGACGTTGTGGCGCTT-1,11.354242,-10.580928,TK6 LIG4-/-
TGACGTTGTTGCGGCT-1,3.8204508,1.9039234,JURKAT
TGACGTTGTTTGGGAA-1,1.2401965,12.192109,DND41
TGACTAACAACGGCTA-1,1.4848652,12.50311,DND41
TGACTAACAAGCTGGC-1,3.6320388,7.209345,PF382
TGACTCCCACAGGCTA-1,11.509864,-0.12418963,ALLSIL
TGACTCCCACTACCGT-1,10.024991,-8.108524,TK6 LIG4-/-
TGACTCCCACTAGCGA-1,6.534994,11.119347,RH30
TGACTCCCATGCTCAC-1,14.293032,-4.757406,C8166
TGACTCCCATTAGAGC-1,7.7421927,-3.4230235,CHLA06ATRT
TGACTGATCAGCAGGA-1,2.8664086,1.8367727,JURKAT
TGACTGATCCAACTCT-1,16.430529,5.350885,143B
TGAGAACAGGTGCGAA-1,17.57538,8.08451,143B
TGAGAATGTGCGGCTT-1,-2.0023506,-3.897155,HELA XPA-/-
TGAGAATGTTAGGGTA-1,19.269829,7.4820457,143B
TGAGATGGTAGGTTAG-1,-2.9322014,-2.8549733,HELA XPA-/-
TGAGATGGTGGAAGCT-1,3.593582,1.0369446,JURKAT
TGAGATGGTTGCTGGC-1,3.823945,-4.668207,CHLA06ATRT
TGAGCATCACAAGCCA-1,19.026686,7.7398195,143B
TGAGCATCAGGTTACG-1,3.129307,5.0435567,PF382
TGAGCATCATCCAGAG-1,7.664135,4.2906137,NALM6
TGAGCATCATCCGGTT-1,16.32333,4.6089835,143B
TGAGCATCATTCGTCA-1,-1.2807118,-4.3258457,HELA XPA-/-
TGAGCCACACAATTAG-1,13.229389,0.22799541,ALLSIL
TGAGCCACACCATAGG-1,11.504493,-9.369833,TK6 LIG4-/-
TGAGCCACACTTGACC-1,19.946386,-0.6097302,SAOS2
TGAGCCACATGACTAA-1,4.8403063,5.4276805,PF382
TGAGCCCGTAGCTGAA-1,3.401333,6.6919665,PF382
TGAGCCCGTCCATCAG-1,-4.3023295,4.372561,HAP1 MUTYH-/-
TGAGCGAAGCTATGGC-1,8.019748,5.7239585,NALM6
TGAGCGAAGGTAGGAT-1,16.965185,4.729546,143B
TGAGCGAAGTCAAGGG-1,14.95423,-5.069338,C8166
TGAGCGAAGTGTCATG-1,4.406184,2.2835085,JURKAT
TGAGCGCCACTATGGG-1,17.452852,5.006621,143B
TGAGCGCCACTTGCCG-1,-2.768449,-3.9096653,HELA XPA-/-
TGAGCGCCAGTACCGA-1,3.382895,-2.1577404,CHLA06ATRT
TGAGCGGGTAAGTAAC-1,1.6895425,-8.936736,U2OS OGG-/-
TGAGCGGGTGGCAGTG-1,16.013365,4.6415224,143B
TGAGCGGGTTCACTCC-1,2.7121031,2.170845,JURKAT
TGAGCTATCTTGATGG-1,17.516193,7.9334207,143B
TGAGCTGCAAGTTCCC-1,16.268969,6.4927363,143B
TGAGCTGCAGGAAGGT-1,2.2463825,-8.327906,U2OS OGG-/-
TGAGCTGCATAACGGT-1,2.8463564,2.131529,JURKAT
TGAGCTGCATAGGCCA-1,20.123085,-0.7825888,SAOS2
TGAGCTTGTAGCTGGG-1,2.864825,1.2700751,JURKAT
TGAGCTTGTTAATGCC-1,14.153988,7.4336967,143B
TGAGGAACAAGCACGC-1,15.030218,7.5944624,143B
TGAGGAACACAGCAGC-1,7.536045,-3.9107518,CHLA06ATRT
TGAGGAACACCATGCT-1,5.5267487,7.207422,PF382
TGAGGAACATAGATCA-1,17.126701,8.2925205,143B
TGAGGAACATCACGAG-1,-0.22419426,11.996584,DND41
TGAGGAACATCGGCTT-1,13.356492,5.5393395,143B
TGAGGAACATTGCCCG-1,-4.250127,2.0068414,HAP1 MUTYH-/-
TGAGGATAGGCGTCTG-1,4.434277,1.9001213,JURKAT
TGAGGATAGTCAGCAC-1,14.402363,8.161613,143B
TGAGGCAAGAAGCAAC-1,15.364188,-4.550213,C8166
TGAGGCAAGATAGGAC-1,16.861286,6.6685667,143B
TGAGGCAAGCAATCCA-1,-2.8201425,-2.9904833,HELA XPA-/-
TGAGGCAAGGATCATT-1,5.9996643,11.933154,RH30
TGAGGCAAGGGGATTG-1,14.332553,6.8247933,143B
TGAGGCGGTTGCTTGG-1,15.814139,5.1384616,143B
TGAGGCTTCAGCAAGG-1,21.976873,0.029558128,SAOS2
TGAGGCTTCAGCACCG-1,14.808391,6.1700377,143B
TGAGGGATCACTGTCT-1,-1.0628597,-2.933859,HELA XPA-/-
TGAGGGATCAGGCTCG-1,14.699201,-5.03823,C8166
TGAGGGATCCAGCCTC-1,4.6577506,-3.9057777,CHLA06ATRT
TGAGGGATCCGGTGAT-1,-2.5450375,3.401066,HAP1 MUTYH-/-
TGAGGTAGTAGCTTCG-1,1.0941504,15.448931,TE617T
TGAGGTAGTAGTCCCA-1,17.808653,8.350809,143B
TGAGGTAGTTCGCTGA-1,1.3978364,12.3825655,DND41
TGAGGTGAGCAAGTGG-1,3.6891,5.675244,PF382
TGAGGTGAGCATCTCT-1,12.540042,14.277307,JM1
TGAGGTGAGCGGATTC-1,17.998516,7.204295,143B
TGAGGTGAGGTACGTC-1,19.447145,7.433463,143B
TGAGGTGAGTAATCCG-1,10.640295,-10.782741,TK6 LIG4-/-
TGAGGTGAGTGCGGTT-1,20.691916,-1.4584528,SAOS2
TGAGGTTCAAGTGGTT-1,1.4662412,-8.626557,U2OS OGG-/-
TGAGGTTCATGAGCAT-1,13.156511,13.654602,JM1
TGAGTAAAGTGCCTAA-1,4.270203,1.5043725,JURKAT
TGAGTAGGTCTGGTAT-1,3.3695843,-1.653838,CHLA06ATRT
TGAGTAGGTGCGGTTC-1,4.141208,-8.981975,U2OS OGG-/-
TGAGTCGCAATCCTGC-1,2.3283901,6.5263066,PF382
TGAGTCTGTAGTAAGT-1,9.188542,-4.0188212,CHLA06ATRT
TGAGTCTGTGCGTACC-1,8.233077,3.5349648,NALM6
TGAGTCTGTTATGCAC-1,11.919825,12.277209,JM1
TGAGTGAGTAGTTACC-1,4.460369,-3.3946643,CHLA06ATRT
TGAGTGAGTCTAATTG-1,1.960825,12.558966,DND41
TGAGTGAGTGAACTAG-1,4.625016,-3.5496848,CHLA06ATRT
TGAGTGAGTGGCTACC-1,1.9774951,15.872048,TE617T
TGAGTTACATTAGGGT-1,15.814853,5.220049,143B
TGAGTTGTCATCTGGA-1,1.8354301,-10.002925,U2OS OGG-/-
TGAGTTGTCGAATCAT-1,6.8988094,-3.5757344,CHLA06ATRT
TGAGTTGTCGAATTAC-1,11.652731,-1.3679225,ALLSIL
TGAGTTGTCGTGAGAG-1,20.19374,-1.7644905,SAOS2
TGATAGAAGCGAGTGA-1,1.1157855,9.652414,PF382
TGATAGAAGTCATGCA-1,14.225949,-5.497911,C8166
TGATAGCCAAAGGAAT-1,9.441778,-11.786897,TK6 LIG4-/-
TGATAGCCAAATGCGT-1,-3.8617454,14.493918,KHM1B
TGATAGCCAGCTCAAG-1,8.706393,5.7910085,NALM6
TGATAGCCAGGATGGG-1,2.0682905,15.293479,TE617T
TGATAGCCATCACTAT-1,14.325225,6.0987563,143B
TGATAGCCATGGCCTT-1,7.095273,11.721891,RH30
TGATCATAGAAGCCAG-1,2.601316,-2.0141606,CHLA06ATRT
TGATCATAGCGAACCT-1,9.808232,-9.793575,TK6 LIG4-/-
TGATCATAGCTGGCAT-1,1.2894732,11.726773,DND41
TGATCATAGCTGGTAC-1,20.515427,-1.2076151,SAOS2
TGATCATAGTGAGAGT-1,12.08443,0.41539842,ALLSIL
TGATCCCCATAAGCAC-1,-2.4418283,-3.8442905,HELA XPA-/-
TGATCCCCATCCAATT-1,13.271937,13.971905,JM1
TGATCCCCATGGCAGC-1,7.189904,11.415173,RH30
TGATCCGGTCATCGCA-1,3.0492513,2.5535455,JURKAT
TGATCCGGTGCGCCAT-1,15.006148,-5.1554565,C8166
TGATCCGGTGGAGAGA-1,14.19441,-5.266111,C8166
TGATCCTTCCATTGCT-1,7.1984935,11.728673,RH30
TGATCCTTCGTAACTG-1,6.088376,11.8437805,RH30
TGATGAAAGAACCTAT-1,-1.1892401,-3.6386268,HELA XPA-/-
TGATGAAAGCATCAAT-1,3.8828304,-4.044872,CHLA06ATRT
TGATGAAAGGATAGTA-1,-4.20488,2.4505992,HAP1 MUTYH-/-
TGATGAGGTAAGCTGA-1,14.882146,13.871101,JM1
TGATGAGGTGAGTATG-1,2.208419,15.556152,TE617T
TGATGAGGTGATCAAG-1,2.460474,-9.759156,U2OS OGG-/-
TGATGAGGTTCGAGTT-1,13.867889,5.9939027,143B
TGATGCCAGTGCCATA-1,6.3105683,11.480395,RH30
TGATGCCAGTGCCCAG-1,-2.0402145,-3.7483866,HELA XPA-/-
TGATGCCAGTTGGCTA-1,8.239794,16.997396,SUPT11
TGATGGCTCAAGTAAG-1,4.9407673,2.312343,JURKAT
TGATGGCTCAATGTAC-1,-4.863008,3.2055337,HAP1 MUTYH-/-
TGATGGCTCACTCGAA-1,1.0416739,14.97262,TE617T
TGATGGCTCTCATCAC-1,14.560292,7.914485,143B
TGATGGTCAATTGACA-1,2.6977432,-8.856833,U2OS OGG-/-
TGATGGTCATTACCCA-1,14.4177885,5.3420844,143B
TGATGTTAGGGCTGAA-1,4.9466105,1.9376888,JURKAT
TGATTAGCAAATCCTT-1,8.015935,6.175987,NALM6
TGATTAGCAAGCTAGT-1,14.532417,-3.7019765,C8166
TGATTAGCAAGTCGAT-1,3.6161506,-9.181096,U2OS OGG-/-
TGATTAGCAATTACGA-1,1.1779227,6.1628704,PF382
TGATTAGCAGCCAGAC-1,16.595753,6.1946707,143B
TGATTCCTCATCAGGC-1,13.825695,6.3884506,143B
TGATTCCTCATCGTTC-1,5.0700946,1.1954455,JURKAT
TGATTCCTCATGCGTA-1,17.023552,5.034193,143B
TGATTCCTCCCTCGTA-1,-2.971382,-3.540666,HELA XPA-/-
TGATTGGTCACAGGCT-1,6.966981,-3.4685175,CHLA06ATRT
TGATTGGTCAGGGCAA-1,-3.9468753,2.6249557,HAP1 MUTYH-/-
TGATTGGTCCTTAGAG-1,14.279666,-4.7438855,C8166
TGATTTCCAACTTAGA-1,7.3284674,16.509008,SUPT11
TGATTTGGTAACGATG-1,9.508589,-3.7908592,CHLA06ATRT
TGATTTGGTGAGTCGG-1,19.51194,-1.229365,SAOS2
TGATTTGGTTAATCGC-1,-4.3377852,2.758342,HAP1 MUTYH-/-
TGATTTGGTTGCACCA-1,8.553937,-2.9674911,CHLA06ATRT
TGCAAACCAAGGTCGC-1,15.302582,4.3870597,143B
TGCAAAGGTCTCACCT-1,15.907293,6.0253844,143B
TGCAAAGGTGGACTAA-1,16.762146,5.004184,143B
TGCAAAGGTTAGAGCA-1,7.8443108,4.683484,NALM6
TGCAAATTCCTCTACG-1,11.567054,-1.5386068,ALLSIL
TGCAAATTCGATGCAC-1,2.5984645,-7.5540824,U2OS OGG-/-
TGCAATGTCAGCCACG-1,4.7757745,5.742679,PF382
TGCAATTAGCGAGGTA-1,15.151092,-4.9423566,C8166
TGCAATTAGTAAGGTA-1,13.450202,13.646056,JM1
TGCAATTAGTCAAGCC-1,14.309614,5.8849187,143B
TGCACAATCGACCATA-1,-2.8394098,3.3925426,HAP1 MUTYH-/-
TGCACAATCTGGTACA-1,2.7395158,15.07254,TE617T
TGCACACAGCAGTTCA-1,-3.635492,-3.2307987,HELA XPA-/-
TGCACACAGGCAACGA-1,15.12154,4.3049974,143B
TGCACACAGTCGAGGA-1,3.4243464,-3.9457848,CHLA06ATRT
TGCACCCTCCCGTGCT-1,2.830996,-9.189883,U2OS OGG-/-
TGCACCCTCGATCAAT-1,10.706398,-9.55221,TK6 LIG4-/-
TGCACCCTCGTTGCGG-1,13.985069,14.670679,JM1
TGCACCTCACAATCCC-1,17.135338,5.1126266,143B
TGCACCTCAGTACTAA-1,-0.6838343,11.540018,DND41
TGCACCTCAGTTAGCG-1,3.0951326,7.0827384,PF382
TGCACCTCATCACGTC-1,14.844941,-5.7687106,C8166
TGCACCTCATCGAAGT-1,9.701085,-11.613347,TK6 LIG4-/-
TGCACGTAGGTATCCA-1,3.2212539,2.0583324,JURKAT
TGCACGTAGTGGGTTC-1,1.7837551,7.2751412,PF382
TGCACTAAGATAGGGT-1,-0.7757145,-4.6751504,HELA XPA-/-
TGCACTAAGCCGCAAT-1,-7.2299967,8.685208,EOL1
TGCACTAAGCGATTCA-1,6.811146,11.736636,RH30
TGCACTAAGTAATCAC-1,15.717923,-5.1737804,C8166
TGCAGGTTCACTAGAT-1,15.762377,-5.6265864,C8166
TGCAGTCAGTACCATG-1,16.475634,7.0603805,143B
TGCAGTCAGTAGGCAG-1,15.236667,-5.283618,C8166
TGCATAACAAACCCGA-1,3.791958,2.8076067,JURKAT
TGCATAACAAGCCAGC-1,12.166444,11.48756,JM1
TGCATAGTCAGCGAGA-1,7.545,11.695878,RH30
TGCATAGTCAGTAATC-1,15.614426,7.0909324,143B
TGCATATAGCGGATAG-1,9.640347,-11.524476,TK6 LIG4-/-
TGCATATAGCTAGGCT-1,14.126542,6.3257456,143B
TGCATATAGGAGGTGC-1,12.427684,0.038408443,ALLSIL
TGCATATAGTTGGTTG-1,10.431245,-0.6987431,ALLSIL
TGCATCAAGTTAACCG-1,3.7610035,-3.0113742,CHLA06ATRT
TGCATCCCAGTTAGCG-1,11.219713,11.240258,JM1
TGCATTAGTAACGTCT-1,12.181109,11.924568,JM1
TGCATTAGTGAGTGCG-1,-4.92792,4.161329,HAP1 MUTYH-/-
TGCATTAGTTACACAC-1,4.06443,-3.3276787,CHLA06ATRT
TGCATTGAGGAACTGG-1,15.2808075,7.709789,143B
TGCATTGAGGGTCTGT-1,-1.0011885,-4.073949,HELA XPA-/-
TGCATTTCATCATATC-1,11.1693535,-1.2548279,ALLSIL
TGCATTTCATCATCTG-1,13.266745,5.6004386,143B
TGCATTTCATCGGGAC-1,9.732096,-10.642896,TK6 LIG4-/-
TGCCACCTCAATCAAC-1,14.238757,12.620466,JM1
TGCCACCTCACCCTGC-1,3.4729733,-8.747573,U2OS OGG-/-
TGCCACCTCCAGGTTA-1,-4.6443906,2.6450295,HAP1 MUTYH-/-
TGCCACCTCCCATTAC-1,13.327866,8.058516,143B
TGCCAGACACTTGCTA-1,1.4087994,15.129054,TE617T
TGCCAGACATTCATAC-1,20.496897,-2.8227286,SAOS2
TGCCAGGTCCATCACT-1,3.7979026,-8.949921,U2OS OGG-/-
TGCCAGGTCCTCACGC-1,2.5277085,6.334662,PF382
TGCCAGTAGCCGCGTA-1,11.102084,-1.3611609,ALLSIL
TGCCAGTAGGATCTAT-1,15.615741,4.86003,143B
TGCCAGTAGGCTCCTC-1,-0.47928843,-2.20466,HELA XPA-/-
TGCCATAAGCATCACA-1,16.370142,6.6682262,143B
TGCCATAAGGTGCTTA-1,15.969352,3.7674742,143B
TGCCATAAGGTTACGC-1,20.238293,-1.8098462,SAOS2
TGCCATAAGGTTCATG-1,0.013037028,12.617448,DND41
TGCCATCCACAACCGA-1,20.038198,-1.0582224,SAOS2
TGCCATCCATTAGTTC-1,0.1983806,11.890403,DND41
TGCCATGGTAGCTGAA-1,6.5999603,11.521889,RH30
TGCCATGGTGCGTGTC-1,17.142546,6.768288,143B
TGCCATGGTTGTCCCT-1,1.5098121,5.8034267,PF382
TGCCATGGTTTGACGT-1,1.0311584,5.2917113,PF382
TGCCATTTCACTAACG-1,2.6847398,7.1065993,PF382
TGCCATTTCAGGAGCA-1,12.835796,6.9599576,143B
TGCCATTTCCAGCCGA-1,3.7491326,0.8128669,JURKAT
TGCCATTTCGTAGTAT-1,13.292005,5.7290673,143B
TGCCATTTCTTGAGTG-1,18.747526,7.592446,143B
TGCCCAAGTAACTGCT-1,-3.47856,-2.8452497,HELA XPA-/-
TGCCCAAGTAGCTGCC-1,-3.1977568,4.665464,HAP1 MUTYH-/-
TGCCCAAGTCTAATTG-1,-1.9158084,-3.198268,HELA XPA-/-
TGCCCAAGTGAGCGCA-1,18.433414,5.8708954,143B
TGCCCAAGTTATCATG-1,13.677558,13.415836,JM1
TGCCCAAGTTTGGAGA-1,15.687062,4.986752,143B
TGCCCATCACTCATGC-1,13.5102005,7.551537,143B
TGCCCATCAGTTGGAT-1,-1.6931245,-4.6442323,HELA XPA-/-
TGCCCATCATTCGTGC-1,15.350596,6.9462805,143B
TGCCCGAAGAAGGTCG-1,2.1730576,15.743918,TE617T
TGCCCGAAGCATGTGC-1,16.593512,4.3819385,143B
TGCCCGAAGCGCATAC-1,-3.0472977,2.0224743,HAP1 MUTYH-/-
TGCCCGAAGGATCAGG-1,21.325308,-1.8123301,SAOS2
TGCCCGAAGGTTGCGT-1,4.0780535,2.6242504,JURKAT
TGCCCGAAGTGCGCTG-1,13.506433,7.173041,143B
TGCCCGAAGTTACACG-1,13.631213,6.988318,143B
TGCCCGTTCGAACGAG-1,10.031579,-8.617871,TK6 LIG4-/-
TGCCCTCAGCTTAGGC-1,14.707534,-3.866526,C8166
TGCCCTCAGTAATGTC-1,18.746912,6.1512036,143B
TGCCCTCAGTGAATGA-1,16.804045,7.35254,143B
TGCCCTTGTCAGCACC-1,17.224205,4.618191,143B
TGCCCTTGTGCATCGC-1,16.210615,6.197976,143B
TGCCGAACAATAGGAG-1,4.361285,2.4965465,JURKAT
TGCCGAACATCGTAGG-1,3.694684,-3.8149629,CHLA06ATRT
TGCCGATAGATAGCCC-1,3.2415814,-10.034957,U2OS OGG-/-
TGCCGATAGATTAACC-1,15.06145,-4.4764543,C8166
TGCCGATAGTCAGGAG-1,-5.453965,3.2167137,HAP1 MUTYH-/-
TGCCGCTTCATGTGGC-1,8.402048,3.203626,NALM6
TGCCGCTTCCGCTGGA-1,19.494078,7.3844447,143B
TGCCGCTTCGTGAGTC-1,18.21295,6.997916,143B
TGCCGTAGTAGCTTAC-1,1.2925582,-8.982632,U2OS OGG-/-
TGCCGTAGTAGTGCGG-1,17.220613,6.776303,143B
TGCCGTAGTTCGGCGT-1,-0.8395228,-3.3195283,HELA XPA-/-
TGCCGTGAGCGATAGG-1,14.920746,5.841219,143B
TGCCGTGAGCTATCGA-1,-0.64371383,12.442267,DND41
TGCCGTGAGGCGTATC-1,9.050564,4.6414585,NALM6
TGCCGTGAGTGAGGCA-1,-2.655398,-3.9201784,HELA XPA-/-
TGCCGTGAGTGGCGTT-1,3.6340086,-8.389435,U2OS OGG-/-
TGCCGTTCACATTAAG-1,19.437168,-1.9718633,SAOS2
TGCCGTTCACTATCCA-1,6.737178,10.711887,RH30
TGCCTAAAGGTTGGAG-1,9.729587,-9.36744,TK6 LIG4-/-
TGCCTAGGTGCGCAAG-1,16.445986,5.649567,143B
TGCCTATTCACTCGCC-1,16.242891,6.6831775,143B
TGCCTATTCCAGCGAT-1-1,21.454916,-0.4121162,SAOS2
TGCCTATTCCTGCCGT-1,14.307218,13.132216,JM1
TGCCTCATCACTTCCG-1,14.134234,7.309573,143B
TGCCTCATCAGCACCG-1,2.6671865,-8.526292,U2OS OGG-/-
TGCCTCATCATCGTGA-1,-4.1411033,4.444942,HAP1 MUTYH-/-
TGCCTCATCGCGAACT-1,11.644674,11.652801,JM1
TGCCTCGCAATCTGGG-1,7.824846,-3.1120033,CHLA06ATRT
TGCCTCGCAATTACGA-1,4.3393736,1.7309633,JURKAT
TGCCTCGCAGCACGAC-1,19.13643,7.5839276,143B
TGCCTCTGTAATGCTC-1,10.31626,0.65144086,ALLSIL
TGCCTGCTCCTCACAT-1,-2.1721277,3.3402352,HAP1 MUTYH-/-
TGCCTGCTCTATGGCA-1,10.521582,0.63776237,ALLSIL
TGCCTTTAGATAGACA-1,7.972565,10.563903,RH30
TGCCTTTAGTTGCGAC-1,18.882639,7.470592,143B
TGCGAAAGTAATGCGA-1,3.766793,-8.333175,U2OS OGG-/-
TGCGAAAGTGCGATCC-1,11.256089,-9.40232,TK6 LIG4-/-
TGCGACCGTAGCCATT-1,11.268009,-9.775503,TK6 LIG4-/-
TGCGACCGTCAGCGAG-1,16.128439,4.836921,143B
TGCGACCGTCTCAGCA-1,-3.5908022,3.4154499,HAP1 MUTYH-/-
TGCGACCGTTAGAGTG-1,7.976682,10.200159,RH30
TGCGACTAGGATGGGC-1,2.3467858,-7.587216,U2OS OGG-/-
TGCGACTAGGCATGGA-1,18.060946,8.451278,143B
TGCGACTAGTCAACCA-1,19.016537,5.452134,143B
TGCGAGGGTCCATCAG-1,-0.95790297,-4.2704473,HELA XPA-/-
TGCGAGGGTTAGCCCA-1,10.96306,-10.392764,TK6 LIG4-/-
TGCGAGGGTTGAGCTT-1,10.724612,-9.537991,TK6 LIG4-/-
TGCGATGCAACCTGGA-1,13.561081,7.818011,143B
TGCGATGCAACTTCGC-1,0.5591563,15.328579,TE617T
TGCGATTGTAATTGCC-1,-0.28246272,12.609961,DND41
TGCGATTGTCTCCATC-1,6.6606894,11.933957,RH30
TGCGATTGTGGGTCCT-1,-3.1193223,4.180376,HAP1 MUTYH-/-
TGCGATTGTTCGATGT-1,2.586569,7.520031,PF382
TGCGGCTGTCAAGTCT-1,13.850864,6.939871,143B
TGCGGCTGTTCCCGTT-1,10.585334,0.53114265,ALLSIL
TGCGGCTGTTGACTCG-1,3.9411702,-4.7417035,CHLA06ATRT
TGCGGGTCAATGTCAA-1,-4.147946,13.988801,KHM1B
TGCGGTTAGCCTAGAC-1,15.553559,3.899346,143B
TGCGGTTAGCCTATCT-1,7.145739,-2.759465,CHLA06ATRT
TGCGGTTAGGATACTT-1,3.5212355,-3.8459044,CHLA06ATRT
TGCGGTTAGGGTTGAG-1,10.903755,-0.21628463,ALLSIL
TGCGGTTAGTGAGGTG-1,4.2406025,5.638497,PF382
TGCGGTTAGTGATGGG-1,-0.07456511,11.46867,DND41
TGCGTAATCCTGTGCC-1,10.51492,0.07336684,ALLSIL
TGCTAACGTGAGATTG-1,15.446815,7.181192,143B
TGCTAACGTTGTCTCC-1,6.7525983,-2.813958,CHLA06ATRT
TGCTAAGTCCCTCGTA-1,-2.9884436,-3.2450078,HELA XPA-/-
TGCTACAAGATAGTAG-1,14.348184,5.9167724,143B
TGCTACCCACAAGGTT-1,13.832785,-4.528689,C8166
TGCTACTTCAAGTAGA-1,1.5827848,15.24799,TE617T
TGCTACTTCCGTCCGT-1,-2.8934524,-3.4092479,HELA XPA-/-
TGCTACTTCTAAGCCA-1,-3.1128454,3.623826,HAP1 MUTYH-/-
TGCTATAGTAGGCGCA-1,18.885944,6.4771166,143B
TGCTATAGTCATGTGT-1,-3.7570188,-3.281465,HELA XPA-/-
TGCTATAGTGGAAGGA-1,1.1742636,6.2312317,PF382
TGCTATAGTTATCTGA-1,16.931313,8.418708,143B
TGCTATAGTTCCATCC-1,17.616459,6.2822485,143B
TGCTATAGTTTCCGAG-1,-2.716762,3.5518155,HAP1 MUTYH-/-
TGCTATGAGCCTGTGG-1,8.555629,-10.179556,TK6 LIG4-/-
TGCTATGAGCGCGATT-1,-0.55693036,12.038138,DND41
TGCTATGAGGTACGAG-1,8.846942,4.0226264,NALM6
TGCTATGAGTCGAATT-1,-4.0421367,2.5633175,HAP1 MUTYH-/-
TGCTATGAGTGCCCAG-1,15.987167,-7.623751,C8166
TGCTCAAAGGAACCAG-1,2.790867,7.0163894,PF382
TGCTCAAAGGCGTACT-1,16.048052,4.577337,143B
TGCTCAAAGGTGCTTA-1,6.166058,11.993396,RH30
TGCTCAAAGTACGGTC-1,2.2217991,5.4526205,PF382
TGCTCAAAGTTACACG-1,-5.479299,2.9299316,HAP1 MUTYH-/-
TGCTCACCAATCAGGT-1,8.756582,5.970437,NALM6
TGCTCACCAATCTGGG-1,-0.82448655,-2.702106,HELA XPA-/-
TGCTCACCACAACTAA-1,11.316136,-8.507158,TK6 LIG4-/-
TGCTCACCACTTAGCC-1,-4.6180863,2.3506114,HAP1 MUTYH-/-
TGCTCACCAGCTAGGC-1,14.352959,-3.6558955,C8166
TGCTCACCATCACGCT-1,-2.2491505,3.4359167,HAP1 MUTYH-/-
TGCTCACCATGGTACG-1,11.014214,-8.941207,TK6 LIG4-/-
TGCTCCATCAATCAAC-1,-2.6185591,3.2619565,HAP1 MUTYH-/-
TGCTCCATCCGGGTCA-1,14.218462,6.3004737,143B
TGCTCCATCTATCACC-1,14.212938,13.165058,JM1
TGCTCCGCAAGGTTAC-1,9.977355,-10.561702,TK6 LIG4-/-
TGCTCCGCAGGTAGGG-1,2.828076,1.454335,JURKAT
TGCTCCGCATAGAGGA-1,4.6788354,-3.448013,CHLA06ATRT
TGCTCGCTCCTCATGT-1,-1.3515784,7.0729847,C8166
TGCTCGCTCGCTTCAT-1,18.365828,6.3590484,143B
TGCTGATGTATTGAGG-1,10.1363735,0.78451943,ALLSIL
TGCTGCCTCAATCTGG-1,14.775943,7.3878603,143B
TGCTGCCTCACCCTGC-1,4.544409,1.4560002,JURKAT
TGCTGCCTCCGGTACG-1,2.5463521,-2.2305894,CHLA06ATRT
TGCTGCCTCCTCATAC-1,6.370142,11.682126,RH30
TGCTGGACAATTCGCC-1,16.048779,6.2925096,143B
TGCTGGACACCATTGC-1,3.1289084,-9.256111,U2OS OGG-/-
TGCTGGACATCGCTTA-1,17.70521,7.4563,143B
TGCTGTCCAACCTGGA-1,21.096111,-0.017203745,SAOS2
TGCTGTCCACATTCCA-1,9.148179,-3.5110643,CHLA06ATRT
TGCTGTCCACTTACCA-1,7.0577254,-2.361788,CHLA06ATRT
TGCTGTCCAGCAGGTC-1,16.215536,-4.6990047,C8166
TGCTTAAGTCTAGTAC-1,7.4339046,9.878515,RH30
TGCTTAAGTTAGCAAG-1,11.224332,10.549082,JM1
TGCTTAAGTTAGCGTT-1,1.9858062,-9.137893,U2OS OGG-/-
TGCTTAAGTTATCGCG-1,13.444497,13.693244,JM1
TGCTTAAGTTGGTGCC-1,7.8977203,17.30143,SUPT11
TGCTTAGAGGAGCTAG-1,16.59828,6.152257,143B
TGCTTAGAGGAGGTTG-1,17.282492,6.52735,143B
TGCTTCACACCTCGTG-1,19.865683,6.1548147,143B
TGCTTCACACTATCTG-1,12.155762,-1.1629215,ALLSIL
TGCTTCACAGCTAAGT-1,8.617154,3.9585822,NALM6
TGGAATGGTAATCAGG-1,17.836044,5.8190346,143B
TGGAATGGTCAACCCA-1,-2.1408722,2.9921575,HAP1 MUTYH-/-
TGGAATGGTCTCACGA-1,15.735134,6.93101,143B
TGGAATGGTCTCCATC-1,18.13839,6.8418655,143B
TGGAATGGTGGCGTCT-1,15.57928,5.7887793,143B
TGGAATGGTGGCTGCT-1,14.913566,4.760418,143B
TGGAATGGTGGGAACT-1,1.419601,-8.979175,U2OS OGG-/-
TGGAATGGTTCGAGTT-1,9.666497,3.4731598,NALM6
TGGACAAGTATGTACC-1,18.589712,6.7505145,143B
TGGACAAGTATGTGAG-1,14.405489,8.12821,143B
TGGACAAGTATTGCAC-1,14.675212,-4.823258,C8166
TGGACAAGTTCACTCC-1,16.735455,5.6081443,143B
TGGACATCAGGACAGG-1,7.3685327,-4.230247,CHLA06ATRT
TGGACGAAGCGGTACT-1,6.5856433,17.722813,SUPT11
TGGACGAAGGGCAGTA-1,-3.5781527,13.571386,KHM1B
TGGACGAAGGTCAATT-1,-2.7947426,3.647883,HAP1 MUTYH-/-
TGGACGAAGTGCTTGA-1,4.453716,0.6930463,JURKAT
TGGACTATCATGTCGA-1,15.16166,6.3710403,143B
TGGACTATCCATGCAA-1,8.626165,-2.94754,CHLA06ATRT
TGGACTATCCCGTGCT-1,14.106115,4.249458,143B
TGGACTCAGCTAGACC-1,16.947458,4.51588,143B
TGGACTCAGGTCGTAC-1,13.745517,14.894821,JM1
TGGAGCAAGCGACTTA-1,-3.1216192,-3.2538526,HELA XPA-/-
TGGAGCAAGGTTACGC-1,-1.8106781,-1.9910512,HELA XPA-/-
TGGAGCAAGGTTGATT-1,2.7679214,6.80568,PF382
TGGAGCGGTTCCGTTC-1,-0.3035414,-3.50551,HELA XPA-/-
TGGAGCGGTTGCCTCT-1,15.738341,6.5737567,143B
TGGAGGATCACTAACG-1,9.711086,3.6062043,NALM6
TGGAGGATCCAACTTC-1,1.2650373,6.9192796,PF382
TGGAGGATCCCTGGCT-1,7.501217,9.504063,RH30
TGGAGGATCCTGATGA-1,-3.6279957,-3.315283,HELA XPA-/-
TGGAGTAGTCAATCCG-1,1.8044053,12.1709,DND41
TGGAGTAGTGGCTGAG-1,9.956908,-10.744627,TK6 LIG4-/-
TGGAGTGAGGTGAGTG-1,17.569864,6.7022934,143B
TGGATAGGTAGTGCCC-1,4.925628,6.0482774,PF382
TGGATAGGTCTCACCT-1,7.7299967,4.1891522,NALM6
TGGATAGGTTAATGGG-1,2.0414226,12.0168915,DND41
TGGATAGGTTAGCGAA-1,1.24836,-9.820727,U2OS OGG-/-
TGGATATTCCCTCACA-1,2.0516832,15.745717,TE617T
TGGATATTCGTACCAA-1,18.442997,5.801649,143B
TGGATATTCTATCGCT-1,1.9646463,12.425734,DND41
TGGATGCTCCCGTGCT-1,1.1527128,5.3087907,PF382
TGGATGCTCTCATTCA-1,7.5360446,-2.6841118,CHLA06ATRT
TGGATGCTCTGGTCAA-1,2.790592,7.3554,PF382
TGGATGGAGATTCCAG-1,9.575624,4.0556755,NALM6
TGGATGGAGCAATCAT-1,-1.9451591,-4.040221,HELA XPA-/-
TGGATGGAGCCTGAGT-1,18.10453,8.226736,143B
TGGATTGTCAAGTCGC-1,19.797728,-0.87683696,SAOS2
TGGATTGTCCATCTGT-1,0.79690105,14.975201,TE617T
TGGATTGTCGATGTGC-1,3.0500922,-7.8853345,U2OS OGG-/-
TGGATTGTCTGTGCAA-1,7.814747,9.608627,RH30
TGGATTTAGCGCCATG-1,9.484325,-9.236567,TK6 LIG4-/-
TGGATTTAGTGAGCGA-1,8.047727,10.4655485,RH30
TGGATTTAGTTGGTGC-1,3.3162508,0.5197039,JURKAT
TGGCACTAGCCAGTGT-1,13.6120405,6.9741116,143B
TGGCACTAGGAGCCAA-1,-6.78133,8.221732,EOL1
TGGCATATCCTTGACT-1,2.9338214,7.33583,PF382
TGGCATATCTATCCAC-1,5.717784,6.76296,PF382
TGGCATGCACCACATC-1,7.5979905,11.088385,RH30
TGGCATGCATCGACAG-1,-3.7985044,-3.318583,HELA XPA-/-
TGGCATGCATGCTCCG-1,8.095815,10.748106,RH30
TGGCATTGTAAGGTGC-1,16.540909,6.4916544,143B
TGGCATTGTCAAGTGA-1,6.6721253,11.71964,RH30
TGGCCTGAGCCACTCC-1,14.316945,12.841598,JM1
TGGCCTGAGCTTACGA-1,9.22451,-11.460293,TK6 LIG4-/-
TGGCGAAAGCAAGGGC-1,5.948963,14.672301,SUPT11
TGGCGAAAGTAACCAT-1,4.288572,-8.405187,U2OS OGG-/-
TGGCGAGGTGAGGTCG-1,-0.385753,-2.7915752,HELA XPA-/-
TGGCGAGGTTATCGCG-1,0.9780423,6.7645574,PF382
TGGCGATTCCGTGGCA-1,-0.9976289,-4.829943,HELA XPA-/-
TGGCGATTCGCGCATG-1,-1.416123,7.123638,C8166
TGGCGATTCGTTCACT-1,11.62062,-0.024771668,ALLSIL
TGGCGGTCAGCTCTGT-1,14.634432,5.780917,143B
TGGCTAATCCACGGCA-1,14.146927,5.347694,143B
TGGCTAATCGATATGT-1,-1.7237233,3.5040746,HAP1 MUTYH-/-
TGGCTAATCGTAATGT-1,1.0917468,7.972252,PF382
TGGCTAATCGTTCGTT-1,11.853276,-9.756233,TK6 LIG4-/-
TGGCTAATCTGTGCGG-1,-1.4686761,-4.236403,HELA XPA-/-
TGGCTATGTGATGGCG-1,11.74868,12.201205,JM1
TGGCTATGTTTGGAGA-1,6.9184155,-2.5164695,CHLA06ATRT
TGGCTCAGTGATGGGT-1,3.576174,5.862343,PF382
TGGCTCAGTGGACACG-1,-0.39879078,-3.39246,HELA XPA-/-
TGGCTCAGTTTCGGAT-1,-3.7337735,2.4925804,HAP1 MUTYH-/-
TGGCTCTCACTATCGC-1,6.5515647,15.441885,SUPT11
TGGCTCTCACTCATCA-1,16.50688,5.215582,143B
TGGCTGACAATGGGCC-1,11.417876,-0.028934913,ALLSIL
TGGCTTGGTTTGCCTC-1,2.0727303,5.04654,PF382
TGGGAACGTAGGCGTG-1,1.7706318,-8.102498,U2OS OGG-/-
TGGGAACGTGAAGGTC-1,3.9226298,-2.999935,CHLA06ATRT
TGGGAACGTGATTGAG-1,13.4865465,8.055436,143B
TGGGAACGTGCATCCA-1,-2.8485022,4.0014157,HAP1 MUTYH-/-
TGGGACAAGCCATGAC-1,8.530499,4.6178403,NALM6
TGGGATAGTATGGAGC-1,7.6222844,16.696678,SUPT11
TGGGATAGTTGCGTAT-1,10.866388,0.78653276,ALLSIL
TGGGATTCAAGTGCTG-1,16.332737,6.9957757,143B
TGGGATTCAGTTGACG-1,3.3792095,-8.587132,U2OS OGG-/-
TGGGATTCATTAGTCT-1,17.834114,7.725242,143B
TGGGCAAAGAACGACG-1,-2.4958785,-4.0339603,HELA XPA-/-
TGGGCAAAGAAGGGAA-1,-3.2090757,2.4468658,HAP1 MUTYH-/-
TGGGCAAAGATACTGT-1,14.434377,4.3238616,143B
TGGGCAAAGCTGGTAC-1,-6.7221727,8.162243,EOL1
TGGGCACCAAACCGCA-1,20.55825,6.304533,143B
TGGGCACCAAACTGAC-1,15.404706,6.399158,143B
TGGGCACCAAGGTACT-1,14.059582,7.460237,143B
TGGGCACCAATACAGC-1,3.2741895,6.3269114,PF382
TGGGCACCATCAATCT-1,2.8444412,-9.994629,U2OS OGG-/-
TGGGCAGGTAAGTGGC-1,1.8237666,16.817219,TE617T
TGGGCAGGTATTGGTC-1,2.621299,-2.2277935,CHLA06ATRT
TGGGCAGGTTCCGCAA-1,15.2623825,5.793322,143B
TGGGCAGGTTGTAGCT-1,12.846168,14.438854,JM1
TGGGCGAGTAGTCCAT-1,3.6274276,2.4102015,JURKAT
TGGGCGAGTTCAATCA-1,3.1521988,-8.346814,U2OS OGG-/-
TGGGCTTAGGATGTCC-1,5.34372,0.9634085,JURKAT
TGGGCTTAGGTATAGA-1,2.684553,2.052463,JURKAT
TGGGCTTAGGTGCTGT-1,-4.6902404,3.1245577,HAP1 MUTYH-/-
TGGGCTTAGTAGCTTG-1,2.2474637,-9.7744665,U2OS OGG-/-
TGGGCTTAGTTAGACT-1,10.392971,-9.009533,TK6 LIG4-/-
TGGGGCAGTAGTGCGG-1,16.651285,4.4850807,143B
TGGGGCTCAACGTGAT-1,-0.26521093,-2.0845056,HELA XPA-/-
TGGGGCTCAAGTGCGC-1,11.295055,-9.323503,TK6 LIG4-/-
TGGGGTAAGCAAGGTG-1,14.948097,6.7725563,143B
TGGGGTAAGCCATTAG-1,9.881843,-7.8438835,TK6 LIG4-/-
TGGGGTAAGGTACATT-1,-1.1429875,-4.56874,HELA XPA-/-
TGGGGTTTCACACCGG-1,13.542177,6.5794215,143B
TGGGGTTTCCGTTACT-1,9.161554,-3.9981866,CHLA06ATRT
TGGGGTTTCCTGAGAC-1,-0.050014615,12.407375,DND41
TGGGGTTTCGAAGGGC-1,11.248352,-9.227422,TK6 LIG4-/-
TGGGTCACAACTGCCT-1,-3.3674395,-4.061642,HELA XPA-/-
TGGGTCCGTCATCCTC-1,2.797603,7.516431,PF382
TGGGTCCGTGACTCCA-1,15.127369,5.4068956,143B
TGGGTCCGTGCGCATC-1,1.6996516,-10.123689,U2OS OGG-/-
TGGGTGAAGATTGATC-1,3.7978008,-8.488098,U2OS OGG-/-
TGGGTGAAGCGCAACT-1,17.80152,5.5162697,143B
TGGGTTATCAATCTGG-1,1.0140646,-9.422746,U2OS OGG-/-
TGGGTTATCAGTGCTA-1,2.4947057,6.329585,PF382
TGGGTTATCCAACCGG-1,18.126858,5.895867,143B
TGGGTTATCCACCTGC-1,7.306733,15.8990755,SUPT11
TGGGTTATCCAGGTGT-1,-1.1079499,-4.8572865,HELA XPA-/-
TGGGTTGCAACGGCAC-1,15.540803,-4.3913813,C8166
TGGGTTGCACTTGAGG-1,14.207163,13.584216,JM1
TGGTAAGGTCAAGGGT-1,16.694069,6.937182,143B
TGGTAAGGTTATCCAA-1,10.772925,-9.187236,TK6 LIG4-/-
TGGTACGCAAGCCAAT-1,2.6231034,6.9711876,PF382
TGGTACGCAAGTCGAT-1,9.894157,4.0738597,NALM6
TGGTACGCACATTGGG-1,9.460177,-3.337857,CHLA06ATRT
TGGTACGCACCTAATT-1,19.795923,-2.7353888,SAOS2
TGGTACGCATAGAGGA-1,-3.4713051,-3.9492702,HELA XPA-/-
TGGTACGCATGCAGAT-1,3.3489869,-8.475636,U2OS OGG-/-
TGGTAGCTCACTGGCG-1,3.6350324,-9.893501,U2OS OGG-/-
TGGTAGCTCGCATGTA-1,4.149429,2.3896008,JURKAT
TGGTAGGAGTACGGAG-1,9.705994,-10.0276,TK6 LIG4-/-
TGGTAGGAGTAGGAGT-1,11.477312,-10.560433,TK6 LIG4-/-
TGGTAGTCACCTCGAT-1,7.8071523,10.67236,RH30
TGGTATTAGAACCTAT-1,14.6420765,-4.3515553,C8166
TGGTATTAGATTAGAG-1,2.8105645,-8.5072565,U2OS OGG-/-
TGGTATTAGCGGACTT-1,3.5904949,5.9084716,PF382
TGGTATTAGCTTACTC-1,-3.951675,14.35199,KHM1B
TGGTATTAGGATGCCT-1,7.2982244,-2.4625192,CHLA06ATRT
TGGTCAATCAGCTCGG-1,10.804971,-0.5701398,ALLSIL
TGGTCAATCCACCTCA-1,20.733593,-2.5878508,SAOS2
TGGTCAATCCCCAGTC-1,2.5380626,-8.497973,U2OS OGG-/-
TGGTCAATCGTCTAAG-1,5.0483146,7.2744617,PF382
TGGTCACAGCCTGCGA-1,9.887653,-11.449498,TK6 LIG4-/-
TGGTCACAGGGTAGTG-1,-0.9084802,-4.769301,HELA XPA-/-
TGGTCACAGGTTCGAC-1,17.098932,5.490158,143B
TGGTCCCTCACCATAG-1,3.5047019,1.0101303,JURKAT
TGGTCCCTCTGGTAGC-1,13.865904,-4.2859974,C8166
TGGTCCTCAACCTCTA-1,3.1104503,-9.041948,U2OS OGG-/-
TGGTCCTCAATGCCCT-1,15.955597,6.154641,143B
TGGTCCTCACCTCGTG-1,-4.071816,3.4538097,HAP1 MUTYH-/-
TGGTCCTCATAGAGTC-1,16.766619,6.6416116,143B
TGGTCTAAGCCATGCG-1,3.4949124,2.2939923,JURKAT
TGGTCTAAGGTGGCAA-1,11.170393,-8.601409,TK6 LIG4-/-
TGGTGAGAGAAGGTGT-1,3.7149968,1.5127865,JURKAT
TGGTGAGAGGGGTTAG-1,13.417662,13.987253,JM1
TGGTGGTTCCCTTGAT-1,17.364532,6.28585,143B
TGGTGTTGTTTCAGGT-1,1.0693136,5.813891,PF382
TGGTTAACAATCCTTG-1,11.685143,-9.39992,TK6 LIG4-/-
TGGTTAACATCCATGC-1,4.561439,-3.7976947,CHLA06ATRT
TGGTTACGTTGTGAGA-1,17.745152,6.038168,143B
TGGTTACGTTTGAGTC-1,9.527922,-8.733498,TK6 LIG4-/-
TGGTTACGTTTGGGAA-1,14.796751,13.421178,JM1
TGGTTAGTCGTACGGT-1,9.463611,-11.871794,TK6 LIG4-/-
TGGTTAGTCGTTAGAT-1,7.783963,10.055112,RH30
TGGTTATAGTAGGTAA-1,10.999027,-9.442887,TK6 LIG4-/-
TGGTTATAGTCGAGTC-1,-4.8489995,4.0638,HAP1 MUTYH-/-
TGGTTCAAGAATCCTG-1,3.812746,-3.991664,CHLA06ATRT
TGGTTCAAGCTGGTCG-1,9.525732,3.0310764,NALM6
TGGTTCAAGTCGCTCC-1,14.69631,13.57804,JM1
TGGTTCCCAAATGCGT-1,9.089752,-3.3803823,CHLA06ATRT
TGGTTCCCAAGGGTAA-1,2.2504482,-9.935849,U2OS OGG-/-
TGGTTCCCATCCATAT-1,5.109599,5.5183287,PF382
TGGTTTAGTGCGTACC-1,4.2187686,2.3993995,JURKAT
TGGTTTAGTTGCAGTT-1,16.667171,6.524415,143B
TGGTTTGAGAAGCTCC-1,4.722465,-4.452974,CHLA06ATRT
TGGTTTGAGCCAACCG-1,-4.9238925,2.3818784,HAP1 MUTYH-/-
TGTAACCGTAAGTGAT-1,2.8783395,8.76016,PF382
TGTAACCGTGAGCGAT-1,10.374593,-11.005622,TK6 LIG4-/-
TGTAACCGTGATTACC-1,-1.1712291,-4.9684553,HELA XPA-/-
TGTAACCGTTGCGATT-1,12.199706,-0.16917384,ALLSIL
TGTAACTAGGGTGAAT-1,1.0820283,5.9868226,PF382
TGTAACTAGTTACCGA-1,1.3628597,12.105115,DND41
TGTAAGCCAGCCAATG-1,10.795405,-1.3569375,ALLSIL
TGTAAGCCATCATACT-1,11.615867,-0.38659054,ALLSIL
TGTAAGGGTAGCTGCC-1,15.323927,7.145355,143B
TGTAAGGGTATGGTTC-1,14.5461645,6.285584,143B
TGTAAGGGTCATCATA-1,17.002848,4.5453477,143B
TGTAAGGGTCTAGGCC-1,15.138018,-5.635456,C8166
TGTAAGGGTGCGTGTC-1,12.1460905,12.895344,JM1
TGTAAGGGTTTCCGTC-1,17.268213,5.504078,143B
TGTAATGCAAACCGAT-1,14.4785795,4.888101,143B
TGTAATGCAACTAAGC-1,19.13208,5.790984,143B
TGTAATGCATGATCCC-1,9.763466,4.5380707,NALM6
TGTACCCCATTAGAGC-1,3.0289562,7.2113414,PF382
TGTACCGGTGATTGCT-1,14.338758,13.352604,JM1
TGTACCGGTGCGGATG-1,3.3829787,-9.114043,U2OS OGG-/-
TGTACCTTCAGTACCA-1,-2.6664407,-4.3259172,HELA XPA-/-
TGTACCTTCTAATGAC-1,18.143667,5.7575154,143B
TGTACGATCAGCAACC-1,3.1176353,-2.4180527,CHLA06ATRT
TGTACGATCCGTGTCC-1,3.871956,-2.1611445,CHLA06ATRT
TGTACGATCTATGCTC-1,4.492133,-3.600886,CHLA06ATRT
TGTACTGAGCCTGGTG-1,10.326897,-8.804517,TK6 LIG4-/-
TGTACTTCACTCATCA-1,8.173355,3.6580324,NALM6
TGTACTTCATTGCGTC-1,18.15613,8.505561,143B
TGTAGAGGTCAAGGCG-1,0.9264677,11.53878,DND41
TGTAGAGGTGCACCAC-1,2.5548034,15.279067,TE617T
TGTAGCATCCGTGTCC-1,1.0592877,15.656085,TE617T
TGTAGCATCCTGACGG-1,-4.124662,2.5624874,HAP1 MUTYH-/-
TGTAGCATCTGGGACT-1,-1.8577998,-4.729272,HELA XPA-/-
TGTAGCCAGCCCTGTC-1,4.340802,2.656414,JURKAT
TGTAGCCAGCTATGTG-1,1.546359,15.753169,TE617T
TGTAGCCAGCTTCCGC-1,8.531881,6.3150854,NALM6
TGTAGCGCAACATACA-1,5.434118,0.61961424,JURKAT
TGTAGCGCACTATACT-1,1.4054548,15.813271,TE617T
TGTAGCGCATCACTAT-1,16.29428,-4.7655754,C8166
TGTAGCGCATCCACGT-1,9.281436,3.4918077,NALM6
TGTAGCGCATTCGCTA-1,14.035497,-4.1338377,C8166
TGTAGCTGTCCATATA-1,21.414036,-0.21967031,SAOS2
TGTAGCTGTCTCAGTG-1,-4.594953,4.143834,HAP1 MUTYH-/-
TGTAGGTCAAGTGGTT-1,13.3934355,0.16906375,ALLSIL
TGTAGGTCAGCACCTT-1,7.3668084,11.126819,RH30
TGTAGGTCAGGCAAGG-1,14.923407,5.0278997,143B
TGTAGGTCATCGGTCT-1,-3.0858777,4.3462934,HAP1 MUTYH-/-
TGTAGTTAGCGGTCTG-1,11.898199,-9.63765,TK6 LIG4-/-
TGTAGTTAGGTGACGA-1,16.372639,-4.6932282,C8166
TGTAGTTAGTGTCAAT-1,-3.765613,3.9739916,HAP1 MUTYH-/-
TGTATAGCATTGGAGT-1,9.955489,-10.034512,TK6 LIG4-/-
TGTATCAGTGATGCCC-1,20.636194,-2.4165263,SAOS2
TGTATCAGTTAACCCG-1,14.954547,5.5598564,143B
TGTATCCTCCGTGAGT-1,0.7534299,15.486313,TE617T
TGTATCCTCGCTAGTA-1,4.343128,-4.1613927,CHLA06ATRT
TGTATCCTCTAACTGG-1,6.234358,11.770268,RH30
TGTATGGTCACCTAAG-1,14.959839,-5.081059,C8166
TGTATGGTCCTGAGAC-1,17.525501,6.854524,143B
TGTATGGTCGACCAGT-1,16.011118,-5.04721,C8166
TGTATTCCAAAGGGAC-1,2.3532572,-9.938659,U2OS OGG-/-
TGTATTCCAATTGAGC-1,2.4499438,9.020361,PF382
TGTATTGGTAATGGCA-1,-4.6830397,4.411793,HAP1 MUTYH-/-
TGTATTGGTTATGGCT-1,10.674146,-8.177497,TK6 LIG4-/-
TGTCACCCACCTTAGC-1,1.0060229,15.503122,TE617T
TGTCACCCAGCACGAC-1,15.519541,4.311733,143B
TGTCACCCAGGTTGCA-1,17.693222,6.5235677,143B
TGTCACCCATCCTAAT-1,17.437271,7.073558,143B
TGTCACTTCACGCGCA-1,1.6162041,-8.979943,U2OS OGG-/-
TGTCACTTCCCGCGTT-1,14.024825,-4.196466,C8166
TGTCACTTCCTGAGTA-1,3.8920362,-8.777709,U2OS OGG-/-
TGTCAGGCAACTTCGC-1,13.390908,-0.9095357,ALLSIL
TGTCAGGCACAATCGG-1,7.0643506,-3.514133,CHLA06ATRT
TGTCAGGCACCTTAGC-1,16.10835,5.4718924,143B
TGTCAGGCAGTTGCGA-1,14.643913,-4.21252,C8166
TGTCAGGCATCCGCTG-1,14.071658,14.559352,JM1
TGTCATGAGCCTGAGT-1,13.426378,13.604175,JM1
TGTCATGAGGAGCTTC-1,14.400949,13.514974,JM1
TGTCATGAGTAACCTG-1,13.941242,5.135308,143B
TGTCATTCAGCTCTCG-1,13.010432,14.261772,JM1
TGTCATTCATCCAATT-1,3.4832332,5.597414,PF382
TGTCCACCAAGCTAGT-1,-3.68275,13.757159,KHM1B
TGTCCACCAGGTTGCA-1,1.6060385,-10.036533,U2OS OGG-/-
TGTCCACCATCAAGGT-1,11.782378,11.107897,JM1
TGTCCAGGTAGCGGCA-1,19.916807,-0.9153181,SAOS2
TGTCCAGGTGATAGGC-1,18.042587,6.546512,143B
TGTCCAGGTTAAGCTC-1,10.279873,0.19311263,ALLSIL
TGTCCCATCACTCTGT-1,4.2884846,1.855114,JURKAT
TGTCCCATCGCTCACC-1,-2.958462,-4.023425,HELA XPA-/-
TGTCCCGCAATCGTAA-1,10.387284,-0.42251882,ALLSIL
TGTCCCTGTCTTGCCT-1,14.430414,13.894363,JM1
TGTCCGGAGCCGCGTA-1,14.215019,-4.694885,C8166
TGTCCGGAGGTAGGTG-1,2.6799707,8.371038,PF382
TGTCCTTAGGTAATGA-1,20.017483,-0.7364948,SAOS2
TGTCCTTAGTTACAGT-1,7.4687757,11.534214,RH30
TGTCGAATCCTGCTCA-1,4.299093,-8.192397,U2OS OGG-/-
TGTCGAATCTGTGCCC-1,-2.6182,4.541293,HAP1 MUTYH-/-
TGTCGATGTATTAGCC-1,9.229409,-10.204128,TK6 LIG4-/-
TGTCGATGTATTGAGG-1,3.0587902,-8.3762045,U2OS OGG-/-
TGTCGATGTTCGATAC-1,3.2538316,-7.9221897,U2OS OGG-/-
TGTCGATGTTGCCTTC-1,-4.0183873,2.2976367,HAP1 MUTYH-/-
TGTCGTCCAAGGGCTC-1,13.973126,12.861028,JM1
TGTCGTTTCAGTAGCC-1,8.103598,4.359906,NALM6
TGTCGTTTCATGGCTA-1,8.990542,-3.128082,CHLA06ATRT
TGTCGTTTCATGGTTG-1,3.4445865,-8.184196,U2OS OGG-/-
TGTCGTTTCCCCATTG-1,9.468229,3.125931,NALM6
TGTCGTTTCGAGTCCG-1,-2.73911,4.1709504,HAP1 MUTYH-/-
TGTCTAAGTAGTCATC-1,3.5936382,7.019657,PF382
TGTCTAAGTCAAGTCT-1,3.4094596,-9.046259,U2OS OGG-/-
TGTCTAAGTTCGTTGG-1,3.1360223,1.3116771,JURKAT
TGTCTCACAACTAATG-1,7.0600185,15.632378,SUPT11
TGTCTCACAGGTTCCT-1,5.676741,0.69764435,JURKAT
TGTCTCACATCCTCGG-1,-0.22728397,12.340494,DND41
TGTCTGTTCACCAGAC-1,-0.26289764,11.438755,DND41
TGTCTGTTCCAACTAG-1,14.340293,-5.0509915,C8166
TGTCTTGCAATGAGTC-1,10.003056,-8.55971,TK6 LIG4-/-
TGTCTTGCACATAGCG-1,17.338701,4.656455,143B
TGTCTTGCACTCATGC-1,-2.4380074,-3.619709,HELA XPA-/-
TGTGAACCATAGACAC-1,7.5306234,10.206878,RH30
TGTGAAGGTCATGAAG-1,20.49837,-1.0581702,SAOS2
TGTGAAGGTTCGCAGC-1,-4.134567,14.457986,KHM1B
TGTGAGGAGCCGACCA-1,17.793789,4.7976847,143B
TGTGAGGAGTGACCTA-1,2.6430206,-9.069325,U2OS OGG-/-
TGTGATTAGGGGATTG-1,17.636404,4.5766883,143B
TGTGATTAGTCGCAGT-1,-2.7290351,-3.8102388,HELA XPA-/-
TGTGCAATCCATAGTG-1,2.9959056,5.2959185,PF382
TGTGCAATCCGCGTGA-1,17.277098,5.810867,143B
TGTGCAATCCTGCGAG-1,4.1614423,-3.6264632,CHLA06ATRT
TGTGCCAGTCTTACCC-1,9.920551,-9.914547,TK6 LIG4-/-
TGTGCCAGTCTTGACG-1,3.04237,6.147419,PF382
TGTGCCAGTTATCGGT-1,13.769007,-0.7835759,ALLSIL
TGTGCCAGTTTACGGT-1,4.826398,7.138036,PF382
TGTGCCAGTTTCGCTC-1,11.396369,0.7285098,ALLSIL
TGTGCCCTCGTGAATT-1,3.6960227,1.4749296,JURKAT
TGTGCCCTCTATGCAG-1,8.148502,17.0259,SUPT11
TGTGCCTCAACCCTGT-1,9.317276,-4.094501,CHLA06ATRT
TGTGCCTCAGTTGGGC-1,-4.0498157,-2.7804344,HELA XPA-/-
TGTGCCTCATGCTGAG-1,0.9947626,9.180215,PF382
TGTGCGCGTTATCTCT-1,4.0431943,-7.6089563,U2OS OGG-/-
TGTGCGCGTTCCGGTA-1,3.5627208,-3.8752303,CHLA06ATRT
TGTGCTGGTTCGATTA-1,9.987534,-11.202192,TK6 LIG4-/-
TGTGGTCAGCAATTAC-1,-4.123613,2.5283394,HAP1 MUTYH-/-
TGTGGTCAGCGCAACT-1,9.625381,4.04822,NALM6
TGTGGTCAGGATCTGC-1,10.871066,-0.5360105,ALLSIL
TGTGGTTGTAGCTCCA-1,18.005392,4.4732428,143B
TGTGGTTGTATTGGTC-1,10.714407,0.68021625,ALLSIL
TGTGGTTGTGCAATCT-1,14.052381,-4.3103595,C8166
TGTGGTTGTTGCCCTT-1,9.837245,4.997726,NALM6
TGTGGTTGTTGGGCCT-1,16.92897,6.6030784,143B
TGTGTACGTTAACCCG-1,1.7494407,5.364286,PF382
TGTGTACGTTCTGGAT-1,14.31853,4.9258738,143B
TGTGTTAGTATTGACC-1,11.040099,-9.525959,TK6 LIG4-/-
TGTGTTAGTCTCCACT-1,20.60564,-1.2571563,SAOS2
TGTGTTAGTTATATCG-1,18.524845,4.764605,143B
TGTGTTAGTTGGTTCG-1,21.124952,-1.8876318,SAOS2
TGTGTTGAGTAAGTAG-1,19.85093,-0.61186767,SAOS2
TGTGTTGAGTCGCGTG-1,18.17022,8.2642145,143B
