UMI,contig,start,end,deletion_length,deleted_sequence,flank_sequence,microhomology_length,sample,cell_line,condition,timepoint,replicate
CACGTAGGAGAAATA,GFP_BAR_DSBR_2,34.0,49.0,14,TTCCTCTAGTACTG,TTCCTCTATTCCTG,8,TK6_LIG4_4h_BR0,TK6,LIG4,4h,BR0
TTCTATCTCTAATCT,GFP_BAR_DSBR_2,34.0,49.0,14,TTCCTCTAGTACTG,TTCCTCTATTCCTG,8,TK6_LIG4_4h_BR0,TK6,LIG4,4h,BR0
AGAACGCTATTCGTA,GFP_BAR_DSBR_2,34.0,49.0,14,TTCCTCTAGTACTG,TTCCTCTATTCCTG,8,TK6_LIG4_4h_BR0,TK6,LIG4,4h,BR0
ATTAGTTAAATTTAA,GFP_BAR_DSBR_2,34.0,49.0,14,TTCCTCTAGTACTG,TTCCTCTATTCCTG,8,TK6_LIG4_4h_BR0,TK6,LIG4,4h,BR0
GTGACTTTCAAAAAG,GFP_BAR_DSBR_2,34.0,49.0,14,TTCCTCTAGTACTG,TTCCTCTATTCCTG,8,TK6_LIG4_4h_BR0,TK6,LIG4,4h,BR0
GAGAATATCAAAGAC,GFP_BAR_DSBR_2,34.0,49.0,14,TTCCTCTAGTACTG,TTCCTCTATTCCTG,8,TK6_LIG4_4h_BR0,TK6,LIG4,4h,BR0
TTAAAAATAGTACAA,GFP_BAR_DSBR_2,34.0,49.0,14,TTCCTCTAGTACTG,TTCCTCTATTCCTG,8,TK6_LIG4_4h_BR0,TK6,LIG4,4h,BR0
ACAACGAGAAATAAA,GFP_BAR_DSBR_2,34.0,49.0,14,TTCCTCTAGTACTG,TTCCTCTATTCCTG,8,TK6_LIG4_4h_BR0,TK6,LIG4,4h,BR0
ATTGCCGTTATTAAG,GFP_BAR_DSBR_2,34.0,49.0,14,TTCCTCTAGTACTG,TTCCTCTATTCCTG,8,TK6_LIG4_4h_BR0,TK6,LIG4,4h,BR0
ATATAAGTACTCCTA,GFP_BAR_DSBR_2,34.0,49.0,14,TTCCTCTAGTACTG,TTCCTCTATTCCTG,8,TK6_LIG4_4h_BR0,TK6,LIG4,4h,BR0
AGCATCCATTTTTCT,GFP_BAR_DSBR_2,34.0,49.0,14,TTCCTCTAGTACTG,TTCCTCTATTCCTG,8,TK6_LIG4_4h_BR0,TK6,LIG4,4h,BR0
CCCTACTCTCAACTG,GFP_BAR_DSBR_2,34.0,49.0,14,TTCCTCTAGTACTG,TTCCTCTATTCCTG,8,TK6_LIG4_4h_BR0,TK6,LIG4,4h,BR0
AAAAAGACAATCCTC,GFP_BAR_DSBR_2,34.0,49.0,14,TTCCTCTAGTACTG,TTCCTCTATTCCTG,8,TK6_LIG4_4h_BR0,TK6,LIG4,4h,BR0
TGGTGTTAGACCAAA,GFP_BAR_DSBR_2,34.0,49.0,14,TTCCTCTAGTACTG,TTCCTCTATTCCTG,8,TK6_LIG4_4h_BR0,TK6,LIG4,4h,BR0
TGTAAACAGCTAATA,GFP_BAR_DSBR_2,34.0,49.0,14,TTCCTCTAGTACTG,TTCCTCTATTCCTG,8,TK6_LIG4_4h_BR0,TK6,LIG4,4h,BR0
ACTTGACCCCCATGG,GFP_BAR_DSBR_2,34.0,49.0,14,TTCCTCTAGTACTG,TTCCTCTATTCCTG,8,TK6_LIG4_4h_BR0,TK6,LIG4,4h,BR0
TGACCCGATAAAACA,GFP_BAR_DSBR_2,34.0,49.0,14,TTCCTCTAGTACTG,TTCCTCTATTCCTG,8,TK6_LIG4_4h_BR0,TK6,LIG4,4h,BR0
CACTTAAATTCAACC,GFP_BAR_DSBR_2,34.0,49.0,14,TTCCTCTAGTACTG,TTCCTCTATTCCTG,8,TK6_LIG4_4h_BR0,TK6,LIG4,4h,BR0
AGAATGATACAGCAA,GFP_BAR_DSBR_2,34.0,49.0,14,TTCCTCTAGTACTG,TTCCTCTATTCCTG,8,TK6_LIG4_4h_BR0,TK6,LIG4,4h,BR0
ACCACGAGCTATCCA,GFP_BAR_DSBR_2,34.0,49.0,14,TTCCTCTAGTACTG,TTCCTCTATTCCTG,8,TK6_LIG4_4h_BR0,TK6,LIG4,4h,BR0
CAGGGAGGATAAGAC,GFP_BAR_DSBR_2,34.0,49.0,14,TTCCTCTAGTACTG,TTCCTCTATTCCTG,8,TK6_LIG4_4h_BR0,TK6,LIG4,4h,BR0
AAGGCCAAGGACGTA,GFP_BAR_DSBR_2,34.0,49.0,14,TTCCTCTAGTACTG,TTCCTCTATTCCTG,8,TK6_LIG4_4h_BR0,TK6,LIG4,4h,BR0
ACTTCTATATTATTT,GFP_BAR_DSBR_2,34.0,49.0,14,TTCCTCTAGTACTG,TTCCTCTATTCCTG,8,TK6_LIG4_4h_BR0,TK6,LIG4,4h,BR0
AACGATACTCCCACG,GFP_BAR_DSBR_2,34.0,49.0,14,TTCCTCTAGTACTG,TTCCTCTATTCCTG,8,TK6_LIG4_4h_BR0,TK6,LIG4,4h,BR0
CAGTTAGATAGCTAT,GFP_BAR_DSBR_2,34.0,49.0,14,TTCCTCTAGTACTG,TTCCTCTATTCCTG,8,TK6_LIG4_4h_BR0,TK6,LIG4,4h,BR0
TATAAGCTATTGGAA,GFP_BAR_DSBR_2,34.0,49.0,14,TTCCTCTAGTACTG,TTCCTCTATTCCTG,8,TK6_LIG4_4h_BR0,TK6,LIG4,4h,BR0
AACAATCATTAAAGT,GFP_BAR_DSBR_2,34.0,49.0,14,TTCCTCTAGTACTG,TTCCTCTATTCCTG,8,TK6_LIG4_4h_BR0,TK6,LIG4,4h,BR0
CATAAAAAACATTTA,GFP_BAR_DSBR_2,34.0,49.0,14,TTCCTCTAGTACTG,TTCCTCTATTCCTG,8,TK6_LIG4_4h_BR0,TK6,LIG4,4h,BR0
GGGGCAGGGAACGAG,GFP_BAR_DSBR_2,34.0,49.0,14,TTCCTCTAGTACTG,TTCCTCTATTCCTG,8,TK6_LIG4_4h_BR0,TK6,LIG4,4h,BR0
TGCTTTTATTCGAGA,GFP_BAR_DSBR_2,34.0,49.0,14,TTCCTCTAGTACTG,TTCCTCTATTCCTG,8,TK6_LIG4_4h_BR0,TK6,LIG4,4h,BR0
TTTTGCCTTTTTAAT,GFP_BAR_DSBR_2,34.0,49.0,14,TTCCTCTAGTACTG,TTCCTCTATTCCTG,8,TK6_LIG4_4h_BR0,TK6,LIG4,4h,BR0
CCGAAACACCAACAG,GFP_BAR_DSBR_2,34.0,49.0,14,TTCCTCTAGTACTG,TTCCTCTATTCCTG,8,TK6_LIG4_4h_BR0,TK6,LIG4,4h,BR0
TACTCCGACGCGGCG,GFP_BAR_DSBR_2,34.0,49.0,14,TTCCTCTAGTACTG,TTCCTCTATTCCTG,8,TK6_LIG4_4h_BR0,TK6,LIG4,4h,BR0
TGTCAATCTCCGCCG,GFP_BAR_DSBR_2,34.0,49.0,14,TTCCTCTAGTACTG,TTCCTCTATTCCTG,8,TK6_LIG4_4h_BR0,TK6,LIG4,4h,BR0
CTGGACTTCACACGA,GFP_BAR_DSBR_2,34.0,49.0,14,TTCCTCTAGTACTG,TTCCTCTATTCCTG,8,TK6_LIG4_4h_BR0,TK6,LIG4,4h,BR0
GGTACTCTAAGCATG,GFP_BAR_DSBR_2,34.0,49.0,14,TTCCTCTAGTACTG,TTCCTCTATTCCTG,8,TK6_LIG4_4h_BR0,TK6,LIG4,4h,BR0
AAATTACATGGACGA,GFP_BAR_DSBR_2,34.0,49.0,14,TTCCTCTAGTACTG,TTCCTCTATTCCTG,8,TK6_LIG4_4h_BR0,TK6,LIG4,4h,BR0
TCATTGGAACTCCTG,GFP_BAR_DSBR_2,34.0,49.0,14,TTCCTCTAGTACTG,TTCCTCTATTCCTG,8,TK6_LIG4_4h_BR0,TK6,LIG4,4h,BR0
AAAAACGCCTACGTA,GFP_BAR_DSBR_2,34.0,49.0,14,TTCCTCTAGTACTG,TTCCTCTATTCCTG,8,TK6_LIG4_4h_BR0,TK6,LIG4,4h,BR0
ATCATCGGATGAGAG,GFP_BAR_DSBR_2,34.0,49.0,14,TTCCTCTAGTACTG,TTCCTCTATTCCTG,8,TK6_LIG4_4h_BR0,TK6,LIG4,4h,BR0
CTAGTCTACTTAATA,GFP_BAR_DSBR_2,34.0,49.0,14,TTCCTCTAGTACTG,TTCCTCTATTCCTG,8,TK6_LIG4_4h_BR0,TK6,LIG4,4h,BR0
TAAAGAACAACACTA,GFP_BAR_DSBR_2,34.0,49.0,14,TTCCTCTAGTACTG,TTCCTCTATTCCTG,8,TK6_LIG4_4h_BR0,TK6,LIG4,4h,BR0
GCGGCAAAATCAACA,GFP_BAR_DSBR_2,34.0,49.0,14,TTCCTCTAGTACTG,TTCCTCTATTCCTG,8,TK6_LIG4_4h_BR0,TK6,LIG4,4h,BR0
TTTAAGATCTGGACA,GFP_BAR_DSBR_2,34.0,49.0,14,TTCCTCTAGTACTG,TTCCTCTATTCCTG,8,TK6_LIG4_4h_BR0,TK6,LIG4,4h,BR0
TTATTGGACCGCGGA,GFP_BAR_DSBR_2,34.0,49.0,14,TTCCTCTAGTACTG,TTCCTCTATTCCTG,8,TK6_LIG4_4h_BR0,TK6,LIG4,4h,BR0
CGTATAAGCCCAGAT,GFP_BAR_DSBR_2,34.0,49.0,14,TTCCTCTAGTACTG,TTCCTCTATTCCTG,8,TK6_LIG4_4h_BR0,TK6,LIG4,4h,BR0
TACAGACGAAAAAAC,GFP_BAR_DSBR_2,34.0,49.0,14,TTCCTCTAGTACTG,TTCCTCTATTCCTG,8,TK6_LIG4_4h_BR0,TK6,LIG4,4h,BR0
CCGGACTCGTTCCTT,GFP_BAR_DSBR_2,34.0,49.0,14,TTCCTCTAGTACTG,TTCCTCTATTCCTG,8,TK6_LIG4_4h_BR0,TK6,LIG4,4h,BR0
ACATAAAAATAAACG,GFP_BAR_DSBR_2,34.0,49.0,14,TTCCTCTAGTACTG,TTCCTCTATTCCTG,8,TK6_LIG4_4h_BR0,TK6,LIG4,4h,BR0
TTACCATCCGCCAGA,GFP_BAR_DSBR_2,34.0,49.0,14,TTCCTCTAGTACTG,TTCCTCTATTCCTG,8,TK6_LIG4_4h_BR0,TK6,LIG4,4h,BR0
CACCGAAAACTAACG,GFP_BAR_DSBR_2,34.0,49.0,14,TTCCTCTAGTACTG,TTCCTCTATTCCTG,8,TK6_LIG4_4h_BR0,TK6,LIG4,4h,BR0
AGAAATAAAATACAA,GFP_BAR_DSBR_2,34.0,49.0,14,TTCCTCTAGTACTG,TTCCTCTATTCCTG,8,TK6_LIG4_4h_BR0,TK6,LIG4,4h,BR0
TCTTTATTGTAGAAT,GFP_BAR_DSBR_2,34.0,49.0,14,TTCCTCTAGTACTG,TTCCTCTATTCCTG,8,TK6_LIG4_4h_BR0,TK6,LIG4,4h,BR0
ATTAAAATATCAACT,GFP_BAR_DSBR_2,34.0,49.0,14,TTCCTCTAGTACTG,TTCCTCTATTCCTG,8,TK6_LIG4_4h_BR0,TK6,LIG4,4h,BR0
GCTTAAGCGACAGTG,GFP_BAR_DSBR_2,34.0,49.0,14,TTCCTCTAGTACTG,TTCCTCTATTCCTG,8,TK6_LIG4_4h_BR0,TK6,LIG4,4h,BR0
CACTCAGCATTTTAA,GFP_BAR_DSBR_2,34.0,49.0,14,TTCCTCTAGTACTG,TTCCTCTATTCCTG,8,TK6_LIG4_4h_BR0,TK6,LIG4,4h,BR0
AGGAGGAGATGCGTA,GFP_BAR_DSBR_2,34.0,49.0,14,TTCCTCTAGTACTG,TTCCTCTATTCCTG,8,TK6_LIG4_4h_BR0,TK6,LIG4,4h,BR0
AAATTGAGCCAATGA,GFP_BAR_DSBR_2,34.0,49.0,14,TTCCTCTAGTACTG,TTCCTCTATTCCTG,8,TK6_LIG4_4h_BR0,TK6,LIG4,4h,BR0
TATCTATCACGCTAT,GFP_BAR_DSBR_2,34.0,49.0,14,TTCCTCTAGTACTG,TTCCTCTATTCCTG,8,TK6_LIG4_4h_BR0,TK6,LIG4,4h,BR0
AATTAACCTACATCT,GFP_BAR_DSBR_2,34.0,49.0,14,TTCCTCTAGTACTG,TTCCTCTATTCCTG,8,TK6_LIG4_4h_BR0,TK6,LIG4,4h,BR0
CAAACCTTAGTGTGA,GFP_BAR_DSBR_2,34.0,49.0,14,TTCCTCTAGTACTG,TTCCTCTATTCCTG,8,TK6_LIG4_4h_BR0,TK6,LIG4,4h,BR0
CTCTGCTCTAATAAA,GFP_BAR_DSBR_2,34.0,49.0,14,TTCCTCTAGTACTG,TTCCTCTATTCCTG,8,TK6_LIG4_4h_BR0,TK6,LIG4,4h,BR0
CAATAATACTGAGGT,GFP_BAR_DSBR_2,34.0,49.0,14,TTCCTCTAGTACTG,TTCCTCTATTCCTG,8,TK6_LIG4_4h_BR0,TK6,LIG4,4h,BR0
GTCTGGGGAGACGAA,GFP_BAR_DSBR_2,34.0,49.0,14,TTCCTCTAGTACTG,TTCCTCTATTCCTG,8,TK6_LIG4_4h_BR0,TK6,LIG4,4h,BR0
TCCCTACGGCAATGA,GFP_BAR_DSBR_2,34.0,49.0,14,TTCCTCTAGTACTG,TTCCTCTATTCCTG,8,TK6_LIG4_4h_BR0,TK6,LIG4,4h,BR0
TAGCAACACTACTTT,GFP_BAR_DSBR_2,34.0,49.0,14,TTCCTCTAGTACTG,TTCCTCTATTCCTG,8,TK6_LIG4_4h_BR0,TK6,LIG4,4h,BR0
CTTGGATGTCGCTCG,GFP_BAR_DSBR_2,34.0,49.0,14,TTCCTCTAGTACTG,TTCCTCTATTCCTG,8,TK6_LIG4_4h_BR0,TK6,LIG4,4h,BR0
TAAAACTAGTATGTT,GFP_BAR_DSBR_2,34.0,49.0,14,TTCCTCTAGTACTG,TTCCTCTATTCCTG,8,TK6_LIG4_4h_BR0,TK6,LIG4,4h,BR0
AGATTAAATGGAGAG,GFP_BAR_DSBR_2,34.0,49.0,14,TTCCTCTAGTACTG,TTCCTCTATTCCTG,8,TK6_LIG4_4h_BR0,TK6,LIG4,4h,BR0
GGGATCACAGAGCGA,GFP_BAR_DSBR_2,34.0,49.0,14,TTCCTCTAGTACTG,TTCCTCTATTCCTG,8,TK6_LIG4_4h_BR0,TK6,LIG4,4h,BR0
CTAAATATAATGACG,GFP_BAR_DSBR_2,34.0,49.0,14,TTCCTCTAGTACTG,TTCCTCTATTCCTG,8,TK6_LIG4_4h_BR0,TK6,LIG4,4h,BR0
CACGAAAGAATAGAA,GFP_BAR_DSBR_2,34.0,49.0,14,TTCCTCTAGTACTG,TTCCTCTATTCCTG,8,TK6_LIG4_4h_BR0,TK6,LIG4,4h,BR0
CGCTAGAAATCAACC,GFP_BAR_DSBR_2,34.0,49.0,14,TTCCTCTAGTACTG,TTCCTCTATTCCTG,8,TK6_LIG4_4h_BR0,TK6,LIG4,4h,BR0
CCCCCCGCACTACTG,GFP_BAR_DSBR_2,34.0,49.0,14,TTCCTCTAGTACTG,TTCCTCTATTCCTG,8,TK6_LIG4_4h_BR0,TK6,LIG4,4h,BR0
TGCTAGATCATATGA,GFP_BAR_DSBR_2,34.0,49.0,14,TTCCTCTAGTACTG,TTCCTCTATTCCTG,8,TK6_LIG4_4h_BR0,TK6,LIG4,4h,BR0
AAAACAAGTCCAAAT,GFP_BAR_DSBR_2,34.0,49.0,14,TTCCTCTAGTACTG,TTCCTCTATTCCTG,8,TK6_LIG4_4h_BR0,TK6,LIG4,4h,BR0
TTACATAATATTGTG,GFP_BAR_DSBR_2,34.0,49.0,14,TTCCTCTAGTACTG,TTCCTCTATTCCTG,8,TK6_LIG4_4h_BR0,TK6,LIG4,4h,BR0
TTAGTTAGCAGACAA,GFP_BAR_DSBR_2,34.0,49.0,14,TTCCTCTAGTACTG,TTCCTCTATTCCTG,8,TK6_LIG4_4h_BR0,TK6,LIG4,4h,BR0
GACCCGACAGTATGA,GFP_BAR_DSBR_2,34.0,49.0,14,TTCCTCTAGTACTG,TTCCTCTATTCCTG,8,TK6_LIG4_4h_BR0,TK6,LIG4,4h,BR0
TTCTTGAGCATTATA,GFP_BAR_DSBR_2,34.0,49.0,14,TTCCTCTAGTACTG,TTCCTCTATTCCTG,8,TK6_LIG4_4h_BR0,TK6,LIG4,4h,BR0
TTTTGGGATGAACAT,GFP_BAR_DSBR_2,34.0,49.0,14,TTCCTCTAGTACTG,TTCCTCTATTCCTG,8,TK6_LIG4_4h_BR0,TK6,LIG4,4h,BR0
CACAATAACGCATAA,GFP_BAR_DSBR_2,34.0,49.0,14,TTCCTCTAGTACTG,TTCCTCTATTCCTG,8,TK6_LIG4_4h_BR0,TK6,LIG4,4h,BR0
ACCCCCTACCGCTCG,GFP_BAR_DSBR_2,34.0,49.0,14,TTCCTCTAGTACTG,TTCCTCTATTCCTG,8,TK6_LIG4_4h_BR0,TK6,LIG4,4h,BR0
AACTACCTACACCAA,GFP_BAR_DSBR_2,34.0,49.0,14,TTCCTCTAGTACTG,TTCCTCTATTCCTG,8,TK6_LIG4_4h_BR0,TK6,LIG4,4h,BR0
CTTCATAAATAAATA,GFP_BAR_DSBR_2,34.0,49.0,14,TTCCTCTAGTACTG,TTCCTCTATTCCTG,8,TK6_LIG4_4h_BR0,TK6,LIG4,4h,BR0
AGCACAATTGAGTCT,GFP_BAR_DSBR_2,34.0,49.0,14,TTCCTCTAGTACTG,TTCCTCTATTCCTG,8,TK6_LIG4_4h_BR0,TK6,LIG4,4h,BR0
CAGTACCCAAAACAA,GFP_BAR_DSBR_2,34.0,49.0,14,TTCCTCTAGTACTG,TTCCTCTATTCCTG,8,TK6_LIG4_4h_BR0,TK6,LIG4,4h,BR0
GAGGCATAATAATCT,GFP_BAR_DSBR_2,34.0,49.0,14,TTCCTCTAGTACTG,TTCCTCTATTCCTG,8,TK6_LIG4_4h_BR0,TK6,LIG4,4h,BR0
GAGAAATTGCCGAGC,GFP_BAR_DSBR_2,34.0,49.0,14,TTCCTCTAGTACTG,TTCCTCTATTCCTG,8,TK6_LIG4_4h_BR0,TK6,LIG4,4h,BR0
TATAACAACTGTAAT,GFP_BAR_DSBR_2,34.0,49.0,14,TTCCTCTAGTACTG,TTCCTCTATTCCTG,8,TK6_LIG4_4h_BR0,TK6,LIG4,4h,BR0
TGTCTCAATTCAAAG,GFP_BAR_DSBR_2,34.0,49.0,14,TTCCTCTAGTACTG,TTCCTCTATTCCTG,8,TK6_LIG4_4h_BR0,TK6,LIG4,4h,BR0
CCAGAAATCACCATA,GFP_BAR_DSBR_2,34.0,49.0,14,TTCCTCTAGTACTG,TTCCTCTATTCCTG,8,TK6_LIG4_4h_BR0,TK6,LIG4,4h,BR0
AAAGAGCAAGGCTTA,GFP_BAR_DSBR_2,34.0,49.0,14,TTCCTCTAGTACTG,TTCCTCTATTCCTG,8,TK6_LIG4_4h_BR0,TK6,LIG4,4h,BR0
TGTACTAAACCACCC,GFP_BAR_DSBR_2,34.0,49.0,14,TTCCTCTAGTACTG,TTCCTCTATTCCTG,8,TK6_LIG4_4h_BR0,TK6,LIG4,4h,BR0
TAACCACTGGTAGAT,GFP_BAR_DSBR_2,34.0,49.0,14,TTCCTCTAGTACTG,TTCCTCTATTCCTG,8,TK6_LIG4_4h_BR0,TK6,LIG4,4h,BR0
AAAAAGTGACACACA,GFP_BAR_DSBR_2,34.0,49.0,14,TTCCTCTAGTACTG,TTCCTCTATTCCTG,8,TK6_LIG4_4h_BR0,TK6,LIG4,4h,BR0
ACGGAGGAAGTTGGT,GFP_BAR_DSBR_2,34.0,49.0,14,TTCCTCTAGTACTG,TTCCTCTATTCCTG,8,TK6_LIG4_4h_BR0,TK6,LIG4,4h,BR0
TTTACCCTAAAATTG,GFP_BAR_DSBR_2,34.0,49.0,14,TTCCTCTAGTACTG,TTCCTCTATTCCTG,8,TK6_LIG4_4h_BR0,TK6,LIG4,4h,BR0
CTCACTAGTCTCGTT,GFP_BAR_DSBR_2,34.0,49.0,14,TTCCTCTAGTACTG,TTCCTCTATTCCTG,8,TK6_LIG4_4h_BR0,TK6,LIG4,4h,BR0
GTAAAAAGACGGTAT,GFP_BAR_DSBR_2,34.0,49.0,14,TTCCTCTAGTACTG,TTCCTCTATTCCTG,8,TK6_LIG4_4h_BR0,TK6,LIG4,4h,BR0
CCTTCCCACATTTCG,GFP_BAR_DSBR_2,34.0,49.0,14,TTCCTCTAGTACTG,TTCCTCTATTCCTG,8,TK6_LIG4_4h_BR0,TK6,LIG4,4h,BR0
CAAGGTGGGAGGACG,GFP_BAR_DSBR_2,34.0,49.0,14,TTCCTCTAGTACTG,TTCCTCTATTCCTG,8,TK6_LIG4_4h_BR0,TK6,LIG4,4h,BR0
TCCACTGCCTTTTTT,GFP_BAR_DSBR_2,34.0,49.0,14,TTCCTCTAGTACTG,TTCCTCTATTCCTG,8,TK6_LIG4_4h_BR0,TK6,LIG4,4h,BR0
GGTACACAGTACCGA,GFP_BAR_DSBR_2,34.0,49.0,14,TTCCTCTAGTACTG,TTCCTCTATTCCTG,8,TK6_LIG4_4h_BR0,TK6,LIG4,4h,BR0
ATTCACCTCGTAATA,GFP_BAR_DSBR_2,34.0,49.0,14,TTCCTCTAGTACTG,TTCCTCTATTCCTG,8,TK6_LIG4_4h_BR0,TK6,LIG4,4h,BR0
TTCAGCAGAGATTAT,GFP_BAR_DSBR_2,34.0,49.0,14,TTCCTCTAGTACTG,TTCCTCTATTCCTG,8,TK6_LIG4_4h_BR0,TK6,LIG4,4h,BR0
AATTTTCCAAAGCAA,GFP_BAR_DSBR_2,34.0,49.0,14,TTCCTCTAGTACTG,TTCCTCTATTCCTG,8,TK6_LIG4_4h_BR0,TK6,LIG4,4h,BR0
GACATTAAAAAACTG,GFP_BAR_DSBR_2,34.0,49.0,14,TTCCTCTAGTACTG,TTCCTCTATTCCTG,8,TK6_LIG4_4h_BR0,TK6,LIG4,4h,BR0
CCTGTCCTGGGTGGG,GFP_BAR_DSBR_2,34.0,49.0,14,TTCCTCTAGTACTG,TTCCTCTATTCCTG,8,TK6_LIG4_4h_BR0,TK6,LIG4,4h,BR0
CGCACGACAAAAGAC,GFP_BAR_DSBR_2,34.0,49.0,14,TTCCTCTAGTACTG,TTCCTCTATTCCTG,8,TK6_LIG4_4h_BR0,TK6,LIG4,4h,BR0
GTTATAACTTAAAAC,GFP_BAR_DSBR_2,34.0,49.0,14,TTCCTCTAGTACTG,TTCCTCTATTCCTG,8,TK6_LIG4_4h_BR0,TK6,LIG4,4h,BR0
GGATATACAATTAAA,GFP_BAR_DSBR_2,34.0,49.0,14,TTCCTCTAGTACTG,TTCCTCTATTCCTG,8,TK6_LIG4_4h_BR0,TK6,LIG4,4h,BR0
ACTCACGATACACCA,GFP_BAR_DSBR_2,34.0,49.0,14,TTCCTCTAGTACTG,TTCCTCTATTCCTG,8,TK6_LIG4_4h_BR0,TK6,LIG4,4h,BR0
AGCGTTAGGGGGGGT,GFP_BAR_DSBR_2,34.0,49.0,14,TTCCTCTAGTACTG,TTCCTCTATTCCTG,8,TK6_LIG4_4h_BR0,TK6,LIG4,4h,BR0
GTCTGGGAGCCTATC,GFP_BAR_DSBR_2,34.0,49.0,14,TTCCTCTAGTACTG,TTCCTCTATTCCTG,8,TK6_LIG4_4h_BR0,TK6,LIG4,4h,BR0
AAAGGGGGTAACACA,GFP_BAR_DSBR_2,34.0,49.0,14,TTCCTCTAGTACTG,TTCCTCTATTCCTG,8,TK6_LIG4_4h_BR0,TK6,LIG4,4h,BR0
GGATACATAATTCTA,GFP_BAR_DSBR_2,34.0,49.0,14,TTCCTCTAGTACTG,TTCCTCTATTCCTG,8,TK6_LIG4_4h_BR0,TK6,LIG4,4h,BR0
TCAATGAAACAGAGA,GFP_BAR_DSBR_2,34.0,49.0,14,TTCCTCTAGTACTG,TTCCTCTATTCCTG,8,TK6_LIG4_4h_BR0,TK6,LIG4,4h,BR0
AATAAATTATCAAGA,GFP_BAR_DSBR_2,34.0,49.0,14,TTCCTCTAGTACTG,TTCCTCTATTCCTG,8,TK6_LIG4_4h_BR0,TK6,LIG4,4h,BR0
GTATTTAAGCGGGTC,GFP_BAR_DSBR_2,34.0,49.0,14,TTCCTCTAGTACTG,TTCCTCTATTCCTG,8,TK6_LIG4_4h_BR0,TK6,LIG4,4h,BR0
AACATTACTCGCTTC,GFP_BAR_DSBR_2,34.0,49.0,14,TTCCTCTAGTACTG,TTCCTCTATTCCTG,8,TK6_LIG4_4h_BR0,TK6,LIG4,4h,BR0
AATTTGTTAACATGA,GFP_BAR_DSBR_2,34.0,49.0,14,TTCCTCTAGTACTG,TTCCTCTATTCCTG,8,TK6_LIG4_4h_BR0,TK6,LIG4,4h,BR0
TGAAACATATACCCC,GFP_BAR_DSBR_2,34.0,49.0,14,TTCCTCTAGTACTG,TTCCTCTATTCCTG,8,TK6_LIG4_4h_BR0,TK6,LIG4,4h,BR0
CGGTAATAAAGGCAC,GFP_BAR_DSBR_2,34.0,49.0,14,TTCCTCTAGTACTG,TTCCTCTATTCCTG,8,TK6_LIG4_4h_BR0,TK6,LIG4,4h,BR0
CTAGACATTGATAGA,GFP_BAR_DSBR_2,34.0,49.0,14,TTCCTCTAGTACTG,TTCCTCTATTCCTG,8,TK6_LIG4_4h_BR0,TK6,LIG4,4h,BR0
CAAACATTTATTATT,GFP_BAR_DSBR_2,34.0,49.0,14,TTCCTCTAGTACTG,TTCCTCTATTCCTG,8,TK6_LIG4_4h_BR0,TK6,LIG4,4h,BR0
GTTGATTAATACCGG,GFP_BAR_DSBR_2,34.0,49.0,14,TTCCTCTAGTACTG,TTCCTCTATTCCTG,8,TK6_LIG4_4h_BR0,TK6,LIG4,4h,BR0
ATCGATAATCCAATT,GFP_BAR_DSBR_2,34.0,49.0,14,TTCCTCTAGTACTG,TTCCTCTATTCCTG,8,TK6_LIG4_4h_BR0,TK6,LIG4,4h,BR0
AAGAGACAAACGCAT,GFP_BAR_DSBR_2,34.0,49.0,14,TTCCTCTAGTACTG,TTCCTCTATTCCTG,8,TK6_LIG4_4h_BR0,TK6,LIG4,4h,BR0
CCCCCCACCACCAAT,GFP_BAR_DSBR_2,34.0,49.0,14,TTCCTCTAGTACTG,TTCCTCTATTCCTG,8,TK6_LIG4_4h_BR0,TK6,LIG4,4h,BR0
GTTACGAGAGGGGCG,GFP_BAR_DSBR_2,34.0,49.0,14,TTCCTCTAGTACTG,TTCCTCTATTCCTG,8,TK6_LIG4_4h_BR0,TK6,LIG4,4h,BR0
ATCCTAATGTACGAT,GFP_BAR_DSBR_2,34.0,49.0,14,TTCCTCTAGTACTG,TTCCTCTATTCCTG,8,TK6_LIG4_4h_BR0,TK6,LIG4,4h,BR0
CAGTTCTAGTTATAT,GFP_BAR_DSBR_2,34.0,49.0,14,TTCCTCTAGTACTG,TTCCTCTATTCCTG,8,TK6_LIG4_4h_BR0,TK6,LIG4,4h,BR0
TGTAACATATTAATC,GFP_BAR_DSBR_2,34.0,49.0,14,TTCCTCTAGTACTG,TTCCTCTATTCCTG,8,TK6_LIG4_4h_BR0,TK6,LIG4,4h,BR0
CAACACGTGATAAAG,GFP_BAR_DSBR_2,34.0,49.0,14,TTCCTCTAGTACTG,TTCCTCTATTCCTG,8,TK6_LIG4_4h_BR0,TK6,LIG4,4h,BR0
GAGGATAGAATGCCT,GFP_BAR_DSBR_2,34.0,49.0,14,TTCCTCTAGTACTG,TTCCTCTATTCCTG,8,TK6_LIG4_4h_BR0,TK6,LIG4,4h,BR0
TTAAGTTATCGCTTG,GFP_BAR_DSBR_2,34.0,49.0,14,TTCCTCTAGTACTG,TTCCTCTATTCCTG,8,TK6_LIG4_4h_BR0,TK6,LIG4,4h,BR0
GGGCTACCTATCTCA,GFP_BAR_DSBR_2,34.0,49.0,14,TTCCTCTAGTACTG,TTCCTCTATTCCTG,8,TK6_LIG4_4h_BR0,TK6,LIG4,4h,BR0
AGAGCCATCAACCAG,GFP_BAR_DSBR_2,34.0,49.0,14,TTCCTCTAGTACTG,TTCCTCTATTCCTG,8,TK6_LIG4_4h_BR0,TK6,LIG4,4h,BR0
AAAGATGAAATACTA,GFP_BAR_DSBR_2,34.0,49.0,14,TTCCTCTAGTACTG,TTCCTCTATTCCTG,8,TK6_LIG4_4h_BR0,TK6,LIG4,4h,BR0
AGAATAACGCCAATC,GFP_BAR_DSBR_2,34.0,49.0,14,TTCCTCTAGTACTG,TTCCTCTATTCCTG,8,TK6_LIG4_4h_BR0,TK6,LIG4,4h,BR0
ATAGAAGATAGCAAT,GFP_BAR_DSBR_2,34.0,49.0,14,TTCCTCTAGTACTG,TTCCTCTATTCCTG,8,TK6_LIG4_4h_BR0,TK6,LIG4,4h,BR0
GATATATTAACCATT,GFP_BAR_DSBR_2,34.0,49.0,14,TTCCTCTAGTACTG,TTCCTCTATTCCTG,8,TK6_LIG4_4h_BR0,TK6,LIG4,4h,BR0
GTGTAAGAAACCATA,GFP_BAR_DSBR_2,34.0,49.0,14,TTCCTCTAGTACTG,TTCCTCTATTCCTG,8,TK6_LIG4_4h_BR0,TK6,LIG4,4h,BR0
TAGGAATAATTGGAG,GFP_BAR_DSBR_2,34.0,49.0,14,TTCCTCTAGTACTG,TTCCTCTATTCCTG,8,TK6_LIG4_4h_BR0,TK6,LIG4,4h,BR0
GGAACAAATGCGATA,GFP_BAR_DSBR_2,34.0,49.0,14,TTCCTCTAGTACTG,TTCCTCTATTCCTG,8,TK6_LIG4_4h_BR0,TK6,LIG4,4h,BR0
TTAAAATGCAAGATA,GFP_BAR_DSBR_2,34.0,49.0,14,TTCCTCTAGTACTG,TTCCTCTATTCCTG,8,TK6_LIG4_4h_BR0,TK6,LIG4,4h,BR0
ATCACAAACCTCAGA,GFP_BAR_DSBR_2,34.0,49.0,14,TTCCTCTAGTACTG,TTCCTCTATTCCTG,8,TK6_LIG4_4h_BR0,TK6,LIG4,4h,BR0
GGTATAGGTATGAAG,GFP_BAR_DSBR_2,34.0,49.0,14,TTCCTCTAGTACTG,TTCCTCTATTCCTG,8,TK6_LIG4_4h_BR0,TK6,LIG4,4h,BR0
GACGTCCAAGATAGA,GFP_BAR_DSBR_2,34.0,49.0,14,TTCCTCTAGTACTG,TTCCTCTATTCCTG,8,TK6_LIG4_4h_BR0,TK6,LIG4,4h,BR0
ACTTCTTTCTACCCC,GFP_BAR_DSBR_2,34.0,49.0,14,TTCCTCTAGTACTG,TTCCTCTATTCCTG,8,TK6_LIG4_4h_BR0,TK6,LIG4,4h,BR0
ACACTAATTAACTAG,GFP_BAR_DSBR_2,34.0,49.0,14,TTCCTCTAGTACTG,TTCCTCTATTCCTG,8,TK6_LIG4_4h_BR0,TK6,LIG4,4h,BR0
AGACTCATTAAAATA,GFP_BAR_DSBR_2,34.0,49.0,14,TTCCTCTAGTACTG,TTCCTCTATTCCTG,8,TK6_LIG4_4h_BR0,TK6,LIG4,4h,BR0
AAATGATGGAATCTA,GFP_BAR_DSBR_2,34.0,49.0,14,TTCCTCTAGTACTG,TTCCTCTATTCCTG,8,TK6_LIG4_4h_BR0,TK6,LIG4,4h,BR0
CCAATCCCCCACCAC,GFP_BAR_DSBR_2,34.0,49.0,14,TTCCTCTAGTACTG,TTCCTCTATTCCTG,8,TK6_LIG4_4h_BR0,TK6,LIG4,4h,BR0
TTGAACTGAAAAAAA,GFP_BAR_DSBR_2,34.0,49.0,14,TTCCTCTAGTACTG,TTCCTCTATTCCTG,8,TK6_LIG4_4h_BR0,TK6,LIG4,4h,BR0
TCACACTTACCCATA,GFP_BAR_DSBR_2,34.0,49.0,14,TTCCTCTAGTACTG,TTCCTCTATTCCTG,8,TK6_LIG4_4h_BR0,TK6,LIG4,4h,BR0
ACCCCTCACAACCCA,GFP_BAR_DSBR_2,34.0,49.0,14,TTCCTCTAGTACTG,TTCCTCTATTCCTG,8,TK6_LIG4_4h_BR0,TK6,LIG4,4h,BR0
TTCAATTCCAAAGTA,GFP_BAR_DSBR_2,34.0,49.0,14,TTCCTCTAGTACTG,TTCCTCTATTCCTG,8,TK6_LIG4_4h_BR0,TK6,LIG4,4h,BR0
AACAGGGCCTGAGGT,GFP_BAR_DSBR_2,34.0,49.0,14,TTCCTCTAGTACTG,TTCCTCTATTCCTG,8,TK6_LIG4_4h_BR0,TK6,LIG4,4h,BR0
TTCCAGTAAAGACTA,GFP_BAR_DSBR_2,34.0,49.0,14,TTCCTCTAGTACTG,TTCCTCTATTCCTG,8,TK6_LIG4_4h_BR0,TK6,LIG4,4h,BR0
CGCATTTTTGCGACA,GFP_BAR_DSBR_2,34.0,49.0,14,TTCCTCTAGTACTG,TTCCTCTATTCCTG,8,TK6_LIG4_4h_BR0,TK6,LIG4,4h,BR0
CTGTTCAAATGGCCC,GFP_BAR_DSBR_2,34.0,49.0,14,TTCCTCTAGTACTG,TTCCTCTATTCCTG,8,TK6_LIG4_4h_BR0,TK6,LIG4,4h,BR0
CTGAAGCGGATAAAC,GFP_BAR_DSBR_2,34.0,49.0,14,TTCCTCTAGTACTG,TTCCTCTATTCCTG,8,TK6_LIG4_4h_BR0,TK6,LIG4,4h,BR0
ACGCAACATCACAGT,GFP_BAR_DSBR_2,34.0,49.0,14,TTCCTCTAGTACTG,TTCCTCTATTCCTG,8,TK6_LIG4_4h_BR0,TK6,LIG4,4h,BR0
AATTTTGAAAGTTCC,GFP_BAR_DSBR_2,34.0,49.0,14,TTCCTCTAGTACTG,TTCCTCTATTCCTG,8,TK6_LIG4_4h_BR0,TK6,LIG4,4h,BR0
CCCTTTGGCAGCAAG,GFP_BAR_DSBR_2,34.0,49.0,14,TTCCTCTAGTACTG,TTCCTCTATTCCTG,8,TK6_LIG4_4h_BR0,TK6,LIG4,4h,BR0
ACACATAAAGTAAAC,GFP_BAR_DSBR_2,34.0,49.0,14,TTCCTCTAGTACTG,TTCCTCTATTCCTG,8,TK6_LIG4_4h_BR0,TK6,LIG4,4h,BR0
CCAGTATAAACTAGC,GFP_BAR_DSBR_2,34.0,49.0,14,TTCCTCTAGTACTG,TTCCTCTATTCCTG,8,TK6_LIG4_4h_BR0,TK6,LIG4,4h,BR0
TTTAGCGACCTTTCA,GFP_BAR_DSBR_2,34.0,49.0,14,TTCCTCTAGTACTG,TTCCTCTATTCCTG,8,TK6_LIG4_4h_BR0,TK6,LIG4,4h,BR0
AAGGACCAGTAGAAT,GFP_BAR_DSBR_2,34.0,49.0,14,TTCCTCTAGTACTG,TTCCTCTATTCCTG,8,TK6_LIG4_4h_BR0,TK6,LIG4,4h,BR0
AGGACGAAGCAACTT,GFP_BAR_DSBR_2,34.0,49.0,14,TTCCTCTAGTACTG,TTCCTCTATTCCTG,8,TK6_LIG4_4h_BR0,TK6,LIG4,4h,BR0
AACGAATAGTTGTTA,GFP_BAR_DSBR_2,34.0,49.0,14,TTCCTCTAGTACTG,TTCCTCTATTCCTG,8,TK6_LIG4_4h_BR0,TK6,LIG4,4h,BR0
TAAGGGTTTGAGAAA,GFP_BAR_DSBR_2,34.0,49.0,14,TTCCTCTAGTACTG,TTCCTCTATTCCTG,8,TK6_LIG4_4h_BR0,TK6,LIG4,4h,BR0
TTGGAACGAATCAAG,GFP_BAR_DSBR_2,34.0,49.0,14,TTCCTCTAGTACTG,TTCCTCTATTCCTG,8,TK6_LIG4_4h_BR0,TK6,LIG4,4h,BR0
CACATCAAAAAATAG,GFP_BAR_DSBR_2,34.0,49.0,14,TTCCTCTAGTACTG,TTCCTCTATTCCTG,8,TK6_LIG4_4h_BR0,TK6,LIG4,4h,BR0
TGAAATCCATTCCCA,GFP_BAR_DSBR_2,34.0,49.0,14,TTCCTCTAGTACTG,TTCCTCTATTCCTG,8,TK6_LIG4_4h_BR0,TK6,LIG4,4h,BR0
TTTGTTGGTCGCCGG,GFP_BAR_DSBR_2,34.0,49.0,14,TTCCTCTAGTACTG,TTCCTCTATTCCTG,8,TK6_LIG4_4h_BR0,TK6,LIG4,4h,BR0
CTTCAACTACTAGTG,GFP_BAR_DSBR_2,34.0,49.0,14,TTCCTCTAGTACTG,TTCCTCTATTCCTG,8,TK6_LIG4_4h_BR0,TK6,LIG4,4h,BR0
GTCGGCTCAGGATTT,GFP_BAR_DSBR_2,34.0,49.0,14,TTCCTCTAGTACTG,TTCCTCTATTCCTG,8,TK6_LIG4_4h_BR0,TK6,LIG4,4h,BR0
AATCACTATTCTTTC,GFP_BAR_DSBR_2,34.0,49.0,14,TTCCTCTAGTACTG,TTCCTCTATTCCTG,8,TK6_LIG4_4h_BR0,TK6,LIG4,4h,BR0
ACCGTAATTAACCAT,GFP_BAR_DSBR_2,34.0,49.0,14,TTCCTCTAGTACTG,TTCCTCTATTCCTG,8,TK6_LIG4_4h_BR0,TK6,LIG4,4h,BR0
TAACATATACTGGCA,GFP_BAR_DSBR_2,34.0,49.0,14,TTCCTCTAGTACTG,TTCCTCTATTCCTG,8,TK6_LIG4_4h_BR0,TK6,LIG4,4h,BR0
CCTTACTACAAAGGC,GFP_BAR_DSBR_2,34.0,49.0,14,TTCCTCTAGTACTG,TTCCTCTATTCCTG,8,TK6_LIG4_4h_BR0,TK6,LIG4,4h,BR0
CAGGATGCTGTTAAA,GFP_BAR_DSBR_2,34.0,49.0,14,TTCCTCTAGTACTG,TTCCTCTATTCCTG,8,TK6_LIG4_4h_BR0,TK6,LIG4,4h,BR0
CCCGATAGCCCAAGG,GFP_BAR_DSBR_2,34.0,49.0,14,TTCCTCTAGTACTG,TTCCTCTATTCCTG,8,TK6_LIG4_4h_BR0,TK6,LIG4,4h,BR0
AATTTAACTACCGAC,GFP_BAR_DSBR_2,34.0,49.0,14,TTCCTCTAGTACTG,TTCCTCTATTCCTG,8,TK6_LIG4_4h_BR0,TK6,LIG4,4h,BR0
AACACTAAAGAGAGG,GFP_BAR_DSBR_2,34.0,49.0,14,TTCCTCTAGTACTG,TTCCTCTATTCCTG,8,TK6_LIG4_4h_BR0,TK6,LIG4,4h,BR0
TAACTATGAATTAGC,GFP_BAR_DSBR_2,34.0,49.0,14,TTCCTCTAGTACTG,TTCCTCTATTCCTG,8,TK6_LIG4_4h_BR0,TK6,LIG4,4h,BR0
ATAGAGTTACCCAAT,GFP_BAR_DSBR_2,34.0,49.0,14,TTCCTCTAGTACTG,TTCCTCTATTCCTG,8,TK6_LIG4_4h_BR0,TK6,LIG4,4h,BR0
CAGATACGAGAACTC,GFP_BAR_DSBR_2,34.0,49.0,14,TTCCTCTAGTACTG,TTCCTCTATTCCTG,8,TK6_LIG4_4h_BR0,TK6,LIG4,4h,BR0
TTAATTATATCTTAA,GFP_BAR_DSBR_2,34.0,49.0,14,TTCCTCTAGTACTG,TTCCTCTATTCCTG,8,TK6_LIG4_4h_BR0,TK6,LIG4,4h,BR0
ACTAACATACAGAAA,GFP_BAR_DSBR_2,34.0,49.0,14,TTCCTCTAGTACTG,TTCCTCTATTCCTG,8,TK6_LIG4_4h_BR0,TK6,LIG4,4h,BR0
TTCCGGATTCATTCT,GFP_BAR_DSBR_2,34.0,49.0,14,TTCCTCTAGTACTG,TTCCTCTATTCCTG,8,TK6_LIG4_4h_BR0,TK6,LIG4,4h,BR0
CAATCCTTTAATTAA,GFP_BAR_DSBR_2,34.0,49.0,14,TTCCTCTAGTACTG,TTCCTCTATTCCTG,8,TK6_LIG4_4h_BR0,TK6,LIG4,4h,BR0
TGTGAACAATGTATG,GFP_BAR_DSBR_2,34.0,49.0,14,TTCCTCTAGTACTG,TTCCTCTATTCCTG,8,TK6_LIG4_4h_BR0,TK6,LIG4,4h,BR0
ATCCGGGAATAAACC,GFP_BAR_DSBR_2,30.0,47.0,16,TGGATTCCTCTAGTAC,TGTTCCTCTATTCCTG,2,TK6_LIG4_4h_BR0,TK6,LIG4,4h,BR0
GAAGCACATACATCG,GFP_BAR_DSBR_2,33.0,56.0,22,ATTCCTCTAGTACTGTTCCTCT,ATTCCTGCAGCGCAATAGCATG,6,TK6_LIG4_4h_BR0,TK6,LIG4,4h,BR0
GAAGAAGCCTAAATA,GFP_BAR_DSBR_2,33.0,56.0,22,ATTCCTCTAGTACTGTTCCTCT,ATTCCTGCAGCGCAATAGCATG,6,TK6_LIG4_4h_BR0,TK6,LIG4,4h,BR0
TCAAAAGCTTTAAAA,GFP_BAR_DSBR_2,43.0,45.0,1,T,A,0,TK6_PolQ_4h_BR0,TK6,PolQ,4h,BR0
CATCATCGAACTCGG,GFP_BAR_DSBR_2,43.0,45.0,1,T,A,0,TK6_PolQ_4h_BR0,TK6,PolQ,4h,BR0
GCCCTATGCCCATCT,GFP_BAR_DSBR_2,43.0,45.0,1,T,A,0,TK6_PolQ_4h_BR0,TK6,PolQ,4h,BR0
CCTAGTAGAATCAAA,GFP_BAR_DSBR_2,43.0,45.0,1,T,A,0,TK6_PolQ_4h_BR0,TK6,PolQ,4h,BR0
CGACTTAACCCCATT,GFP_BAR_DSBR_2,43.0,45.0,1,T,A,0,TK6_PolQ_4h_BR0,TK6,PolQ,4h,BR0
CACACCCTTCACCAG,GFP_BAR_DSBR_2,43.0,45.0,1,T,A,0,TK6_PolQ_4h_BR0,TK6,PolQ,4h,BR0
TTAGGATGGTGTTCA,GFP_BAR_DSBR_2,43.0,45.0,1,T,A,0,TK6_PolQ_4h_BR0,TK6,PolQ,4h,BR0
CTACCGTATAAATCG,GFP_BAR_DSBR_2,43.0,45.0,1,T,A,0,TK6_PolQ_4h_BR0,TK6,PolQ,4h,BR0
TCAAAACATATGGTA,GFP_BAR_DSBR_2,43.0,45.0,1,T,A,0,TK6_PolQ_4h_BR0,TK6,PolQ,4h,BR0
AGATTTATGAAATTA,GFP_BAR_DSBR_2,43.0,45.0,1,T,A,0,TK6_PolQ_4h_BR0,TK6,PolQ,4h,BR0
CTACAAAACCAACTA,GFP_BAR_DSBR_2,43.0,45.0,1,T,A,0,TK6_PolQ_4h_BR0,TK6,PolQ,4h,BR0
CTCTAAAGACTCACC,GFP_BAR_DSBR_2,43.0,45.0,1,T,A,0,TK6_PolQ_4h_BR0,TK6,PolQ,4h,BR0
AGAGAACTCCCCAAT,GFP_BAR_DSBR_2,43.0,45.0,1,T,A,0,TK6_PolQ_4h_BR0,TK6,PolQ,4h,BR0
TTTGGGACTGATTAA,GFP_BAR_DSBR_2,43.0,45.0,1,T,A,0,TK6_PolQ_4h_BR0,TK6,PolQ,4h,BR0
AACGTAACTTGTATT,GFP_BAR_DSBR_2,43.0,45.0,1,T,A,0,TK6_PolQ_4h_BR0,TK6,PolQ,4h,BR0
AAAATATAGTAATAT,GFP_BAR_DSBR_2,43.0,45.0,1,T,A,0,TK6_PolQ_4h_BR0,TK6,PolQ,4h,BR0
ACTACAAATGAAGCG,GFP_BAR_DSBR_2,43.0,45.0,1,T,A,0,TK6_PolQ_4h_BR0,TK6,PolQ,4h,BR0
AATTATTCGAAAATA,GFP_BAR_DSBR_2,43.0,45.0,1,T,A,0,TK6_PolQ_4h_BR0,TK6,PolQ,4h,BR0
ATGAACGATAACGGA,GFP_BAR_DSBR_2,43.0,45.0,1,T,A,0,TK6_PolQ_4h_BR0,TK6,PolQ,4h,BR0
CTAAACATAGCATGA,GFP_BAR_DSBR_2,44.0,46.0,1,A,C,0,TK6_PolQ_4h_BR0,TK6,PolQ,4h,BR0
GGCCACCGCCTTCCT,GFP_BAR_DSBR_2,44.0,46.0,1,A,C,0,TK6_PolQ_4h_BR0,TK6,PolQ,4h,BR0
GAAACGATATTAAGA,GFP_BAR_DSBR_2,44.0,46.0,1,A,C,0,TK6_PolQ_4h_BR0,TK6,PolQ,4h,BR0
ATCGACCTTTCAGTA,GFP_BAR_DSBR_2,42.0,45.0,2,GT,AC,0,TK6_PolQ_4h_BR0,TK6,PolQ,4h,BR0
GTTGGAAGGACAGAG,GFP_BAR_DSBR_2,42.0,45.0,2,GT,AC,0,TK6_PolQ_4h_BR0,TK6,PolQ,4h,BR0
GCTTCAACTACCAAG,GFP_BAR_DSBR_2,42.0,45.0,2,GT,AC,0,TK6_PolQ_4h_BR0,TK6,PolQ,4h,BR0
ACTCATTGGACACAT,GFP_BAR_DSBR_2,42.0,45.0,2,GT,AC,0,TK6_PolQ_4h_BR0,TK6,PolQ,4h,BR0
CCAAATCTGTAATGA,GFP_BAR_DSBR_2,42.0,45.0,2,GT,AC,0,TK6_PolQ_4h_BR0,TK6,PolQ,4h,BR0
ATCGTTTCGCTCCAG,GFP_BAR_DSBR_2,42.0,45.0,2,GT,AC,0,TK6_PolQ_4h_BR0,TK6,PolQ,4h,BR0
AGCGAGAGGTTGTAT,GFP_BAR_DSBR_2,42.0,45.0,2,GT,AC,0,TK6_PolQ_4h_BR0,TK6,PolQ,4h,BR0
ACGAAACAAGATGTT,GFP_BAR_DSBR_2,42.0,45.0,2,GT,AC,0,TK6_PolQ_4h_BR0,TK6,PolQ,4h,BR0
TTGCAAAGAGACATT,GFP_BAR_DSBR_2,42.0,45.0,2,GT,AC,0,TK6_PolQ_4h_BR0,TK6,PolQ,4h,BR0
ACGAACTCATTCCAA,GFP_BAR_DSBR_2,42.0,45.0,2,GT,AC,0,TK6_PolQ_4h_BR0,TK6,PolQ,4h,BR0
ATTTTCATAAAACTA,GFP_BAR_DSBR_2,42.0,45.0,2,GT,AC,0,TK6_PolQ_4h_BR0,TK6,PolQ,4h,BR0
TCTAGAACACTTTAA,GFP_BAR_DSBR_2,42.0,45.0,2,GT,AC,0,TK6_PolQ_4h_BR0,TK6,PolQ,4h,BR0
GGAAAAACCCAGACG,GFP_BAR_DSBR_2,42.0,45.0,2,GT,AC,0,TK6_PolQ_4h_BR0,TK6,PolQ,4h,BR0
ATCCGTATCTACCGC,GFP_BAR_DSBR_2,42.0,45.0,2,GT,AC,0,TK6_PolQ_4h_BR0,TK6,PolQ,4h,BR0
ACAATCCCATTCAAT,GFP_BAR_DSBR_2,42.0,45.0,2,GT,AC,0,TK6_PolQ_4h_BR0,TK6,PolQ,4h,BR0
TTCTAAGAATCAAAA,GFP_BAR_DSBR_2,42.0,45.0,2,GT,AC,0,TK6_PolQ_4h_BR0,TK6,PolQ,4h,BR0
TGACGGAGAGGATGA,GFP_BAR_DSBR_2,42.0,45.0,2,GT,AC,0,TK6_PolQ_4h_BR0,TK6,PolQ,4h,BR0
AGTCTAGAAACAACA,GFP_BAR_DSBR_2,42.0,45.0,2,GT,AC,0,TK6_PolQ_4h_BR0,TK6,PolQ,4h,BR0
GCTTCAAATAATAAA,GFP_BAR_DSBR_2,42.0,45.0,2,GT,AC,0,TK6_PolQ_4h_BR0,TK6,PolQ,4h,BR0
CTAGAACAAGAGAAG,GFP_BAR_DSBR_2,42.0,45.0,2,GT,AC,0,TK6_PolQ_4h_BR0,TK6,PolQ,4h,BR0
TAACGGCACTCTGCC,GFP_BAR_DSBR_2,42.0,45.0,2,GT,AC,0,TK6_PolQ_4h_BR0,TK6,PolQ,4h,BR0
AAGTTAAAAAAGAAA,GFP_BAR_DSBR_2,42.0,45.0,2,GT,AC,0,TK6_PolQ_4h_BR0,TK6,PolQ,4h,BR0
AGATTATCTACCAAA,GFP_BAR_DSBR_2,42.0,45.0,2,GT,AC,0,TK6_PolQ_4h_BR0,TK6,PolQ,4h,BR0
TAACTCAAAGCCGCA,GFP_BAR_DSBR_2,42.0,45.0,2,GT,AC,0,TK6_PolQ_4h_BR0,TK6,PolQ,4h,BR0
GCAGTATATAATGCA,GFP_BAR_DSBR_2,42.0,45.0,2,GT,AC,0,TK6_PolQ_4h_BR0,TK6,PolQ,4h,BR0
CCCCACCCCAATCCC,GFP_BAR_DSBR_2,42.0,45.0,2,GT,AC,0,TK6_PolQ_4h_BR0,TK6,PolQ,4h,BR0
CCGTCGCAATATCTT,GFP_BAR_DSBR_2,42.0,45.0,2,GT,AC,0,TK6_PolQ_4h_BR0,TK6,PolQ,4h,BR0
TTTTCGGTTTTAAGG,GFP_BAR_DSBR_2,42.0,45.0,2,GT,AC,0,TK6_PolQ_4h_BR0,TK6,PolQ,4h,BR0
ATATCAAGGACCCTC,GFP_BAR_DSBR_2,42.0,45.0,2,GT,AC,0,TK6_PolQ_4h_BR0,TK6,PolQ,4h,BR0
AACCACCCACACTTA,GFP_BAR_DSBR_2,42.0,45.0,2,GT,AC,0,TK6_PolQ_4h_BR0,TK6,PolQ,4h,BR0
CAATACAAACCAAAT,GFP_BAR_DSBR_2,42.0,45.0,2,GT,AC,0,TK6_PolQ_4h_BR0,TK6,PolQ,4h,BR0
TGGAGGCTGTCTTGA,GFP_BAR_DSBR_2,42.0,45.0,2,GT,AC,0,TK6_PolQ_4h_BR0,TK6,PolQ,4h,BR0
ACAATTCCAATCTGT,GFP_BAR_DSBR_2,42.0,45.0,2,GT,AC,0,TK6_PolQ_4h_BR0,TK6,PolQ,4h,BR0
AATAAGATTGTTCCG,GFP_BAR_DSBR_2,42.0,45.0,2,GT,AC,0,TK6_PolQ_4h_BR0,TK6,PolQ,4h,BR0
AAACTAAAGATAAAG,GFP_BAR_DSBR_2,42.0,45.0,2,GT,AC,0,TK6_PolQ_4h_BR0,TK6,PolQ,4h,BR0
AACTAAATAATGAAA,GFP_BAR_DSBR_2,42.0,45.0,2,GT,AC,0,TK6_PolQ_4h_BR0,TK6,PolQ,4h,BR0
ACCGCTTTGATTGAG,GFP_BAR_DSBR_2,42.0,45.0,2,GT,AC,0,TK6_PolQ_4h_BR0,TK6,PolQ,4h,BR0
ACTCTATTGTGTCGT,GFP_BAR_DSBR_2,42.0,45.0,2,GT,AC,0,TK6_PolQ_4h_BR0,TK6,PolQ,4h,BR0
TCCATCCATAACAGC,GFP_BAR_DSBR_2,42.0,45.0,2,GT,AC,0,TK6_PolQ_4h_BR0,TK6,PolQ,4h,BR0
AGTGAATAGAGAAAA,GFP_BAR_DSBR_2,42.0,45.0,2,GT,AC,0,TK6_PolQ_4h_BR0,TK6,PolQ,4h,BR0
ATATAACAACACATT,GFP_BAR_DSBR_2,42.0,45.0,2,GT,AC,0,TK6_PolQ_4h_BR0,TK6,PolQ,4h,BR0
AGATCCGACCCACTA,GFP_BAR_DSBR_2,42.0,45.0,2,GT,AC,0,TK6_PolQ_4h_BR0,TK6,PolQ,4h,BR0
ACAGACAGAAGGACC,GFP_BAR_DSBR_2,42.0,45.0,2,GT,AC,0,TK6_PolQ_4h_BR0,TK6,PolQ,4h,BR0
TTTGTTTGAAAACCA,GFP_BAR_DSBR_2,42.0,45.0,2,GT,AC,0,TK6_PolQ_4h_BR0,TK6,PolQ,4h,BR0
CTTAATATGCCTCTT,GFP_BAR_DSBR_2,42.0,45.0,2,GT,AC,0,TK6_PolQ_4h_BR0,TK6,PolQ,4h,BR0
AATCGAGAAATAAAA,GFP_BAR_DSBR_2,42.0,45.0,2,GT,AC,0,TK6_PolQ_4h_BR0,TK6,PolQ,4h,BR0
AAAAATGAGATTTAA,GFP_BAR_DSBR_2,42.0,45.0,2,GT,AC,0,TK6_PolQ_4h_BR0,TK6,PolQ,4h,BR0
CACCAATAAAGCCGA,GFP_BAR_DSBR_2,42.0,45.0,2,GT,AC,0,TK6_PolQ_4h_BR0,TK6,PolQ,4h,BR0
ACAACAGTCATAAAG,GFP_BAR_DSBR_2,42.0,45.0,2,GT,AC,0,TK6_PolQ_4h_BR0,TK6,PolQ,4h,BR0
AAAACTTACTAAATA,GFP_BAR_DSBR_2,42.0,45.0,2,GT,AC,0,TK6_PolQ_4h_BR0,TK6,PolQ,4h,BR0
CCGGTACTCCCCAAC,GFP_BAR_DSBR_2,42.0,45.0,2,GT,AC,0,TK6_PolQ_4h_BR0,TK6,PolQ,4h,BR0
AGTTTTCTAATTAAA,GFP_BAR_DSBR_2,44.0,47.0,2,AC,TG,0,TK6_PolQ_4h_BR0,TK6,PolQ,4h,BR0
GCACCTCACAACTAA,GFP_BAR_DSBR_2,44.0,47.0,2,AC,TG,0,TK6_PolQ_4h_BR0,TK6,PolQ,4h,BR0
CCGTGAGCTCCTAAC,GFP_BAR_DSBR_2,44.0,47.0,2,AC,TG,0,TK6_PolQ_4h_BR0,TK6,PolQ,4h,BR0
TACGCATTGCACCTT,GFP_BAR_DSBR_2,44.0,47.0,2,AC,TG,0,TK6_PolQ_4h_BR0,TK6,PolQ,4h,BR0
GTCATAAATTTTGTG,GFP_BAR_DSBR_2,44.0,47.0,2,AC,TG,0,TK6_PolQ_4h_BR0,TK6,PolQ,4h,BR0
AAGTCAACCAACCGG,GFP_BAR_DSBR_2,44.0,47.0,2,AC,TG,0,TK6_PolQ_4h_BR0,TK6,PolQ,4h,BR0
GACACTACCAATTTA,GFP_BAR_DSBR_2,44.0,47.0,2,AC,TG,0,TK6_PolQ_4h_BR0,TK6,PolQ,4h,BR0
CCCAACATCTAACAA,GFP_BAR_DSBR_2,44.0,47.0,2,AC,TG,0,TK6_PolQ_4h_BR0,TK6,PolQ,4h,BR0
AATCTACCTCTTGCC,GFP_BAR_DSBR_2,43.0,47.0,3,TAC,TGT,1,TK6_PolQ_4h_BR0,TK6,PolQ,4h,BR0
AGCAGTAAAATAAAG,GFP_BAR_DSBR_2,43.0,47.0,3,TAC,TGT,1,TK6_PolQ_4h_BR0,TK6,PolQ,4h,BR0
AGGGGATGAGGGGTG,GFP_BAR_DSBR_2,43.0,47.0,3,TAC,TGT,1,TK6_PolQ_4h_BR0,TK6,PolQ,4h,BR0
CCTTTTGCAAAATAA,GFP_BAR_DSBR_2,43.0,47.0,3,TAC,TGT,1,TK6_PolQ_4h_BR0,TK6,PolQ,4h,BR0
CAAAGCGAGAGTTGG,GFP_BAR_DSBR_2,43.0,47.0,3,TAC,TGT,1,TK6_PolQ_4h_BR0,TK6,PolQ,4h,BR0
CATCACATACGTCAG,GFP_BAR_DSBR_2,43.0,47.0,3,TAC,TGT,1,TK6_PolQ_4h_BR0,TK6,PolQ,4h,BR0
TAATATTATAAACCA,GFP_BAR_DSBR_2,43.0,47.0,3,TAC,TGT,1,TK6_PolQ_4h_BR0,TK6,PolQ,4h,BR0
CATTTAAACTGTTAG,GFP_BAR_DSBR_2,43.0,47.0,3,TAC,TGT,1,TK6_PolQ_4h_BR0,TK6,PolQ,4h,BR0
ATATGATATTCCGAT,GFP_BAR_DSBR_2,43.0,47.0,3,TAC,TGT,1,TK6_PolQ_4h_BR0,TK6,PolQ,4h,BR0
ATTAGGAATTAGAAA,GFP_BAR_DSBR_2,43.0,47.0,3,TAC,TGT,1,TK6_PolQ_4h_BR0,TK6,PolQ,4h,BR0
AAATTACACTTGCCA,GFP_BAR_DSBR_2,43.0,47.0,3,TAC,TGT,1,TK6_PolQ_4h_BR0,TK6,PolQ,4h,BR0
TTCACCAAAACGCGA,GFP_BAR_DSBR_2,43.0,47.0,3,TAC,TGT,1,TK6_PolQ_4h_BR0,TK6,PolQ,4h,BR0
ACCCACAATGAGAAT,GFP_BAR_DSBR_2,43.0,47.0,3,TAC,TGT,1,TK6_PolQ_4h_BR0,TK6,PolQ,4h,BR0
TAAGGAGAACAAGAA,GFP_BAR_DSBR_2,43.0,47.0,3,TAC,TGT,1,TK6_PolQ_4h_BR0,TK6,PolQ,4h,BR0
CATTGAGCGAGGGGG,GFP_BAR_DSBR_2,43.0,47.0,3,TAC,TGT,1,TK6_PolQ_4h_BR0,TK6,PolQ,4h,BR0
ATACTCTATATACAG,GFP_BAR_DSBR_2,43.0,47.0,3,TAC,TGT,1,TK6_PolQ_4h_BR0,TK6,PolQ,4h,BR0
AAGTATATTGAAACA,GFP_BAR_DSBR_2,43.0,47.0,3,TAC,TGT,1,TK6_PolQ_4h_BR0,TK6,PolQ,4h,BR0
TGGAACTTTGATGAC,GFP_BAR_DSBR_2,43.0,47.0,3,TAC,TGT,1,TK6_PolQ_4h_BR0,TK6,PolQ,4h,BR0
TCCAAGGTGACCCCT,GFP_BAR_DSBR_2,43.0,47.0,3,TAC,TGT,1,TK6_PolQ_4h_BR0,TK6,PolQ,4h,BR0
GACAATGAGACAAGC,GFP_BAR_DSBR_2,43.0,47.0,3,TAC,TGT,1,TK6_PolQ_4h_BR0,TK6,PolQ,4h,BR0
GAGGCAAATTAAGGT,GFP_BAR_DSBR_2,43.0,47.0,3,TAC,TGT,1,TK6_PolQ_4h_BR0,TK6,PolQ,4h,BR0
TACGTTCAAAGATGA,GFP_BAR_DSBR_2,43.0,47.0,3,TAC,TGT,1,TK6_PolQ_4h_BR0,TK6,PolQ,4h,BR0
ACAACTTTACAAAAA,GFP_BAR_DSBR_2,43.0,47.0,3,TAC,TGT,1,TK6_PolQ_4h_BR0,TK6,PolQ,4h,BR0
TGTCCCCCTTCACAC,GFP_BAR_DSBR_2,43.0,47.0,3,TAC,TGT,1,TK6_PolQ_4h_BR0,TK6,PolQ,4h,BR0
CTCTAACTTCTACTA,GFP_BAR_DSBR_2,43.0,47.0,3,TAC,TGT,1,TK6_PolQ_4h_BR0,TK6,PolQ,4h,BR0
TCCCACGAAACCTGT,GFP_BAR_DSBR_2,43.0,47.0,3,TAC,TGT,1,TK6_PolQ_4h_BR0,TK6,PolQ,4h,BR0
CCTATTTCTTGAATT,GFP_BAR_DSBR_2,43.0,47.0,3,TAC,TGT,1,TK6_PolQ_4h_BR0,TK6,PolQ,4h,BR0
CGGGGTTACGAACAG,GFP_BAR_DSBR_2,40.0,45.0,4,TAGT,ACTG,0,TK6_PolQ_4h_BR0,TK6,PolQ,4h,BR0
TTTAATCCAACACCG,GFP_BAR_DSBR_2,40.0,45.0,4,TAGT,ACTG,0,TK6_PolQ_4h_BR0,TK6,PolQ,4h,BR0
GTATAGTAGCCCCCA,GFP_BAR_DSBR_2,40.0,45.0,4,TAGT,ACTG,0,TK6_PolQ_4h_BR0,TK6,PolQ,4h,BR0
AACCCCCTCTAACTA,GFP_BAR_DSBR_2,40.0,45.0,4,TAGT,ACTG,0,TK6_PolQ_4h_BR0,TK6,PolQ,4h,BR0
AAGAACTTACTCCCA,GFP_BAR_DSBR_2,40.0,45.0,4,TAGT,ACTG,0,TK6_PolQ_4h_BR0,TK6,PolQ,4h,BR0
GAGGCACCACTAACT,GFP_BAR_DSBR_2,40.0,45.0,4,TAGT,ACTG,0,TK6_PolQ_4h_BR0,TK6,PolQ,4h,BR0
TTTTCACCTCTATTC,GFP_BAR_DSBR_2,40.0,45.0,4,TAGT,ACTG,0,TK6_PolQ_4h_BR0,TK6,PolQ,4h,BR0
CATAAAAATGTGATC,GFP_BAR_DSBR_2,40.0,45.0,4,TAGT,ACTG,0,TK6_PolQ_4h_BR0,TK6,PolQ,4h,BR0
ACCTAATACCAAAAA,GFP_BAR_DSBR_2,40.0,45.0,4,TAGT,ACTG,0,TK6_PolQ_4h_BR0,TK6,PolQ,4h,BR0
TGAGGGTAGATGTGG,GFP_BAR_DSBR_2,40.0,45.0,4,TAGT,ACTG,0,TK6_PolQ_4h_BR0,TK6,PolQ,4h,BR0
GGATAGCGATAAATT,GFP_BAR_DSBR_2,40.0,45.0,4,TAGT,ACTG,0,TK6_PolQ_4h_BR0,TK6,PolQ,4h,BR0
ATTCAACAGGTCTAG,GFP_BAR_DSBR_2,40.0,45.0,4,TAGT,ACTG,0,TK6_PolQ_4h_BR0,TK6,PolQ,4h,BR0
GCAACCCACAAATGA,GFP_BAR_DSBR_2,40.0,45.0,4,TAGT,ACTG,0,TK6_PolQ_4h_BR0,TK6,PolQ,4h,BR0
TATAGAATCAGGACC,GFP_BAR_DSBR_2,40.0,45.0,4,TAGT,ACTG,0,TK6_PolQ_4h_BR0,TK6,PolQ,4h,BR0
AGACGGGTTATAGAG,GFP_BAR_DSBR_2,40.0,45.0,4,TAGT,ACTG,0,TK6_PolQ_4h_BR0,TK6,PolQ,4h,BR0
AAGCTAGGCTTGGGT,GFP_BAR_DSBR_2,40.0,45.0,4,TAGT,ACTG,0,TK6_PolQ_4h_BR0,TK6,PolQ,4h,BR0
CAAGCCTTTCCCTCA,GFP_BAR_DSBR_2,40.0,45.0,4,TAGT,ACTG,0,TK6_PolQ_4h_BR0,TK6,PolQ,4h,BR0
AACAACTAAGTAATA,GFP_BAR_DSBR_2,40.0,45.0,4,TAGT,ACTG,0,TK6_PolQ_4h_BR0,TK6,PolQ,4h,BR0
ACATAGGAATTTAGA,GFP_BAR_DSBR_2,44.0,49.0,4,ACTG,TTCC,0,TK6_PolQ_4h_BR0,TK6,PolQ,4h,BR0
AGACCTAGGAAGCTC,GFP_BAR_DSBR_2,40.0,46.0,5,TAGTA,CTGTT,0,TK6_PolQ_4h_BR0,TK6,PolQ,4h,BR0
ATTGATAGGTCATTT,GFP_BAR_DSBR_2,40.0,46.0,5,TAGTA,CTGTT,0,TK6_PolQ_4h_BR0,TK6,PolQ,4h,BR0
ACACTATCCTTAAGA,GFP_BAR_DSBR_2,42.0,48.0,5,GTACT,GTTCC,2,TK6_PolQ_4h_BR0,TK6,PolQ,4h,BR0
CACACTACTACGTTC,GFP_BAR_DSBR_2,42.0,48.0,5,GTACT,GTTCC,2,TK6_PolQ_4h_BR0,TK6,PolQ,4h,BR0
CTTACAGAACAAACT,GFP_BAR_DSBR_2,42.0,48.0,5,GTACT,GTTCC,2,TK6_PolQ_4h_BR0,TK6,PolQ,4h,BR0
CTCACGGCTGGCGTA,GFP_BAR_DSBR_2,42.0,48.0,5,GTACT,GTTCC,2,TK6_PolQ_4h_BR0,TK6,PolQ,4h,BR0
CTTCCTACCTCTCAC,GFP_BAR_DSBR_2,42.0,48.0,5,GTACT,GTTCC,2,TK6_PolQ_4h_BR0,TK6,PolQ,4h,BR0
ACTACCATTTTGGGG,GFP_BAR_DSBR_2,42.0,48.0,5,GTACT,GTTCC,2,TK6_PolQ_4h_BR0,TK6,PolQ,4h,BR0
ACCTACGGAAACCAA,GFP_BAR_DSBR_2,42.0,48.0,5,GTACT,GTTCC,2,TK6_PolQ_4h_BR0,TK6,PolQ,4h,BR0
ATTAATGAAGTGCCG,GFP_BAR_DSBR_2,42.0,48.0,5,GTACT,GTTCC,2,TK6_PolQ_4h_BR0,TK6,PolQ,4h,BR0
CGAGCAAGATTATTA,GFP_BAR_DSBR_2,42.0,48.0,5,GTACT,GTTCC,2,TK6_PolQ_4h_BR0,TK6,PolQ,4h,BR0
GAGCTATCGTAACCG,GFP_BAR_DSBR_2,42.0,48.0,5,GTACT,GTTCC,2,TK6_PolQ_4h_BR0,TK6,PolQ,4h,BR0
TGGTTACTCCCTCAA,GFP_BAR_DSBR_2,42.0,48.0,5,GTACT,GTTCC,2,TK6_PolQ_4h_BR0,TK6,PolQ,4h,BR0
AGAGTGGCAGGGAGT,GFP_BAR_DSBR_2,42.0,48.0,5,GTACT,GTTCC,2,TK6_PolQ_4h_BR0,TK6,PolQ,4h,BR0
AAAAGTGATTATCAA,GFP_BAR_DSBR_2,42.0,48.0,5,GTACT,GTTCC,2,TK6_PolQ_4h_BR0,TK6,PolQ,4h,BR0
CAACATAGGGTGTGA,GFP_BAR_DSBR_2,42.0,48.0,5,GTACT,GTTCC,2,TK6_PolQ_4h_BR0,TK6,PolQ,4h,BR0
TAAGTAGCCGAACCC,GFP_BAR_DSBR_2,42.0,48.0,5,GTACT,GTTCC,2,TK6_PolQ_4h_BR0,TK6,PolQ,4h,BR0
CCGAAGTTCGACACA,GFP_BAR_DSBR_2,42.0,48.0,5,GTACT,GTTCC,2,TK6_PolQ_4h_BR0,TK6,PolQ,4h,BR0
CAATCCAGAAGTTTG,GFP_BAR_DSBR_2,42.0,48.0,5,GTACT,GTTCC,2,TK6_PolQ_4h_BR0,TK6,PolQ,4h,BR0
AAGGAATCCACAATA,GFP_BAR_DSBR_2,42.0,48.0,5,GTACT,GTTCC,2,TK6_PolQ_4h_BR0,TK6,PolQ,4h,BR0
CATCCGACTACGTTA,GFP_BAR_DSBR_2,42.0,48.0,5,GTACT,GTTCC,2,TK6_PolQ_4h_BR0,TK6,PolQ,4h,BR0
AAAAACATAAAGAAA,GFP_BAR_DSBR_2,42.0,48.0,5,GTACT,GTTCC,2,TK6_PolQ_4h_BR0,TK6,PolQ,4h,BR0
TGAACGAATCGAAAA,GFP_BAR_DSBR_2,42.0,48.0,5,GTACT,GTTCC,2,TK6_PolQ_4h_BR0,TK6,PolQ,4h,BR0
AAGGTTCTAATTCTT,GFP_BAR_DSBR_2,42.0,48.0,5,GTACT,GTTCC,2,TK6_PolQ_4h_BR0,TK6,PolQ,4h,BR0
CACCACCAGATGACA,GFP_BAR_DSBR_2,42.0,48.0,5,GTACT,GTTCC,2,TK6_PolQ_4h_BR0,TK6,PolQ,4h,BR0
ATGATCAATCGTCGA,GFP_BAR_DSBR_2,42.0,48.0,5,GTACT,GTTCC,2,TK6_PolQ_4h_BR0,TK6,PolQ,4h,BR0
GCGTATCTAAGAACA,GFP_BAR_DSBR_2,42.0,48.0,5,GTACT,GTTCC,2,TK6_PolQ_4h_BR0,TK6,PolQ,4h,BR0
CCAGTGTCATTCGTT,GFP_BAR_DSBR_2,42.0,48.0,5,GTACT,GTTCC,2,TK6_PolQ_4h_BR0,TK6,PolQ,4h,BR0
ATTGATCAAATCACT,GFP_BAR_DSBR_2,42.0,48.0,5,GTACT,GTTCC,2,TK6_PolQ_4h_BR0,TK6,PolQ,4h,BR0
CAGTATTGAAAATTA,GFP_BAR_DSBR_2,42.0,48.0,5,GTACT,GTTCC,2,TK6_PolQ_4h_BR0,TK6,PolQ,4h,BR0
TCATTGCATTGCAAA,GFP_BAR_DSBR_2,42.0,48.0,5,GTACT,GTTCC,2,TK6_PolQ_4h_BR0,TK6,PolQ,4h,BR0
CGCAAAACTGTGCTA,GFP_BAR_DSBR_2,42.0,48.0,5,GTACT,GTTCC,2,TK6_PolQ_4h_BR0,TK6,PolQ,4h,BR0
GAGCGCTTTTCAGCA,GFP_BAR_DSBR_2,42.0,48.0,5,GTACT,GTTCC,2,TK6_PolQ_4h_BR0,TK6,PolQ,4h,BR0
ATATATGCCGCTTAA,GFP_BAR_DSBR_2,42.0,48.0,5,GTACT,GTTCC,2,TK6_PolQ_4h_BR0,TK6,PolQ,4h,BR0
TGTCAGGGGCGTAAT,GFP_BAR_DSBR_2,42.0,48.0,5,GTACT,GTTCC,2,TK6_PolQ_4h_BR0,TK6,PolQ,4h,BR0
GGAAAAGGGTGACAG,GFP_BAR_DSBR_2,42.0,48.0,5,GTACT,GTTCC,2,TK6_PolQ_4h_BR0,TK6,PolQ,4h,BR0
CAATAGACAAAACAA,GFP_BAR_DSBR_2,42.0,48.0,5,GTACT,GTTCC,2,TK6_PolQ_4h_BR0,TK6,PolQ,4h,BR0
TGTACTAAAACAATG,GFP_BAR_DSBR_2,42.0,48.0,5,GTACT,GTTCC,2,TK6_PolQ_4h_BR0,TK6,PolQ,4h,BR0
GGCAACACCCTCCTT,GFP_BAR_DSBR_2,42.0,48.0,5,GTACT,GTTCC,2,TK6_PolQ_4h_BR0,TK6,PolQ,4h,BR0
TGACATACTCTTTAG,GFP_BAR_DSBR_2,42.0,48.0,5,GTACT,GTTCC,2,TK6_PolQ_4h_BR0,TK6,PolQ,4h,BR0
CAAGACCAATCAAAA,GFP_BAR_DSBR_2,42.0,48.0,5,GTACT,GTTCC,2,TK6_PolQ_4h_BR0,TK6,PolQ,4h,BR0
AATAACTACTTACGT,GFP_BAR_DSBR_2,42.0,48.0,5,GTACT,GTTCC,2,TK6_PolQ_4h_BR0,TK6,PolQ,4h,BR0
CACACAAAATAGATG,GFP_BAR_DSBR_2,42.0,48.0,5,GTACT,GTTCC,2,TK6_PolQ_4h_BR0,TK6,PolQ,4h,BR0
TTACACAATCACCAA,GFP_BAR_DSBR_2,42.0,48.0,5,GTACT,GTTCC,2,TK6_PolQ_4h_BR0,TK6,PolQ,4h,BR0
ACGCACAACTTAGGA,GFP_BAR_DSBR_2,42.0,48.0,5,GTACT,GTTCC,2,TK6_PolQ_4h_BR0,TK6,PolQ,4h,BR0
TACGCTTATGAATCG,GFP_BAR_DSBR_2,42.0,48.0,5,GTACT,GTTCC,2,TK6_PolQ_4h_BR0,TK6,PolQ,4h,BR0
TAGTCAGGCAAAATA,GFP_BAR_DSBR_2,42.0,48.0,5,GTACT,GTTCC,2,TK6_PolQ_4h_BR0,TK6,PolQ,4h,BR0
GCGGGAAAACACCTA,GFP_BAR_DSBR_2,42.0,48.0,5,GTACT,GTTCC,2,TK6_PolQ_4h_BR0,TK6,PolQ,4h,BR0
AAAGAGTAACGAATA,GFP_BAR_DSBR_2,42.0,48.0,5,GTACT,GTTCC,2,TK6_PolQ_4h_BR0,TK6,PolQ,4h,BR0
GAGAACCACCACTTA,GFP_BAR_DSBR_2,42.0,48.0,5,GTACT,GTTCC,2,TK6_PolQ_4h_BR0,TK6,PolQ,4h,BR0
CCGACGTCCCCAAGT,GFP_BAR_DSBR_2,42.0,48.0,5,GTACT,GTTCC,2,TK6_PolQ_4h_BR0,TK6,PolQ,4h,BR0
AGCTGATTTTACGTG,GFP_BAR_DSBR_2,42.0,48.0,5,GTACT,GTTCC,2,TK6_PolQ_4h_BR0,TK6,PolQ,4h,BR0
ATAAACTATAATATT,GFP_BAR_DSBR_2,42.0,48.0,5,GTACT,GTTCC,2,TK6_PolQ_4h_BR0,TK6,PolQ,4h,BR0
CAACGAGAGGACGTT,GFP_BAR_DSBR_2,42.0,48.0,5,GTACT,GTTCC,2,TK6_PolQ_4h_BR0,TK6,PolQ,4h,BR0
GCGACTTAACATATT,GFP_BAR_DSBR_2,42.0,48.0,5,GTACT,GTTCC,2,TK6_PolQ_4h_BR0,TK6,PolQ,4h,BR0
CTATTCTTTTAATCG,GFP_BAR_DSBR_2,42.0,48.0,5,GTACT,GTTCC,2,TK6_PolQ_4h_BR0,TK6,PolQ,4h,BR0
GTGCCTTAACCCTCA,GFP_BAR_DSBR_2,42.0,48.0,5,GTACT,GTTCC,2,TK6_PolQ_4h_BR0,TK6,PolQ,4h,BR0
CCACTTATTAAATCT,GFP_BAR_DSBR_2,42.0,48.0,5,GTACT,GTTCC,2,TK6_PolQ_4h_BR0,TK6,PolQ,4h,BR0
ACTCACCGCCTTCGT,GFP_BAR_DSBR_2,42.0,48.0,5,GTACT,GTTCC,2,TK6_PolQ_4h_BR0,TK6,PolQ,4h,BR0
CAATACTATCATTGT,GFP_BAR_DSBR_2,42.0,48.0,5,GTACT,GTTCC,2,TK6_PolQ_4h_BR0,TK6,PolQ,4h,BR0
CCTAGAACAAGACAA,GFP_BAR_DSBR_2,42.0,48.0,5,GTACT,GTTCC,2,TK6_PolQ_4h_BR0,TK6,PolQ,4h,BR0
ATTTTATGACGTCTA,GFP_BAR_DSBR_2,42.0,48.0,5,GTACT,GTTCC,2,TK6_PolQ_4h_BR0,TK6,PolQ,4h,BR0
TAAGTTGAAACCTCA,GFP_BAR_DSBR_2,42.0,48.0,5,GTACT,GTTCC,2,TK6_PolQ_4h_BR0,TK6,PolQ,4h,BR0
CAATTAAGCCATAAA,GFP_BAR_DSBR_2,42.0,48.0,5,GTACT,GTTCC,2,TK6_PolQ_4h_BR0,TK6,PolQ,4h,BR0
TCAAACTTTTATTAT,GFP_BAR_DSBR_2,42.0,48.0,5,GTACT,GTTCC,2,TK6_PolQ_4h_BR0,TK6,PolQ,4h,BR0
ACAAAACACCTACAA,GFP_BAR_DSBR_2,42.0,48.0,5,GTACT,GTTCC,2,TK6_PolQ_4h_BR0,TK6,PolQ,4h,BR0
AGTGTCAAAACTCTA,GFP_BAR_DSBR_2,42.0,48.0,5,GTACT,GTTCC,2,TK6_PolQ_4h_BR0,TK6,PolQ,4h,BR0
AAGATTCAAATATTA,GFP_BAR_DSBR_2,42.0,48.0,5,GTACT,GTTCC,2,TK6_PolQ_4h_BR0,TK6,PolQ,4h,BR0
TGAGGGACAAAAAAA,GFP_BAR_DSBR_2,42.0,48.0,5,GTACT,GTTCC,2,TK6_PolQ_4h_BR0,TK6,PolQ,4h,BR0
ATCCTATGAAATGCA,GFP_BAR_DSBR_2,42.0,48.0,5,GTACT,GTTCC,2,TK6_PolQ_4h_BR0,TK6,PolQ,4h,BR0
ATTCAAGAAAAGAGC,GFP_BAR_DSBR_2,42.0,48.0,5,GTACT,GTTCC,2,TK6_PolQ_4h_BR0,TK6,PolQ,4h,BR0
TTGGAAGACGAGTGG,GFP_BAR_DSBR_2,42.0,48.0,5,GTACT,GTTCC,2,TK6_PolQ_4h_BR0,TK6,PolQ,4h,BR0
CAGGAAACCGGAAAA,GFP_BAR_DSBR_2,42.0,48.0,5,GTACT,GTTCC,2,TK6_PolQ_4h_BR0,TK6,PolQ,4h,BR0
TGAAACCGTAATTTG,GFP_BAR_DSBR_2,42.0,48.0,5,GTACT,GTTCC,2,TK6_PolQ_4h_BR0,TK6,PolQ,4h,BR0
ATTACCCATTAGGCT,GFP_BAR_DSBR_2,38.0,45.0,6,TCTAGT,ACTGTT,0,TK6_PolQ_4h_BR0,TK6,PolQ,4h,BR0
TGTTATCACCAGAAA,GFP_BAR_DSBR_2,38.0,45.0,6,TCTAGT,ACTGTT,0,TK6_PolQ_4h_BR0,TK6,PolQ,4h,BR0
CCCGTGAGAGACACA,GFP_BAR_DSBR_2,38.0,45.0,6,TCTAGT,ACTGTT,0,TK6_PolQ_4h_BR0,TK6,PolQ,4h,BR0
CGAAACGTCAATCGA,GFP_BAR_DSBR_2,38.0,45.0,6,TCTAGT,ACTGTT,0,TK6_PolQ_4h_BR0,TK6,PolQ,4h,BR0
TAGTACTGGAATTAA,GFP_BAR_DSBR_2,38.0,45.0,6,TCTAGT,ACTGTT,0,TK6_PolQ_4h_BR0,TK6,PolQ,4h,BR0
CATGTGCGGGAAAGA,GFP_BAR_DSBR_2,38.0,45.0,6,TCTAGT,ACTGTT,0,TK6_PolQ_4h_BR0,TK6,PolQ,4h,BR0
GTGATAAGTAAATTG,GFP_BAR_DSBR_2,38.0,45.0,6,TCTAGT,ACTGTT,0,TK6_PolQ_4h_BR0,TK6,PolQ,4h,BR0
AGAACATCCATATTA,GFP_BAR_DSBR_2,38.0,45.0,6,TCTAGT,ACTGTT,0,TK6_PolQ_4h_BR0,TK6,PolQ,4h,BR0
ACGTAAATATCCACG,GFP_BAR_DSBR_2,38.0,45.0,6,TCTAGT,ACTGTT,0,TK6_PolQ_4h_BR0,TK6,PolQ,4h,BR0
TCTGTGAAGTATTCA,GFP_BAR_DSBR_2,38.0,45.0,6,TCTAGT,ACTGTT,0,TK6_PolQ_4h_BR0,TK6,PolQ,4h,BR0
CTGTGAGCGCAAATA,GFP_BAR_DSBR_2,38.0,45.0,6,TCTAGT,ACTGTT,0,TK6_PolQ_4h_BR0,TK6,PolQ,4h,BR0
GAGAAATAGGTGCTT,GFP_BAR_DSBR_2,38.0,45.0,6,TCTAGT,ACTGTT,0,TK6_PolQ_4h_BR0,TK6,PolQ,4h,BR0
AAATCACTATACCAT,GFP_BAR_DSBR_2,39.0,46.0,6,CTAGTA,CTGTTC,2,TK6_PolQ_4h_BR0,TK6,PolQ,4h,BR0
AACTTGACGCTACAA,GFP_BAR_DSBR_2,39.0,46.0,6,CTAGTA,CTGTTC,2,TK6_PolQ_4h_BR0,TK6,PolQ,4h,BR0
CTTTATCTCCTGACA,GFP_BAR_DSBR_2,39.0,46.0,6,CTAGTA,CTGTTC,2,TK6_PolQ_4h_BR0,TK6,PolQ,4h,BR0
GAGGAAGATCGAGCT,GFP_BAR_DSBR_2,42.0,49.0,6,GTACTG,TTCCTC,0,TK6_PolQ_4h_BR0,TK6,PolQ,4h,BR0
ATCCGTTCCAAAGTT,GFP_BAR_DSBR_2,42.0,49.0,6,GTACTG,TTCCTC,0,TK6_PolQ_4h_BR0,TK6,PolQ,4h,BR0
AGTATATAAGGAACG,GFP_BAR_DSBR_2,43.0,50.0,6,TACTGT,TCCTCT,1,TK6_PolQ_4h_BR0,TK6,PolQ,4h,BR0
TCAAAAAGAGAGTTT,GFP_BAR_DSBR_2,43.0,50.0,6,TACTGT,TCCTCT,1,TK6_PolQ_4h_BR0,TK6,PolQ,4h,BR0
ACATTATTAATCCGA,GFP_BAR_DSBR_2,43.0,50.0,6,TACTGT,TCCTCT,1,TK6_PolQ_4h_BR0,TK6,PolQ,4h,BR0
CGACATGGACCCAAA,GFP_BAR_DSBR_2,43.0,50.0,6,TACTGT,TCCTCT,1,TK6_PolQ_4h_BR0,TK6,PolQ,4h,BR0
TGCCTTCCTCCCATT,GFP_BAR_DSBR_2,37.0,45.0,7,CTCTAGT,ACTGTTC,0,TK6_PolQ_4h_BR0,TK6,PolQ,4h,BR0
CGGGCCCGACTGCTG,GFP_BAR_DSBR_2,37.0,45.0,7,CTCTAGT,ACTGTTC,0,TK6_PolQ_4h_BR0,TK6,PolQ,4h,BR0
CACTAATGATCGCAT,GFP_BAR_DSBR_2,40.0,48.0,7,TAGTACT,GTTCCTC,0,TK6_PolQ_4h_BR0,TK6,PolQ,4h,BR0
GGTCAGGTTGTGTAG,GFP_BAR_DSBR_2,44.0,52.0,7,ACTGTTC,CTCTATT,0,TK6_PolQ_4h_BR0,TK6,PolQ,4h,BR0
AATCAACTGCCCAAA,GFP_BAR_DSBR_2,44.0,52.0,7,ACTGTTC,CTCTATT,0,TK6_PolQ_4h_BR0,TK6,PolQ,4h,BR0
AGCAGCTTGTGACTT,GFP_BAR_DSBR_2,44.0,52.0,7,ACTGTTC,CTCTATT,0,TK6_PolQ_4h_BR0,TK6,PolQ,4h,BR0
AATAACCTGAAGACT,GFP_BAR_DSBR_2,44.0,52.0,7,ACTGTTC,CTCTATT,0,TK6_PolQ_4h_BR0,TK6,PolQ,4h,BR0
CTCCCATAGAGCAGC,GFP_BAR_DSBR_2,37.0,46.0,8,CTCTAGTA,CTGTTCCT,2,TK6_PolQ_4h_BR0,TK6,PolQ,4h,BR0
GGAAGAGACCCGTAG,GFP_BAR_DSBR_2,37.0,46.0,8,CTCTAGTA,CTGTTCCT,2,TK6_PolQ_4h_BR0,TK6,PolQ,4h,BR0
AATATGACATAAAAG,GFP_BAR_DSBR_2,37.0,46.0,8,CTCTAGTA,CTGTTCCT,2,TK6_PolQ_4h_BR0,TK6,PolQ,4h,BR0
AAACCAAAAGCAATA,GFP_BAR_DSBR_2,37.0,46.0,8,CTCTAGTA,CTGTTCCT,2,TK6_PolQ_4h_BR0,TK6,PolQ,4h,BR0
TCTTTAACGCGACCG,GFP_BAR_DSBR_2,37.0,46.0,8,CTCTAGTA,CTGTTCCT,2,TK6_PolQ_4h_BR0,TK6,PolQ,4h,BR0
ATAGTCATCATGAAG,GFP_BAR_DSBR_2,37.0,46.0,8,CTCTAGTA,CTGTTCCT,2,TK6_PolQ_4h_BR0,TK6,PolQ,4h,BR0
AGTTATACAATTGAT,GFP_BAR_DSBR_2,37.0,46.0,8,CTCTAGTA,CTGTTCCT,2,TK6_PolQ_4h_BR0,TK6,PolQ,4h,BR0
TACCTAAACACCTTT,GFP_BAR_DSBR_2,37.0,46.0,8,CTCTAGTA,CTGTTCCT,2,TK6_PolQ_4h_BR0,TK6,PolQ,4h,BR0
AGGTGAATAATAAGA,GFP_BAR_DSBR_2,37.0,46.0,8,CTCTAGTA,CTGTTCCT,2,TK6_PolQ_4h_BR0,TK6,PolQ,4h,BR0
AGCGAACAAAGAGAT,GFP_BAR_DSBR_2,44.0,53.0,8,ACTGTTCC,TCTATTCC,0,TK6_PolQ_4h_BR0,TK6,PolQ,4h,BR0
AAAACACGAACTTCA,GFP_BAR_DSBR_2,44.0,53.0,8,ACTGTTCC,TCTATTCC,0,TK6_PolQ_4h_BR0,TK6,PolQ,4h,BR0
CCCCTTGAGCCTAAT,GFP_BAR_DSBR_2,44.0,53.0,8,ACTGTTCC,TCTATTCC,0,TK6_PolQ_4h_BR0,TK6,PolQ,4h,BR0
CCCGAACACCTACGC,GFP_BAR_DSBR_2,44.0,53.0,8,ACTGTTCC,TCTATTCC,0,TK6_PolQ_4h_BR0,TK6,PolQ,4h,BR0
AACAATTGTAGTCAG,GFP_BAR_DSBR_2,43.0,53.0,9,TACTGTTCC,TCTATTCCT,1,TK6_PolQ_4h_BR0,TK6,PolQ,4h,BR0
AATCTTACAGATCCA,GFP_BAR_DSBR_2,43.0,53.0,9,TACTGTTCC,TCTATTCCT,1,TK6_PolQ_4h_BR0,TK6,PolQ,4h,BR0
GTAGGTGAGTGATAA,GFP_BAR_DSBR_2,43.0,53.0,9,TACTGTTCC,TCTATTCCT,1,TK6_PolQ_4h_BR0,TK6,PolQ,4h,BR0
GAGCAGTAAAGATAT,GFP_BAR_DSBR_2,34.0,45.0,10,TTCCTCTAGT,ACTGTTCCTC,0,TK6_PolQ_4h_BR0,TK6,PolQ,4h,BR0
TCAGAGATAAAAACC,GFP_BAR_DSBR_2,34.0,45.0,10,TTCCTCTAGT,ACTGTTCCTC,0,TK6_PolQ_4h_BR0,TK6,PolQ,4h,BR0
TACGTTCCCTCTGCA,GFP_BAR_DSBR_2,34.0,45.0,10,TTCCTCTAGT,ACTGTTCCTC,0,TK6_PolQ_4h_BR0,TK6,PolQ,4h,BR0
TCCCCCTCCGGAATC,GFP_BAR_DSBR_2,34.0,45.0,10,TTCCTCTAGT,ACTGTTCCTC,0,TK6_PolQ_4h_BR0,TK6,PolQ,4h,BR0
TGAACATTACCGGGG,GFP_BAR_DSBR_2,34.0,45.0,10,TTCCTCTAGT,ACTGTTCCTC,0,TK6_PolQ_4h_BR0,TK6,PolQ,4h,BR0
TATTTACGATCGCAA,GFP_BAR_DSBR_2,34.0,45.0,10,TTCCTCTAGT,ACTGTTCCTC,0,TK6_PolQ_4h_BR0,TK6,PolQ,4h,BR0
CACGTAATCCGGTTT,GFP_BAR_DSBR_2,40.0,51.0,10,TAGTACTGTT,CCTCTATTCC,0,TK6_PolQ_4h_BR0,TK6,PolQ,4h,BR0
CTCATTGTGATGTTT,GFP_BAR_DSBR_2,44.0,55.0,10,ACTGTTCCTC,TATTCCTGCA,0,TK6_PolQ_4h_BR0,TK6,PolQ,4h,BR0
TCCCCATCGAGACTA,GFP_BAR_DSBR_2,44.0,55.0,10,ACTGTTCCTC,TATTCCTGCA,0,TK6_PolQ_4h_BR0,TK6,PolQ,4h,BR0
ACTACATCAGGGTGT,GFP_BAR_DSBR_2,44.0,55.0,10,ACTGTTCCTC,TATTCCTGCA,0,TK6_PolQ_4h_BR0,TK6,PolQ,4h,BR0
GGAGGTTAGCTGATT,GFP_BAR_DSBR_2,44.0,55.0,10,ACTGTTCCTC,TATTCCTGCA,0,TK6_PolQ_4h_BR0,TK6,PolQ,4h,BR0
AATTATAATGTTCAA,GFP_BAR_DSBR_2,44.0,55.0,10,ACTGTTCCTC,TATTCCTGCA,0,TK6_PolQ_4h_BR0,TK6,PolQ,4h,BR0
AACGTAATTTAGTGG,GFP_BAR_DSBR_2,44.0,55.0,10,ACTGTTCCTC,TATTCCTGCA,0,TK6_PolQ_4h_BR0,TK6,PolQ,4h,BR0
TCCAATGGGGGTAAT,GFP_BAR_DSBR_2,33.0,45.0,11,ATTCCTCTAGT,ACTGTTCCTCT,1,TK6_PolQ_4h_BR0,TK6,PolQ,4h,BR0
ACACCACTTTTCTGA,GFP_BAR_DSBR_2,33.0,45.0,11,ATTCCTCTAGT,ACTGTTCCTCT,1,TK6_PolQ_4h_BR0,TK6,PolQ,4h,BR0
AATGAGTCACTAATC,GFP_BAR_DSBR_2,33.0,45.0,11,ATTCCTCTAGT,ACTGTTCCTCT,1,TK6_PolQ_4h_BR0,TK6,PolQ,4h,BR0
AATAAGATAATTTAA,GFP_BAR_DSBR_2,33.0,45.0,11,ATTCCTCTAGT,ACTGTTCCTCT,1,TK6_PolQ_4h_BR0,TK6,PolQ,4h,BR0
GGGATTTTACGCTTG,GFP_BAR_DSBR_2,33.0,45.0,11,ATTCCTCTAGT,ACTGTTCCTCT,1,TK6_PolQ_4h_BR0,TK6,PolQ,4h,BR0
CTGGCATACCGGAGT,GFP_BAR_DSBR_2,33.0,45.0,11,ATTCCTCTAGT,ACTGTTCCTCT,1,TK6_PolQ_4h_BR0,TK6,PolQ,4h,BR0
AAAGGCTAAGAATTC,GFP_BAR_DSBR_2,33.0,45.0,11,ATTCCTCTAGT,ACTGTTCCTCT,1,TK6_PolQ_4h_BR0,TK6,PolQ,4h,BR0
TAAATGCGGTATGAG,GFP_BAR_DSBR_2,33.0,45.0,11,ATTCCTCTAGT,ACTGTTCCTCT,1,TK6_PolQ_4h_BR0,TK6,PolQ,4h,BR0
ACTATTCAACTTAGG,GFP_BAR_DSBR_2,33.0,45.0,11,ATTCCTCTAGT,ACTGTTCCTCT,1,TK6_PolQ_4h_BR0,TK6,PolQ,4h,BR0
CCACCCAAAAGATGA,GFP_BAR_DSBR_2,33.0,45.0,11,ATTCCTCTAGT,ACTGTTCCTCT,1,TK6_PolQ_4h_BR0,TK6,PolQ,4h,BR0
CGGTGTAATAACCAA,GFP_BAR_DSBR_2,33.0,45.0,11,ATTCCTCTAGT,ACTGTTCCTCT,1,TK6_PolQ_4h_BR0,TK6,PolQ,4h,BR0
AATTCTTGTAGACGT,GFP_BAR_DSBR_2,33.0,45.0,11,ATTCCTCTAGT,ACTGTTCCTCT,1,TK6_PolQ_4h_BR0,TK6,PolQ,4h,BR0
TGCTCCATGTAATTA,GFP_BAR_DSBR_2,33.0,45.0,11,ATTCCTCTAGT,ACTGTTCCTCT,1,TK6_PolQ_4h_BR0,TK6,PolQ,4h,BR0
GTTCACGGCGGGGAA,GFP_BAR_DSBR_2,33.0,45.0,11,ATTCCTCTAGT,ACTGTTCCTCT,1,TK6_PolQ_4h_BR0,TK6,PolQ,4h,BR0
GTTAATACGCGCATG,GFP_BAR_DSBR_2,35.0,47.0,11,TCCTCTAGTAC,TGTTCCTCTAT,1,TK6_PolQ_4h_BR0,TK6,PolQ,4h,BR0
TCCTAACCCGCGCGT,GFP_BAR_DSBR_2,43.0,55.0,11,TACTGTTCCTC,TATTCCTGCAG,2,TK6_PolQ_4h_BR0,TK6,PolQ,4h,BR0
GTTATTTGTTACATC,GFP_BAR_DSBR_2,43.0,55.0,11,TACTGTTCCTC,TATTCCTGCAG,2,TK6_PolQ_4h_BR0,TK6,PolQ,4h,BR0
TCTCAGATTTCGGAG,GFP_BAR_DSBR_2,32.0,45.0,12,GATTCCTCTAGT,ACTGTTCCTCTA,0,TK6_PolQ_4h_BR0,TK6,PolQ,4h,BR0
GTTTCAGATCGGCTT,GFP_BAR_DSBR_2,32.0,45.0,12,GATTCCTCTAGT,ACTGTTCCTCTA,0,TK6_PolQ_4h_BR0,TK6,PolQ,4h,BR0
TGATTCTTCCAAGTT,GFP_BAR_DSBR_2,32.0,45.0,12,GATTCCTCTAGT,ACTGTTCCTCTA,0,TK6_PolQ_4h_BR0,TK6,PolQ,4h,BR0
AACTCAAATTACTAA,GFP_BAR_DSBR_2,32.0,45.0,12,GATTCCTCTAGT,ACTGTTCCTCTA,0,TK6_PolQ_4h_BR0,TK6,PolQ,4h,BR0
ATTACATCCACATTG,GFP_BAR_DSBR_2,44.0,57.0,12,ACTGTTCCTCTA,TTCCTGCAGCGC,0,TK6_PolQ_4h_BR0,TK6,PolQ,4h,BR0
TAGCTACGAGCGATA,GFP_BAR_DSBR_2,44.0,57.0,12,ACTGTTCCTCTA,TTCCTGCAGCGC,0,TK6_PolQ_4h_BR0,TK6,PolQ,4h,BR0
TATCGTACCACAGGT,GFP_BAR_DSBR_2,44.0,57.0,12,ACTGTTCCTCTA,TTCCTGCAGCGC,0,TK6_PolQ_4h_BR0,TK6,PolQ,4h,BR0
ATTTCAACAGACCGA,GFP_BAR_DSBR_2,44.0,57.0,12,ACTGTTCCTCTA,TTCCTGCAGCGC,0,TK6_PolQ_4h_BR0,TK6,PolQ,4h,BR0
CGCCAGAAAAGGTCT,GFP_BAR_DSBR_2,44.0,57.0,12,ACTGTTCCTCTA,TTCCTGCAGCGC,0,TK6_PolQ_4h_BR0,TK6,PolQ,4h,BR0
GGTTAAAGATCAAGC,GFP_BAR_DSBR_2,44.0,57.0,12,ACTGTTCCTCTA,TTCCTGCAGCGC,0,TK6_PolQ_4h_BR0,TK6,PolQ,4h,BR0
ATGACACTATCGGTG,GFP_BAR_DSBR_2,44.0,57.0,12,ACTGTTCCTCTA,TTCCTGCAGCGC,0,TK6_PolQ_4h_BR0,TK6,PolQ,4h,BR0
TGTCAAGGTAGGAGA,GFP_BAR_DSBR_2,42.0,56.0,13,GTACTGTTCCTCT,ATTCCTGCAGCGC,0,TK6_PolQ_4h_BR0,TK6,PolQ,4h,BR0
GGATAAAAGATATAT,GFP_BAR_DSBR_2,42.0,56.0,13,GTACTGTTCCTCT,ATTCCTGCAGCGC,0,TK6_PolQ_4h_BR0,TK6,PolQ,4h,BR0
CTATAGTGAACCGAC,GFP_BAR_DSBR_2,43.0,57.0,13,TACTGTTCCTCTA,TTCCTGCAGCGCA,1,TK6_PolQ_4h_BR0,TK6,PolQ,4h,BR0
AATACCAACATGTGT,GFP_BAR_DSBR_2,43.0,57.0,13,TACTGTTCCTCTA,TTCCTGCAGCGCA,1,TK6_PolQ_4h_BR0,TK6,PolQ,4h,BR0
TATGCATTGGGATGT,GFP_BAR_DSBR_2,43.0,57.0,13,TACTGTTCCTCTA,TTCCTGCAGCGCA,1,TK6_PolQ_4h_BR0,TK6,PolQ,4h,BR0
CTCCTTACCTCCTCC,GFP_BAR_DSBR_2,43.0,57.0,13,TACTGTTCCTCTA,TTCCTGCAGCGCA,1,TK6_PolQ_4h_BR0,TK6,PolQ,4h,BR0
TATTTGACGCTATAA,GFP_BAR_DSBR_2,43.0,57.0,13,TACTGTTCCTCTA,TTCCTGCAGCGCA,1,TK6_PolQ_4h_BR0,TK6,PolQ,4h,BR0
GTTTGTACAAACCAC,GFP_BAR_DSBR_2,43.0,57.0,13,TACTGTTCCTCTA,TTCCTGCAGCGCA,1,TK6_PolQ_4h_BR0,TK6,PolQ,4h,BR0
AGACATTGGGGCAGT,GFP_BAR_DSBR_2,43.0,57.0,13,TACTGTTCCTCTA,TTCCTGCAGCGCA,1,TK6_PolQ_4h_BR0,TK6,PolQ,4h,BR0
CCCGATGATCTCTTT,GFP_BAR_DSBR_2,43.0,57.0,13,TACTGTTCCTCTA,TTCCTGCAGCGCA,1,TK6_PolQ_4h_BR0,TK6,PolQ,4h,BR0
AGCACATTATTCTAG,GFP_BAR_DSBR_2,43.0,57.0,13,TACTGTTCCTCTA,TTCCTGCAGCGCA,1,TK6_PolQ_4h_BR0,TK6,PolQ,4h,BR0
AAGCTTCGAAGAAGT,GFP_BAR_DSBR_2,43.0,57.0,13,TACTGTTCCTCTA,TTCCTGCAGCGCA,1,TK6_PolQ_4h_BR0,TK6,PolQ,4h,BR0
AGCCCGCTGTCGGGC,GFP_BAR_DSBR_2,43.0,57.0,13,TACTGTTCCTCTA,TTCCTGCAGCGCA,1,TK6_PolQ_4h_BR0,TK6,PolQ,4h,BR0
CACGCTCAGTGTTAA,GFP_BAR_DSBR_2,43.0,57.0,13,TACTGTTCCTCTA,TTCCTGCAGCGCA,1,TK6_PolQ_4h_BR0,TK6,PolQ,4h,BR0
TCTCCATGATCCCTA,GFP_BAR_DSBR_2,30.0,45.0,14,TGGATTCCTCTAGT,ACTGTTCCTCTATT,0,TK6_PolQ_4h_BR0,TK6,PolQ,4h,BR0
AGTGACGATAGATAA,GFP_BAR_DSBR_2,30.0,45.0,14,TGGATTCCTCTAGT,ACTGTTCCTCTATT,0,TK6_PolQ_4h_BR0,TK6,PolQ,4h,BR0
TACCACAGACACTTA,GFP_BAR_DSBR_2,30.0,45.0,14,TGGATTCCTCTAGT,ACTGTTCCTCTATT,0,TK6_PolQ_4h_BR0,TK6,PolQ,4h,BR0
AAAATTTATCTATAT,GFP_BAR_DSBR_2,34.0,49.0,14,TTCCTCTAGTACTG,TTCCTCTATTCCTG,8,TK6_PolQ_4h_BR0,TK6,PolQ,4h,BR0
CTCGCCAGTAAGAAG,GFP_BAR_DSBR_2,34.0,49.0,14,TTCCTCTAGTACTG,TTCCTCTATTCCTG,8,TK6_PolQ_4h_BR0,TK6,PolQ,4h,BR0
GGAAAAGAGCCACAA,GFP_BAR_DSBR_2,34.0,49.0,14,TTCCTCTAGTACTG,TTCCTCTATTCCTG,8,TK6_PolQ_4h_BR0,TK6,PolQ,4h,BR0
TACACTCACAACTGA,GFP_BAR_DSBR_2,34.0,49.0,14,TTCCTCTAGTACTG,TTCCTCTATTCCTG,8,TK6_PolQ_4h_BR0,TK6,PolQ,4h,BR0
ACTAACCTAGATCCT,GFP_BAR_DSBR_2,34.0,49.0,14,TTCCTCTAGTACTG,TTCCTCTATTCCTG,8,TK6_PolQ_4h_BR0,TK6,PolQ,4h,BR0
AGGCATGAACACATC,GFP_BAR_DSBR_2,34.0,49.0,14,TTCCTCTAGTACTG,TTCCTCTATTCCTG,8,TK6_PolQ_4h_BR0,TK6,PolQ,4h,BR0
CGTTTGATAATAACT,GFP_BAR_DSBR_2,34.0,49.0,14,TTCCTCTAGTACTG,TTCCTCTATTCCTG,8,TK6_PolQ_4h_BR0,TK6,PolQ,4h,BR0
CGTCACCAGGAATAG,GFP_BAR_DSBR_2,34.0,49.0,14,TTCCTCTAGTACTG,TTCCTCTATTCCTG,8,TK6_PolQ_4h_BR0,TK6,PolQ,4h,BR0
AAAGTAACAACACGA,GFP_BAR_DSBR_2,34.0,49.0,14,TTCCTCTAGTACTG,TTCCTCTATTCCTG,8,TK6_PolQ_4h_BR0,TK6,PolQ,4h,BR0
AATAAAGGCATATAG,GFP_BAR_DSBR_2,34.0,49.0,14,TTCCTCTAGTACTG,TTCCTCTATTCCTG,8,TK6_PolQ_4h_BR0,TK6,PolQ,4h,BR0
AAATAAGAGTTAAAG,GFP_BAR_DSBR_2,34.0,49.0,14,TTCCTCTAGTACTG,TTCCTCTATTCCTG,8,TK6_PolQ_4h_BR0,TK6,PolQ,4h,BR0
CCCAACAGATATATA,GFP_BAR_DSBR_2,34.0,49.0,14,TTCCTCTAGTACTG,TTCCTCTATTCCTG,8,TK6_PolQ_4h_BR0,TK6,PolQ,4h,BR0
TACACAACTATCAAA,GFP_BAR_DSBR_2,34.0,49.0,14,TTCCTCTAGTACTG,TTCCTCTATTCCTG,8,TK6_PolQ_4h_BR0,TK6,PolQ,4h,BR0
TTTTAAAGTTATTCT,GFP_BAR_DSBR_2,43.0,58.0,14,TACTGTTCCTCTAT,TCCTGCAGCGCAAT,1,TK6_PolQ_4h_BR0,TK6,PolQ,4h,BR0
AGATCACCAATCCGT,GFP_BAR_DSBR_2,43.0,58.0,14,TACTGTTCCTCTAT,TCCTGCAGCGCAAT,1,TK6_PolQ_4h_BR0,TK6,PolQ,4h,BR0
CACAGGTTTCGGCCG,GFP_BAR_DSBR_2,43.0,58.0,14,TACTGTTCCTCTAT,TCCTGCAGCGCAAT,1,TK6_PolQ_4h_BR0,TK6,PolQ,4h,BR0
CGCTTTCTATATACT,GFP_BAR_DSBR_2,43.0,58.0,14,TACTGTTCCTCTAT,TCCTGCAGCGCAAT,1,TK6_PolQ_4h_BR0,TK6,PolQ,4h,BR0
CTGTGGTACTCAATG,GFP_BAR_DSBR_2,43.0,58.0,14,TACTGTTCCTCTAT,TCCTGCAGCGCAAT,1,TK6_PolQ_4h_BR0,TK6,PolQ,4h,BR0
GCGTCTATTCTTAGC,GFP_BAR_DSBR_2,29.0,45.0,15,ATGGATTCCTCTAGT,ACTGTTCCTCTATTC,1,TK6_PolQ_4h_BR0,TK6,PolQ,4h,BR0
GTTGTAACCGGGAGT,GFP_BAR_DSBR_2,29.0,45.0,15,ATGGATTCCTCTAGT,ACTGTTCCTCTATTC,1,TK6_PolQ_4h_BR0,TK6,PolQ,4h,BR0
ACAAACAAAAGTAGA,GFP_BAR_DSBR_2,29.0,45.0,15,ATGGATTCCTCTAGT,ACTGTTCCTCTATTC,1,TK6_PolQ_4h_BR0,TK6,PolQ,4h,BR0
GCTCCACCCTGACTA,GFP_BAR_DSBR_2,29.0,45.0,15,ATGGATTCCTCTAGT,ACTGTTCCTCTATTC,1,TK6_PolQ_4h_BR0,TK6,PolQ,4h,BR0
ATGTGACTATTGGAA,GFP_BAR_DSBR_2,29.0,45.0,15,ATGGATTCCTCTAGT,ACTGTTCCTCTATTC,1,TK6_PolQ_4h_BR0,TK6,PolQ,4h,BR0
AGTAAAAGAATCATA,GFP_BAR_DSBR_2,29.0,45.0,15,ATGGATTCCTCTAGT,ACTGTTCCTCTATTC,1,TK6_PolQ_4h_BR0,TK6,PolQ,4h,BR0
AGACTACAACGCCAC,GFP_BAR_DSBR_2,29.0,45.0,15,ATGGATTCCTCTAGT,ACTGTTCCTCTATTC,1,TK6_PolQ_4h_BR0,TK6,PolQ,4h,BR0
GACCATTACTAGGAC,GFP_BAR_DSBR_2,29.0,45.0,15,ATGGATTCCTCTAGT,ACTGTTCCTCTATTC,1,TK6_PolQ_4h_BR0,TK6,PolQ,4h,BR0
GAAAAGCTTAAAAGT,GFP_BAR_DSBR_2,29.0,45.0,15,ATGGATTCCTCTAGT,ACTGTTCCTCTATTC,1,TK6_PolQ_4h_BR0,TK6,PolQ,4h,BR0
GCCTATGTACCTATC,GFP_BAR_DSBR_2,29.0,45.0,15,ATGGATTCCTCTAGT,ACTGTTCCTCTATTC,1,TK6_PolQ_4h_BR0,TK6,PolQ,4h,BR0
AATACATAAACATCC,GFP_BAR_DSBR_2,29.0,45.0,15,ATGGATTCCTCTAGT,ACTGTTCCTCTATTC,1,TK6_PolQ_4h_BR0,TK6,PolQ,4h,BR0
AGCTAAAGGCGTTCA,GFP_BAR_DSBR_2,29.0,45.0,15,ATGGATTCCTCTAGT,ACTGTTCCTCTATTC,1,TK6_PolQ_4h_BR0,TK6,PolQ,4h,BR0
AGACCATTTTAGTAT,GFP_BAR_DSBR_2,32.0,48.0,15,GATTCCTCTAGTACT,GTTCCTCTATTCCTG,1,TK6_PolQ_4h_BR0,TK6,PolQ,4h,BR0
TGAAGCAGGAATTTA,GFP_BAR_DSBR_2,32.0,48.0,15,GATTCCTCTAGTACT,GTTCCTCTATTCCTG,1,TK6_PolQ_4h_BR0,TK6,PolQ,4h,BR0
ATATTGCCTAAATTA,GFP_BAR_DSBR_2,32.0,48.0,15,GATTCCTCTAGTACT,GTTCCTCTATTCCTG,1,TK6_PolQ_4h_BR0,TK6,PolQ,4h,BR0
CACCAGTTGTATTTT,GFP_BAR_DSBR_2,28.0,45.0,16,CATGGATTCCTCTAGT,ACTGTTCCTCTATTCC,0,TK6_PolQ_4h_BR0,TK6,PolQ,4h,BR0
CACTGTCAGTATCCG,GFP_BAR_DSBR_2,28.0,45.0,16,CATGGATTCCTCTAGT,ACTGTTCCTCTATTCC,0,TK6_PolQ_4h_BR0,TK6,PolQ,4h,BR0
TTCGCCAAGACAGCA,GFP_BAR_DSBR_2,28.0,45.0,16,CATGGATTCCTCTAGT,ACTGTTCCTCTATTCC,0,TK6_PolQ_4h_BR0,TK6,PolQ,4h,BR0
ATGGGAATATTGTTT,GFP_BAR_DSBR_2,28.0,45.0,16,CATGGATTCCTCTAGT,ACTGTTCCTCTATTCC,0,TK6_PolQ_4h_BR0,TK6,PolQ,4h,BR0
TACCAAGGCCAGACT,GFP_BAR_DSBR_2,28.0,45.0,16,CATGGATTCCTCTAGT,ACTGTTCCTCTATTCC,0,TK6_PolQ_4h_BR0,TK6,PolQ,4h,BR0
CTAATAGTGTATAAG,GFP_BAR_DSBR_2,28.0,45.0,16,CATGGATTCCTCTAGT,ACTGTTCCTCTATTCC,0,TK6_PolQ_4h_BR0,TK6,PolQ,4h,BR0
TCTGGTTATATTCGA,GFP_BAR_DSBR_2,28.0,45.0,16,CATGGATTCCTCTAGT,ACTGTTCCTCTATTCC,0,TK6_PolQ_4h_BR0,TK6,PolQ,4h,BR0
TACCAATGTTTGCGT,GFP_BAR_DSBR_2,28.0,45.0,16,CATGGATTCCTCTAGT,ACTGTTCCTCTATTCC,0,TK6_PolQ_4h_BR0,TK6,PolQ,4h,BR0
AGCATGTACGATGAT,GFP_BAR_DSBR_2,30.0,47.0,16,TGGATTCCTCTAGTAC,TGTTCCTCTATTCCTG,2,TK6_PolQ_4h_BR0,TK6,PolQ,4h,BR0
AACCCAAGTACAATT,GFP_BAR_DSBR_2,36.0,53.0,16,CCTCTAGTACTGTTCC,TCTATTCCTGCAGCGC,0,TK6_PolQ_4h_BR0,TK6,PolQ,4h,BR0
CATTGATTTGCTCAA,GFP_BAR_DSBR_2,40.0,57.0,16,TAGTACTGTTCCTCTA,TTCCTGCAGCGCAATA,1,TK6_PolQ_4h_BR0,TK6,PolQ,4h,BR0
TTAGCAAGAGTCTCA,GFP_BAR_DSBR_2,44.0,61.0,16,ACTGTTCCTCTATTCC,TGCAGCGCAATAGCAT,0,TK6_PolQ_4h_BR0,TK6,PolQ,4h,BR0
AATTTTTCCTCATCG,GFP_BAR_DSBR_2,44.0,61.0,16,ACTGTTCCTCTATTCC,TGCAGCGCAATAGCAT,0,TK6_PolQ_4h_BR0,TK6,PolQ,4h,BR0
ACATAGTATCTCACA,GFP_BAR_DSBR_2,27.0,45.0,17,GCATGGATTCCTCTAGT,ACTGTTCCTCTATTCCT,0,TK6_PolQ_4h_BR0,TK6,PolQ,4h,BR0
ACAGCAATAGGCTGT,GFP_BAR_DSBR_2,27.0,45.0,17,GCATGGATTCCTCTAGT,ACTGTTCCTCTATTCCT,0,TK6_PolQ_4h_BR0,TK6,PolQ,4h,BR0
TGACACTGCCATTAT,GFP_BAR_DSBR_2,27.0,45.0,17,GCATGGATTCCTCTAGT,ACTGTTCCTCTATTCCT,0,TK6_PolQ_4h_BR0,TK6,PolQ,4h,BR0
ACCGTAACACTTAAG,GFP_BAR_DSBR_2,27.0,45.0,17,GCATGGATTCCTCTAGT,ACTGTTCCTCTATTCCT,0,TK6_PolQ_4h_BR0,TK6,PolQ,4h,BR0
TAAGCAATTTGAATA,GFP_BAR_DSBR_2,27.0,45.0,17,GCATGGATTCCTCTAGT,ACTGTTCCTCTATTCCT,0,TK6_PolQ_4h_BR0,TK6,PolQ,4h,BR0
TGACAAATATACTAG,GFP_BAR_DSBR_2,28.0,46.0,17,CATGGATTCCTCTAGTA,CTGTTCCTCTATTCCTG,1,TK6_PolQ_4h_BR0,TK6,PolQ,4h,BR0
CCCCAACATCCGCAT,GFP_BAR_DSBR_2,28.0,46.0,17,CATGGATTCCTCTAGTA,CTGTTCCTCTATTCCTG,1,TK6_PolQ_4h_BR0,TK6,PolQ,4h,BR0
TTGAAAACACAACCA,GFP_BAR_DSBR_2,28.0,46.0,17,CATGGATTCCTCTAGTA,CTGTTCCTCTATTCCTG,1,TK6_PolQ_4h_BR0,TK6,PolQ,4h,BR0
CTTTTACCTAAATTG,GFP_BAR_DSBR_2,28.0,46.0,17,CATGGATTCCTCTAGTA,CTGTTCCTCTATTCCTG,1,TK6_PolQ_4h_BR0,TK6,PolQ,4h,BR0
TAAAGAACGCAGTTT,GFP_BAR_DSBR_2,28.0,46.0,17,CATGGATTCCTCTAGTA,CTGTTCCTCTATTCCTG,1,TK6_PolQ_4h_BR0,TK6,PolQ,4h,BR0
GACTCAGACCCCAAC,GFP_BAR_DSBR_2,28.0,46.0,17,CATGGATTCCTCTAGTA,CTGTTCCTCTATTCCTG,1,TK6_PolQ_4h_BR0,TK6,PolQ,4h,BR0
ACAGTAGGATGGAAT,GFP_BAR_DSBR_2,43.0,61.0,17,TACTGTTCCTCTATTCC,TGCAGCGCAATAGCATG,1,TK6_PolQ_4h_BR0,TK6,PolQ,4h,BR0
CCTAAGAGAGGAAGG,GFP_BAR_DSBR_2,43.0,61.0,17,TACTGTTCCTCTATTCC,TGCAGCGCAATAGCATG,1,TK6_PolQ_4h_BR0,TK6,PolQ,4h,BR0
GAATTACAATAAGAA,GFP_BAR_DSBR_2,43.0,61.0,17,TACTGTTCCTCTATTCC,TGCAGCGCAATAGCATG,1,TK6_PolQ_4h_BR0,TK6,PolQ,4h,BR0
GTGTCCACAATACCC,GFP_BAR_DSBR_2,43.0,61.0,17,TACTGTTCCTCTATTCC,TGCAGCGCAATAGCATG,1,TK6_PolQ_4h_BR0,TK6,PolQ,4h,BR0
TATACAGGCGCGAGT,GFP_BAR_DSBR_2,28.0,47.0,18,CATGGATTCCTCTAGTAC,TGTTCCTCTATTCCTGCA,0,TK6_PolQ_4h_BR0,TK6,PolQ,4h,BR0
AAGTTAATTGACCAT,GFP_BAR_DSBR_2,38.0,57.0,18,TCTAGTACTGTTCCTCTA,TTCCTGCAGCGCAATAGC,1,TK6_PolQ_4h_BR0,TK6,PolQ,4h,BR0
TATGACCTATCAATT,GFP_BAR_DSBR_2,44.0,63.0,18,ACTGTTCCTCTATTCCTG,CAGCGCAATAGCATGGAC,0,TK6_PolQ_4h_BR0,TK6,PolQ,4h,BR0
ATAACACCGACTACA,GFP_BAR_DSBR_2,44.0,63.0,18,ACTGTTCCTCTATTCCTG,CAGCGCAATAGCATGGAC,0,TK6_PolQ_4h_BR0,TK6,PolQ,4h,BR0
ATGATACCCGACCCA,GFP_BAR_DSBR_2,44.0,63.0,18,ACTGTTCCTCTATTCCTG,CAGCGCAATAGCATGGAC,0,TK6_PolQ_4h_BR0,TK6,PolQ,4h,BR0
CATCAACTATACAAG,GFP_BAR_DSBR_2,25.0,45.0,19,TCGCATGGATTCCTCTAGT,ACTGTTCCTCTATTCCTGC,0,TK6_PolQ_4h_BR0,TK6,PolQ,4h,BR0
TAGAAAAAAACCCGA,GFP_BAR_DSBR_2,25.0,45.0,19,TCGCATGGATTCCTCTAGT,ACTGTTCCTCTATTCCTGC,0,TK6_PolQ_4h_BR0,TK6,PolQ,4h,BR0
TATTATACTTATAAA,GFP_BAR_DSBR_2,25.0,45.0,19,TCGCATGGATTCCTCTAGT,ACTGTTCCTCTATTCCTGC,0,TK6_PolQ_4h_BR0,TK6,PolQ,4h,BR0
AAAGTGCCATAAAGA,GFP_BAR_DSBR_2,25.0,45.0,19,TCGCATGGATTCCTCTAGT,ACTGTTCCTCTATTCCTGC,0,TK6_PolQ_4h_BR0,TK6,PolQ,4h,BR0
TTCCCGCAAGCGTAA,GFP_BAR_DSBR_2,25.0,45.0,19,TCGCATGGATTCCTCTAGT,ACTGTTCCTCTATTCCTGC,0,TK6_PolQ_4h_BR0,TK6,PolQ,4h,BR0
CCTCAAGAGAAAAGC,GFP_BAR_DSBR_2,28.0,48.0,19,CATGGATTCCTCTAGTACT,GTTCCTCTATTCCTGCAGC,0,TK6_PolQ_4h_BR0,TK6,PolQ,4h,BR0
TTGGATGTGCATGAA,GFP_BAR_DSBR_2,35.0,55.0,19,TCCTCTAGTACTGTTCCTC,TATTCCTGCAGCGCAATAG,1,TK6_PolQ_4h_BR0,TK6,PolQ,4h,BR0
TATAGACTGAAACGT,GFP_BAR_DSBR_2,37.0,57.0,19,CTCTAGTACTGTTCCTCTA,TTCCTGCAGCGCAATAGCA,0,TK6_PolQ_4h_BR0,TK6,PolQ,4h,BR0
AAGGATGCTGCTTAT,GFP_BAR_DSBR_2,38.0,58.0,19,TCTAGTACTGTTCCTCTAT,TCCTGCAGCGCAATAGCAT,2,TK6_PolQ_4h_BR0,TK6,PolQ,4h,BR0
ATTAAGGACAAACCT,GFP_BAR_DSBR_2,38.0,58.0,19,TCTAGTACTGTTCCTCTAT,TCCTGCAGCGCAATAGCAT,2,TK6_PolQ_4h_BR0,TK6,PolQ,4h,BR0
ATACCTCAATATTAA,GFP_BAR_DSBR_2,38.0,58.0,19,TCTAGTACTGTTCCTCTAT,TCCTGCAGCGCAATAGCAT,2,TK6_PolQ_4h_BR0,TK6,PolQ,4h,BR0
CCCCGAACTTCTCCC,GFP_BAR_DSBR_2,38.0,58.0,19,TCTAGTACTGTTCCTCTAT,TCCTGCAGCGCAATAGCAT,2,TK6_PolQ_4h_BR0,TK6,PolQ,4h,BR0
CAACAACGATTAATA,GFP_BAR_DSBR_2,38.0,58.0,19,TCTAGTACTGTTCCTCTAT,TCCTGCAGCGCAATAGCAT,2,TK6_PolQ_4h_BR0,TK6,PolQ,4h,BR0
TCATCAGTTCTTAAA,GFP_BAR_DSBR_2,38.0,58.0,19,TCTAGTACTGTTCCTCTAT,TCCTGCAGCGCAATAGCAT,2,TK6_PolQ_4h_BR0,TK6,PolQ,4h,BR0
AATCGGCAACCTATT,GFP_BAR_DSBR_2,38.0,58.0,19,TCTAGTACTGTTCCTCTAT,TCCTGCAGCGCAATAGCAT,2,TK6_PolQ_4h_BR0,TK6,PolQ,4h,BR0
TAAAATCAAAACTAA,GFP_BAR_DSBR_2,38.0,58.0,19,TCTAGTACTGTTCCTCTAT,TCCTGCAGCGCAATAGCAT,2,TK6_PolQ_4h_BR0,TK6,PolQ,4h,BR0
CCAGAGGAATAAAGT,GFP_BAR_DSBR_2,38.0,58.0,19,TCTAGTACTGTTCCTCTAT,TCCTGCAGCGCAATAGCAT,2,TK6_PolQ_4h_BR0,TK6,PolQ,4h,BR0
GCTTTCGAGACACAT,GFP_BAR_DSBR_2,44.0,64.0,19,ACTGTTCCTCTATTCCTGC,AGCGCAATAGCATGGACGA,1,TK6_PolQ_4h_BR0,TK6,PolQ,4h,BR0
GAATCAATAATGATG,GFP_BAR_DSBR_2,44.0,64.0,19,ACTGTTCCTCTATTCCTGC,AGCGCAATAGCATGGACGA,1,TK6_PolQ_4h_BR0,TK6,PolQ,4h,BR0
GAAAGATGGCACAAA,GFP_BAR_DSBR_2,44.0,64.0,19,ACTGTTCCTCTATTCCTGC,AGCGCAATAGCATGGACGA,1,TK6_PolQ_4h_BR0,TK6,PolQ,4h,BR0
TTGTGCACCCTAAAA,GFP_BAR_DSBR_2,44.0,64.0,19,ACTGTTCCTCTATTCCTGC,AGCGCAATAGCATGGACGA,1,TK6_PolQ_4h_BR0,TK6,PolQ,4h,BR0
TCCCCTCCCCACTCC,GFP_BAR_DSBR_2,44.0,64.0,19,ACTGTTCCTCTATTCCTGC,AGCGCAATAGCATGGACGA,1,TK6_PolQ_4h_BR0,TK6,PolQ,4h,BR0
AGATATAGATTTCGT,GFP_BAR_DSBR_2,44.0,64.0,19,ACTGTTCCTCTATTCCTGC,AGCGCAATAGCATGGACGA,1,TK6_PolQ_4h_BR0,TK6,PolQ,4h,BR0
CGCGGAGTCATTTAA,GFP_BAR_DSBR_2,44.0,64.0,19,ACTGTTCCTCTATTCCTGC,AGCGCAATAGCATGGACGA,1,TK6_PolQ_4h_BR0,TK6,PolQ,4h,BR0
TGAACTACACATTCT,GFP_BAR_DSBR_2,44.0,64.0,19,ACTGTTCCTCTATTCCTGC,AGCGCAATAGCATGGACGA,1,TK6_PolQ_4h_BR0,TK6,PolQ,4h,BR0
CAATTAAAATTAACA,GFP_BAR_DSBR_2,44.0,64.0,19,ACTGTTCCTCTATTCCTGC,AGCGCAATAGCATGGACGA,1,TK6_PolQ_4h_BR0,TK6,PolQ,4h,BR0
ATATTCATAGAAACA,GFP_BAR_DSBR_2,44.0,64.0,19,ACTGTTCCTCTATTCCTGC,AGCGCAATAGCATGGACGA,1,TK6_PolQ_4h_BR0,TK6,PolQ,4h,BR0
CAGTAAACCTTAACG,GFP_BAR_DSBR_2,44.0,64.0,19,ACTGTTCCTCTATTCCTGC,AGCGCAATAGCATGGACGA,1,TK6_PolQ_4h_BR0,TK6,PolQ,4h,BR0
GACGTATACACCAAC,GFP_BAR_DSBR_2,44.0,64.0,19,ACTGTTCCTCTATTCCTGC,AGCGCAATAGCATGGACGA,1,TK6_PolQ_4h_BR0,TK6,PolQ,4h,BR0
AGAAAACCAAAAATT,GFP_BAR_DSBR_2,44.0,64.0,19,ACTGTTCCTCTATTCCTGC,AGCGCAATAGCATGGACGA,1,TK6_PolQ_4h_BR0,TK6,PolQ,4h,BR0
TAAATTAGTCTGGAA,GFP_BAR_DSBR_2,44.0,64.0,19,ACTGTTCCTCTATTCCTGC,AGCGCAATAGCATGGACGA,1,TK6_PolQ_4h_BR0,TK6,PolQ,4h,BR0
GACCTGCTCTTGATA,GFP_BAR_DSBR_2,24.0,45.0,20,ATCGCATGGATTCCTCTAGT,ACTGTTCCTCTATTCCTGCA,1,TK6_PolQ_4h_BR0,TK6,PolQ,4h,BR0
CAAGTAGGCAGAAAA,GFP_BAR_DSBR_2,24.0,45.0,20,ATCGCATGGATTCCTCTAGT,ACTGTTCCTCTATTCCTGCA,1,TK6_PolQ_4h_BR0,TK6,PolQ,4h,BR0
CAAGAGGTAAGCCAA,GFP_BAR_DSBR_2,24.0,45.0,20,ATCGCATGGATTCCTCTAGT,ACTGTTCCTCTATTCCTGCA,1,TK6_PolQ_4h_BR0,TK6,PolQ,4h,BR0
ACTACCCGAGCACTA,GFP_BAR_DSBR_2,24.0,45.0,20,ATCGCATGGATTCCTCTAGT,ACTGTTCCTCTATTCCTGCA,1,TK6_PolQ_4h_BR0,TK6,PolQ,4h,BR0
ATGGCGGTAACATAT,GFP_BAR_DSBR_2,24.0,45.0,20,ATCGCATGGATTCCTCTAGT,ACTGTTCCTCTATTCCTGCA,1,TK6_PolQ_4h_BR0,TK6,PolQ,4h,BR0
TCAACAGAAATACTA,GFP_BAR_DSBR_2,24.0,45.0,20,ATCGCATGGATTCCTCTAGT,ACTGTTCCTCTATTCCTGCA,1,TK6_PolQ_4h_BR0,TK6,PolQ,4h,BR0
CGGTCATCGGAACCA,GFP_BAR_DSBR_2,24.0,45.0,20,ATCGCATGGATTCCTCTAGT,ACTGTTCCTCTATTCCTGCA,1,TK6_PolQ_4h_BR0,TK6,PolQ,4h,BR0
AGAAAGAGTGTAAAA,GFP_BAR_DSBR_2,24.0,45.0,20,ATCGCATGGATTCCTCTAGT,ACTGTTCCTCTATTCCTGCA,1,TK6_PolQ_4h_BR0,TK6,PolQ,4h,BR0
CCCCCCTTCATGAAT,GFP_BAR_DSBR_2,27.0,48.0,20,GCATGGATTCCTCTAGTACT,GTTCCTCTATTCCTGCAGCG,1,TK6_PolQ_4h_BR0,TK6,PolQ,4h,BR0
CAACTACCCTACAAA,GFP_BAR_DSBR_2,27.0,48.0,20,GCATGGATTCCTCTAGTACT,GTTCCTCTATTCCTGCAGCG,1,TK6_PolQ_4h_BR0,TK6,PolQ,4h,BR0
TGTCTTATCATAGAT,GFP_BAR_DSBR_2,34.0,55.0,20,TTCCTCTAGTACTGTTCCTC,TATTCCTGCAGCGCAATAGC,1,TK6_PolQ_4h_BR0,TK6,PolQ,4h,BR0
AACTCCTTCAAAGAT,GFP_BAR_DSBR_2,34.0,55.0,20,TTCCTCTAGTACTGTTCCTC,TATTCCTGCAGCGCAATAGC,1,TK6_PolQ_4h_BR0,TK6,PolQ,4h,BR0
GTCAAAGAATAACGA,GFP_BAR_DSBR_2,34.0,55.0,20,TTCCTCTAGTACTGTTCCTC,TATTCCTGCAGCGCAATAGC,1,TK6_PolQ_4h_BR0,TK6,PolQ,4h,BR0
TATCGAAACCCCATG,GFP_BAR_DSBR_2,23.0,45.0,21,GATCGCATGGATTCCTCTAGT,ACTGTTCCTCTATTCCTGCAG,0,TK6_PolQ_4h_BR0,TK6,PolQ,4h,BR0
TTAAGGTTTCAGAGT,GFP_BAR_DSBR_2,23.0,45.0,21,GATCGCATGGATTCCTCTAGT,ACTGTTCCTCTATTCCTGCAG,0,TK6_PolQ_4h_BR0,TK6,PolQ,4h,BR0
GTTAGGACAATATGA,GFP_BAR_DSBR_2,23.0,45.0,21,GATCGCATGGATTCCTCTAGT,ACTGTTCCTCTATTCCTGCAG,0,TK6_PolQ_4h_BR0,TK6,PolQ,4h,BR0
AAAGGAGAGTTGTTG,GFP_BAR_DSBR_2,23.0,45.0,21,GATCGCATGGATTCCTCTAGT,ACTGTTCCTCTATTCCTGCAG,0,TK6_PolQ_4h_BR0,TK6,PolQ,4h,BR0
CCAAGTTTGCGTATA,GFP_BAR_DSBR_2,23.0,45.0,21,GATCGCATGGATTCCTCTAGT,ACTGTTCCTCTATTCCTGCAG,0,TK6_PolQ_4h_BR0,TK6,PolQ,4h,BR0
ACGGCGTAATAAAGG,GFP_BAR_DSBR_2,23.0,45.0,21,GATCGCATGGATTCCTCTAGT,ACTGTTCCTCTATTCCTGCAG,0,TK6_PolQ_4h_BR0,TK6,PolQ,4h,BR0
CCCTTCACAGACAAC,GFP_BAR_DSBR_2,23.0,45.0,21,GATCGCATGGATTCCTCTAGT,ACTGTTCCTCTATTCCTGCAG,0,TK6_PolQ_4h_BR0,TK6,PolQ,4h,BR0
AAATTTTAATAAAAA,GFP_BAR_DSBR_2,23.0,45.0,21,GATCGCATGGATTCCTCTAGT,ACTGTTCCTCTATTCCTGCAG,0,TK6_PolQ_4h_BR0,TK6,PolQ,4h,BR0
ATTATCTATCGAACC,GFP_BAR_DSBR_2,23.0,45.0,21,GATCGCATGGATTCCTCTAGT,ACTGTTCCTCTATTCCTGCAG,0,TK6_PolQ_4h_BR0,TK6,PolQ,4h,BR0
GAATCAATAATCAAA,GFP_BAR_DSBR_2,23.0,45.0,21,GATCGCATGGATTCCTCTAGT,ACTGTTCCTCTATTCCTGCAG,0,TK6_PolQ_4h_BR0,TK6,PolQ,4h,BR0
TGTTACCCCTAAAAA,GFP_BAR_DSBR_2,44.0,66.0,21,ACTGTTCCTCTATTCCTGCAG,CGCAATAGCATGGACGAGCTG,0,TK6_PolQ_4h_BR0,TK6,PolQ,4h,BR0
ACGACGCTGATTTCG,GFP_BAR_DSBR_2,44.0,66.0,21,ACTGTTCCTCTATTCCTGCAG,CGCAATAGCATGGACGAGCTG,0,TK6_PolQ_4h_BR0,TK6,PolQ,4h,BR0
AAAATGTTGCAATGC,GFP_BAR_DSBR_2,44.0,66.0,21,ACTGTTCCTCTATTCCTGCAG,CGCAATAGCATGGACGAGCTG,0,TK6_PolQ_4h_BR0,TK6,PolQ,4h,BR0
ATGACTTTACTACCA,GFP_BAR_DSBR_2,44.0,66.0,21,ACTGTTCCTCTATTCCTGCAG,CGCAATAGCATGGACGAGCTG,0,TK6_PolQ_4h_BR0,TK6,PolQ,4h,BR0
TATAAACAGCTGAAC,GFP_BAR_DSBR_2,23.0,46.0,22,GATCGCATGGATTCCTCTAGTA,CTGTTCCTCTATTCCTGCAGCG,0,TK6_PolQ_4h_BR0,TK6,PolQ,4h,BR0
CCAGAGAATGTGGGA,GFP_BAR_DSBR_2,23.0,46.0,22,GATCGCATGGATTCCTCTAGTA,CTGTTCCTCTATTCCTGCAGCG,0,TK6_PolQ_4h_BR0,TK6,PolQ,4h,BR0
CGAATCACACGATGT,GFP_BAR_DSBR_2,32.0,55.0,22,GATTCCTCTAGTACTGTTCCTC,TATTCCTGCAGCGCAATAGCAT,0,TK6_PolQ_4h_BR0,TK6,PolQ,4h,BR0
ATCCGATGGATCTAG,GFP_BAR_DSBR_2,33.0,56.0,22,ATTCCTCTAGTACTGTTCCTCT,ATTCCTGCAGCGCAATAGCATG,6,TK6_PolQ_4h_BR0,TK6,PolQ,4h,BR0
AAATGCTAAGAGGCT,GFP_BAR_DSBR_2,33.0,56.0,22,ATTCCTCTAGTACTGTTCCTCT,ATTCCTGCAGCGCAATAGCATG,6,TK6_PolQ_4h_BR0,TK6,PolQ,4h,BR0
AATTGATACAGCAGG,GFP_BAR_DSBR_2,33.0,56.0,22,ATTCCTCTAGTACTGTTCCTCT,ATTCCTGCAGCGCAATAGCATG,6,TK6_PolQ_4h_BR0,TK6,PolQ,4h,BR0
TCAAAAGCTAGACAT,GFP_BAR_DSBR_2,21.0,45.0,23,CCGATCGCATGGATTCCTCTAGT,ACTGTTCCTCTATTCCTGCAGCG,0,TK6_PolQ_4h_BR0,TK6,PolQ,4h,BR0
ATAAAGTTAACAGAG,GFP_BAR_DSBR_2,21.0,45.0,23,CCGATCGCATGGATTCCTCTAGT,ACTGTTCCTCTATTCCTGCAGCG,0,TK6_PolQ_4h_BR0,TK6,PolQ,4h,BR0
ATAAGTCATAGTGGC,GFP_BAR_DSBR_2,21.0,45.0,23,CCGATCGCATGGATTCCTCTAGT,ACTGTTCCTCTATTCCTGCAGCG,0,TK6_PolQ_4h_BR0,TK6,PolQ,4h,BR0
TCTCTATACCCCAGT,GFP_BAR_DSBR_2,21.0,45.0,23,CCGATCGCATGGATTCCTCTAGT,ACTGTTCCTCTATTCCTGCAGCG,0,TK6_PolQ_4h_BR0,TK6,PolQ,4h,BR0
TAAAAGACAGGATAC,GFP_BAR_DSBR_2,21.0,45.0,23,CCGATCGCATGGATTCCTCTAGT,ACTGTTCCTCTATTCCTGCAGCG,0,TK6_PolQ_4h_BR0,TK6,PolQ,4h,BR0
AAAGAAAACCTTTCG,GFP_BAR_DSBR_2,21.0,45.0,23,CCGATCGCATGGATTCCTCTAGT,ACTGTTCCTCTATTCCTGCAGCG,0,TK6_PolQ_4h_BR0,TK6,PolQ,4h,BR0
AAGAAGTCCTACAAC,GFP_BAR_DSBR_2,21.0,45.0,23,CCGATCGCATGGATTCCTCTAGT,ACTGTTCCTCTATTCCTGCAGCG,0,TK6_PolQ_4h_BR0,TK6,PolQ,4h,BR0
AGTATCCCCTGGGTG,GFP_BAR_DSBR_2,21.0,45.0,23,CCGATCGCATGGATTCCTCTAGT,ACTGTTCCTCTATTCCTGCAGCG,0,TK6_PolQ_4h_BR0,TK6,PolQ,4h,BR0
AGAAATCCGATACTT,GFP_BAR_DSBR_2,22.0,46.0,23,CGATCGCATGGATTCCTCTAGTA,CTGTTCCTCTATTCCTGCAGCGC,1,TK6_PolQ_4h_BR0,TK6,PolQ,4h,BR0
AACGTGAAATGTGTG,GFP_BAR_DSBR_2,22.0,46.0,23,CGATCGCATGGATTCCTCTAGTA,CTGTTCCTCTATTCCTGCAGCGC,1,TK6_PolQ_4h_BR0,TK6,PolQ,4h,BR0
ACTAGAAGAACACGC,GFP_BAR_DSBR_2,22.0,46.0,23,CGATCGCATGGATTCCTCTAGTA,CTGTTCCTCTATTCCTGCAGCGC,1,TK6_PolQ_4h_BR0,TK6,PolQ,4h,BR0
ACGGAAAAAGGGAAA,GFP_BAR_DSBR_2,22.0,46.0,23,CGATCGCATGGATTCCTCTAGTA,CTGTTCCTCTATTCCTGCAGCGC,1,TK6_PolQ_4h_BR0,TK6,PolQ,4h,BR0
ATAAAAACCACTTGA,GFP_BAR_DSBR_2,20.0,45.0,24,ACCGATCGCATGGATTCCTCTAGT,ACTGTTCCTCTATTCCTGCAGCGC,2,TK6_PolQ_4h_BR0,TK6,PolQ,4h,BR0
AAACCAAAGACCCAG,GFP_BAR_DSBR_2,20.0,45.0,24,ACCGATCGCATGGATTCCTCTAGT,ACTGTTCCTCTATTCCTGCAGCGC,2,TK6_PolQ_4h_BR0,TK6,PolQ,4h,BR0
CTGCCACCTTAGTCT,GFP_BAR_DSBR_2,20.0,45.0,24,ACCGATCGCATGGATTCCTCTAGT,ACTGTTCCTCTATTCCTGCAGCGC,2,TK6_PolQ_4h_BR0,TK6,PolQ,4h,BR0
CTACAACTGATAAAG,GFP_BAR_DSBR_2,20.0,45.0,24,ACCGATCGCATGGATTCCTCTAGT,ACTGTTCCTCTATTCCTGCAGCGC,2,TK6_PolQ_4h_BR0,TK6,PolQ,4h,BR0
GCGTTCCGGTCCCTC,GFP_BAR_DSBR_2,20.0,45.0,24,ACCGATCGCATGGATTCCTCTAGT,ACTGTTCCTCTATTCCTGCAGCGC,2,TK6_PolQ_4h_BR0,TK6,PolQ,4h,BR0
CTAAAATTCGTGCGC,GFP_BAR_DSBR_2,20.0,45.0,24,ACCGATCGCATGGATTCCTCTAGT,ACTGTTCCTCTATTCCTGCAGCGC,2,TK6_PolQ_4h_BR0,TK6,PolQ,4h,BR0
TCGGCTTTTGAGGAC,GFP_BAR_DSBR_2,20.0,45.0,24,ACCGATCGCATGGATTCCTCTAGT,ACTGTTCCTCTATTCCTGCAGCGC,2,TK6_PolQ_4h_BR0,TK6,PolQ,4h,BR0
GTACTTATCAGATTC,GFP_BAR_DSBR_2,20.0,45.0,24,ACCGATCGCATGGATTCCTCTAGT,ACTGTTCCTCTATTCCTGCAGCGC,2,TK6_PolQ_4h_BR0,TK6,PolQ,4h,BR0
AAATACATAATAAAG,GFP_BAR_DSBR_2,20.0,45.0,24,ACCGATCGCATGGATTCCTCTAGT,ACTGTTCCTCTATTCCTGCAGCGC,2,TK6_PolQ_4h_BR0,TK6,PolQ,4h,BR0
ACACTATAAACCGCG,GFP_BAR_DSBR_2,20.0,45.0,24,ACCGATCGCATGGATTCCTCTAGT,ACTGTTCCTCTATTCCTGCAGCGC,2,TK6_PolQ_4h_BR0,TK6,PolQ,4h,BR0
GCTTTGAAGGGTAAG,GFP_BAR_DSBR_2,23.0,48.0,24,GATCGCATGGATTCCTCTAGTACT,GTTCCTCTATTCCTGCAGCGCAAT,1,TK6_PolQ_4h_BR0,TK6,PolQ,4h,BR0
ATTATACGATAAAAT,GFP_BAR_DSBR_2,19.0,45.0,25,CACCGATCGCATGGATTCCTCTAGT,ACTGTTCCTCTATTCCTGCAGCGCA,0,TK6_PolQ_4h_BR0,TK6,PolQ,4h,BR0
CGAGAAATATAAGTA,GFP_BAR_DSBR_2,25.0,51.0,25,TCGCATGGATTCCTCTAGTACTGTT,CCTCTATTCCTGCAGCGCAATAGCA,0,TK6_PolQ_4h_BR0,TK6,PolQ,4h,BR0
CATCACTAACTATTA,GFP_BAR_DSBR_2,21.0,48.0,26,CCGATCGCATGGATTCCTCTAGTACT,GTTCCTCTATTCCTGCAGCGCAATAG,0,TK6_PolQ_4h_BR0,TK6,PolQ,4h,BR0
GCAACGGACGGTATA,GFP_BAR_DSBR_2,30.0,58.0,27,TGGATTCCTCTAGTACTGTTCCTCTAT,TCCTGCAGCGCAATAGCATGGACGAGC,1,TK6_PolQ_4h_BR0,TK6,PolQ,4h,BR0
TTTGATACCAGGTTT,GFP_BAR_DSBR_2,37.0,65.0,27,CTCTAGTACTGTTCCTCTATTCCTGCA,GCGCAATAGCATGGACGAGCTGTACAA,0,TK6_PolQ_4h_BR0,TK6,PolQ,4h,BR0
AAACGGATATTATAG,GFP_BAR_DSBR_2,37.0,65.0,27,CTCTAGTACTGTTCCTCTATTCCTGCA,GCGCAATAGCATGGACGAGCTGTACAA,0,TK6_PolQ_4h_BR0,TK6,PolQ,4h,BR0
ACTTGCTAATAATGA,GFP_BAR_DSBR_2,37.0,66.0,28,CTCTAGTACTGTTCCTCTATTCCTGCAG,CGCAATAGCATGGACGAGCTGTACAAGT,1,TK6_PolQ_4h_BR0,TK6,PolQ,4h,BR0
TTATAATTCAGTGGT,GFP_BAR_DSBR_2,15.0,45.0,29,AGTCCACCGATCGCATGGATTCCTCTAGT,ACTGTTCCTCTATTCCTGCAGCGCAATAG,1,TK6_PolQ_4h_BR0,TK6,PolQ,4h,BR0
TCAGTGGCATATTCC,GFP_BAR_DSBR_2,33.0,64.0,30,ATTCCTCTAGTACTGTTCCTCTATTCCTGC,AGCGCAATAGCATGGACGAGCTGTACAAGT,1,TK6_PolQ_4h_BR0,TK6,PolQ,4h,BR0
CTAACAATGCCGACA,GFP_BAR_DSBR_2,33.0,64.0,30,ATTCCTCTAGTACTGTTCCTCTATTCCTGC,AGCGCAATAGCATGGACGAGCTGTACAAGT,1,TK6_PolQ_4h_BR0,TK6,PolQ,4h,BR0
TAGGCATTAAGTAAA,GFP_BAR_DSBR_2,22.0,54.0,31,CGATCGCATGGATTCCTCTAGTACTGTTCCT,CTATTCCTGCAGCGCAATAGCATGGACGAGC,1,TK6_PolQ_4h_BR0,TK6,PolQ,4h,BR0
CCACAAATTTAACTG,GFP_BAR_DSBR_2,28.0,60.0,31,CATGGATTCCTCTAGTACTGTTCCTCTATTC,CTGCAGCGCAATAGCATGGACGAGCTGTACA,1,TK6_PolQ_4h_BR0,TK6,PolQ,4h,BR0
ATTGAGACGAGAGCG,GFP_BAR_DSBR_2,17.0,50.0,32,TCCACCGATCGCATGGATTCCTCTAGTACTGT,TCCTCTATTCCTGCAGCGCAATAGCATGGACG,3,TK6_PolQ_4h_BR0,TK6,PolQ,4h,BR0
AAGGAAAAATGGATG,GFP_BAR_DSBR_2,17.0,50.0,32,TCCACCGATCGCATGGATTCCTCTAGTACTGT,TCCTCTATTCCTGCAGCGCAATAGCATGGACG,3,TK6_PolQ_4h_BR0,TK6,PolQ,4h,BR0
AACCTTAAACTTATT,GFP_BAR_DSBR_2,17.0,50.0,32,TCCACCGATCGCATGGATTCCTCTAGTACTGT,TCCTCTATTCCTGCAGCGCAATAGCATGGACG,3,TK6_PolQ_4h_BR0,TK6,PolQ,4h,BR0
CGTGCACGATGAAAC,GFP_BAR_DSBR_2,32.0,65.0,32,GATTCCTCTAGTACTGTTCCTCTATTCCTGCA,GCGCAATAGCATGGACGAGCTGTACAAGTGA,1,TK6_PolQ_4h_BR0,TK6,PolQ,4h,BR0
CATGTGTCTATCATA,GFP_BAR_DSBR_2,32.0,65.0,32,GATTCCTCTAGTACTGTTCCTCTATTCCTGCA,GCGCAATAGCATGGACGAGCTGTACAAGTGA,1,TK6_PolQ_4h_BR0,TK6,PolQ,4h,BR0
ATCTCGATAATCGAA,GFP_BAR_DSBR_2,21.0,56.0,34,CCGATCGCATGGATTCCTCTAGTACTGTTCCTCT,ATTCCTGCAGCGCAATAGCATGGACGAGCTGTAC,0,TK6_PolQ_4h_BR0,TK6,PolQ,4h,BR0
AAGGGATTCAACTGC,GFP_BAR_DSBR_2,20.0,56.0,35,ACCGATCGCATGGATTCCTCTAGTACTGTTCCTCT,ATTCCTGCAGCGCAATAGCATGGACGAGCTGTACA,1,TK6_PolQ_4h_BR0,TK6,PolQ,4h,BR0
AACTTTGTTACCGCG,GFP_BAR_DSBR_2,21.0,60.0,38,CCGATCGCATGGATTCCTCTAGTACTGTTCCTCTATTC,CTGCAGCGCAATAGCATGGACGAGCTGTACAAGTGA,1,TK6_PolQ_4h_BR0,TK6,PolQ,4h,BR0
TCCCCCTCCATTCCT,GFP_BAR_DSBR_2,26.0,66.0,39,CGCATGGATTCCTCTAGTACTGTTCCTCTATTCCTGCAG,CGCAATAGCATGGACGAGCTGTACAAGTGA,4,TK6_PolQ_4h_BR0,TK6,PolQ,4h,BR0
TAAAGTGAGCAATAA,GFP_BAR_DSBR_2,26.0,66.0,39,CGCATGGATTCCTCTAGTACTGTTCCTCTATTCCTGCAG,CGCAATAGCATGGACGAGCTGTACAAGTGA,4,TK6_PolQ_4h_BR0,TK6,PolQ,4h,BR0
AACGATCAATCAATT,GFP_BAR_DSBR_2,17.0,58.0,40,TCCACCGATCGCATGGATTCCTCTAGTACTGTTCCTCTAT,TCCTGCAGCGCAATAGCATGGACGAGCTGTACAAGTGA,3,TK6_PolQ_4h_BR0,TK6,PolQ,4h,BR0
CGAGAAACAACCCCG,GFP_BAR_DSBR_2,17.0,58.0,40,TCCACCGATCGCATGGATTCCTCTAGTACTGTTCCTCTAT,TCCTGCAGCGCAATAGCATGGACGAGCTGTACAAGTGA,3,TK6_PolQ_4h_BR0,TK6,PolQ,4h,BR0
ATGAAAAAACCTATT,GFP_BAR_DSBR_2,23.0,65.0,41,GATCGCATGGATTCCTCTAGTACTGTTCCTCTATTCCTGCA,GCGCAATAGCATGGACGAGCTGTACAAGTGA,1,TK6_PolQ_4h_BR0,TK6,PolQ,4h,BR0
AATATGTTCCGCCAT,GFP_BAR_DSBR_2,20.0,65.0,44,ACCGATCGCATGGATTCCTCTAGTACTGTTCCTCTATTCCTGCA,GCGCAATAGCATGGACGAGCTGTACAAGTGA,0,TK6_PolQ_4h_BR0,TK6,PolQ,4h,BR0
TACCCATGGAGTAAG,GFP_BAR_DSBR_2,20.0,65.0,44,ACCGATCGCATGGATTCCTCTAGTACTGTTCCTCTATTCCTGCA,GCGCAATAGCATGGACGAGCTGTACAAGTGA,0,TK6_PolQ_4h_BR0,TK6,PolQ,4h,BR0
ACCACCCCGATTACT,GFP_BAR_DSBR_2,20.0,65.0,44,ACCGATCGCATGGATTCCTCTAGTACTGTTCCTCTATTCCTGCA,GCGCAATAGCATGGACGAGCTGTACAAGTGA,0,TK6_PolQ_4h_BR0,TK6,PolQ,4h,BR0
GGCACATATACAAAT,GFP_BAR_DSBR_2,20.0,65.0,44,ACCGATCGCATGGATTCCTCTAGTACTGTTCCTCTATTCCTGCA,GCGCAATAGCATGGACGAGCTGTACAAGTGA,0,TK6_PolQ_4h_BR0,TK6,PolQ,4h,BR0
ATTTTTACTGGATCG,GFP_BAR_DSBR_2,20.0,66.0,45,ACCGATCGCATGGATTCCTCTAGTACTGTTCCTCTATTCCTGCAG,CGCAATAGCATGGACGAGCTGTACAAGTGA,0,TK6_PolQ_4h_BR0,TK6,PolQ,4h,BR0
TAACGTTAGAAAGTA,GFP_BAR_DSBR_2,20.0,66.0,45,ACCGATCGCATGGATTCCTCTAGTACTGTTCCTCTATTCCTGCAG,CGCAATAGCATGGACGAGCTGTACAAGTGA,0,TK6_PolQ_4h_BR0,TK6,PolQ,4h,BR0
TTGTAAATTTAAGAA,GFP_BAR_DSBR_2,43.0,45.0,1,T,A,0,TK6_WT_4h_BR0,TK6,WT,4h,BR0
TACTTCTGCCGAAAC,GFP_BAR_DSBR_2,43.0,45.0,1,T,A,0,TK6_WT_4h_BR0,TK6,WT,4h,BR0
TCAATACAGTTTCTT,GFP_BAR_DSBR_2,43.0,45.0,1,T,A,0,TK6_WT_4h_BR0,TK6,WT,4h,BR0
CCACATAAAATCCAT,GFP_BAR_DSBR_2,43.0,45.0,1,T,A,0,TK6_WT_4h_BR0,TK6,WT,4h,BR0
CCCCGGCCTATGGGC,GFP_BAR_DSBR_2,43.0,45.0,1,T,A,0,TK6_WT_4h_BR0,TK6,WT,4h,BR0
GAGGCTAACAACTGA,GFP_BAR_DSBR_2,43.0,45.0,1,T,A,0,TK6_WT_4h_BR0,TK6,WT,4h,BR0
CGGCATGGAACGTTT,GFP_BAR_DSBR_2,43.0,45.0,1,T,A,0,TK6_WT_4h_BR0,TK6,WT,4h,BR0
TATCGGCAAGACATA,GFP_BAR_DSBR_2,43.0,45.0,1,T,A,0,TK6_WT_4h_BR0,TK6,WT,4h,BR0
AACAGCACCATCAAA,GFP_BAR_DSBR_2,43.0,45.0,1,T,A,0,TK6_WT_4h_BR0,TK6,WT,4h,BR0
TGGATGACTAACAGT,GFP_BAR_DSBR_2,43.0,45.0,1,T,A,0,TK6_WT_4h_BR0,TK6,WT,4h,BR0
ACCGATATTCCATTT,GFP_BAR_DSBR_2,43.0,45.0,1,T,A,0,TK6_WT_4h_BR0,TK6,WT,4h,BR0
CACAATGACTGTAGT,GFP_BAR_DSBR_2,43.0,45.0,1,T,A,0,TK6_WT_4h_BR0,TK6,WT,4h,BR0
AGCTGCAAATGTGGG,GFP_BAR_DSBR_2,43.0,45.0,1,T,A,0,TK6_WT_4h_BR0,TK6,WT,4h,BR0
GTTGTCATTACATGA,GFP_BAR_DSBR_2,43.0,45.0,1,T,A,0,TK6_WT_4h_BR0,TK6,WT,4h,BR0
CTAGAGCGGGGGCAG,GFP_BAR_DSBR_2,43.0,45.0,1,T,A,0,TK6_WT_4h_BR0,TK6,WT,4h,BR0
GTGCAAAATTTGTAA,GFP_BAR_DSBR_2,43.0,45.0,1,T,A,0,TK6_WT_4h_BR0,TK6,WT,4h,BR0
CACACAACTTTTATA,GFP_BAR_DSBR_2,43.0,45.0,1,T,A,0,TK6_WT_4h_BR0,TK6,WT,4h,BR0
TTTGGATGGCGAAGA,GFP_BAR_DSBR_2,43.0,45.0,1,T,A,0,TK6_WT_4h_BR0,TK6,WT,4h,BR0
GAAAGTGAAGGAGAA,GFP_BAR_DSBR_2,43.0,45.0,1,T,A,0,TK6_WT_4h_BR0,TK6,WT,4h,BR0
ATCGATGTAGCGTCG,GFP_BAR_DSBR_2,43.0,45.0,1,T,A,0,TK6_WT_4h_BR0,TK6,WT,4h,BR0
ATCAAACCTGGACAA,GFP_BAR_DSBR_2,43.0,45.0,1,T,A,0,TK6_WT_4h_BR0,TK6,WT,4h,BR0
TAACCGCTCTTTTAG,GFP_BAR_DSBR_2,43.0,45.0,1,T,A,0,TK6_WT_4h_BR0,TK6,WT,4h,BR0
TCATATGTCGTTTTT,GFP_BAR_DSBR_2,43.0,45.0,1,T,A,0,TK6_WT_4h_BR0,TK6,WT,4h,BR0
AAAATACTGACGACT,GFP_BAR_DSBR_2,43.0,45.0,1,T,A,0,TK6_WT_4h_BR0,TK6,WT,4h,BR0
AAACGACTACTCTTT,GFP_BAR_DSBR_2,43.0,45.0,1,T,A,0,TK6_WT_4h_BR0,TK6,WT,4h,BR0
CTACCACAACTAAAA,GFP_BAR_DSBR_2,43.0,45.0,1,T,A,0,TK6_WT_4h_BR0,TK6,WT,4h,BR0
AAATTATACTGAGAT,GFP_BAR_DSBR_2,43.0,45.0,1,T,A,0,TK6_WT_4h_BR0,TK6,WT,4h,BR0
TACTTTGTATCACCA,GFP_BAR_DSBR_2,43.0,45.0,1,T,A,0,TK6_WT_4h_BR0,TK6,WT,4h,BR0
GCCGATGAGATTGTA,GFP_BAR_DSBR_2,43.0,45.0,1,T,A,0,TK6_WT_4h_BR0,TK6,WT,4h,BR0
ACACGAGATAGCTCT,GFP_BAR_DSBR_2,43.0,45.0,1,T,A,0,TK6_WT_4h_BR0,TK6,WT,4h,BR0
AGATCGACGGAATAG,GFP_BAR_DSBR_2,43.0,45.0,1,T,A,0,TK6_WT_4h_BR0,TK6,WT,4h,BR0
GGTGTGCAGCAAACC,GFP_BAR_DSBR_2,43.0,45.0,1,T,A,0,TK6_WT_4h_BR0,TK6,WT,4h,BR0
CTTTCCCAAGTTCCT,GFP_BAR_DSBR_2,43.0,45.0,1,T,A,0,TK6_WT_4h_BR0,TK6,WT,4h,BR0
CATGTCTGTGGTTCA,GFP_BAR_DSBR_2,43.0,45.0,1,T,A,0,TK6_WT_4h_BR0,TK6,WT,4h,BR0
TTTAACGCGGACTAC,GFP_BAR_DSBR_2,43.0,45.0,1,T,A,0,TK6_WT_4h_BR0,TK6,WT,4h,BR0
AGTAACCAAATATAG,GFP_BAR_DSBR_2,43.0,45.0,1,T,A,0,TK6_WT_4h_BR0,TK6,WT,4h,BR0
TACGAGAGAGACATA,GFP_BAR_DSBR_2,43.0,45.0,1,T,A,0,TK6_WT_4h_BR0,TK6,WT,4h,BR0
CCACGAACCACTATA,GFP_BAR_DSBR_2,43.0,45.0,1,T,A,0,TK6_WT_4h_BR0,TK6,WT,4h,BR0
ACGAACAATATTAAG,GFP_BAR_DSBR_2,43.0,45.0,1,T,A,0,TK6_WT_4h_BR0,TK6,WT,4h,BR0
TAGTTCTTACAACTT,GFP_BAR_DSBR_2,43.0,45.0,1,T,A,0,TK6_WT_4h_BR0,TK6,WT,4h,BR0
AGAAGATGAGAAACG,GFP_BAR_DSBR_2,43.0,45.0,1,T,A,0,TK6_WT_4h_BR0,TK6,WT,4h,BR0
GGTATATACATAAAG,GFP_BAR_DSBR_2,43.0,45.0,1,T,A,0,TK6_WT_4h_BR0,TK6,WT,4h,BR0
TCACATATAATACCG,GFP_BAR_DSBR_2,43.0,45.0,1,T,A,0,TK6_WT_4h_BR0,TK6,WT,4h,BR0
AATATTTTACAAGTA,GFP_BAR_DSBR_2,43.0,45.0,1,T,A,0,TK6_WT_4h_BR0,TK6,WT,4h,BR0
CTGGAAACTCTTTTA,GFP_BAR_DSBR_2,43.0,45.0,1,T,A,0,TK6_WT_4h_BR0,TK6,WT,4h,BR0
TCTCAACACTCAATA,GFP_BAR_DSBR_2,43.0,45.0,1,T,A,0,TK6_WT_4h_BR0,TK6,WT,4h,BR0
CATCACTGGAACACT,GFP_BAR_DSBR_2,43.0,45.0,1,T,A,0,TK6_WT_4h_BR0,TK6,WT,4h,BR0
ACATGAAAACATTAT,GFP_BAR_DSBR_2,43.0,45.0,1,T,A,0,TK6_WT_4h_BR0,TK6,WT,4h,BR0
GTATAAGACTAATAA,GFP_BAR_DSBR_2,44.0,46.0,1,A,C,0,TK6_WT_4h_BR0,TK6,WT,4h,BR0
AACAATTGATTGAGA,GFP_BAR_DSBR_2,44.0,46.0,1,A,C,0,TK6_WT_4h_BR0,TK6,WT,4h,BR0
CCTAATCAGCGAACG,GFP_BAR_DSBR_2,44.0,46.0,1,A,C,0,TK6_WT_4h_BR0,TK6,WT,4h,BR0
TCACACTTATTATGT,GFP_BAR_DSBR_2,44.0,46.0,1,A,C,0,TK6_WT_4h_BR0,TK6,WT,4h,BR0
TTGTCGGGGTTTCTG,GFP_BAR_DSBR_2,44.0,46.0,1,A,C,0,TK6_WT_4h_BR0,TK6,WT,4h,BR0
GACGAACAGTTTGAT,GFP_BAR_DSBR_2,44.0,46.0,1,A,C,0,TK6_WT_4h_BR0,TK6,WT,4h,BR0
TTACATCCATCTTAA,GFP_BAR_DSBR_2,44.0,46.0,1,A,C,0,TK6_WT_4h_BR0,TK6,WT,4h,BR0
ACAATAATACTGCAC,GFP_BAR_DSBR_2,44.0,46.0,1,A,C,0,TK6_WT_4h_BR0,TK6,WT,4h,BR0
CAAGAGTCCGAATAA,GFP_BAR_DSBR_2,44.0,46.0,1,A,C,0,TK6_WT_4h_BR0,TK6,WT,4h,BR0
TGGCGCTACTAAAAT,GFP_BAR_DSBR_2,44.0,46.0,1,A,C,0,TK6_WT_4h_BR0,TK6,WT,4h,BR0
GACGTAGGTTAACTG,GFP_BAR_DSBR_2,44.0,46.0,1,A,C,0,TK6_WT_4h_BR0,TK6,WT,4h,BR0
GTCATATTGCCTAAT,GFP_BAR_DSBR_2,44.0,46.0,1,A,C,0,TK6_WT_4h_BR0,TK6,WT,4h,BR0
GAACAAAGTAACCTT,GFP_BAR_DSBR_2,44.0,46.0,1,A,C,0,TK6_WT_4h_BR0,TK6,WT,4h,BR0
CCTATTACTCAATTG,GFP_BAR_DSBR_2,44.0,46.0,1,A,C,0,TK6_WT_4h_BR0,TK6,WT,4h,BR0
CTGTTTCCATTTTCG,GFP_BAR_DSBR_2,44.0,46.0,1,A,C,0,TK6_WT_4h_BR0,TK6,WT,4h,BR0
AATAATTTAACAATT,GFP_BAR_DSBR_2,42.0,45.0,2,GT,AC,0,TK6_WT_4h_BR0,TK6,WT,4h,BR0
AAAATTAGTCATGAA,GFP_BAR_DSBR_2,42.0,45.0,2,GT,AC,0,TK6_WT_4h_BR0,TK6,WT,4h,BR0
ATGACCATTTAACCA,GFP_BAR_DSBR_2,42.0,45.0,2,GT,AC,0,TK6_WT_4h_BR0,TK6,WT,4h,BR0
CGGTCCAAAACGTAT,GFP_BAR_DSBR_2,42.0,45.0,2,GT,AC,0,TK6_WT_4h_BR0,TK6,WT,4h,BR0
AATTGCTCTCATTGT,GFP_BAR_DSBR_2,42.0,45.0,2,GT,AC,0,TK6_WT_4h_BR0,TK6,WT,4h,BR0
TCATATACAACCCCT,GFP_BAR_DSBR_2,42.0,45.0,2,GT,AC,0,TK6_WT_4h_BR0,TK6,WT,4h,BR0
AAAGTATACCGTTTG,GFP_BAR_DSBR_2,42.0,45.0,2,GT,AC,0,TK6_WT_4h_BR0,TK6,WT,4h,BR0
CACCAAAACTCCAAG,GFP_BAR_DSBR_2,42.0,45.0,2,GT,AC,0,TK6_WT_4h_BR0,TK6,WT,4h,BR0
ATTGTCTGAAAAAAA,GFP_BAR_DSBR_2,42.0,45.0,2,GT,AC,0,TK6_WT_4h_BR0,TK6,WT,4h,BR0
CCCATTTTATACCCG,GFP_BAR_DSBR_2,42.0,45.0,2,GT,AC,0,TK6_WT_4h_BR0,TK6,WT,4h,BR0
GCGATGTTTGAGGAG,GFP_BAR_DSBR_2,42.0,45.0,2,GT,AC,0,TK6_WT_4h_BR0,TK6,WT,4h,BR0
ACCTGCAAATAAAAT,GFP_BAR_DSBR_2,42.0,45.0,2,GT,AC,0,TK6_WT_4h_BR0,TK6,WT,4h,BR0
CAAATAGTGAAGACG,GFP_BAR_DSBR_2,42.0,45.0,2,GT,AC,0,TK6_WT_4h_BR0,TK6,WT,4h,BR0
CGAATGAATTGGCAT,GFP_BAR_DSBR_2,42.0,45.0,2,GT,AC,0,TK6_WT_4h_BR0,TK6,WT,4h,BR0
CATATTCTAGCGACC,GFP_BAR_DSBR_2,42.0,45.0,2,GT,AC,0,TK6_WT_4h_BR0,TK6,WT,4h,BR0
ATCAAGCCTAATTTT,GFP_BAR_DSBR_2,42.0,45.0,2,GT,AC,0,TK6_WT_4h_BR0,TK6,WT,4h,BR0
CATTAGAACAGATAA,GFP_BAR_DSBR_2,42.0,45.0,2,GT,AC,0,TK6_WT_4h_BR0,TK6,WT,4h,BR0
AACAGTGTCCCATAT,GFP_BAR_DSBR_2,42.0,45.0,2,GT,AC,0,TK6_WT_4h_BR0,TK6,WT,4h,BR0
TTAAATAGGCCTTTA,GFP_BAR_DSBR_2,42.0,45.0,2,GT,AC,0,TK6_WT_4h_BR0,TK6,WT,4h,BR0
CCTTATTAAAAATTA,GFP_BAR_DSBR_2,42.0,45.0,2,GT,AC,0,TK6_WT_4h_BR0,TK6,WT,4h,BR0
TATCCAACATAATAA,GFP_BAR_DSBR_2,42.0,45.0,2,GT,AC,0,TK6_WT_4h_BR0,TK6,WT,4h,BR0
ATCAATTGGCGGCGG,GFP_BAR_DSBR_2,42.0,45.0,2,GT,AC,0,TK6_WT_4h_BR0,TK6,WT,4h,BR0
GGAGGGAGTTATGAA,GFP_BAR_DSBR_2,42.0,45.0,2,GT,AC,0,TK6_WT_4h_BR0,TK6,WT,4h,BR0
CCTTAGATAAAACTA,GFP_BAR_DSBR_2,42.0,45.0,2,GT,AC,0,TK6_WT_4h_BR0,TK6,WT,4h,BR0
AACTTTTTAAATAGG,GFP_BAR_DSBR_2,42.0,45.0,2,GT,AC,0,TK6_WT_4h_BR0,TK6,WT,4h,BR0
ACCACTAATGGAAAT,GFP_BAR_DSBR_2,42.0,45.0,2,GT,AC,0,TK6_WT_4h_BR0,TK6,WT,4h,BR0
AATAAACGAAGAACC,GFP_BAR_DSBR_2,42.0,45.0,2,GT,AC,0,TK6_WT_4h_BR0,TK6,WT,4h,BR0
AAGACTTTGACCAAT,GFP_BAR_DSBR_2,42.0,45.0,2,GT,AC,0,TK6_WT_4h_BR0,TK6,WT,4h,BR0
AGGGGGCGGCGGGGG,GFP_BAR_DSBR_2,42.0,45.0,2,GT,AC,0,TK6_WT_4h_BR0,TK6,WT,4h,BR0
CCACCAAAACACCAA,GFP_BAR_DSBR_2,42.0,45.0,2,GT,AC,0,TK6_WT_4h_BR0,TK6,WT,4h,BR0
TTGTAGGCAGATGGG,GFP_BAR_DSBR_2,42.0,45.0,2,GT,AC,0,TK6_WT_4h_BR0,TK6,WT,4h,BR0
TTCCCACTAACGAAA,GFP_BAR_DSBR_2,42.0,45.0,2,GT,AC,0,TK6_WT_4h_BR0,TK6,WT,4h,BR0
TGCCGATCGATCAAA,GFP_BAR_DSBR_2,43.0,46.0,2,TA,CT,0,TK6_WT_4h_BR0,TK6,WT,4h,BR0
ACGTTAACGAGTTAT,GFP_BAR_DSBR_2,44.0,47.0,2,AC,TG,0,TK6_WT_4h_BR0,TK6,WT,4h,BR0
AGTAAAAACTCAAAA,GFP_BAR_DSBR_2,44.0,47.0,2,AC,TG,0,TK6_WT_4h_BR0,TK6,WT,4h,BR0
GAAAGTAGCTACTCA,GFP_BAR_DSBR_2,44.0,47.0,2,AC,TG,0,TK6_WT_4h_BR0,TK6,WT,4h,BR0
CTCAATGTACCTCTA,GFP_BAR_DSBR_2,44.0,47.0,2,AC,TG,0,TK6_WT_4h_BR0,TK6,WT,4h,BR0
TGAAATCGTAGGATT,GFP_BAR_DSBR_2,44.0,47.0,2,AC,TG,0,TK6_WT_4h_BR0,TK6,WT,4h,BR0
ACGTACGTACTTAAA,GFP_BAR_DSBR_2,44.0,47.0,2,AC,TG,0,TK6_WT_4h_BR0,TK6,WT,4h,BR0
GATATTAAGTATTTG,GFP_BAR_DSBR_2,44.0,47.0,2,AC,TG,0,TK6_WT_4h_BR0,TK6,WT,4h,BR0
TTTTTATCACGTATT,GFP_BAR_DSBR_2,44.0,47.0,2,AC,TG,0,TK6_WT_4h_BR0,TK6,WT,4h,BR0
CATTAACCATGTTCA,GFP_BAR_DSBR_2,44.0,47.0,2,AC,TG,0,TK6_WT_4h_BR0,TK6,WT,4h,BR0
CGGAATCAAACCAAA,GFP_BAR_DSBR_2,44.0,47.0,2,AC,TG,0,TK6_WT_4h_BR0,TK6,WT,4h,BR0
ATCCACGACTACCCC,GFP_BAR_DSBR_2,44.0,47.0,2,AC,TG,0,TK6_WT_4h_BR0,TK6,WT,4h,BR0
CAAAGCACTCCAAAT,GFP_BAR_DSBR_2,44.0,47.0,2,AC,TG,0,TK6_WT_4h_BR0,TK6,WT,4h,BR0
CCAAAGCAAAAAGTT,GFP_BAR_DSBR_2,44.0,47.0,2,AC,TG,0,TK6_WT_4h_BR0,TK6,WT,4h,BR0
ATGTATATCAGACGA,GFP_BAR_DSBR_2,44.0,47.0,2,AC,TG,0,TK6_WT_4h_BR0,TK6,WT,4h,BR0
CCACAGAAAATCTGA,GFP_BAR_DSBR_2,44.0,47.0,2,AC,TG,0,TK6_WT_4h_BR0,TK6,WT,4h,BR0
AGGTAGTTGCTTGGG,GFP_BAR_DSBR_2,44.0,47.0,2,AC,TG,0,TK6_WT_4h_BR0,TK6,WT,4h,BR0
AACTGAAACTCACTG,GFP_BAR_DSBR_2,44.0,47.0,2,AC,TG,0,TK6_WT_4h_BR0,TK6,WT,4h,BR0
CTAATATCAATCAAC,GFP_BAR_DSBR_2,44.0,47.0,2,AC,TG,0,TK6_WT_4h_BR0,TK6,WT,4h,BR0
GGCGGGATACAGGTG,GFP_BAR_DSBR_2,44.0,47.0,2,AC,TG,0,TK6_WT_4h_BR0,TK6,WT,4h,BR0
CTTCTATGACCCCAA,GFP_BAR_DSBR_2,44.0,47.0,2,AC,TG,0,TK6_WT_4h_BR0,TK6,WT,4h,BR0
TAGTGAGGCTATAAA,GFP_BAR_DSBR_2,44.0,47.0,2,AC,TG,0,TK6_WT_4h_BR0,TK6,WT,4h,BR0
CGAGCGATAGAGCAT,GFP_BAR_DSBR_2,44.0,47.0,2,AC,TG,0,TK6_WT_4h_BR0,TK6,WT,4h,BR0
GACCAATCAATAACT,GFP_BAR_DSBR_2,44.0,47.0,2,AC,TG,0,TK6_WT_4h_BR0,TK6,WT,4h,BR0
CCTCCTATACCTATC,GFP_BAR_DSBR_2,43.0,47.0,3,TAC,TGT,1,TK6_WT_4h_BR0,TK6,WT,4h,BR0
CCGGACTACATTATT,GFP_BAR_DSBR_2,43.0,47.0,3,TAC,TGT,1,TK6_WT_4h_BR0,TK6,WT,4h,BR0
ACCCATGACTCTATT,GFP_BAR_DSBR_2,43.0,47.0,3,TAC,TGT,1,TK6_WT_4h_BR0,TK6,WT,4h,BR0
ATAGAATGAAAATCT,GFP_BAR_DSBR_2,43.0,47.0,3,TAC,TGT,1,TK6_WT_4h_BR0,TK6,WT,4h,BR0
CTTTCACGAATCGAA,GFP_BAR_DSBR_2,43.0,47.0,3,TAC,TGT,1,TK6_WT_4h_BR0,TK6,WT,4h,BR0
AGACTCAATTGAAAA,GFP_BAR_DSBR_2,43.0,47.0,3,TAC,TGT,1,TK6_WT_4h_BR0,TK6,WT,4h,BR0
TTTGTAGGTGCCTAA,GFP_BAR_DSBR_2,43.0,47.0,3,TAC,TGT,1,TK6_WT_4h_BR0,TK6,WT,4h,BR0
CCTATACTGATCATT,GFP_BAR_DSBR_2,43.0,47.0,3,TAC,TGT,1,TK6_WT_4h_BR0,TK6,WT,4h,BR0
CCTTCTTCCACTCAT,GFP_BAR_DSBR_2,43.0,47.0,3,TAC,TGT,1,TK6_WT_4h_BR0,TK6,WT,4h,BR0
AATACCCGAACTAAT,GFP_BAR_DSBR_2,43.0,47.0,3,TAC,TGT,1,TK6_WT_4h_BR0,TK6,WT,4h,BR0
AATCCCAGGTAAATA,GFP_BAR_DSBR_2,43.0,47.0,3,TAC,TGT,1,TK6_WT_4h_BR0,TK6,WT,4h,BR0
GTTCCCAAGCACCGC,GFP_BAR_DSBR_2,43.0,47.0,3,TAC,TGT,1,TK6_WT_4h_BR0,TK6,WT,4h,BR0
TGGTTACATCCGGAA,GFP_BAR_DSBR_2,43.0,47.0,3,TAC,TGT,1,TK6_WT_4h_BR0,TK6,WT,4h,BR0
TAAGGAAACCCCTTA,GFP_BAR_DSBR_2,43.0,47.0,3,TAC,TGT,1,TK6_WT_4h_BR0,TK6,WT,4h,BR0
AACTTTAACATTCTC,GFP_BAR_DSBR_2,43.0,47.0,3,TAC,TGT,1,TK6_WT_4h_BR0,TK6,WT,4h,BR0
TAAAACAATACCTTT,GFP_BAR_DSBR_2,43.0,47.0,3,TAC,TGT,1,TK6_WT_4h_BR0,TK6,WT,4h,BR0
TTCTTCCAATATAGA,GFP_BAR_DSBR_2,43.0,47.0,3,TAC,TGT,1,TK6_WT_4h_BR0,TK6,WT,4h,BR0
GAAGCTTTAGTATTA,GFP_BAR_DSBR_2,43.0,47.0,3,TAC,TGT,1,TK6_WT_4h_BR0,TK6,WT,4h,BR0
GTAAAGAACTAAGAG,GFP_BAR_DSBR_2,43.0,47.0,3,TAC,TGT,1,TK6_WT_4h_BR0,TK6,WT,4h,BR0
CCCTAAGGACATTAT,GFP_BAR_DSBR_2,43.0,47.0,3,TAC,TGT,1,TK6_WT_4h_BR0,TK6,WT,4h,BR0
ATAATAAAGGATGGT,GFP_BAR_DSBR_2,43.0,47.0,3,TAC,TGT,1,TK6_WT_4h_BR0,TK6,WT,4h,BR0
CAAAATAAACGGAGT,GFP_BAR_DSBR_2,43.0,47.0,3,TAC,TGT,1,TK6_WT_4h_BR0,TK6,WT,4h,BR0
AGGATGTGAAATCCA,GFP_BAR_DSBR_2,43.0,47.0,3,TAC,TGT,1,TK6_WT_4h_BR0,TK6,WT,4h,BR0
TTTAGAGGAAATTAT,GFP_BAR_DSBR_2,43.0,47.0,3,TAC,TGT,1,TK6_WT_4h_BR0,TK6,WT,4h,BR0
TGTTGAAACCCACAA,GFP_BAR_DSBR_2,40.0,45.0,4,TAGT,ACTG,0,TK6_WT_4h_BR0,TK6,WT,4h,BR0
TAATCAGTTGCCTAT,GFP_BAR_DSBR_2,40.0,45.0,4,TAGT,ACTG,0,TK6_WT_4h_BR0,TK6,WT,4h,BR0
TGATACATAAACTTT,GFP_BAR_DSBR_2,40.0,45.0,4,TAGT,ACTG,0,TK6_WT_4h_BR0,TK6,WT,4h,BR0
CCCGGCCCTACAACA,GFP_BAR_DSBR_2,40.0,45.0,4,TAGT,ACTG,0,TK6_WT_4h_BR0,TK6,WT,4h,BR0
AGATACGCTACTGGA,GFP_BAR_DSBR_2,40.0,45.0,4,TAGT,ACTG,0,TK6_WT_4h_BR0,TK6,WT,4h,BR0
AGTGTATAATTAAAG,GFP_BAR_DSBR_2,40.0,45.0,4,TAGT,ACTG,0,TK6_WT_4h_BR0,TK6,WT,4h,BR0
ACTCGTATACCTGAT,GFP_BAR_DSBR_2,40.0,45.0,4,TAGT,ACTG,0,TK6_WT_4h_BR0,TK6,WT,4h,BR0
AGAGGTTTAGACTAG,GFP_BAR_DSBR_2,40.0,45.0,4,TAGT,ACTG,0,TK6_WT_4h_BR0,TK6,WT,4h,BR0
AGAGTCAGAATACGA,GFP_BAR_DSBR_2,40.0,45.0,4,TAGT,ACTG,0,TK6_WT_4h_BR0,TK6,WT,4h,BR0
TTTACTGCACGTATA,GFP_BAR_DSBR_2,40.0,45.0,4,TAGT,ACTG,0,TK6_WT_4h_BR0,TK6,WT,4h,BR0
ACGCCCCTCTCATCT,GFP_BAR_DSBR_2,44.0,49.0,4,ACTG,TTCC,0,TK6_WT_4h_BR0,TK6,WT,4h,BR0
ACTTTTCATTTAACT,GFP_BAR_DSBR_2,44.0,49.0,4,ACTG,TTCC,0,TK6_WT_4h_BR0,TK6,WT,4h,BR0
ATAATCTACAATCGA,GFP_BAR_DSBR_2,44.0,49.0,4,ACTG,TTCC,0,TK6_WT_4h_BR0,TK6,WT,4h,BR0
GGTCATAGACCTTCC,GFP_BAR_DSBR_2,44.0,49.0,4,ACTG,TTCC,0,TK6_WT_4h_BR0,TK6,WT,4h,BR0
GAATAGATGAAAATG,GFP_BAR_DSBR_2,44.0,49.0,4,ACTG,TTCC,0,TK6_WT_4h_BR0,TK6,WT,4h,BR0
CCCTACACCGCGTCG,GFP_BAR_DSBR_2,41.0,47.0,5,AGTAC,TGTTC,0,TK6_WT_4h_BR0,TK6,WT,4h,BR0
AGTAAAGGGTACCCT,GFP_BAR_DSBR_2,42.0,48.0,5,GTACT,GTTCC,2,TK6_WT_4h_BR0,TK6,WT,4h,BR0
GAACCCCACACCCAA,GFP_BAR_DSBR_2,42.0,48.0,5,GTACT,GTTCC,2,TK6_WT_4h_BR0,TK6,WT,4h,BR0
ACCGAAAAGGTACCA,GFP_BAR_DSBR_2,42.0,48.0,5,GTACT,GTTCC,2,TK6_WT_4h_BR0,TK6,WT,4h,BR0
GATACAAAGGAATTA,GFP_BAR_DSBR_2,42.0,48.0,5,GTACT,GTTCC,2,TK6_WT_4h_BR0,TK6,WT,4h,BR0
TGTGGGAAAGGCACG,GFP_BAR_DSBR_2,42.0,48.0,5,GTACT,GTTCC,2,TK6_WT_4h_BR0,TK6,WT,4h,BR0
CTTACCTGAATATCC,GFP_BAR_DSBR_2,42.0,48.0,5,GTACT,GTTCC,2,TK6_WT_4h_BR0,TK6,WT,4h,BR0
CTAATACAATCCTCG,GFP_BAR_DSBR_2,42.0,48.0,5,GTACT,GTTCC,2,TK6_WT_4h_BR0,TK6,WT,4h,BR0
CGCAAAGTGACGAAT,GFP_BAR_DSBR_2,42.0,48.0,5,GTACT,GTTCC,2,TK6_WT_4h_BR0,TK6,WT,4h,BR0
CTCAGAGAAAGACTT,GFP_BAR_DSBR_2,42.0,48.0,5,GTACT,GTTCC,2,TK6_WT_4h_BR0,TK6,WT,4h,BR0
AACATCACACAGCAA,GFP_BAR_DSBR_2,42.0,48.0,5,GTACT,GTTCC,2,TK6_WT_4h_BR0,TK6,WT,4h,BR0
AGACCACAGCACTAG,GFP_BAR_DSBR_2,42.0,48.0,5,GTACT,GTTCC,2,TK6_WT_4h_BR0,TK6,WT,4h,BR0
AAAAGTAACTCGAAT,GFP_BAR_DSBR_2,42.0,48.0,5,GTACT,GTTCC,2,TK6_WT_4h_BR0,TK6,WT,4h,BR0
GATGTCCCCTCCCAC,GFP_BAR_DSBR_2,42.0,48.0,5,GTACT,GTTCC,2,TK6_WT_4h_BR0,TK6,WT,4h,BR0
GAACTAGATTAGATC,GFP_BAR_DSBR_2,42.0,48.0,5,GTACT,GTTCC,2,TK6_WT_4h_BR0,TK6,WT,4h,BR0
ACAGTCACTATCTTT,GFP_BAR_DSBR_2,42.0,48.0,5,GTACT,GTTCC,2,TK6_WT_4h_BR0,TK6,WT,4h,BR0
AAACCACAAAAACCA,GFP_BAR_DSBR_2,42.0,48.0,5,GTACT,GTTCC,2,TK6_WT_4h_BR0,TK6,WT,4h,BR0
ACCAACTACCCGAAT,GFP_BAR_DSBR_2,42.0,48.0,5,GTACT,GTTCC,2,TK6_WT_4h_BR0,TK6,WT,4h,BR0
ACTTAGAATAATTCG,GFP_BAR_DSBR_2,42.0,48.0,5,GTACT,GTTCC,2,TK6_WT_4h_BR0,TK6,WT,4h,BR0
TATAACCTAGAAAGG,GFP_BAR_DSBR_2,42.0,48.0,5,GTACT,GTTCC,2,TK6_WT_4h_BR0,TK6,WT,4h,BR0
TTGTTAGGATGGCTG,GFP_BAR_DSBR_2,42.0,48.0,5,GTACT,GTTCC,2,TK6_WT_4h_BR0,TK6,WT,4h,BR0
AGGTGTTAATAATCA,GFP_BAR_DSBR_2,42.0,48.0,5,GTACT,GTTCC,2,TK6_WT_4h_BR0,TK6,WT,4h,BR0
AATTCTTACGAAAGT,GFP_BAR_DSBR_2,42.0,48.0,5,GTACT,GTTCC,2,TK6_WT_4h_BR0,TK6,WT,4h,BR0
AAGCCATGAAAGGTT,GFP_BAR_DSBR_2,42.0,48.0,5,GTACT,GTTCC,2,TK6_WT_4h_BR0,TK6,WT,4h,BR0
GTCGTGGGGCGGGCA,GFP_BAR_DSBR_2,42.0,48.0,5,GTACT,GTTCC,2,TK6_WT_4h_BR0,TK6,WT,4h,BR0
TGAAGTCTTCGATTA,GFP_BAR_DSBR_2,42.0,48.0,5,GTACT,GTTCC,2,TK6_WT_4h_BR0,TK6,WT,4h,BR0
TCCATGTTAGTACCT,GFP_BAR_DSBR_2,42.0,48.0,5,GTACT,GTTCC,2,TK6_WT_4h_BR0,TK6,WT,4h,BR0
AAACAGGTACCCCAA,GFP_BAR_DSBR_2,42.0,48.0,5,GTACT,GTTCC,2,TK6_WT_4h_BR0,TK6,WT,4h,BR0
ATGTTAGTCCCTGAT,GFP_BAR_DSBR_2,42.0,48.0,5,GTACT,GTTCC,2,TK6_WT_4h_BR0,TK6,WT,4h,BR0
ACCGAATTACCTCAA,GFP_BAR_DSBR_2,42.0,48.0,5,GTACT,GTTCC,2,TK6_WT_4h_BR0,TK6,WT,4h,BR0
GATAACAAATTCACA,GFP_BAR_DSBR_2,42.0,48.0,5,GTACT,GTTCC,2,TK6_WT_4h_BR0,TK6,WT,4h,BR0
AAACAACATCTACTA,GFP_BAR_DSBR_2,42.0,48.0,5,GTACT,GTTCC,2,TK6_WT_4h_BR0,TK6,WT,4h,BR0
AAGCTCAAGGGAACC,GFP_BAR_DSBR_2,42.0,48.0,5,GTACT,GTTCC,2,TK6_WT_4h_BR0,TK6,WT,4h,BR0
ACAAGTTGTTCAAAT,GFP_BAR_DSBR_2,42.0,48.0,5,GTACT,GTTCC,2,TK6_WT_4h_BR0,TK6,WT,4h,BR0
ACGAAGATACATGTC,GFP_BAR_DSBR_2,42.0,48.0,5,GTACT,GTTCC,2,TK6_WT_4h_BR0,TK6,WT,4h,BR0
TAGATTCAATCACTG,GFP_BAR_DSBR_2,42.0,48.0,5,GTACT,GTTCC,2,TK6_WT_4h_BR0,TK6,WT,4h,BR0
CTTACTATTCGTTAT,GFP_BAR_DSBR_2,42.0,48.0,5,GTACT,GTTCC,2,TK6_WT_4h_BR0,TK6,WT,4h,BR0
CTGGATGTTACAATG,GFP_BAR_DSBR_2,42.0,48.0,5,GTACT,GTTCC,2,TK6_WT_4h_BR0,TK6,WT,4h,BR0
AGCAATAATATTAAA,GFP_BAR_DSBR_2,42.0,48.0,5,GTACT,GTTCC,2,TK6_WT_4h_BR0,TK6,WT,4h,BR0
ACCTCGAATAAGTAT,GFP_BAR_DSBR_2,42.0,48.0,5,GTACT,GTTCC,2,TK6_WT_4h_BR0,TK6,WT,4h,BR0
AAGAAAATAGGACAT,GFP_BAR_DSBR_2,42.0,48.0,5,GTACT,GTTCC,2,TK6_WT_4h_BR0,TK6,WT,4h,BR0
GAAAGAACATTCCCA,GFP_BAR_DSBR_2,42.0,48.0,5,GTACT,GTTCC,2,TK6_WT_4h_BR0,TK6,WT,4h,BR0
CAAACACCTATCATG,GFP_BAR_DSBR_2,42.0,48.0,5,GTACT,GTTCC,2,TK6_WT_4h_BR0,TK6,WT,4h,BR0
GAGGACCCACCTTGG,GFP_BAR_DSBR_2,42.0,48.0,5,GTACT,GTTCC,2,TK6_WT_4h_BR0,TK6,WT,4h,BR0
AAGAGAATATCCGCG,GFP_BAR_DSBR_2,42.0,48.0,5,GTACT,GTTCC,2,TK6_WT_4h_BR0,TK6,WT,4h,BR0
ATGACACAAATCCTA,GFP_BAR_DSBR_2,42.0,48.0,5,GTACT,GTTCC,2,TK6_WT_4h_BR0,TK6,WT,4h,BR0
TCCCGTAAATAACAA,GFP_BAR_DSBR_2,42.0,48.0,5,GTACT,GTTCC,2,TK6_WT_4h_BR0,TK6,WT,4h,BR0
ATCTGGTTTTTGTGC,GFP_BAR_DSBR_2,42.0,48.0,5,GTACT,GTTCC,2,TK6_WT_4h_BR0,TK6,WT,4h,BR0
AGGATAGCATCAATA,GFP_BAR_DSBR_2,42.0,48.0,5,GTACT,GTTCC,2,TK6_WT_4h_BR0,TK6,WT,4h,BR0
TAAGATACCTGAACA,GFP_BAR_DSBR_2,42.0,48.0,5,GTACT,GTTCC,2,TK6_WT_4h_BR0,TK6,WT,4h,BR0
TAAAAAGAACCCAAT,GFP_BAR_DSBR_2,42.0,48.0,5,GTACT,GTTCC,2,TK6_WT_4h_BR0,TK6,WT,4h,BR0
AATATACAGTCTATA,GFP_BAR_DSBR_2,42.0,48.0,5,GTACT,GTTCC,2,TK6_WT_4h_BR0,TK6,WT,4h,BR0
AAGTTATGCTGACAT,GFP_BAR_DSBR_2,42.0,48.0,5,GTACT,GTTCC,2,TK6_WT_4h_BR0,TK6,WT,4h,BR0
ATCTACAATACCATA,GFP_BAR_DSBR_2,42.0,48.0,5,GTACT,GTTCC,2,TK6_WT_4h_BR0,TK6,WT,4h,BR0
TCTGGGTACCTTTAT,GFP_BAR_DSBR_2,42.0,48.0,5,GTACT,GTTCC,2,TK6_WT_4h_BR0,TK6,WT,4h,BR0
GACCTGGAACCAGCC,GFP_BAR_DSBR_2,42.0,48.0,5,GTACT,GTTCC,2,TK6_WT_4h_BR0,TK6,WT,4h,BR0
AATGAAATTATATCG,GFP_BAR_DSBR_2,42.0,48.0,5,GTACT,GTTCC,2,TK6_WT_4h_BR0,TK6,WT,4h,BR0
TTTATTGGGACTACC,GFP_BAR_DSBR_2,42.0,48.0,5,GTACT,GTTCC,2,TK6_WT_4h_BR0,TK6,WT,4h,BR0
GGACAATAATGTAAT,GFP_BAR_DSBR_2,42.0,48.0,5,GTACT,GTTCC,2,TK6_WT_4h_BR0,TK6,WT,4h,BR0
TCCCCAGAAAACTTT,GFP_BAR_DSBR_2,42.0,48.0,5,GTACT,GTTCC,2,TK6_WT_4h_BR0,TK6,WT,4h,BR0
AATCCTAAAACTACA,GFP_BAR_DSBR_2,42.0,48.0,5,GTACT,GTTCC,2,TK6_WT_4h_BR0,TK6,WT,4h,BR0
AGAAAAAAGACGCAG,GFP_BAR_DSBR_2,42.0,48.0,5,GTACT,GTTCC,2,TK6_WT_4h_BR0,TK6,WT,4h,BR0
TAGTCTAAAAGGCAC,GFP_BAR_DSBR_2,42.0,48.0,5,GTACT,GTTCC,2,TK6_WT_4h_BR0,TK6,WT,4h,BR0
TCGATACCAAGTAGA,GFP_BAR_DSBR_2,42.0,48.0,5,GTACT,GTTCC,2,TK6_WT_4h_BR0,TK6,WT,4h,BR0
ACAGACAAAGATGTG,GFP_BAR_DSBR_2,42.0,48.0,5,GTACT,GTTCC,2,TK6_WT_4h_BR0,TK6,WT,4h,BR0
ATACGTTACTTCTAC,GFP_BAR_DSBR_2,42.0,48.0,5,GTACT,GTTCC,2,TK6_WT_4h_BR0,TK6,WT,4h,BR0
TCCAACGAATCCCAA,GFP_BAR_DSBR_2,42.0,48.0,5,GTACT,GTTCC,2,TK6_WT_4h_BR0,TK6,WT,4h,BR0
GATAATAATATCATA,GFP_BAR_DSBR_2,42.0,48.0,5,GTACT,GTTCC,2,TK6_WT_4h_BR0,TK6,WT,4h,BR0
CCGAAAAACATAAAA,GFP_BAR_DSBR_2,42.0,48.0,5,GTACT,GTTCC,2,TK6_WT_4h_BR0,TK6,WT,4h,BR0
ATGAAAGGCGAGGAT,GFP_BAR_DSBR_2,42.0,48.0,5,GTACT,GTTCC,2,TK6_WT_4h_BR0,TK6,WT,4h,BR0
ACCGGGGCCAAAATG,GFP_BAR_DSBR_2,42.0,48.0,5,GTACT,GTTCC,2,TK6_WT_4h_BR0,TK6,WT,4h,BR0
CAAGCGCTAGGTCAG,GFP_BAR_DSBR_2,42.0,48.0,5,GTACT,GTTCC,2,TK6_WT_4h_BR0,TK6,WT,4h,BR0
AGAGGATGATGAATG,GFP_BAR_DSBR_2,42.0,48.0,5,GTACT,GTTCC,2,TK6_WT_4h_BR0,TK6,WT,4h,BR0
CTAGCGCTCACTAAT,GFP_BAR_DSBR_2,42.0,48.0,5,GTACT,GTTCC,2,TK6_WT_4h_BR0,TK6,WT,4h,BR0
ACTCGGCCCCCCATT,GFP_BAR_DSBR_2,42.0,48.0,5,GTACT,GTTCC,2,TK6_WT_4h_BR0,TK6,WT,4h,BR0
CTAAAGAGATGAAGA,GFP_BAR_DSBR_2,42.0,48.0,5,GTACT,GTTCC,2,TK6_WT_4h_BR0,TK6,WT,4h,BR0
ACATAGACAGTTTGT,GFP_BAR_DSBR_2,42.0,48.0,5,GTACT,GTTCC,2,TK6_WT_4h_BR0,TK6,WT,4h,BR0
TGTGTGAGCGAGTGC,GFP_BAR_DSBR_2,42.0,48.0,5,GTACT,GTTCC,2,TK6_WT_4h_BR0,TK6,WT,4h,BR0
CACAAAAATGTAGGA,GFP_BAR_DSBR_2,42.0,48.0,5,GTACT,GTTCC,2,TK6_WT_4h_BR0,TK6,WT,4h,BR0
ACAAAATAACACGAG,GFP_BAR_DSBR_2,42.0,48.0,5,GTACT,GTTCC,2,TK6_WT_4h_BR0,TK6,WT,4h,BR0
ATCAAATGGCGGACA,GFP_BAR_DSBR_2,42.0,48.0,5,GTACT,GTTCC,2,TK6_WT_4h_BR0,TK6,WT,4h,BR0
CAAGTATGAGAACAA,GFP_BAR_DSBR_2,42.0,48.0,5,GTACT,GTTCC,2,TK6_WT_4h_BR0,TK6,WT,4h,BR0
CCTAATTCAGCACCC,GFP_BAR_DSBR_2,42.0,48.0,5,GTACT,GTTCC,2,TK6_WT_4h_BR0,TK6,WT,4h,BR0
CCATTGTAGCAATTA,GFP_BAR_DSBR_2,42.0,48.0,5,GTACT,GTTCC,2,TK6_WT_4h_BR0,TK6,WT,4h,BR0
TCTAGTACGTCATAG,GFP_BAR_DSBR_2,38.0,45.0,6,TCTAGT,ACTGTT,0,TK6_WT_4h_BR0,TK6,WT,4h,BR0
TTGTAATTACGCGAT,GFP_BAR_DSBR_2,38.0,45.0,6,TCTAGT,ACTGTT,0,TK6_WT_4h_BR0,TK6,WT,4h,BR0
CTGATTAAGCACCCA,GFP_BAR_DSBR_2,38.0,45.0,6,TCTAGT,ACTGTT,0,TK6_WT_4h_BR0,TK6,WT,4h,BR0
GGGGGAAGGCGTAGG,GFP_BAR_DSBR_2,38.0,45.0,6,TCTAGT,ACTGTT,0,TK6_WT_4h_BR0,TK6,WT,4h,BR0
CTCTTCAACTCTGAG,GFP_BAR_DSBR_2,38.0,45.0,6,TCTAGT,ACTGTT,0,TK6_WT_4h_BR0,TK6,WT,4h,BR0
TAAACTGAGGTCGTT,GFP_BAR_DSBR_2,38.0,45.0,6,TCTAGT,ACTGTT,0,TK6_WT_4h_BR0,TK6,WT,4h,BR0
CCATAATTTACCAAT,GFP_BAR_DSBR_2,38.0,45.0,6,TCTAGT,ACTGTT,0,TK6_WT_4h_BR0,TK6,WT,4h,BR0
AGGAGGATGGACGAA,GFP_BAR_DSBR_2,38.0,45.0,6,TCTAGT,ACTGTT,0,TK6_WT_4h_BR0,TK6,WT,4h,BR0
AGCATGGCAGGTAAT,GFP_BAR_DSBR_2,38.0,45.0,6,TCTAGT,ACTGTT,0,TK6_WT_4h_BR0,TK6,WT,4h,BR0
ACGATTACACTCATT,GFP_BAR_DSBR_2,38.0,45.0,6,TCTAGT,ACTGTT,0,TK6_WT_4h_BR0,TK6,WT,4h,BR0
GTTATGGGAAATCTA,GFP_BAR_DSBR_2,38.0,45.0,6,TCTAGT,ACTGTT,0,TK6_WT_4h_BR0,TK6,WT,4h,BR0
AGTATTTCTTTTCAT,GFP_BAR_DSBR_2,39.0,46.0,6,CTAGTA,CTGTTC,2,TK6_WT_4h_BR0,TK6,WT,4h,BR0
TCGCCATTATACATC,GFP_BAR_DSBR_2,39.0,46.0,6,CTAGTA,CTGTTC,2,TK6_WT_4h_BR0,TK6,WT,4h,BR0
TAAAGATACGTATCG,GFP_BAR_DSBR_2,39.0,46.0,6,CTAGTA,CTGTTC,2,TK6_WT_4h_BR0,TK6,WT,4h,BR0
CCCGACTCTCAGAAA,GFP_BAR_DSBR_2,39.0,46.0,6,CTAGTA,CTGTTC,2,TK6_WT_4h_BR0,TK6,WT,4h,BR0
ACCTAAATCTGACGG,GFP_BAR_DSBR_2,39.0,46.0,6,CTAGTA,CTGTTC,2,TK6_WT_4h_BR0,TK6,WT,4h,BR0
CTGGTATTAAGTATG,GFP_BAR_DSBR_2,39.0,46.0,6,CTAGTA,CTGTTC,2,TK6_WT_4h_BR0,TK6,WT,4h,BR0
GCAGAAAATAATCAG,GFP_BAR_DSBR_2,39.0,46.0,6,CTAGTA,CTGTTC,2,TK6_WT_4h_BR0,TK6,WT,4h,BR0
TAGACAAGATGGATA,GFP_BAR_DSBR_2,39.0,46.0,6,CTAGTA,CTGTTC,2,TK6_WT_4h_BR0,TK6,WT,4h,BR0
GAACGCACGTTACCA,GFP_BAR_DSBR_2,39.0,46.0,6,CTAGTA,CTGTTC,2,TK6_WT_4h_BR0,TK6,WT,4h,BR0
AGCGTATATTATGGC,GFP_BAR_DSBR_2,39.0,46.0,6,CTAGTA,CTGTTC,2,TK6_WT_4h_BR0,TK6,WT,4h,BR0
GATATATCACACTAG,GFP_BAR_DSBR_2,39.0,46.0,6,CTAGTA,CTGTTC,2,TK6_WT_4h_BR0,TK6,WT,4h,BR0
CTATAAGATACACGG,GFP_BAR_DSBR_2,39.0,46.0,6,CTAGTA,CTGTTC,2,TK6_WT_4h_BR0,TK6,WT,4h,BR0
CGACGTCCAGTTATA,GFP_BAR_DSBR_2,39.0,46.0,6,CTAGTA,CTGTTC,2,TK6_WT_4h_BR0,TK6,WT,4h,BR0
GTCCACGTGTCTTAA,GFP_BAR_DSBR_2,39.0,46.0,6,CTAGTA,CTGTTC,2,TK6_WT_4h_BR0,TK6,WT,4h,BR0
AAAACCAAGATCCCA,GFP_BAR_DSBR_2,42.0,49.0,6,GTACTG,TTCCTC,0,TK6_WT_4h_BR0,TK6,WT,4h,BR0
CCAGAAATGATGGTA,GFP_BAR_DSBR_2,42.0,49.0,6,GTACTG,TTCCTC,0,TK6_WT_4h_BR0,TK6,WT,4h,BR0
ATTTTCCCCCCCAAT,GFP_BAR_DSBR_2,43.0,50.0,6,TACTGT,TCCTCT,1,TK6_WT_4h_BR0,TK6,WT,4h,BR0
GTGTCTAGTCAAAAT,GFP_BAR_DSBR_2,43.0,50.0,6,TACTGT,TCCTCT,1,TK6_WT_4h_BR0,TK6,WT,4h,BR0
TTGCTTTACTCTGAC,GFP_BAR_DSBR_2,43.0,50.0,6,TACTGT,TCCTCT,1,TK6_WT_4h_BR0,TK6,WT,4h,BR0
TAACACCTCTTAGTA,GFP_BAR_DSBR_2,37.0,45.0,7,CTCTAGT,ACTGTTC,0,TK6_WT_4h_BR0,TK6,WT,4h,BR0
AGCAAACTTGAGACG,GFP_BAR_DSBR_2,37.0,45.0,7,CTCTAGT,ACTGTTC,0,TK6_WT_4h_BR0,TK6,WT,4h,BR0
TCACTTTGTTATTTG,GFP_BAR_DSBR_2,37.0,45.0,7,CTCTAGT,ACTGTTC,0,TK6_WT_4h_BR0,TK6,WT,4h,BR0
AGCGTTATGATCAAT,GFP_BAR_DSBR_2,37.0,45.0,7,CTCTAGT,ACTGTTC,0,TK6_WT_4h_BR0,TK6,WT,4h,BR0
GAGGGGCATGGTTCT,GFP_BAR_DSBR_2,37.0,45.0,7,CTCTAGT,ACTGTTC,0,TK6_WT_4h_BR0,TK6,WT,4h,BR0
GAGAAAATACATCGA,GFP_BAR_DSBR_2,37.0,45.0,7,CTCTAGT,ACTGTTC,0,TK6_WT_4h_BR0,TK6,WT,4h,BR0
TCCCATGTCGTTCTC,GFP_BAR_DSBR_2,37.0,45.0,7,CTCTAGT,ACTGTTC,0,TK6_WT_4h_BR0,TK6,WT,4h,BR0
TAACATAAGTGAACA,GFP_BAR_DSBR_2,37.0,45.0,7,CTCTAGT,ACTGTTC,0,TK6_WT_4h_BR0,TK6,WT,4h,BR0
CGCTTTAAATAAGAG,GFP_BAR_DSBR_2,37.0,45.0,7,CTCTAGT,ACTGTTC,0,TK6_WT_4h_BR0,TK6,WT,4h,BR0
CATCTTATTAGATCT,GFP_BAR_DSBR_2,44.0,52.0,7,ACTGTTC,CTCTATT,0,TK6_WT_4h_BR0,TK6,WT,4h,BR0
CATGGATTAAGAGAT,GFP_BAR_DSBR_2,44.0,52.0,7,ACTGTTC,CTCTATT,0,TK6_WT_4h_BR0,TK6,WT,4h,BR0
TCATCAAGTAATCAA,GFP_BAR_DSBR_2,37.0,46.0,8,CTCTAGTA,CTGTTCCT,2,TK6_WT_4h_BR0,TK6,WT,4h,BR0
ATTCCGCATAATCAC,GFP_BAR_DSBR_2,37.0,46.0,8,CTCTAGTA,CTGTTCCT,2,TK6_WT_4h_BR0,TK6,WT,4h,BR0
AGCAACTACACGACA,GFP_BAR_DSBR_2,37.0,46.0,8,CTCTAGTA,CTGTTCCT,2,TK6_WT_4h_BR0,TK6,WT,4h,BR0
CCCTAGTCATATTGG,GFP_BAR_DSBR_2,37.0,46.0,8,CTCTAGTA,CTGTTCCT,2,TK6_WT_4h_BR0,TK6,WT,4h,BR0
ATAAGCACATAAGAT,GFP_BAR_DSBR_2,44.0,53.0,8,ACTGTTCC,TCTATTCC,0,TK6_WT_4h_BR0,TK6,WT,4h,BR0
CAGTCGATATCATTG,GFP_BAR_DSBR_2,44.0,53.0,8,ACTGTTCC,TCTATTCC,0,TK6_WT_4h_BR0,TK6,WT,4h,BR0
AACGTAATATATAAC,GFP_BAR_DSBR_2,44.0,53.0,8,ACTGTTCC,TCTATTCC,0,TK6_WT_4h_BR0,TK6,WT,4h,BR0
TGTATCACACCGTGA,GFP_BAR_DSBR_2,36.0,46.0,9,CCTCTAGTA,CTGTTCCTC,1,TK6_WT_4h_BR0,TK6,WT,4h,BR0
CGAAGTCCTCACCTT,GFP_BAR_DSBR_2,36.0,46.0,9,CCTCTAGTA,CTGTTCCTC,1,TK6_WT_4h_BR0,TK6,WT,4h,BR0
CCCGATACAAAAATG,GFP_BAR_DSBR_2,36.0,46.0,9,CCTCTAGTA,CTGTTCCTC,1,TK6_WT_4h_BR0,TK6,WT,4h,BR0
TCTTCGTAATTACAG,GFP_BAR_DSBR_2,36.0,46.0,9,CCTCTAGTA,CTGTTCCTC,1,TK6_WT_4h_BR0,TK6,WT,4h,BR0
AAACTTTACTACACA,GFP_BAR_DSBR_2,34.0,45.0,10,TTCCTCTAGT,ACTGTTCCTC,0,TK6_WT_4h_BR0,TK6,WT,4h,BR0
AGATCCAAAGCTCAC,GFP_BAR_DSBR_2,34.0,45.0,10,TTCCTCTAGT,ACTGTTCCTC,0,TK6_WT_4h_BR0,TK6,WT,4h,BR0
TAATAAAATACATGG,GFP_BAR_DSBR_2,34.0,45.0,10,TTCCTCTAGT,ACTGTTCCTC,0,TK6_WT_4h_BR0,TK6,WT,4h,BR0
TTACCACTTGCGGTA,GFP_BAR_DSBR_2,34.0,45.0,10,TTCCTCTAGT,ACTGTTCCTC,0,TK6_WT_4h_BR0,TK6,WT,4h,BR0
TCCCGTGTGCTACTA,GFP_BAR_DSBR_2,34.0,45.0,10,TTCCTCTAGT,ACTGTTCCTC,0,TK6_WT_4h_BR0,TK6,WT,4h,BR0
AGAACTAGTGCGTAG,GFP_BAR_DSBR_2,34.0,45.0,10,TTCCTCTAGT,ACTGTTCCTC,0,TK6_WT_4h_BR0,TK6,WT,4h,BR0
CATGGTCCCAGACGA,GFP_BAR_DSBR_2,34.0,45.0,10,TTCCTCTAGT,ACTGTTCCTC,0,TK6_WT_4h_BR0,TK6,WT,4h,BR0
TTCGAAGTCTGTCTT,GFP_BAR_DSBR_2,34.0,45.0,10,TTCCTCTAGT,ACTGTTCCTC,0,TK6_WT_4h_BR0,TK6,WT,4h,BR0
CCATTGACAATCGAC,GFP_BAR_DSBR_2,34.0,45.0,10,TTCCTCTAGT,ACTGTTCCTC,0,TK6_WT_4h_BR0,TK6,WT,4h,BR0
ATCAAATTTAAAATT,GFP_BAR_DSBR_2,34.0,45.0,10,TTCCTCTAGT,ACTGTTCCTC,0,TK6_WT_4h_BR0,TK6,WT,4h,BR0
TGGGAACAGAGGCAT,GFP_BAR_DSBR_2,34.0,45.0,10,TTCCTCTAGT,ACTGTTCCTC,0,TK6_WT_4h_BR0,TK6,WT,4h,BR0
CTACCTCACCTATTA,GFP_BAR_DSBR_2,34.0,45.0,10,TTCCTCTAGT,ACTGTTCCTC,0,TK6_WT_4h_BR0,TK6,WT,4h,BR0
TGAGAAGACAGACGA,GFP_BAR_DSBR_2,34.0,45.0,10,TTCCTCTAGT,ACTGTTCCTC,0,TK6_WT_4h_BR0,TK6,WT,4h,BR0
CATTATCTATTAATA,GFP_BAR_DSBR_2,34.0,45.0,10,TTCCTCTAGT,ACTGTTCCTC,0,TK6_WT_4h_BR0,TK6,WT,4h,BR0
AGCTCATTGATAATA,GFP_BAR_DSBR_2,34.0,45.0,10,TTCCTCTAGT,ACTGTTCCTC,0,TK6_WT_4h_BR0,TK6,WT,4h,BR0
ATTATTAAAATCAAC,GFP_BAR_DSBR_2,34.0,45.0,10,TTCCTCTAGT,ACTGTTCCTC,0,TK6_WT_4h_BR0,TK6,WT,4h,BR0
TGGCAACAATGTGGA,GFP_BAR_DSBR_2,34.0,45.0,10,TTCCTCTAGT,ACTGTTCCTC,0,TK6_WT_4h_BR0,TK6,WT,4h,BR0
GACTGAATAGACTCC,GFP_BAR_DSBR_2,34.0,45.0,10,TTCCTCTAGT,ACTGTTCCTC,0,TK6_WT_4h_BR0,TK6,WT,4h,BR0
TGATACCCTTTGGTT,GFP_BAR_DSBR_2,34.0,45.0,10,TTCCTCTAGT,ACTGTTCCTC,0,TK6_WT_4h_BR0,TK6,WT,4h,BR0
TAGTGTAAGGCTCCC,GFP_BAR_DSBR_2,34.0,45.0,10,TTCCTCTAGT,ACTGTTCCTC,0,TK6_WT_4h_BR0,TK6,WT,4h,BR0
AATTAATTAAATTGA,GFP_BAR_DSBR_2,34.0,45.0,10,TTCCTCTAGT,ACTGTTCCTC,0,TK6_WT_4h_BR0,TK6,WT,4h,BR0
CAATCAACACATAAG,GFP_BAR_DSBR_2,34.0,45.0,10,TTCCTCTAGT,ACTGTTCCTC,0,TK6_WT_4h_BR0,TK6,WT,4h,BR0
AAAACGAAAACATAA,GFP_BAR_DSBR_2,34.0,45.0,10,TTCCTCTAGT,ACTGTTCCTC,0,TK6_WT_4h_BR0,TK6,WT,4h,BR0
AACACTAGGTCACGT,GFP_BAR_DSBR_2,34.0,45.0,10,TTCCTCTAGT,ACTGTTCCTC,0,TK6_WT_4h_BR0,TK6,WT,4h,BR0
ACATTAGACAAAACA,GFP_BAR_DSBR_2,34.0,45.0,10,TTCCTCTAGT,ACTGTTCCTC,0,TK6_WT_4h_BR0,TK6,WT,4h,BR0
CAATCAGCCACTAAT,GFP_BAR_DSBR_2,34.0,45.0,10,TTCCTCTAGT,ACTGTTCCTC,0,TK6_WT_4h_BR0,TK6,WT,4h,BR0
ACTGCTAATTATTAA,GFP_BAR_DSBR_2,34.0,45.0,10,TTCCTCTAGT,ACTGTTCCTC,0,TK6_WT_4h_BR0,TK6,WT,4h,BR0
ATAATATAACGAAAA,GFP_BAR_DSBR_2,34.0,45.0,10,TTCCTCTAGT,ACTGTTCCTC,0,TK6_WT_4h_BR0,TK6,WT,4h,BR0
TCAGATTAGAAACTG,GFP_BAR_DSBR_2,34.0,45.0,10,TTCCTCTAGT,ACTGTTCCTC,0,TK6_WT_4h_BR0,TK6,WT,4h,BR0
TCTTATTTAAGACTT,GFP_BAR_DSBR_2,34.0,45.0,10,TTCCTCTAGT,ACTGTTCCTC,0,TK6_WT_4h_BR0,TK6,WT,4h,BR0
ATATAATAAAGACAT,GFP_BAR_DSBR_2,34.0,45.0,10,TTCCTCTAGT,ACTGTTCCTC,0,TK6_WT_4h_BR0,TK6,WT,4h,BR0
TACGGTCACGACTGA,GFP_BAR_DSBR_2,34.0,45.0,10,TTCCTCTAGT,ACTGTTCCTC,0,TK6_WT_4h_BR0,TK6,WT,4h,BR0
CCCGTATTCTAAACA,GFP_BAR_DSBR_2,44.0,55.0,10,ACTGTTCCTC,TATTCCTGCA,0,TK6_WT_4h_BR0,TK6,WT,4h,BR0
TCCTATTTATATACG,GFP_BAR_DSBR_2,44.0,55.0,10,ACTGTTCCTC,TATTCCTGCA,0,TK6_WT_4h_BR0,TK6,WT,4h,BR0
GGTTGGAAAATTCAG,GFP_BAR_DSBR_2,44.0,55.0,10,ACTGTTCCTC,TATTCCTGCA,0,TK6_WT_4h_BR0,TK6,WT,4h,BR0
TTCTAAAAAAAAAGT,GFP_BAR_DSBR_2,44.0,55.0,10,ACTGTTCCTC,TATTCCTGCA,0,TK6_WT_4h_BR0,TK6,WT,4h,BR0
TTCCCCAATCTAAAC,GFP_BAR_DSBR_2,44.0,55.0,10,ACTGTTCCTC,TATTCCTGCA,0,TK6_WT_4h_BR0,TK6,WT,4h,BR0
GTGCCATCATGTGCA,GFP_BAR_DSBR_2,44.0,55.0,10,ACTGTTCCTC,TATTCCTGCA,0,TK6_WT_4h_BR0,TK6,WT,4h,BR0
ACTGAATGAACCTGT,GFP_BAR_DSBR_2,44.0,55.0,10,ACTGTTCCTC,TATTCCTGCA,0,TK6_WT_4h_BR0,TK6,WT,4h,BR0
TGTTCTATTCGTATT,GFP_BAR_DSBR_2,33.0,45.0,11,ATTCCTCTAGT,ACTGTTCCTCT,1,TK6_WT_4h_BR0,TK6,WT,4h,BR0
AACTAAATTATTGCA,GFP_BAR_DSBR_2,33.0,45.0,11,ATTCCTCTAGT,ACTGTTCCTCT,1,TK6_WT_4h_BR0,TK6,WT,4h,BR0
TTTCAACAACTAGAA,GFP_BAR_DSBR_2,33.0,45.0,11,ATTCCTCTAGT,ACTGTTCCTCT,1,TK6_WT_4h_BR0,TK6,WT,4h,BR0
ATTTATAACTGAGTC,GFP_BAR_DSBR_2,33.0,45.0,11,ATTCCTCTAGT,ACTGTTCCTCT,1,TK6_WT_4h_BR0,TK6,WT,4h,BR0
ATAGTGCTAGGACCA,GFP_BAR_DSBR_2,33.0,45.0,11,ATTCCTCTAGT,ACTGTTCCTCT,1,TK6_WT_4h_BR0,TK6,WT,4h,BR0
AACGGATATTATCGG,GFP_BAR_DSBR_2,33.0,45.0,11,ATTCCTCTAGT,ACTGTTCCTCT,1,TK6_WT_4h_BR0,TK6,WT,4h,BR0
TGACCTCCGGATCAA,GFP_BAR_DSBR_2,33.0,45.0,11,ATTCCTCTAGT,ACTGTTCCTCT,1,TK6_WT_4h_BR0,TK6,WT,4h,BR0
AATCGTAGTGCCAAC,GFP_BAR_DSBR_2,33.0,45.0,11,ATTCCTCTAGT,ACTGTTCCTCT,1,TK6_WT_4h_BR0,TK6,WT,4h,BR0
AGTAAATAAGAATCT,GFP_BAR_DSBR_2,33.0,45.0,11,ATTCCTCTAGT,ACTGTTCCTCT,1,TK6_WT_4h_BR0,TK6,WT,4h,BR0
ACAACAACGAGATAT,GFP_BAR_DSBR_2,33.0,45.0,11,ATTCCTCTAGT,ACTGTTCCTCT,1,TK6_WT_4h_BR0,TK6,WT,4h,BR0
TACATGATATCCCTT,GFP_BAR_DSBR_2,33.0,45.0,11,ATTCCTCTAGT,ACTGTTCCTCT,1,TK6_WT_4h_BR0,TK6,WT,4h,BR0
GAATTACAGAACGCG,GFP_BAR_DSBR_2,33.0,45.0,11,ATTCCTCTAGT,ACTGTTCCTCT,1,TK6_WT_4h_BR0,TK6,WT,4h,BR0
ACAGTACACAGTAAA,GFP_BAR_DSBR_2,33.0,45.0,11,ATTCCTCTAGT,ACTGTTCCTCT,1,TK6_WT_4h_BR0,TK6,WT,4h,BR0
AGCGGTAATCGACCT,GFP_BAR_DSBR_2,33.0,45.0,11,ATTCCTCTAGT,ACTGTTCCTCT,1,TK6_WT_4h_BR0,TK6,WT,4h,BR0
GGCAGAACCACCACT,GFP_BAR_DSBR_2,33.0,45.0,11,ATTCCTCTAGT,ACTGTTCCTCT,1,TK6_WT_4h_BR0,TK6,WT,4h,BR0
CTCCCTGACTCATTA,GFP_BAR_DSBR_2,33.0,45.0,11,ATTCCTCTAGT,ACTGTTCCTCT,1,TK6_WT_4h_BR0,TK6,WT,4h,BR0
CAGCCAAGTTTCAAA,GFP_BAR_DSBR_2,33.0,45.0,11,ATTCCTCTAGT,ACTGTTCCTCT,1,TK6_WT_4h_BR0,TK6,WT,4h,BR0
CATTGTAAATATAGT,GFP_BAR_DSBR_2,33.0,45.0,11,ATTCCTCTAGT,ACTGTTCCTCT,1,TK6_WT_4h_BR0,TK6,WT,4h,BR0
GCGTAATATAACAGC,GFP_BAR_DSBR_2,33.0,45.0,11,ATTCCTCTAGT,ACTGTTCCTCT,1,TK6_WT_4h_BR0,TK6,WT,4h,BR0
CAGACGAAAGTAGGT,GFP_BAR_DSBR_2,33.0,45.0,11,ATTCCTCTAGT,ACTGTTCCTCT,1,TK6_WT_4h_BR0,TK6,WT,4h,BR0
TGAATATGAGATCAT,GFP_BAR_DSBR_2,33.0,45.0,11,ATTCCTCTAGT,ACTGTTCCTCT,1,TK6_WT_4h_BR0,TK6,WT,4h,BR0
CAAAATTTCCTTGAA,GFP_BAR_DSBR_2,33.0,45.0,11,ATTCCTCTAGT,ACTGTTCCTCT,1,TK6_WT_4h_BR0,TK6,WT,4h,BR0
CCCAATTACATTCAA,GFP_BAR_DSBR_2,33.0,45.0,11,ATTCCTCTAGT,ACTGTTCCTCT,1,TK6_WT_4h_BR0,TK6,WT,4h,BR0
GGGGTGCATGGCCTA,GFP_BAR_DSBR_2,33.0,45.0,11,ATTCCTCTAGT,ACTGTTCCTCT,1,TK6_WT_4h_BR0,TK6,WT,4h,BR0
AAAGAGCACACAAAT,GFP_BAR_DSBR_2,33.0,45.0,11,ATTCCTCTAGT,ACTGTTCCTCT,1,TK6_WT_4h_BR0,TK6,WT,4h,BR0
AAGACAAATTACCAA,GFP_BAR_DSBR_2,33.0,45.0,11,ATTCCTCTAGT,ACTGTTCCTCT,1,TK6_WT_4h_BR0,TK6,WT,4h,BR0
TATTTACCGCATTTC,GFP_BAR_DSBR_2,33.0,45.0,11,ATTCCTCTAGT,ACTGTTCCTCT,1,TK6_WT_4h_BR0,TK6,WT,4h,BR0
ACCTTCACCCGAAAC,GFP_BAR_DSBR_2,33.0,45.0,11,ATTCCTCTAGT,ACTGTTCCTCT,1,TK6_WT_4h_BR0,TK6,WT,4h,BR0
AAGAATCATTCTTAA,GFP_BAR_DSBR_2,33.0,45.0,11,ATTCCTCTAGT,ACTGTTCCTCT,1,TK6_WT_4h_BR0,TK6,WT,4h,BR0
TGCTTAGCTGATTCT,GFP_BAR_DSBR_2,33.0,45.0,11,ATTCCTCTAGT,ACTGTTCCTCT,1,TK6_WT_4h_BR0,TK6,WT,4h,BR0
GCTAGTACCTCAAGT,GFP_BAR_DSBR_2,33.0,45.0,11,ATTCCTCTAGT,ACTGTTCCTCT,1,TK6_WT_4h_BR0,TK6,WT,4h,BR0
GTAGAAGTATCTAAA,GFP_BAR_DSBR_2,33.0,45.0,11,ATTCCTCTAGT,ACTGTTCCTCT,1,TK6_WT_4h_BR0,TK6,WT,4h,BR0
ACCCCCGTAATTATA,GFP_BAR_DSBR_2,33.0,45.0,11,ATTCCTCTAGT,ACTGTTCCTCT,1,TK6_WT_4h_BR0,TK6,WT,4h,BR0
TGCAAGAGATCCGTA,GFP_BAR_DSBR_2,33.0,45.0,11,ATTCCTCTAGT,ACTGTTCCTCT,1,TK6_WT_4h_BR0,TK6,WT,4h,BR0
ATTAACCATAAGAGA,GFP_BAR_DSBR_2,33.0,45.0,11,ATTCCTCTAGT,ACTGTTCCTCT,1,TK6_WT_4h_BR0,TK6,WT,4h,BR0
AATAACAACAACCCG,GFP_BAR_DSBR_2,33.0,45.0,11,ATTCCTCTAGT,ACTGTTCCTCT,1,TK6_WT_4h_BR0,TK6,WT,4h,BR0
CAAATCATTGGTCTA,GFP_BAR_DSBR_2,33.0,45.0,11,ATTCCTCTAGT,ACTGTTCCTCT,1,TK6_WT_4h_BR0,TK6,WT,4h,BR0
GTGTTCACAAGTCAA,GFP_BAR_DSBR_2,33.0,45.0,11,ATTCCTCTAGT,ACTGTTCCTCT,1,TK6_WT_4h_BR0,TK6,WT,4h,BR0
TGGACTACAGGTATA,GFP_BAR_DSBR_2,38.0,50.0,11,TCTAGTACTGT,TCCTCTATTCC,2,TK6_WT_4h_BR0,TK6,WT,4h,BR0
TCCAAGACAAAATCC,GFP_BAR_DSBR_2,43.0,55.0,11,TACTGTTCCTC,TATTCCTGCAG,2,TK6_WT_4h_BR0,TK6,WT,4h,BR0
ACTTCATCCAAATAA,GFP_BAR_DSBR_2,43.0,55.0,11,TACTGTTCCTC,TATTCCTGCAG,2,TK6_WT_4h_BR0,TK6,WT,4h,BR0
GCGTCTCCTGTGAGC,GFP_BAR_DSBR_2,43.0,55.0,11,TACTGTTCCTC,TATTCCTGCAG,2,TK6_WT_4h_BR0,TK6,WT,4h,BR0
ACAGATGAACGGCTC,GFP_BAR_DSBR_2,43.0,55.0,11,TACTGTTCCTC,TATTCCTGCAG,2,TK6_WT_4h_BR0,TK6,WT,4h,BR0
CGATAGTAATTGTAG,GFP_BAR_DSBR_2,43.0,55.0,11,TACTGTTCCTC,TATTCCTGCAG,2,TK6_WT_4h_BR0,TK6,WT,4h,BR0
GATCTGGATAACTCG,GFP_BAR_DSBR_2,43.0,55.0,11,TACTGTTCCTC,TATTCCTGCAG,2,TK6_WT_4h_BR0,TK6,WT,4h,BR0
TCGCAACCGCAATAG,GFP_BAR_DSBR_2,43.0,55.0,11,TACTGTTCCTC,TATTCCTGCAG,2,TK6_WT_4h_BR0,TK6,WT,4h,BR0
AAGTACCTTCTGAAT,GFP_BAR_DSBR_2,32.0,45.0,12,GATTCCTCTAGT,ACTGTTCCTCTA,0,TK6_WT_4h_BR0,TK6,WT,4h,BR0
TCTCCAGAATAATGA,GFP_BAR_DSBR_2,32.0,45.0,12,GATTCCTCTAGT,ACTGTTCCTCTA,0,TK6_WT_4h_BR0,TK6,WT,4h,BR0
AAACAAATCCACATT,GFP_BAR_DSBR_2,32.0,45.0,12,GATTCCTCTAGT,ACTGTTCCTCTA,0,TK6_WT_4h_BR0,TK6,WT,4h,BR0
AGATCTTAAACTGTT,GFP_BAR_DSBR_2,33.0,46.0,12,ATTCCTCTAGTA,CTGTTCCTCTAT,0,TK6_WT_4h_BR0,TK6,WT,4h,BR0
ATCGTGCTTTAAAGG,GFP_BAR_DSBR_2,44.0,57.0,12,ACTGTTCCTCTA,TTCCTGCAGCGC,0,TK6_WT_4h_BR0,TK6,WT,4h,BR0
CCATTCGTAATTTGT,GFP_BAR_DSBR_2,44.0,57.0,12,ACTGTTCCTCTA,TTCCTGCAGCGC,0,TK6_WT_4h_BR0,TK6,WT,4h,BR0
TTCTACTGAACTCTT,GFP_BAR_DSBR_2,44.0,57.0,12,ACTGTTCCTCTA,TTCCTGCAGCGC,0,TK6_WT_4h_BR0,TK6,WT,4h,BR0
ATAAACAGCCACCCA,GFP_BAR_DSBR_2,44.0,57.0,12,ACTGTTCCTCTA,TTCCTGCAGCGC,0,TK6_WT_4h_BR0,TK6,WT,4h,BR0
TAGGGTAAATCAAGG,GFP_BAR_DSBR_2,44.0,57.0,12,ACTGTTCCTCTA,TTCCTGCAGCGC,0,TK6_WT_4h_BR0,TK6,WT,4h,BR0
CACATGGAAAAGGGA,GFP_BAR_DSBR_2,44.0,57.0,12,ACTGTTCCTCTA,TTCCTGCAGCGC,0,TK6_WT_4h_BR0,TK6,WT,4h,BR0
TTTTCCTACACCTCG,GFP_BAR_DSBR_2,44.0,57.0,12,ACTGTTCCTCTA,TTCCTGCAGCGC,0,TK6_WT_4h_BR0,TK6,WT,4h,BR0
GCCGAGAAGTAGGGG,GFP_BAR_DSBR_2,33.0,47.0,13,ATTCCTCTAGTAC,TGTTCCTCTATTC,0,TK6_WT_4h_BR0,TK6,WT,4h,BR0
CCCAGAGCATCAAAA,GFP_BAR_DSBR_2,33.0,47.0,13,ATTCCTCTAGTAC,TGTTCCTCTATTC,0,TK6_WT_4h_BR0,TK6,WT,4h,BR0
ACCTGTAAAATGGAA,GFP_BAR_DSBR_2,42.0,56.0,13,GTACTGTTCCTCT,ATTCCTGCAGCGC,0,TK6_WT_4h_BR0,TK6,WT,4h,BR0
ATAGATAAGATCCTA,GFP_BAR_DSBR_2,43.0,57.0,13,TACTGTTCCTCTA,TTCCTGCAGCGCA,1,TK6_WT_4h_BR0,TK6,WT,4h,BR0
TCCTACGTACACACA,GFP_BAR_DSBR_2,43.0,57.0,13,TACTGTTCCTCTA,TTCCTGCAGCGCA,1,TK6_WT_4h_BR0,TK6,WT,4h,BR0
GAGTGGGCTTGGGAA,GFP_BAR_DSBR_2,43.0,57.0,13,TACTGTTCCTCTA,TTCCTGCAGCGCA,1,TK6_WT_4h_BR0,TK6,WT,4h,BR0
TGAAATAATACACAA,GFP_BAR_DSBR_2,43.0,57.0,13,TACTGTTCCTCTA,TTCCTGCAGCGCA,1,TK6_WT_4h_BR0,TK6,WT,4h,BR0
ACAAGCTCACCGTAG,GFP_BAR_DSBR_2,43.0,57.0,13,TACTGTTCCTCTA,TTCCTGCAGCGCA,1,TK6_WT_4h_BR0,TK6,WT,4h,BR0
GACATTATAACATAT,GFP_BAR_DSBR_2,43.0,57.0,13,TACTGTTCCTCTA,TTCCTGCAGCGCA,1,TK6_WT_4h_BR0,TK6,WT,4h,BR0
TGTGGCAACTGCTAC,GFP_BAR_DSBR_2,43.0,57.0,13,TACTGTTCCTCTA,TTCCTGCAGCGCA,1,TK6_WT_4h_BR0,TK6,WT,4h,BR0
AACACACCTGCGAAC,GFP_BAR_DSBR_2,43.0,57.0,13,TACTGTTCCTCTA,TTCCTGCAGCGCA,1,TK6_WT_4h_BR0,TK6,WT,4h,BR0
TGCAACAGATCCGGT,GFP_BAR_DSBR_2,43.0,57.0,13,TACTGTTCCTCTA,TTCCTGCAGCGCA,1,TK6_WT_4h_BR0,TK6,WT,4h,BR0
AAGTTTAGCAATACT,GFP_BAR_DSBR_2,43.0,57.0,13,TACTGTTCCTCTA,TTCCTGCAGCGCA,1,TK6_WT_4h_BR0,TK6,WT,4h,BR0
CTGAAACCCCACTAG,GFP_BAR_DSBR_2,30.0,45.0,14,TGGATTCCTCTAGT,ACTGTTCCTCTATT,0,TK6_WT_4h_BR0,TK6,WT,4h,BR0
AAAGTGCTACCGCTC,GFP_BAR_DSBR_2,30.0,45.0,14,TGGATTCCTCTAGT,ACTGTTCCTCTATT,0,TK6_WT_4h_BR0,TK6,WT,4h,BR0
AAGTTGTTTACGCAG,GFP_BAR_DSBR_2,30.0,45.0,14,TGGATTCCTCTAGT,ACTGTTCCTCTATT,0,TK6_WT_4h_BR0,TK6,WT,4h,BR0
CAAAGCGCACACACC,GFP_BAR_DSBR_2,30.0,45.0,14,TGGATTCCTCTAGT,ACTGTTCCTCTATT,0,TK6_WT_4h_BR0,TK6,WT,4h,BR0
GCCATGAAATCGGAG,GFP_BAR_DSBR_2,30.0,45.0,14,TGGATTCCTCTAGT,ACTGTTCCTCTATT,0,TK6_WT_4h_BR0,TK6,WT,4h,BR0
AGAAGCTATCAAAAC,GFP_BAR_DSBR_2,30.0,45.0,14,TGGATTCCTCTAGT,ACTGTTCCTCTATT,0,TK6_WT_4h_BR0,TK6,WT,4h,BR0
TCCTAAAAATCTATC,GFP_BAR_DSBR_2,30.0,45.0,14,TGGATTCCTCTAGT,ACTGTTCCTCTATT,0,TK6_WT_4h_BR0,TK6,WT,4h,BR0
TTAACGTCGCTGCAG,GFP_BAR_DSBR_2,34.0,49.0,14,TTCCTCTAGTACTG,TTCCTCTATTCCTG,8,TK6_WT_4h_BR0,TK6,WT,4h,BR0
ATATGTAAAGCACAA,GFP_BAR_DSBR_2,34.0,49.0,14,TTCCTCTAGTACTG,TTCCTCTATTCCTG,8,TK6_WT_4h_BR0,TK6,WT,4h,BR0
GTCCTCGCGTTTACC,GFP_BAR_DSBR_2,34.0,49.0,14,TTCCTCTAGTACTG,TTCCTCTATTCCTG,8,TK6_WT_4h_BR0,TK6,WT,4h,BR0
TCAGTTGAGCAACCA,GFP_BAR_DSBR_2,34.0,49.0,14,TTCCTCTAGTACTG,TTCCTCTATTCCTG,8,TK6_WT_4h_BR0,TK6,WT,4h,BR0
AACCGAAGCAGTCAT,GFP_BAR_DSBR_2,34.0,49.0,14,TTCCTCTAGTACTG,TTCCTCTATTCCTG,8,TK6_WT_4h_BR0,TK6,WT,4h,BR0
TGAATCAAGTTAACA,GFP_BAR_DSBR_2,34.0,49.0,14,TTCCTCTAGTACTG,TTCCTCTATTCCTG,8,TK6_WT_4h_BR0,TK6,WT,4h,BR0
ATCTACTTAACGAAA,GFP_BAR_DSBR_2,34.0,49.0,14,TTCCTCTAGTACTG,TTCCTCTATTCCTG,8,TK6_WT_4h_BR0,TK6,WT,4h,BR0
TAGGAGTTTATAAAT,GFP_BAR_DSBR_2,34.0,49.0,14,TTCCTCTAGTACTG,TTCCTCTATTCCTG,8,TK6_WT_4h_BR0,TK6,WT,4h,BR0
CCCAGTCTAGAACCT,GFP_BAR_DSBR_2,34.0,49.0,14,TTCCTCTAGTACTG,TTCCTCTATTCCTG,8,TK6_WT_4h_BR0,TK6,WT,4h,BR0
CAATGCAGCACATTT,GFP_BAR_DSBR_2,34.0,49.0,14,TTCCTCTAGTACTG,TTCCTCTATTCCTG,8,TK6_WT_4h_BR0,TK6,WT,4h,BR0
CCACCTGATCAAATC,GFP_BAR_DSBR_2,34.0,49.0,14,TTCCTCTAGTACTG,TTCCTCTATTCCTG,8,TK6_WT_4h_BR0,TK6,WT,4h,BR0
ATAAACGCTTACAAA,GFP_BAR_DSBR_2,34.0,49.0,14,TTCCTCTAGTACTG,TTCCTCTATTCCTG,8,TK6_WT_4h_BR0,TK6,WT,4h,BR0
AAGATAACCGCAACC,GFP_BAR_DSBR_2,34.0,49.0,14,TTCCTCTAGTACTG,TTCCTCTATTCCTG,8,TK6_WT_4h_BR0,TK6,WT,4h,BR0
CATTGTGCAAGCTCT,GFP_BAR_DSBR_2,34.0,49.0,14,TTCCTCTAGTACTG,TTCCTCTATTCCTG,8,TK6_WT_4h_BR0,TK6,WT,4h,BR0
TTGATTTAAGGACGA,GFP_BAR_DSBR_2,34.0,49.0,14,TTCCTCTAGTACTG,TTCCTCTATTCCTG,8,TK6_WT_4h_BR0,TK6,WT,4h,BR0
GGGCTATAAGTCTAC,GFP_BAR_DSBR_2,34.0,49.0,14,TTCCTCTAGTACTG,TTCCTCTATTCCTG,8,TK6_WT_4h_BR0,TK6,WT,4h,BR0
TATCCGTAAAAATAT,GFP_BAR_DSBR_2,34.0,49.0,14,TTCCTCTAGTACTG,TTCCTCTATTCCTG,8,TK6_WT_4h_BR0,TK6,WT,4h,BR0
CCCAATAACGGCTCT,GFP_BAR_DSBR_2,34.0,49.0,14,TTCCTCTAGTACTG,TTCCTCTATTCCTG,8,TK6_WT_4h_BR0,TK6,WT,4h,BR0
GCATAACACCGACGA,GFP_BAR_DSBR_2,34.0,49.0,14,TTCCTCTAGTACTG,TTCCTCTATTCCTG,8,TK6_WT_4h_BR0,TK6,WT,4h,BR0
AAAACGCTAATACAG,GFP_BAR_DSBR_2,34.0,49.0,14,TTCCTCTAGTACTG,TTCCTCTATTCCTG,8,TK6_WT_4h_BR0,TK6,WT,4h,BR0
TTTTTATCACACGCT,GFP_BAR_DSBR_2,34.0,49.0,14,TTCCTCTAGTACTG,TTCCTCTATTCCTG,8,TK6_WT_4h_BR0,TK6,WT,4h,BR0
CTGCACATTAGTTAA,GFP_BAR_DSBR_2,34.0,49.0,14,TTCCTCTAGTACTG,TTCCTCTATTCCTG,8,TK6_WT_4h_BR0,TK6,WT,4h,BR0
AACACGGACGAACTT,GFP_BAR_DSBR_2,34.0,49.0,14,TTCCTCTAGTACTG,TTCCTCTATTCCTG,8,TK6_WT_4h_BR0,TK6,WT,4h,BR0
GGGCCCGAAACTACA,GFP_BAR_DSBR_2,34.0,49.0,14,TTCCTCTAGTACTG,TTCCTCTATTCCTG,8,TK6_WT_4h_BR0,TK6,WT,4h,BR0
GTGACCCGCAAAAAC,GFP_BAR_DSBR_2,34.0,49.0,14,TTCCTCTAGTACTG,TTCCTCTATTCCTG,8,TK6_WT_4h_BR0,TK6,WT,4h,BR0
AGTTATTTCTCCATA,GFP_BAR_DSBR_2,34.0,49.0,14,TTCCTCTAGTACTG,TTCCTCTATTCCTG,8,TK6_WT_4h_BR0,TK6,WT,4h,BR0
TAGACCTCTTACCAA,GFP_BAR_DSBR_2,34.0,49.0,14,TTCCTCTAGTACTG,TTCCTCTATTCCTG,8,TK6_WT_4h_BR0,TK6,WT,4h,BR0
TATATATGATTTAAT,GFP_BAR_DSBR_2,34.0,49.0,14,TTCCTCTAGTACTG,TTCCTCTATTCCTG,8,TK6_WT_4h_BR0,TK6,WT,4h,BR0
ACAAAAGAAACGATA,GFP_BAR_DSBR_2,34.0,49.0,14,TTCCTCTAGTACTG,TTCCTCTATTCCTG,8,TK6_WT_4h_BR0,TK6,WT,4h,BR0
ATGATATGGCAGTGG,GFP_BAR_DSBR_2,34.0,49.0,14,TTCCTCTAGTACTG,TTCCTCTATTCCTG,8,TK6_WT_4h_BR0,TK6,WT,4h,BR0
CGGGAGAGCTTAACA,GFP_BAR_DSBR_2,34.0,49.0,14,TTCCTCTAGTACTG,TTCCTCTATTCCTG,8,TK6_WT_4h_BR0,TK6,WT,4h,BR0
CCGATGTTTTTTAGA,GFP_BAR_DSBR_2,34.0,49.0,14,TTCCTCTAGTACTG,TTCCTCTATTCCTG,8,TK6_WT_4h_BR0,TK6,WT,4h,BR0
TAAACTAAAATAGAA,GFP_BAR_DSBR_2,34.0,49.0,14,TTCCTCTAGTACTG,TTCCTCTATTCCTG,8,TK6_WT_4h_BR0,TK6,WT,4h,BR0
GCTAATCTTAAAATA,GFP_BAR_DSBR_2,34.0,49.0,14,TTCCTCTAGTACTG,TTCCTCTATTCCTG,8,TK6_WT_4h_BR0,TK6,WT,4h,BR0
CATAAACTCTGGATG,GFP_BAR_DSBR_2,34.0,49.0,14,TTCCTCTAGTACTG,TTCCTCTATTCCTG,8,TK6_WT_4h_BR0,TK6,WT,4h,BR0
CCCGACATAATAAAA,GFP_BAR_DSBR_2,34.0,49.0,14,TTCCTCTAGTACTG,TTCCTCTATTCCTG,8,TK6_WT_4h_BR0,TK6,WT,4h,BR0
CAAATGATAACATAT,GFP_BAR_DSBR_2,34.0,49.0,14,TTCCTCTAGTACTG,TTCCTCTATTCCTG,8,TK6_WT_4h_BR0,TK6,WT,4h,BR0
GATCTAGAAATAGCG,GFP_BAR_DSBR_2,34.0,49.0,14,TTCCTCTAGTACTG,TTCCTCTATTCCTG,8,TK6_WT_4h_BR0,TK6,WT,4h,BR0
ACTAACTGATAAATT,GFP_BAR_DSBR_2,34.0,49.0,14,TTCCTCTAGTACTG,TTCCTCTATTCCTG,8,TK6_WT_4h_BR0,TK6,WT,4h,BR0
TACTACATAGGTCAA,GFP_BAR_DSBR_2,34.0,49.0,14,TTCCTCTAGTACTG,TTCCTCTATTCCTG,8,TK6_WT_4h_BR0,TK6,WT,4h,BR0
AATCCACAAGAAGTG,GFP_BAR_DSBR_2,34.0,49.0,14,TTCCTCTAGTACTG,TTCCTCTATTCCTG,8,TK6_WT_4h_BR0,TK6,WT,4h,BR0
CAGTATAAATATTAT,GFP_BAR_DSBR_2,34.0,49.0,14,TTCCTCTAGTACTG,TTCCTCTATTCCTG,8,TK6_WT_4h_BR0,TK6,WT,4h,BR0
GACATATTATGACTG,GFP_BAR_DSBR_2,34.0,49.0,14,TTCCTCTAGTACTG,TTCCTCTATTCCTG,8,TK6_WT_4h_BR0,TK6,WT,4h,BR0
AGGCTCTGGCCCTAT,GFP_BAR_DSBR_2,34.0,49.0,14,TTCCTCTAGTACTG,TTCCTCTATTCCTG,8,TK6_WT_4h_BR0,TK6,WT,4h,BR0
CACCCTCATCTCGAA,GFP_BAR_DSBR_2,34.0,49.0,14,TTCCTCTAGTACTG,TTCCTCTATTCCTG,8,TK6_WT_4h_BR0,TK6,WT,4h,BR0
AACTTAAAGGTATAC,GFP_BAR_DSBR_2,34.0,49.0,14,TTCCTCTAGTACTG,TTCCTCTATTCCTG,8,TK6_WT_4h_BR0,TK6,WT,4h,BR0
ACCATGATGAAAGCT,GFP_BAR_DSBR_2,43.0,58.0,14,TACTGTTCCTCTAT,TCCTGCAGCGCAAT,1,TK6_WT_4h_BR0,TK6,WT,4h,BR0
TTAATAGTCCCATAT,GFP_BAR_DSBR_2,43.0,58.0,14,TACTGTTCCTCTAT,TCCTGCAGCGCAAT,1,TK6_WT_4h_BR0,TK6,WT,4h,BR0
CCGCCTAACTGACGA,GFP_BAR_DSBR_2,43.0,58.0,14,TACTGTTCCTCTAT,TCCTGCAGCGCAAT,1,TK6_WT_4h_BR0,TK6,WT,4h,BR0
GGAACGTACAACACA,GFP_BAR_DSBR_2,43.0,58.0,14,TACTGTTCCTCTAT,TCCTGCAGCGCAAT,1,TK6_WT_4h_BR0,TK6,WT,4h,BR0
AACGCTTATCTCACA,GFP_BAR_DSBR_2,43.0,58.0,14,TACTGTTCCTCTAT,TCCTGCAGCGCAAT,1,TK6_WT_4h_BR0,TK6,WT,4h,BR0
AGCGGGACAGTACAG,GFP_BAR_DSBR_2,43.0,58.0,14,TACTGTTCCTCTAT,TCCTGCAGCGCAAT,1,TK6_WT_4h_BR0,TK6,WT,4h,BR0
TAAATTAAACTTCAG,GFP_BAR_DSBR_2,43.0,58.0,14,TACTGTTCCTCTAT,TCCTGCAGCGCAAT,1,TK6_WT_4h_BR0,TK6,WT,4h,BR0
CTCTTACAGTGAATG,GFP_BAR_DSBR_2,43.0,58.0,14,TACTGTTCCTCTAT,TCCTGCAGCGCAAT,1,TK6_WT_4h_BR0,TK6,WT,4h,BR0
GTCTACCAATTCCAT,GFP_BAR_DSBR_2,43.0,58.0,14,TACTGTTCCTCTAT,TCCTGCAGCGCAAT,1,TK6_WT_4h_BR0,TK6,WT,4h,BR0
CCACATATATTGAGT,GFP_BAR_DSBR_2,43.0,58.0,14,TACTGTTCCTCTAT,TCCTGCAGCGCAAT,1,TK6_WT_4h_BR0,TK6,WT,4h,BR0
TTACACAAACTTGTT,GFP_BAR_DSBR_2,43.0,58.0,14,TACTGTTCCTCTAT,TCCTGCAGCGCAAT,1,TK6_WT_4h_BR0,TK6,WT,4h,BR0
AAAAATAAAACATCG,GFP_BAR_DSBR_2,43.0,58.0,14,TACTGTTCCTCTAT,TCCTGCAGCGCAAT,1,TK6_WT_4h_BR0,TK6,WT,4h,BR0
ACAGGAAGAATATTA,GFP_BAR_DSBR_2,43.0,58.0,14,TACTGTTCCTCTAT,TCCTGCAGCGCAAT,1,TK6_WT_4h_BR0,TK6,WT,4h,BR0
TCAATCCATATTAGT,GFP_BAR_DSBR_2,43.0,58.0,14,TACTGTTCCTCTAT,TCCTGCAGCGCAAT,1,TK6_WT_4h_BR0,TK6,WT,4h,BR0
ATTTACTGATTAGTC,GFP_BAR_DSBR_2,43.0,58.0,14,TACTGTTCCTCTAT,TCCTGCAGCGCAAT,1,TK6_WT_4h_BR0,TK6,WT,4h,BR0
TGTTAAATTGAATTT,GFP_BAR_DSBR_2,43.0,58.0,14,TACTGTTCCTCTAT,TCCTGCAGCGCAAT,1,TK6_WT_4h_BR0,TK6,WT,4h,BR0
CCACTTGATGGAAGA,GFP_BAR_DSBR_2,43.0,58.0,14,TACTGTTCCTCTAT,TCCTGCAGCGCAAT,1,TK6_WT_4h_BR0,TK6,WT,4h,BR0
ACACAGGGATAGTCA,GFP_BAR_DSBR_2,43.0,58.0,14,TACTGTTCCTCTAT,TCCTGCAGCGCAAT,1,TK6_WT_4h_BR0,TK6,WT,4h,BR0
TCCTATAATTGAGCC,GFP_BAR_DSBR_2,43.0,58.0,14,TACTGTTCCTCTAT,TCCTGCAGCGCAAT,1,TK6_WT_4h_BR0,TK6,WT,4h,BR0
CATAGGCTATGAGGT,GFP_BAR_DSBR_2,43.0,58.0,14,TACTGTTCCTCTAT,TCCTGCAGCGCAAT,1,TK6_WT_4h_BR0,TK6,WT,4h,BR0
GCATCAAAACTCATC,GFP_BAR_DSBR_2,29.0,45.0,15,ATGGATTCCTCTAGT,ACTGTTCCTCTATTC,1,TK6_WT_4h_BR0,TK6,WT,4h,BR0
TAAGATATTTAACTA,GFP_BAR_DSBR_2,29.0,45.0,15,ATGGATTCCTCTAGT,ACTGTTCCTCTATTC,1,TK6_WT_4h_BR0,TK6,WT,4h,BR0
ACCTCTACTAACAAG,GFP_BAR_DSBR_2,29.0,45.0,15,ATGGATTCCTCTAGT,ACTGTTCCTCTATTC,1,TK6_WT_4h_BR0,TK6,WT,4h,BR0
AACTTTACGAAGGTA,GFP_BAR_DSBR_2,29.0,45.0,15,ATGGATTCCTCTAGT,ACTGTTCCTCTATTC,1,TK6_WT_4h_BR0,TK6,WT,4h,BR0
TTCCCCTATATCAAA,GFP_BAR_DSBR_2,29.0,45.0,15,ATGGATTCCTCTAGT,ACTGTTCCTCTATTC,1,TK6_WT_4h_BR0,TK6,WT,4h,BR0
GGAAAGAGAGGCTAT,GFP_BAR_DSBR_2,29.0,45.0,15,ATGGATTCCTCTAGT,ACTGTTCCTCTATTC,1,TK6_WT_4h_BR0,TK6,WT,4h,BR0
TGCCCCGTTTATTGT,GFP_BAR_DSBR_2,29.0,45.0,15,ATGGATTCCTCTAGT,ACTGTTCCTCTATTC,1,TK6_WT_4h_BR0,TK6,WT,4h,BR0
CCTCCAAAAGACTAC,GFP_BAR_DSBR_2,29.0,45.0,15,ATGGATTCCTCTAGT,ACTGTTCCTCTATTC,1,TK6_WT_4h_BR0,TK6,WT,4h,BR0
AAACCCAGAGAGGAA,GFP_BAR_DSBR_2,29.0,45.0,15,ATGGATTCCTCTAGT,ACTGTTCCTCTATTC,1,TK6_WT_4h_BR0,TK6,WT,4h,BR0
TGATACCGTGAGGAT,GFP_BAR_DSBR_2,29.0,45.0,15,ATGGATTCCTCTAGT,ACTGTTCCTCTATTC,1,TK6_WT_4h_BR0,TK6,WT,4h,BR0
GGGACTGATCCAGTA,GFP_BAR_DSBR_2,29.0,45.0,15,ATGGATTCCTCTAGT,ACTGTTCCTCTATTC,1,TK6_WT_4h_BR0,TK6,WT,4h,BR0
AGAAAACAATACGCG,GFP_BAR_DSBR_2,29.0,45.0,15,ATGGATTCCTCTAGT,ACTGTTCCTCTATTC,1,TK6_WT_4h_BR0,TK6,WT,4h,BR0
TCACTTCAAAAAACT,GFP_BAR_DSBR_2,29.0,45.0,15,ATGGATTCCTCTAGT,ACTGTTCCTCTATTC,1,TK6_WT_4h_BR0,TK6,WT,4h,BR0
TTCGAGATTATTTAA,GFP_BAR_DSBR_2,29.0,45.0,15,ATGGATTCCTCTAGT,ACTGTTCCTCTATTC,1,TK6_WT_4h_BR0,TK6,WT,4h,BR0
CTATCGGGGACTCAT,GFP_BAR_DSBR_2,29.0,45.0,15,ATGGATTCCTCTAGT,ACTGTTCCTCTATTC,1,TK6_WT_4h_BR0,TK6,WT,4h,BR0
ATTAACGTTGATCCG,GFP_BAR_DSBR_2,29.0,45.0,15,ATGGATTCCTCTAGT,ACTGTTCCTCTATTC,1,TK6_WT_4h_BR0,TK6,WT,4h,BR0
AGCTAGAACTTGCTA,GFP_BAR_DSBR_2,44.0,60.0,15,ACTGTTCCTCTATTC,CTGCAGCGCAATAGC,0,TK6_WT_4h_BR0,TK6,WT,4h,BR0
CAATTGCACAGATGG,GFP_BAR_DSBR_2,28.0,45.0,16,CATGGATTCCTCTAGT,ACTGTTCCTCTATTCC,0,TK6_WT_4h_BR0,TK6,WT,4h,BR0
GAATCCTCGTAACCT,GFP_BAR_DSBR_2,28.0,45.0,16,CATGGATTCCTCTAGT,ACTGTTCCTCTATTCC,0,TK6_WT_4h_BR0,TK6,WT,4h,BR0
GCATAAAACAGTAAT,GFP_BAR_DSBR_2,28.0,45.0,16,CATGGATTCCTCTAGT,ACTGTTCCTCTATTCC,0,TK6_WT_4h_BR0,TK6,WT,4h,BR0
CTTCACCTGAGAAGA,GFP_BAR_DSBR_2,28.0,45.0,16,CATGGATTCCTCTAGT,ACTGTTCCTCTATTCC,0,TK6_WT_4h_BR0,TK6,WT,4h,BR0
AATAGCCGTCACTAC,GFP_BAR_DSBR_2,28.0,45.0,16,CATGGATTCCTCTAGT,ACTGTTCCTCTATTCC,0,TK6_WT_4h_BR0,TK6,WT,4h,BR0
CACGGATAAACGTGT,GFP_BAR_DSBR_2,29.0,46.0,16,ATGGATTCCTCTAGTA,CTGTTCCTCTATTCCT,0,TK6_WT_4h_BR0,TK6,WT,4h,BR0
ACATTTAGAAGTACT,GFP_BAR_DSBR_2,30.0,47.0,16,TGGATTCCTCTAGTAC,TGTTCCTCTATTCCTG,2,TK6_WT_4h_BR0,TK6,WT,4h,BR0
ACACTCTGCGAAATA,GFP_BAR_DSBR_2,30.0,47.0,16,TGGATTCCTCTAGTAC,TGTTCCTCTATTCCTG,2,TK6_WT_4h_BR0,TK6,WT,4h,BR0
AAAGCCGATCTTAAC,GFP_BAR_DSBR_2,30.0,47.0,16,TGGATTCCTCTAGTAC,TGTTCCTCTATTCCTG,2,TK6_WT_4h_BR0,TK6,WT,4h,BR0
CCCCCCCAATTTCAA,GFP_BAR_DSBR_2,44.0,61.0,16,ACTGTTCCTCTATTCC,TGCAGCGCAATAGCAT,0,TK6_WT_4h_BR0,TK6,WT,4h,BR0
GATGTTCAAGGAGAC,GFP_BAR_DSBR_2,27.0,45.0,17,GCATGGATTCCTCTAGT,ACTGTTCCTCTATTCCT,0,TK6_WT_4h_BR0,TK6,WT,4h,BR0
AGTACTCGAATCTAA,GFP_BAR_DSBR_2,35.0,53.0,17,TCCTCTAGTACTGTTCC,TCTATTCCTGCAGCGCA,2,TK6_WT_4h_BR0,TK6,WT,4h,BR0
AGTGAGCGTAGCGCA,GFP_BAR_DSBR_2,38.0,56.0,17,TCTAGTACTGTTCCTCT,ATTCCTGCAGCGCAATA,0,TK6_WT_4h_BR0,TK6,WT,4h,BR0
TCCCCCTCCCCACCT,GFP_BAR_DSBR_2,43.0,61.0,17,TACTGTTCCTCTATTCC,TGCAGCGCAATAGCATG,1,TK6_WT_4h_BR0,TK6,WT,4h,BR0
CATAAGCCCTTAGCG,GFP_BAR_DSBR_2,29.0,48.0,18,ATGGATTCCTCTAGTACT,GTTCCTCTATTCCTGCAG,0,TK6_WT_4h_BR0,TK6,WT,4h,BR0
TACCGATTTAATTGC,GFP_BAR_DSBR_2,29.0,48.0,18,ATGGATTCCTCTAGTACT,GTTCCTCTATTCCTGCAG,0,TK6_WT_4h_BR0,TK6,WT,4h,BR0
TCACCCGTTGGAAAT,GFP_BAR_DSBR_2,44.0,63.0,18,ACTGTTCCTCTATTCCTG,CAGCGCAATAGCATGGAC,0,TK6_WT_4h_BR0,TK6,WT,4h,BR0
TGCTGCAAAACGCGG,GFP_BAR_DSBR_2,44.0,63.0,18,ACTGTTCCTCTATTCCTG,CAGCGCAATAGCATGGAC,0,TK6_WT_4h_BR0,TK6,WT,4h,BR0
GGTGAGCATCTTCTA,GFP_BAR_DSBR_2,44.0,63.0,18,ACTGTTCCTCTATTCCTG,CAGCGCAATAGCATGGAC,0,TK6_WT_4h_BR0,TK6,WT,4h,BR0
GTAATAATGTCGCAC,GFP_BAR_DSBR_2,44.0,63.0,18,ACTGTTCCTCTATTCCTG,CAGCGCAATAGCATGGAC,0,TK6_WT_4h_BR0,TK6,WT,4h,BR0
GGTGAGCAAACGACA,GFP_BAR_DSBR_2,44.0,63.0,18,ACTGTTCCTCTATTCCTG,CAGCGCAATAGCATGGAC,0,TK6_WT_4h_BR0,TK6,WT,4h,BR0
CCGGAGATATAAACG,GFP_BAR_DSBR_2,25.0,45.0,19,TCGCATGGATTCCTCTAGT,ACTGTTCCTCTATTCCTGC,0,TK6_WT_4h_BR0,TK6,WT,4h,BR0
TAGCCGGAGTCCCCC,GFP_BAR_DSBR_2,25.0,45.0,19,TCGCATGGATTCCTCTAGT,ACTGTTCCTCTATTCCTGC,0,TK6_WT_4h_BR0,TK6,WT,4h,BR0
AGGTTCGTTTTGTCA,GFP_BAR_DSBR_2,25.0,45.0,19,TCGCATGGATTCCTCTAGT,ACTGTTCCTCTATTCCTGC,0,TK6_WT_4h_BR0,TK6,WT,4h,BR0
CATCAGAATAAAATG,GFP_BAR_DSBR_2,25.0,45.0,19,TCGCATGGATTCCTCTAGT,ACTGTTCCTCTATTCCTGC,0,TK6_WT_4h_BR0,TK6,WT,4h,BR0
AAATATTCTTACTAA,GFP_BAR_DSBR_2,25.0,45.0,19,TCGCATGGATTCCTCTAGT,ACTGTTCCTCTATTCCTGC,0,TK6_WT_4h_BR0,TK6,WT,4h,BR0
CTAGTTTTACCGTAG,GFP_BAR_DSBR_2,25.0,45.0,19,TCGCATGGATTCCTCTAGT,ACTGTTCCTCTATTCCTGC,0,TK6_WT_4h_BR0,TK6,WT,4h,BR0
TTAACCCATTACAAT,GFP_BAR_DSBR_2,26.0,46.0,19,CGCATGGATTCCTCTAGTA,CTGTTCCTCTATTCCTGCA,1,TK6_WT_4h_BR0,TK6,WT,4h,BR0
AACTAACCAGTAAAG,GFP_BAR_DSBR_2,44.0,64.0,19,ACTGTTCCTCTATTCCTGC,AGCGCAATAGCATGGACGA,1,TK6_WT_4h_BR0,TK6,WT,4h,BR0
TTTTAAGCTAAACGA,GFP_BAR_DSBR_2,44.0,64.0,19,ACTGTTCCTCTATTCCTGC,AGCGCAATAGCATGGACGA,1,TK6_WT_4h_BR0,TK6,WT,4h,BR0
AACCTAATGGTTCAA,GFP_BAR_DSBR_2,24.0,45.0,20,ATCGCATGGATTCCTCTAGT,ACTGTTCCTCTATTCCTGCA,1,TK6_WT_4h_BR0,TK6,WT,4h,BR0
GTGGCTCTTAACTGT,GFP_BAR_DSBR_2,24.0,45.0,20,ATCGCATGGATTCCTCTAGT,ACTGTTCCTCTATTCCTGCA,1,TK6_WT_4h_BR0,TK6,WT,4h,BR0
CCAAATGCTTAGCTT,GFP_BAR_DSBR_2,24.0,45.0,20,ATCGCATGGATTCCTCTAGT,ACTGTTCCTCTATTCCTGCA,1,TK6_WT_4h_BR0,TK6,WT,4h,BR0
CCCTCCAACAAGAAT,GFP_BAR_DSBR_2,24.0,45.0,20,ATCGCATGGATTCCTCTAGT,ACTGTTCCTCTATTCCTGCA,1,TK6_WT_4h_BR0,TK6,WT,4h,BR0
TTACAACATCTACCT,GFP_BAR_DSBR_2,24.0,45.0,20,ATCGCATGGATTCCTCTAGT,ACTGTTCCTCTATTCCTGCA,1,TK6_WT_4h_BR0,TK6,WT,4h,BR0
AAGTCAATGTCAAGA,GFP_BAR_DSBR_2,24.0,45.0,20,ATCGCATGGATTCCTCTAGT,ACTGTTCCTCTATTCCTGCA,1,TK6_WT_4h_BR0,TK6,WT,4h,BR0
ATTTTTGTTCACGCT,GFP_BAR_DSBR_2,24.0,45.0,20,ATCGCATGGATTCCTCTAGT,ACTGTTCCTCTATTCCTGCA,1,TK6_WT_4h_BR0,TK6,WT,4h,BR0
TAAGAAATAGAAGTG,GFP_BAR_DSBR_2,24.0,45.0,20,ATCGCATGGATTCCTCTAGT,ACTGTTCCTCTATTCCTGCA,1,TK6_WT_4h_BR0,TK6,WT,4h,BR0
ATACTATATCTGTCA,GFP_BAR_DSBR_2,24.0,45.0,20,ATCGCATGGATTCCTCTAGT,ACTGTTCCTCTATTCCTGCA,1,TK6_WT_4h_BR0,TK6,WT,4h,BR0
AAAATAAATTCCCTA,GFP_BAR_DSBR_2,24.0,45.0,20,ATCGCATGGATTCCTCTAGT,ACTGTTCCTCTATTCCTGCA,1,TK6_WT_4h_BR0,TK6,WT,4h,BR0
CGTGAAAACTAAAAA,GFP_BAR_DSBR_2,24.0,45.0,20,ATCGCATGGATTCCTCTAGT,ACTGTTCCTCTATTCCTGCA,1,TK6_WT_4h_BR0,TK6,WT,4h,BR0
ACACCACTACGAAGG,GFP_BAR_DSBR_2,24.0,45.0,20,ATCGCATGGATTCCTCTAGT,ACTGTTCCTCTATTCCTGCA,1,TK6_WT_4h_BR0,TK6,WT,4h,BR0
CTATGACCAATTTCA,GFP_BAR_DSBR_2,24.0,45.0,20,ATCGCATGGATTCCTCTAGT,ACTGTTCCTCTATTCCTGCA,1,TK6_WT_4h_BR0,TK6,WT,4h,BR0
GTACCACAAAATAGG,GFP_BAR_DSBR_2,24.0,45.0,20,ATCGCATGGATTCCTCTAGT,ACTGTTCCTCTATTCCTGCA,1,TK6_WT_4h_BR0,TK6,WT,4h,BR0
GCACTGACTTCACCA,GFP_BAR_DSBR_2,29.0,50.0,20,ATGGATTCCTCTAGTACTGT,TCCTCTATTCCTGCAGCGCA,0,TK6_WT_4h_BR0,TK6,WT,4h,BR0
ATGCAACAGATAGAC,GFP_BAR_DSBR_2,29.0,50.0,20,ATGGATTCCTCTAGTACTGT,TCCTCTATTCCTGCAGCGCA,0,TK6_WT_4h_BR0,TK6,WT,4h,BR0
TTGCCTCGCGGCTGC,GFP_BAR_DSBR_2,38.0,59.0,20,TCTAGTACTGTTCCTCTATT,CCTGCAGCGCAATAGCATGG,0,TK6_WT_4h_BR0,TK6,WT,4h,BR0
TAGGCGTTCTTCCAG,GFP_BAR_DSBR_2,39.0,60.0,20,CTAGTACTGTTCCTCTATTC,CTGCAGCGCAATAGCATGGA,2,TK6_WT_4h_BR0,TK6,WT,4h,BR0
AAAGGGGCATCTGGG,GFP_BAR_DSBR_2,44.0,65.0,20,ACTGTTCCTCTATTCCTGCA,GCGCAATAGCATGGACGAGC,0,TK6_WT_4h_BR0,TK6,WT,4h,BR0
TATAAGAGGAGTGTA,GFP_BAR_DSBR_2,44.0,65.0,20,ACTGTTCCTCTATTCCTGCA,GCGCAATAGCATGGACGAGC,0,TK6_WT_4h_BR0,TK6,WT,4h,BR0
TCCTTCTAACAGCCA,GFP_BAR_DSBR_2,23.0,45.0,21,GATCGCATGGATTCCTCTAGT,ACTGTTCCTCTATTCCTGCAG,0,TK6_WT_4h_BR0,TK6,WT,4h,BR0
AAGCAGACGAGCTCT,GFP_BAR_DSBR_2,25.0,47.0,21,TCGCATGGATTCCTCTAGTAC,TGTTCCTCTATTCCTGCAGCG,1,TK6_WT_4h_BR0,TK6,WT,4h,BR0
AACGCGCCAAATTAT,GFP_BAR_DSBR_2,25.0,47.0,21,TCGCATGGATTCCTCTAGTAC,TGTTCCTCTATTCCTGCAGCG,1,TK6_WT_4h_BR0,TK6,WT,4h,BR0
GTTGTTAATGACCAT,GFP_BAR_DSBR_2,25.0,47.0,21,TCGCATGGATTCCTCTAGTAC,TGTTCCTCTATTCCTGCAGCG,1,TK6_WT_4h_BR0,TK6,WT,4h,BR0
CACCAGAATAGGGGA,GFP_BAR_DSBR_2,44.0,66.0,21,ACTGTTCCTCTATTCCTGCAG,CGCAATAGCATGGACGAGCTG,0,TK6_WT_4h_BR0,TK6,WT,4h,BR0
CGTGCGTAGCAAACT,GFP_BAR_DSBR_2,44.0,66.0,21,ACTGTTCCTCTATTCCTGCAG,CGCAATAGCATGGACGAGCTG,0,TK6_WT_4h_BR0,TK6,WT,4h,BR0
CACGTGAAACCTACC,GFP_BAR_DSBR_2,44.0,66.0,21,ACTGTTCCTCTATTCCTGCAG,CGCAATAGCATGGACGAGCTG,0,TK6_WT_4h_BR0,TK6,WT,4h,BR0
CAAAATCGCCCGGAA,GFP_BAR_DSBR_2,44.0,66.0,21,ACTGTTCCTCTATTCCTGCAG,CGCAATAGCATGGACGAGCTG,0,TK6_WT_4h_BR0,TK6,WT,4h,BR0
TAGAGTATTTATGCA,GFP_BAR_DSBR_2,44.0,66.0,21,ACTGTTCCTCTATTCCTGCAG,CGCAATAGCATGGACGAGCTG,0,TK6_WT_4h_BR0,TK6,WT,4h,BR0
TAAAAAGCGAATCAA,GFP_BAR_DSBR_2,44.0,66.0,21,ACTGTTCCTCTATTCCTGCAG,CGCAATAGCATGGACGAGCTG,0,TK6_WT_4h_BR0,TK6,WT,4h,BR0
TGTATAAAATATTAT,GFP_BAR_DSBR_2,44.0,66.0,21,ACTGTTCCTCTATTCCTGCAG,CGCAATAGCATGGACGAGCTG,0,TK6_WT_4h_BR0,TK6,WT,4h,BR0
GATAGAGGAAAAGAA,GFP_BAR_DSBR_2,44.0,66.0,21,ACTGTTCCTCTATTCCTGCAG,CGCAATAGCATGGACGAGCTG,0,TK6_WT_4h_BR0,TK6,WT,4h,BR0
AGGCGACACGGGTAT,GFP_BAR_DSBR_2,44.0,66.0,21,ACTGTTCCTCTATTCCTGCAG,CGCAATAGCATGGACGAGCTG,0,TK6_WT_4h_BR0,TK6,WT,4h,BR0
CAAGCAATATAGAGG,GFP_BAR_DSBR_2,22.0,45.0,22,CGATCGCATGGATTCCTCTAGT,ACTGTTCCTCTATTCCTGCAGC,0,TK6_WT_4h_BR0,TK6,WT,4h,BR0
TTTCTACAGAAAGTA,GFP_BAR_DSBR_2,22.0,45.0,22,CGATCGCATGGATTCCTCTAGT,ACTGTTCCTCTATTCCTGCAGC,0,TK6_WT_4h_BR0,TK6,WT,4h,BR0
CATAATGAGATCTAG,GFP_BAR_DSBR_2,22.0,45.0,22,CGATCGCATGGATTCCTCTAGT,ACTGTTCCTCTATTCCTGCAGC,0,TK6_WT_4h_BR0,TK6,WT,4h,BR0
GGTGTCATGTTCTTA,GFP_BAR_DSBR_2,33.0,56.0,22,ATTCCTCTAGTACTGTTCCTCT,ATTCCTGCAGCGCAATAGCATG,6,TK6_WT_4h_BR0,TK6,WT,4h,BR0
TTATTCAACGTCACA,GFP_BAR_DSBR_2,33.0,56.0,22,ATTCCTCTAGTACTGTTCCTCT,ATTCCTGCAGCGCAATAGCATG,6,TK6_WT_4h_BR0,TK6,WT,4h,BR0
TACTCTTCCCCTTCA,GFP_BAR_DSBR_2,33.0,56.0,22,ATTCCTCTAGTACTGTTCCTCT,ATTCCTGCAGCGCAATAGCATG,6,TK6_WT_4h_BR0,TK6,WT,4h,BR0
TCACATAGGTGAAAA,GFP_BAR_DSBR_2,33.0,56.0,22,ATTCCTCTAGTACTGTTCCTCT,ATTCCTGCAGCGCAATAGCATG,6,TK6_WT_4h_BR0,TK6,WT,4h,BR0
AAGTCAACCTCGGGG,GFP_BAR_DSBR_2,33.0,56.0,22,ATTCCTCTAGTACTGTTCCTCT,ATTCCTGCAGCGCAATAGCATG,6,TK6_WT_4h_BR0,TK6,WT,4h,BR0
AAGTGAAAAAAGCCA,GFP_BAR_DSBR_2,33.0,56.0,22,ATTCCTCTAGTACTGTTCCTCT,ATTCCTGCAGCGCAATAGCATG,6,TK6_WT_4h_BR0,TK6,WT,4h,BR0
GAACAGACGCGCATA,GFP_BAR_DSBR_2,33.0,56.0,22,ATTCCTCTAGTACTGTTCCTCT,ATTCCTGCAGCGCAATAGCATG,6,TK6_WT_4h_BR0,TK6,WT,4h,BR0
CAAAACGATGTTACA,GFP_BAR_DSBR_2,33.0,56.0,22,ATTCCTCTAGTACTGTTCCTCT,ATTCCTGCAGCGCAATAGCATG,6,TK6_WT_4h_BR0,TK6,WT,4h,BR0
CAATAAATACCCGCA,GFP_BAR_DSBR_2,33.0,56.0,22,ATTCCTCTAGTACTGTTCCTCT,ATTCCTGCAGCGCAATAGCATG,6,TK6_WT_4h_BR0,TK6,WT,4h,BR0
AGTAGTATGGCATAG,GFP_BAR_DSBR_2,33.0,56.0,22,ATTCCTCTAGTACTGTTCCTCT,ATTCCTGCAGCGCAATAGCATG,6,TK6_WT_4h_BR0,TK6,WT,4h,BR0
AGAGGTATTAAACTA,GFP_BAR_DSBR_2,40.0,63.0,22,TAGTACTGTTCCTCTATTCCTG,CAGCGCAATAGCATGGACGAGC,0,TK6_WT_4h_BR0,TK6,WT,4h,BR0
CACGGTTAACTACTT,GFP_BAR_DSBR_2,41.0,64.0,22,AGTACTGTTCCTCTATTCCTGC,AGCGCAATAGCATGGACGAGCT,2,TK6_WT_4h_BR0,TK6,WT,4h,BR0
GATATTCCCCAGACA,GFP_BAR_DSBR_2,41.0,64.0,22,AGTACTGTTCCTCTATTCCTGC,AGCGCAATAGCATGGACGAGCT,2,TK6_WT_4h_BR0,TK6,WT,4h,BR0
AGGTGATACTCCATG,GFP_BAR_DSBR_2,41.0,64.0,22,AGTACTGTTCCTCTATTCCTGC,AGCGCAATAGCATGGACGAGCT,2,TK6_WT_4h_BR0,TK6,WT,4h,BR0
GGAGGAAAAGAAAGA,GFP_BAR_DSBR_2,41.0,64.0,22,AGTACTGTTCCTCTATTCCTGC,AGCGCAATAGCATGGACGAGCT,2,TK6_WT_4h_BR0,TK6,WT,4h,BR0
CTAGAAGTAGAATGA,GFP_BAR_DSBR_2,41.0,64.0,22,AGTACTGTTCCTCTATTCCTGC,AGCGCAATAGCATGGACGAGCT,2,TK6_WT_4h_BR0,TK6,WT,4h,BR0
AACTAATACAACCCA,GFP_BAR_DSBR_2,44.0,67.0,22,ACTGTTCCTCTATTCCTGCAGC,GCAATAGCATGGACGAGCTGTA,0,TK6_WT_4h_BR0,TK6,WT,4h,BR0
AGGAGGGTAACTTTG,GFP_BAR_DSBR_2,44.0,67.0,22,ACTGTTCCTCTATTCCTGCAGC,GCAATAGCATGGACGAGCTGTA,0,TK6_WT_4h_BR0,TK6,WT,4h,BR0
TCTATCAACTCAACC,GFP_BAR_DSBR_2,44.0,67.0,22,ACTGTTCCTCTATTCCTGCAGC,GCAATAGCATGGACGAGCTGTA,0,TK6_WT_4h_BR0,TK6,WT,4h,BR0
AATAAAAATTTTCTT,GFP_BAR_DSBR_2,44.0,67.0,22,ACTGTTCCTCTATTCCTGCAGC,GCAATAGCATGGACGAGCTGTA,0,TK6_WT_4h_BR0,TK6,WT,4h,BR0
CAAATTAATAGACTA,GFP_BAR_DSBR_2,21.0,45.0,23,CCGATCGCATGGATTCCTCTAGT,ACTGTTCCTCTATTCCTGCAGCG,0,TK6_WT_4h_BR0,TK6,WT,4h,BR0
TTGAATCGACAAAGA,GFP_BAR_DSBR_2,21.0,45.0,23,CCGATCGCATGGATTCCTCTAGT,ACTGTTCCTCTATTCCTGCAGCG,0,TK6_WT_4h_BR0,TK6,WT,4h,BR0
AACTGCGGCACAGTG,GFP_BAR_DSBR_2,22.0,46.0,23,CGATCGCATGGATTCCTCTAGTA,CTGTTCCTCTATTCCTGCAGCGC,1,TK6_WT_4h_BR0,TK6,WT,4h,BR0
TTTCGCACTCCACCC,GFP_BAR_DSBR_2,39.0,63.0,23,CTAGTACTGTTCCTCTATTCCTG,CAGCGCAATAGCATGGACGAGCT,1,TK6_WT_4h_BR0,TK6,WT,4h,BR0
GACCACGGTCTCTGT,GFP_BAR_DSBR_2,42.0,66.0,23,GTACTGTTCCTCTATTCCTGCAG,CGCAATAGCATGGACGAGCTGTA,0,TK6_WT_4h_BR0,TK6,WT,4h,BR0
ACCATATCACACCTG,GFP_BAR_DSBR_2,20.0,45.0,24,ACCGATCGCATGGATTCCTCTAGT,ACTGTTCCTCTATTCCTGCAGCGC,2,TK6_WT_4h_BR0,TK6,WT,4h,BR0
GACCTTCTAGACAAG,GFP_BAR_DSBR_2,20.0,45.0,24,ACCGATCGCATGGATTCCTCTAGT,ACTGTTCCTCTATTCCTGCAGCGC,2,TK6_WT_4h_BR0,TK6,WT,4h,BR0
TAGATGCTCCATAAA,GFP_BAR_DSBR_2,20.0,45.0,24,ACCGATCGCATGGATTCCTCTAGT,ACTGTTCCTCTATTCCTGCAGCGC,2,TK6_WT_4h_BR0,TK6,WT,4h,BR0
ATAATACACAGTATA,GFP_BAR_DSBR_2,20.0,45.0,24,ACCGATCGCATGGATTCCTCTAGT,ACTGTTCCTCTATTCCTGCAGCGC,2,TK6_WT_4h_BR0,TK6,WT,4h,BR0
GGGGTGTGGGAAAAA,GFP_BAR_DSBR_2,20.0,45.0,24,ACCGATCGCATGGATTCCTCTAGT,ACTGTTCCTCTATTCCTGCAGCGC,2,TK6_WT_4h_BR0,TK6,WT,4h,BR0
CGCCTAAAATGATAC,GFP_BAR_DSBR_2,20.0,45.0,24,ACCGATCGCATGGATTCCTCTAGT,ACTGTTCCTCTATTCCTGCAGCGC,2,TK6_WT_4h_BR0,TK6,WT,4h,BR0
GGATATTGATTATGG,GFP_BAR_DSBR_2,20.0,45.0,24,ACCGATCGCATGGATTCCTCTAGT,ACTGTTCCTCTATTCCTGCAGCGC,2,TK6_WT_4h_BR0,TK6,WT,4h,BR0
AATATTATATATAGA,GFP_BAR_DSBR_2,20.0,45.0,24,ACCGATCGCATGGATTCCTCTAGT,ACTGTTCCTCTATTCCTGCAGCGC,2,TK6_WT_4h_BR0,TK6,WT,4h,BR0
GAACATCCTATTTTA,GFP_BAR_DSBR_2,23.0,48.0,24,GATCGCATGGATTCCTCTAGTACT,GTTCCTCTATTCCTGCAGCGCAAT,1,TK6_WT_4h_BR0,TK6,WT,4h,BR0
AATAAGTATAGTAAT,GFP_BAR_DSBR_2,29.0,54.0,24,ATGGATTCCTCTAGTACTGTTCCT,CTATTCCTGCAGCGCAATAGCATG,0,TK6_WT_4h_BR0,TK6,WT,4h,BR0
AAAACATAAACATTG,GFP_BAR_DSBR_2,19.0,45.0,25,CACCGATCGCATGGATTCCTCTAGT,ACTGTTCCTCTATTCCTGCAGCGCA,0,TK6_WT_4h_BR0,TK6,WT,4h,BR0
ACAAACGGAGATCAG,GFP_BAR_DSBR_2,28.0,54.0,25,CATGGATTCCTCTAGTACTGTTCCT,CTATTCCTGCAGCGCAATAGCATGG,1,TK6_WT_4h_BR0,TK6,WT,4h,BR0
ACTCTCCACTCTAAA,GFP_BAR_DSBR_2,28.0,54.0,25,CATGGATTCCTCTAGTACTGTTCCT,CTATTCCTGCAGCGCAATAGCATGG,1,TK6_WT_4h_BR0,TK6,WT,4h,BR0
AACATATGGTGATCC,GFP_BAR_DSBR_2,29.0,56.0,26,ATGGATTCCTCTAGTACTGTTCCTCT,ATTCCTGCAGCGCAATAGCATGGACG,2,TK6_WT_4h_BR0,TK6,WT,4h,BR0
GAAATCAGCACAGAT,GFP_BAR_DSBR_2,29.0,56.0,26,ATGGATTCCTCTAGTACTGTTCCTCT,ATTCCTGCAGCGCAATAGCATGGACG,2,TK6_WT_4h_BR0,TK6,WT,4h,BR0
ACTCGACACAAGATG,GFP_BAR_DSBR_2,38.0,65.0,26,TCTAGTACTGTTCCTCTATTCCTGCA,GCGCAATAGCATGGACGAGCTGTACA,0,TK6_WT_4h_BR0,TK6,WT,4h,BR0
CAGTTGCAAACACTT,GFP_BAR_DSBR_2,38.0,65.0,26,TCTAGTACTGTTCCTCTATTCCTGCA,GCGCAATAGCATGGACGAGCTGTACA,0,TK6_WT_4h_BR0,TK6,WT,4h,BR0
TAGGAGAGACTATTA,GFP_BAR_DSBR_2,39.0,66.0,26,CTAGTACTGTTCCTCTATTCCTGCAG,CGCAATAGCATGGACGAGCTGTACAA,1,TK6_WT_4h_BR0,TK6,WT,4h,BR0
CACCTCTACCCCTTG,GFP_BAR_DSBR_2,17.0,45.0,27,TCCACCGATCGCATGGATTCCTCTAGT,ACTGTTCCTCTATTCCTGCAGCGCAAT,0,TK6_WT_4h_BR0,TK6,WT,4h,BR0
ATGGAATAAAATATA,GFP_BAR_DSBR_2,17.0,45.0,27,TCCACCGATCGCATGGATTCCTCTAGT,ACTGTTCCTCTATTCCTGCAGCGCAAT,0,TK6_WT_4h_BR0,TK6,WT,4h,BR0
TCTGACAAAATTATT,GFP_BAR_DSBR_2,16.0,45.0,28,GTCCACCGATCGCATGGATTCCTCTAGT,ACTGTTCCTCTATTCCTGCAGCGCAATA,0,TK6_WT_4h_BR0,TK6,WT,4h,BR0
ATATTCATGTACGGA,GFP_BAR_DSBR_2,16.0,45.0,28,GTCCACCGATCGCATGGATTCCTCTAGT,ACTGTTCCTCTATTCCTGCAGCGCAATA,0,TK6_WT_4h_BR0,TK6,WT,4h,BR0
GATAGTTGACTTAGC,GFP_BAR_DSBR_2,16.0,45.0,28,GTCCACCGATCGCATGGATTCCTCTAGT,ACTGTTCCTCTATTCCTGCAGCGCAATA,0,TK6_WT_4h_BR0,TK6,WT,4h,BR0
TTCGAAGATGTCATT,GFP_BAR_DSBR_2,15.0,45.0,29,AGTCCACCGATCGCATGGATTCCTCTAGT,ACTGTTCCTCTATTCCTGCAGCGCAATAG,1,TK6_WT_4h_BR0,TK6,WT,4h,BR0
CATTGAGGCCTATCG,GFP_BAR_DSBR_2,15.0,45.0,29,AGTCCACCGATCGCATGGATTCCTCTAGT,ACTGTTCCTCTATTCCTGCAGCGCAATAG,1,TK6_WT_4h_BR0,TK6,WT,4h,BR0
TCAAAAAAACCCAGG,GFP_BAR_DSBR_2,15.0,45.0,29,AGTCCACCGATCGCATGGATTCCTCTAGT,ACTGTTCCTCTATTCCTGCAGCGCAATAG,1,TK6_WT_4h_BR0,TK6,WT,4h,BR0
CTTTGCTGATACTGT,GFP_BAR_DSBR_2,15.0,45.0,29,AGTCCACCGATCGCATGGATTCCTCTAGT,ACTGTTCCTCTATTCCTGCAGCGCAATAG,1,TK6_WT_4h_BR0,TK6,WT,4h,BR0
ACTCCAACTTCCAAA,GFP_BAR_DSBR_2,15.0,45.0,29,AGTCCACCGATCGCATGGATTCCTCTAGT,ACTGTTCCTCTATTCCTGCAGCGCAATAG,1,TK6_WT_4h_BR0,TK6,WT,4h,BR0
ATCAAAATCGGAGAT,GFP_BAR_DSBR_2,34.0,64.0,29,TTCCTCTAGTACTGTTCCTCTATTCCTGC,AGCGCAATAGCATGGACGAGCTGTACAAG,0,TK6_WT_4h_BR0,TK6,WT,4h,BR0
TACAAAAGCAGAAAA,GFP_BAR_DSBR_2,34.0,64.0,29,TTCCTCTAGTACTGTTCCTCTATTCCTGC,AGCGCAATAGCATGGACGAGCTGTACAAG,0,TK6_WT_4h_BR0,TK6,WT,4h,BR0
ATCACCGAAATAGAA,GFP_BAR_DSBR_2,34.0,64.0,29,TTCCTCTAGTACTGTTCCTCTATTCCTGC,AGCGCAATAGCATGGACGAGCTGTACAAG,0,TK6_WT_4h_BR0,TK6,WT,4h,BR0
CACAGCACCCGGGAA,GFP_BAR_DSBR_2,21.0,52.0,30,CCGATCGCATGGATTCCTCTAGTACTGTTC,CTCTATTCCTGCAGCGCAATAGCATGGACG,1,TK6_WT_4h_BR0,TK6,WT,4h,BR0
CGCCATCGCTCAATA,GFP_BAR_DSBR_2,21.0,52.0,30,CCGATCGCATGGATTCCTCTAGTACTGTTC,CTCTATTCCTGCAGCGCAATAGCATGGACG,1,TK6_WT_4h_BR0,TK6,WT,4h,BR0
GGACTTAGTTAAATG,GFP_BAR_DSBR_2,25.0,56.0,30,TCGCATGGATTCCTCTAGTACTGTTCCTCT,ATTCCTGCAGCGCAATAGCATGGACGAGCT,0,TK6_WT_4h_BR0,TK6,WT,4h,BR0
TGGTCATCATACACT,GFP_BAR_DSBR_2,16.0,48.0,31,GTCCACCGATCGCATGGATTCCTCTAGTACT,GTTCCTCTATTCCTGCAGCGCAATAGCATGG,2,TK6_WT_4h_BR0,TK6,WT,4h,BR0
GTCACATAGAAAAGA,GFP_BAR_DSBR_2,33.0,65.0,31,ATTCCTCTAGTACTGTTCCTCTATTCCTGCA,GCGCAATAGCATGGACGAGCTGTACAAGTGA,0,TK6_WT_4h_BR0,TK6,WT,4h,BR0
AATAGAAAATGCACA,GFP_BAR_DSBR_2,17.0,50.0,32,TCCACCGATCGCATGGATTCCTCTAGTACTGT,TCCTCTATTCCTGCAGCGCAATAGCATGGACG,3,TK6_WT_4h_BR0,TK6,WT,4h,BR0
TGTAACGAAAGATGG,GFP_BAR_DSBR_2,23.0,56.0,32,GATCGCATGGATTCCTCTAGTACTGTTCCTCT,ATTCCTGCAGCGCAATAGCATGGACGAGCTGT,0,TK6_WT_4h_BR0,TK6,WT,4h,BR0
CATTGACTATTATCG,GFP_BAR_DSBR_2,25.0,58.0,32,TCGCATGGATTCCTCTAGTACTGTTCCTCTAT,TCCTGCAGCGCAATAGCATGGACGAGCTGTAC,2,TK6_WT_4h_BR0,TK6,WT,4h,BR0
GATTTCTCATACCAG,GFP_BAR_DSBR_2,27.0,62.0,34,GCATGGATTCCTCTAGTACTGTTCCTCTATTCCT,GCAGCGCAATAGCATGGACGAGCTGTACAAGTGA,3,TK6_WT_4h_BR0,TK6,WT,4h,BR0
TGTAACAAGGTCTCC,GFP_BAR_DSBR_2,27.0,62.0,34,GCATGGATTCCTCTAGTACTGTTCCTCTATTCCT,GCAGCGCAATAGCATGGACGAGCTGTACAAGTGA,3,TK6_WT_4h_BR0,TK6,WT,4h,BR0
CCCACCCCCCACCAT,GFP_BAR_DSBR_2,32.0,67.0,34,GATTCCTCTAGTACTGTTCCTCTATTCCTGCAGC,GCAATAGCATGGACGAGCTGTACAAGTGA,1,TK6_WT_4h_BR0,TK6,WT,4h,BR0
TTCGGGATATAGACA,GFP_BAR_DSBR_2,32.0,67.0,34,GATTCCTCTAGTACTGTTCCTCTATTCCTGCAGC,GCAATAGCATGGACGAGCTGTACAAGTGA,1,TK6_WT_4h_BR0,TK6,WT,4h,BR0
CAAACGAGCGGAAGG,GFP_BAR_DSBR_2,16.0,53.0,36,GTCCACCGATCGCATGGATTCCTCTAGTACTGTTCC,TCTATTCCTGCAGCGCAATAGCATGGACGAGCTGTA,0,TK6_WT_4h_BR0,TK6,WT,4h,BR0
CACTAGTTAAACTGA,GFP_BAR_DSBR_2,26.0,63.0,36,CGCATGGATTCCTCTAGTACTGTTCCTCTATTCCTG,CAGCGCAATAGCATGGACGAGCTGTACAAGTGA,1,TK6_WT_4h_BR0,TK6,WT,4h,BR0
TCACATCCACATCTA,GFP_BAR_DSBR_2,26.0,63.0,36,CGCATGGATTCCTCTAGTACTGTTCCTCTATTCCTG,CAGCGCAATAGCATGGACGAGCTGTACAAGTGA,1,TK6_WT_4h_BR0,TK6,WT,4h,BR0
AATGAGAAGAAGATA,GFP_BAR_DSBR_2,26.0,66.0,39,CGCATGGATTCCTCTAGTACTGTTCCTCTATTCCTGCAG,CGCAATAGCATGGACGAGCTGTACAAGTGA,4,TK6_WT_4h_BR0,TK6,WT,4h,BR0
CATATTGCCTCAATA,GFP_BAR_DSBR_2,26.0,66.0,39,CGCATGGATTCCTCTAGTACTGTTCCTCTATTCCTGCAG,CGCAATAGCATGGACGAGCTGTACAAGTGA,4,TK6_WT_4h_BR0,TK6,WT,4h,BR0
TAATATTCCCAATCC,GFP_BAR_DSBR_2,26.0,66.0,39,CGCATGGATTCCTCTAGTACTGTTCCTCTATTCCTGCAG,CGCAATAGCATGGACGAGCTGTACAAGTGA,4,TK6_WT_4h_BR0,TK6,WT,4h,BR0
GATAATACGAAGGGG,GFP_BAR_DSBR_2,26.0,66.0,39,CGCATGGATTCCTCTAGTACTGTTCCTCTATTCCTGCAG,CGCAATAGCATGGACGAGCTGTACAAGTGA,4,TK6_WT_4h_BR0,TK6,WT,4h,BR0
GTTGGTATCATCAAA,GFP_BAR_DSBR_2,20.0,63.0,42,ACCGATCGCATGGATTCCTCTAGTACTGTTCCTCTATTCCTG,CAGCGCAATAGCATGGACGAGCTGTACAAGTGA,0,TK6_WT_4h_BR0,TK6,WT,4h,BR0
GTGGTAGCACGCTCC,GFP_BAR_DSBR_2,18.0,66.0,47,CCACCGATCGCATGGATTCCTCTAGTACTGTTCCTCTATTCCTGCAG,CGCAATAGCATGGACGAGCTGTACAAGTGA,1,TK6_WT_4h_BR0,TK6,WT,4h,BR0
CCATTCATCATCACA,GFP_BAR_DSBR_2,18.0,66.0,47,CCACCGATCGCATGGATTCCTCTAGTACTGTTCCTCTATTCCTGCAG,CGCAATAGCATGGACGAGCTGTACAAGTGA,1,TK6_WT_4h_BR0,TK6,WT,4h,BR0
