,label,pathway,N cells,mean_repair,ci95_low,ci95_high
0,143B,BER_8oxoG_C,1,0.9321437951763523,0.8604181348367395,0.9825235109717868
1,143B,BER_8oxoG_C,2,0.9336315152930026,0.8764650247159365,0.973569316931788
2,143B,BER_8oxoG_C,3,0.9319332941910712,0.8869155401294212,0.9645524699364226
3,143B,BER_8oxoG_C,4,0.9330974246372588,0.8965854977964579,0.9616995225278757
4,143B,BER_8oxoG_C,5,0.9319601266343235,0.8985684150188562,0.95784847181074
5,143B,BER_8oxoG_C,10,0.9320623717744841,0.9099705562296906,0.9508671412594191
6,143B,BER_8oxoG_C,20,0.9317151496731255,0.9152025409036884,0.9462971556022324
7,143B,BER_8oxoG_C,30,0.9316223920613906,0.9184581934582899,0.9441459081719544
8,143B,BER_8oxoG_C,100,0.9319506185159062,0.9245132635701527,0.9388248481171004
9,143B,BER_8oxoG_C,500,0.932043632624695,0.9290283102611266,0.9350782870688563
10,143B,BER_A_8oxoG,1,0.7422229473492334,0.5371782650142993,0.8752577319587629
11,143B,BER_A_8oxoG,2,0.7417426254875974,0.5798218523917724,0.8407858670611461
12,143B,BER_A_8oxoG,3,0.7405295946703988,0.6253494630552148,0.8262910220809723
13,143B,BER_A_8oxoG,4,0.7405792737458914,0.6429526480395378,0.8163056735296047
14,143B,BER_A_8oxoG,5,0.7412888567727937,0.6555675170785065,0.808004806854491
15,143B,BER_A_8oxoG,10,0.7414772351448092,0.680568675940885,0.7950772339431711
16,143B,BER_A_8oxoG,20,0.7429122867717873,0.7006421920171504,0.7790164806816889
17,143B,BER_A_8oxoG,30,0.7420045573959978,0.7073647558888095,0.7724068746246553
18,143B,BER_A_8oxoG,100,0.7420294741376637,0.7231356140887419,0.7597649088477318
19,143B,BER_A_8oxoG,500,0.7417815235199766,0.73354816353989,0.7494364380659603
20,143B,BER_Hx,1,0.8927791726889478,0.7821522369568561,0.9833492601726264
21,143B,BER_Hx,2,0.891994823324408,0.8088928982026329,0.9577176957739618
22,143B,BER_Hx,3,0.892198952606502,0.822755288855706,0.9524577831279589
23,143B,BER_Hx,4,0.8936096983058782,0.8324826642361607,0.9424481211350778
24,143B,BER_Hx,5,0.8914495095321098,0.8448243937809812,0.9349730852047523
25,143B,BER_Hx,10,0.892782159947566,0.8578713322204642,0.9256938842199501
26,143B,BER_Hx,20,0.8930312460547061,0.8696354351075983,0.9150006884894073
27,143B,BER_Hx,30,0.8927378444069519,0.8740452894391143,0.912880455734653
28,143B,BER_Hx,100,0.8930691511265525,0.8823979534079316,0.9036668646413261
29,143B,BER_Hx,500,0.8930627780353584,0.8886967772743047,0.8974589344367053
30,143B,BER_UG,1,0.9966913368212409,0.9814621793542142,1.0
31,143B,BER_UG,2,0.9970786498445697,0.9874535610498639,1.0
32,143B,BER_UG,3,0.9969859140045589,0.9846329296074252,1.0
33,143B,BER_UG,4,0.9968896176016468,0.9843771105925635,1.0
34,143B,BER_UG,5,0.9967199182214158,0.9855850964308707,0.9998448810754912
35,143B,BER_UG,10,0.9968803314789229,0.9898249954046716,0.9994273639447508
36,143B,BER_UG,20,0.9968479473602401,0.9926271607753201,0.9989141338285001
37,143B,BER_UG,30,0.996849436802148,0.9936422931855956,0.9986939415915631
38,143B,BER_UG,100,0.9968867368040447,0.9952586283133183,0.9981400936135727
39,143B,BER_UG,500,0.9969037824911854,0.9961996716080325,0.9975082006143884
40,143B,DR_O6MeG,1,0.25901650283778954,0.13442622950819672,0.44753662244333886
41,143B,DR_O6MeG,2,0.2574900050646405,0.1590770847496946,0.38642273487382184
42,143B,DR_O6MeG,3,0.25799407222585746,0.17565471550871672,0.3704802530919325
43,143B,DR_O6MeG,4,0.25818405437599296,0.18762689855900613,0.35113772267817533
44,143B,DR_O6MeG,5,0.2573102324654884,0.19323735441488477,0.34386627242821494
45,143B,DR_O6MeG,10,0.2583196614912726,0.20811958565952396,0.31770727066385146
46,143B,DR_O6MeG,20,0.2586357346918692,0.22334358245913088,0.29742968805292963
47,143B,DR_O6MeG,30,0.25874744638742836,0.23293330088952574,0.2924140263552823
48,143B,DR_O6MeG,100,0.25855188907429244,0.242678308991388,0.274480495064267
49,143B,DR_O6MeG,500,0.2582650210671983,0.251407755742707,0.2659594693648913
50,143B,MMR,1,0.24850051184482033,0.025681154051940568,0.6428626373626374
51,143B,MMR,2,0.2544409722050245,0.06045951024208234,0.4995708697421605
52,143B,MMR,3,0.2550816496771933,0.08898476932922468,0.45904450590069074
53,143B,MMR,4,0.25067300279635746,0.1049709534023703,0.42118950361224083
54,143B,MMR,5,0.2522980130677492,0.12303934013128465,0.39929886426731104
55,143B,MMR,10,0.2535766541624614,0.16529212255048206,0.36731706903986494
56,143B,MMR,20,0.25249408534317075,0.1844581683745539,0.33076148933891636
57,143B,MMR,30,0.25348986537498214,0.1955575903951039,0.3145294378596615
58,143B,MMR,100,0.25292016850578014,0.22182199469975314,0.2841806516215737
59,143B,MMR,500,0.25331079914945165,0.23871488832594817,0.26757351504676163
60,143B,NER,1,0.1321058209645562,0.0,0.6344085931777954
61,143B,NER,2,0.1329389055329375,0.015234187548048794,0.4801451273262495
62,143B,NER,3,0.1321379892611876,0.02498327624052763,0.4006011717021463
63,143B,NER,4,0.12629428378958255,0.027875700732693076,0.3476311013102531
64,143B,NER,5,0.13509618606604637,0.039496151451021436,0.3324473813176154
65,143B,NER,10,0.13637478432059288,0.06247485326603055,0.2850212939083575
66,143B,NER,20,0.13336649892106653,0.07349345311522484,0.23423531390726565
67,143B,NER,30,0.1329442897439003,0.08163614235818387,0.20818155109882353
68,143B,NER,100,0.1320413370579481,0.10196195319294929,0.16837932989001272
69,143B,NER,500,0.13259551722556354,0.11864956039935351,0.14737304747104646
70,143B,NHEJ,1,0.992877256475389,0.36082473397254944,1.833690166473388
71,143B,NHEJ,2,1.0058068165183067,0.5311770856380462,1.654931116104125
72,143B,NHEJ,3,0.9917182974219322,0.5977646544575691,1.4738123029470442
73,143B,NHEJ,4,1.0000888063311577,0.6564435303211212,1.4517891705036163
74,143B,NHEJ,5,1.0057293249964714,0.6869813039898872,1.4582552582025528
75,143B,NHEJ,10,0.9999303069114686,0.7671121940016746,1.2532191306352616
76,143B,NHEJ,20,0.9995408347249031,0.8300694093108177,1.2030517727136611
77,143B,NHEJ,30,0.998459145963192,0.858879154920578,1.1468198031187058
78,143B,NHEJ,100,0.9994318315386772,0.9212354332208633,1.0846275746822358
79,143B,NHEJ,500,0.998198475599289,0.9613799512386322,1.0360930413007736
80,ALLSIL,BER_8oxoG_C,1,0.8841319400725015,0.8,0.9635036496350365
81,ALLSIL,BER_8oxoG_C,2,0.8837672072209161,0.8307144305044399,0.9376463736994959
82,ALLSIL,BER_8oxoG_C,3,0.885157506717546,0.839656250674282,0.927243658700372
83,ALLSIL,BER_8oxoG_C,4,0.8842650961636267,0.8461100222376333,0.9212327044114847
84,ALLSIL,BER_8oxoG_C,5,0.8839780392381781,0.8496422230561982,0.9176715025691872
85,ALLSIL,BER_8oxoG_C,10,0.8839583348544572,0.8614211861789947,0.9085308505434364
86,ALLSIL,BER_8oxoG_C,20,0.8843237365746349,0.8657384856569971,0.90167634248458
87,ALLSIL,BER_8oxoG_C,30,0.8845265814806426,0.8709280228959031,0.8986982005926678
88,ALLSIL,BER_8oxoG_C,100,0.8844082753351257,0.8767432701734692,0.8910897245947341
89,ALLSIL,BER_8oxoG_C,500,0.8843808326509833,0.8809601072685692,0.8877080238314944
90,ALLSIL,BER_A_8oxoG,1,0.7358097393715116,0.30578512396694213,0.8782201405152225
91,ALLSIL,BER_A_8oxoG,2,0.7422809717179417,0.5098397574908823,0.8526894565819072
92,ALLSIL,BER_A_8oxoG,3,0.7365102870033629,0.5536568159279762,0.8332852734495744
93,ALLSIL,BER_A_8oxoG,4,0.7422537946542558,0.6135702654272155,0.8288127065838716
94,ALLSIL,BER_A_8oxoG,5,0.7394181156266809,0.6172271515718102,0.8228847253201126
95,ALLSIL,BER_A_8oxoG,10,0.7387476796836147,0.6573845546082054,0.8018364151512338
96,ALLSIL,BER_A_8oxoG,20,0.7385090842542724,0.6821990378383279,0.7868398205951258
97,ALLSIL,BER_A_8oxoG,30,0.7388058765277207,0.6908671000327694,0.7778415915464668
98,ALLSIL,BER_A_8oxoG,100,0.7377176928072234,0.7132055151305573,0.760926586894591
99,ALLSIL,BER_A_8oxoG,500,0.738578817531423,0.7280253150287673,0.7487849853203608
100,ALLSIL,BER_Hx,1,0.865757254513418,0.7354570637119113,0.9702479338842975
101,ALLSIL,BER_Hx,2,0.8662608595965855,0.7819928822100023,0.945648458861546
102,ALLSIL,BER_Hx,3,0.867039364741779,0.7988386854301094,0.9350252270444082
103,ALLSIL,BER_Hx,4,0.8662447921679953,0.8023925760792767,0.9221091711636118
104,ALLSIL,BER_Hx,5,0.8678078298919603,0.8154550659682955,0.9173176285070281
105,ALLSIL,BER_Hx,10,0.8660287675391529,0.8270059761923683,0.9031587001278933
106,ALLSIL,BER_Hx,20,0.8676727918913464,0.8417103324325126,0.8915438057674768
107,ALLSIL,BER_Hx,30,0.8662746333246171,0.8454954874202478,0.8856718726720486
108,ALLSIL,BER_Hx,100,0.8663147605533863,0.8543788880840152,0.8775611884158643
109,ALLSIL,BER_Hx,500,0.866654368647411,0.8614163218597577,0.8720109717036602
110,ALLSIL,BER_UG,1,0.9971522892140283,0.9856938483547926,1.0
111,ALLSIL,BER_UG,2,0.9972231182857539,0.990905509744644,1.0
112,ALLSIL,BER_UG,3,0.9972550511008412,0.9891999886356257,1.0
113,ALLSIL,BER_UG,4,0.9972593764574503,0.9881465517241379,0.9998857511131942
114,ALLSIL,BER_UG,5,0.9972780420297196,0.9895894602222541,0.9997956403269754
115,ALLSIL,BER_UG,10,0.9972482867496693,0.9929276816856335,0.9990928628544377
116,ALLSIL,BER_UG,20,0.9973123840473321,0.9946608914179893,0.9987865176430807
117,ALLSIL,BER_UG,30,0.997318374483247,0.9952471518481533,0.9985766948809368
118,ALLSIL,BER_UG,100,0.9972950985126571,0.9962750593655786,0.9980819237374249
119,ALLSIL,BER_UG,500,0.9973006405080821,0.9968743506863718,0.9976805976073443
120,ALLSIL,DR_O6MeG,1,0.2231271725182228,0.13793103448275862,0.40160642570281124
121,ALLSIL,DR_O6MeG,2,0.22359424368133698,0.15853666288530746,0.33246884835310836
122,ALLSIL,DR_O6MeG,3,0.22571786196873692,0.1718238096543931,0.30871814388938407
123,ALLSIL,DR_O6MeG,4,0.22232712539682337,0.17078540767746456,0.29874182689154827
124,ALLSIL,DR_O6MeG,5,0.22348489168455735,0.17787031089198937,0.28203054478975725
125,ALLSIL,DR_O6MeG,10,0.22338503441342233,0.1918331287792205,0.26380450525699883
126,ALLSIL,DR_O6MeG,20,0.22302149970840288,0.1970053624836279,0.2502384396071387
127,ALLSIL,DR_O6MeG,30,0.2229554671038146,0.20241332810556642,0.24511064389107018
128,ALLSIL,DR_O6MeG,100,0.223450948554923,0.2114425290592773,0.23644443424634495
129,ALLSIL,DR_O6MeG,500,0.2232358995195187,0.21791550418921146,0.22868641565729111
130,ALLSIL,MMR,1,0.31911407464218755,0.11514923671696112,0.549618320610687
131,ALLSIL,MMR,2,0.31639486103849473,0.16799939085756663,0.48008086917562726
132,ALLSIL,MMR,3,0.3220459496157644,0.19277558707160505,0.45520190823600226
133,ALLSIL,MMR,4,0.320008924256362,0.20864773498649564,0.435778229376928
134,ALLSIL,MMR,5,0.31897520331588286,0.22107531717600512,0.4273010248840524
135,ALLSIL,MMR,10,0.3175903121693251,0.24742678446046068,0.39020297478946625
136,ALLSIL,MMR,20,0.319294056043841,0.27068799575594854,0.3690051000528709
137,ALLSIL,MMR,30,0.31895009308485256,0.27582793148837254,0.36004002852175054
138,ALLSIL,MMR,100,0.31845502210244175,0.2969858070624301,0.3409025651977312
139,ALLSIL,MMR,500,0.3193816786457234,0.30953579299512524,0.3294227733374601
140,ALLSIL,NER,1,0.11135740659944714,0.030998140573501587,0.29629629850387573
141,ALLSIL,NER,2,0.11336101500876247,0.044273349549621345,0.2558679975569248
142,ALLSIL,NER,3,0.11278043786995112,0.05279720071703196,0.21347190812230105
143,ALLSIL,NER,4,0.11337694068439305,0.0579211438074708,0.2075561176985502
144,ALLSIL,NER,5,0.11175507943332195,0.06187933124601841,0.1850048776715993
145,ALLSIL,NER,10,0.11233224890753626,0.07515173181891441,0.16056921668350696
146,ALLSIL,NER,20,0.11204946795850992,0.08285761196166277,0.14450779110193251
147,ALLSIL,NER,30,0.11210734919458627,0.08824661988765001,0.13848785497248173
148,ALLSIL,NER,100,0.11182600960880518,0.09800339099019766,0.1257568359375
149,ALLSIL,NER,500,0.11180246557295323,0.10580220967531204,0.11807854324579238
150,ALLSIL,NHEJ,1,0.841618062376976,0.3218390941619873,1.6764706373214722
151,ALLSIL,NHEJ,2,0.8645056546628476,0.4599810287356377,1.3812168955802915
152,ALLSIL,NHEJ,3,0.8707406554818153,0.5233030274510384,1.3469658136367797
153,ALLSIL,NHEJ,4,0.8594615405499935,0.5511796116828919,1.2375043958425522
154,ALLSIL,NHEJ,5,0.8634756156504154,0.5893293678760528,1.1967079311609268
155,ALLSIL,NHEJ,10,0.865296881556511,0.6581874817609787,1.0870193392038345
156,ALLSIL,NHEJ,20,0.8660500499010086,0.7130429714918136,1.0189719378948212
157,ALLSIL,NHEJ,30,0.8625445053577423,0.7497529417276383,0.9899467885494232
158,ALLSIL,NHEJ,100,0.8631187754273415,0.795357970893383,0.9323260948061943
159,ALLSIL,NHEJ,500,0.864928828060627,0.8337272673845291,0.8955084636807442
160,C8166,BER_8oxoG_C,1,0.8875184348431799,0.764102564102564,0.9737038073908175
161,C8166,BER_8oxoG_C,2,0.8841280679393186,0.7999969500750751,0.9511547858381906
162,C8166,BER_8oxoG_C,3,0.8873354787362865,0.8203543199593356,0.938441311152368
163,C8166,BER_8oxoG_C,4,0.8873655481315512,0.8278457726035956,0.9346787089733415
164,C8166,BER_8oxoG_C,5,0.8870207272204218,0.8356448170352458,0.926048021374172
165,C8166,BER_8oxoG_C,10,0.88689726678995,0.8532327527298396,0.9185652280377261
166,C8166,BER_8oxoG_C,20,0.887466208293285,0.8625259443535966,0.9085105202603485
167,C8166,BER_8oxoG_C,30,0.8866617801943961,0.8672245662245701,0.9065274711057587
168,C8166,BER_8oxoG_C,100,0.8872375126901098,0.8756446985299859,0.897664569021081
169,C8166,BER_8oxoG_C,500,0.886843234172148,0.8820731690473579,0.8916551126745506
170,C8166,BER_A_8oxoG,1,0.48772089638428145,0.15384615384615385,0.758746081504702
171,C8166,BER_A_8oxoG,2,0.4901924215089329,0.2661263364238446,0.6893210100785908
172,C8166,BER_A_8oxoG,3,0.4855577775003913,0.29417842955919493,0.6541873245983661
173,C8166,BER_A_8oxoG,4,0.4895756803659881,0.3229136501979796,0.6352531374141018
174,C8166,BER_A_8oxoG,5,0.4895996798103772,0.3404946702275989,0.6229372019940853
175,C8166,BER_A_8oxoG,10,0.48624849271059956,0.3838580175452723,0.5830679268853789
176,C8166,BER_A_8oxoG,20,0.4894788128665239,0.4154919580218293,0.5578530451212862
177,C8166,BER_A_8oxoG,30,0.4884528463645503,0.429160882850938,0.5455862136427289
178,C8166,BER_A_8oxoG,100,0.48825685379867323,0.45884128570646254,0.5203479923441797
179,C8166,BER_A_8oxoG,500,0.4880193164928594,0.47363404194023084,0.5015313496503669
180,C8166,BER_Hx,1,0.8419805178831832,0.55,0.9814126394052045
181,C8166,BER_Hx,2,0.8430501446929913,0.6789210671934117,0.9429174024289851
182,C8166,BER_Hx,3,0.8473484530411429,0.7243324400490605,0.9283305488750268
183,C8166,BER_Hx,4,0.8457223087082382,0.7358459084513551,0.9212193327620234
184,C8166,BER_Hx,5,0.8466848912126165,0.7465647912513046,0.9127230948531452
185,C8166,BER_Hx,10,0.8460571853267905,0.7813457365947363,0.8975938203679086
186,C8166,BER_Hx,20,0.8476689202533625,0.8042371196091062,0.8853273042533739
187,C8166,BER_Hx,30,0.846577097145595,0.8111014457532743,0.8773136512018276
188,C8166,BER_Hx,100,0.846653586431073,0.8273786289330826,0.86442658838106
189,C8166,BER_Hx,500,0.84654382779243,0.8382244478475869,0.8551827592372652
190,C8166,BER_UG,1,0.9937033054298466,0.9576917057902973,1.0
191,C8166,BER_UG,2,0.9937228367808779,0.9689470815706833,1.0
192,C8166,BER_UG,3,0.9933803092727306,0.9715353634706551,1.0
193,C8166,BER_UG,4,0.9932625362316978,0.9731502160436337,1.0
194,C8166,BER_UG,5,0.9931796884998086,0.9758184638162524,0.9998302953154595
195,C8166,BER_UG,10,0.9934063780616911,0.9826369497642689,0.9989278794989451
196,C8166,BER_UG,20,0.9934156122425081,0.98610216356687,0.9979734674787216
197,C8166,BER_UG,30,0.9936031244388303,0.9885409310867188,0.9973709103162753
198,C8166,BER_UG,100,0.9935356747509537,0.9905607691911248,0.9960215097935053
199,C8166,BER_UG,500,0.9934157596628601,0.9920798418627385,0.9945318490513635
200,C8166,DR_O6MeG,1,0.8315819578544095,0.425531914893617,0.9813084112149533
201,C8166,DR_O6MeG,2,0.819458297796471,0.5598048994347461,0.9551784416144561
202,C8166,DR_O6MeG,3,0.8258142466929174,0.6411756134046203,0.9353355287171498
203,C8166,DR_O6MeG,4,0.825759891209965,0.6564739830862049,0.924047072389846
204,C8166,DR_O6MeG,5,0.8254957388166568,0.6836015115986449,0.9174443939185488
205,C8166,DR_O6MeG,10,0.8252425183138968,0.7327722290909999,0.896004059752281
206,C8166,DR_O6MeG,20,0.8256747827575903,0.7643223668858302,0.8797700354223761
207,C8166,DR_O6MeG,30,0.8239383525870431,0.7697784915228458,0.8696785774728623
208,C8166,DR_O6MeG,100,0.824994932474556,0.7965381214452496,0.852691712109464
209,C8166,DR_O6MeG,500,0.8249569693384045,0.8122266449535525,0.8367004244663266
210,C8166,MMR,1,0.13989290246724012,0.0,0.41782608695652135
211,C8166,MMR,2,0.14118001270984137,0.01399024340592062,0.32938119493392065
212,C8166,MMR,3,0.1382174606444077,0.03247945564187546,0.29158012337109873
213,C8166,MMR,4,0.13863633338634304,0.040857341412134165,0.2664312041037673
214,C8166,MMR,5,0.1405123691245936,0.05044471835565176,0.26177196345656534
215,C8166,MMR,10,0.14049918789744792,0.07108153443345183,0.2225075936058044
216,C8166,MMR,20,0.14235454356235813,0.09305668566766413,0.19805221836731837
217,C8166,MMR,30,0.14226250115368325,0.10172472566451246,0.18642551706217636
218,C8166,MMR,100,0.14156384233178704,0.11881148039534371,0.1677397110354907
219,C8166,MMR,500,0.1411852971378616,0.1306366173668464,0.15242084216602544
220,C8166,NER,1,0.10077201060461811,0.0,0.4038461446762085
221,C8166,NER,2,0.09838185699353925,0.008771929889917374,0.2799943134188652
222,C8166,NER,3,0.09969574018660933,0.016363087855279446,0.2510865166783332
223,C8166,NER,4,0.10177412606589496,0.023636263655498625,0.2509909994900226
224,C8166,NER,5,0.10133431455725804,0.029893885320052504,0.22810553684830664
225,C8166,NER,10,0.09962539251148701,0.04652515091001987,0.17503229938447476
226,C8166,NER,20,0.10175747747346758,0.06036249026656151,0.1545674793422222
227,C8166,NER,30,0.10316567551344633,0.06715380940586328,0.1466701626777649
228,C8166,NER,100,0.10250670506060124,0.08155519422143698,0.12677306756377218
229,C8166,NER,500,0.10239269864559174,0.092334596067667,0.11259085796773433
230,C8166,NHEJ,1,0.9465796571224928,0.18478260934352875,2.244526463747024
231,C8166,NHEJ,2,0.9537544577866792,0.3998041778802872,1.7892897516489026
232,C8166,NHEJ,3,0.9644806069433689,0.4786767199635506,1.6991098433732976
233,C8166,NHEJ,4,0.9598615692555904,0.5344596385955811,1.589948698878288
234,C8166,NHEJ,5,0.9611530377268791,0.5972185984253884,1.5112457036972045
235,C8166,NHEJ,10,0.9605493591427803,0.6749961540102959,1.3593883246183396
236,C8166,NHEJ,20,0.9556747803092003,0.7488007739186286,1.1865981668233871
237,C8166,NHEJ,30,0.9594521323442459,0.7852642387151718,1.153226062655449
238,C8166,NHEJ,100,0.9628569546937943,0.8633386686444282,1.066431987285614
239,C8166,NHEJ,500,0.9621795109510421,0.9160525366663933,1.011150202155113
240,CHLA06ATRT,BER_8oxoG_C,1,0.9199698395303454,0.7941176470588235,0.9836065573770492
241,CHLA06ATRT,BER_8oxoG_C,2,0.9191342978090421,0.8534587520573725,0.9660854237482337
242,CHLA06ATRT,BER_8oxoG_C,3,0.9204930139999532,0.8673355228508329,0.9593947637723784
243,CHLA06ATRT,BER_8oxoG_C,4,0.9195134124393775,0.8754281222554714,0.9537827849060172
244,CHLA06ATRT,BER_8oxoG_C,5,0.9187858943200489,0.87886512308442,0.9495704236922295
245,CHLA06ATRT,BER_8oxoG_C,10,0.9192030006943245,0.8916914161757868,0.9439502555121067
246,CHLA06ATRT,BER_8oxoG_C,20,0.9195172830409792,0.9009631807596217,0.936560415882725
247,CHLA06ATRT,BER_8oxoG_C,30,0.919000520908536,0.9023819182849588,0.9326215192800502
248,CHLA06ATRT,BER_8oxoG_C,100,0.918849188272724,0.9100812695628094,0.9264960899849243
249,CHLA06ATRT,BER_8oxoG_C,500,0.9189220742388183,0.9150146524605339,0.922825009568356
250,CHLA06ATRT,BER_A_8oxoG,1,0.5545223558352379,0.2962962962962963,0.7720588235294118
251,CHLA06ATRT,BER_A_8oxoG,2,0.5562684646599015,0.3923703307773556,0.707135250628969
252,CHLA06ATRT,BER_A_8oxoG,3,0.5611487501436944,0.4256361337405414,0.683573770295633
253,CHLA06ATRT,BER_A_8oxoG,4,0.5551775473458587,0.4329552583133348,0.6652846091852654
254,CHLA06ATRT,BER_A_8oxoG,5,0.556254111430774,0.45372475295183623,0.6565628850442463
255,CHLA06ATRT,BER_A_8oxoG,10,0.5547055734592465,0.4821104247418621,0.6236518826368241
256,CHLA06ATRT,BER_A_8oxoG,20,0.5555562346922831,0.49897350141326385,0.6086900231924897
257,CHLA06ATRT,BER_A_8oxoG,30,0.5566034157247939,0.5114354207612692,0.5991498386472085
258,CHLA06ATRT,BER_A_8oxoG,100,0.5565384513502203,0.5321236735962089,0.580677819556764
259,CHLA06ATRT,BER_A_8oxoG,500,0.5558337959817822,0.5457049946589531,0.5661878800853922
260,CHLA06ATRT,BER_Hx,1,0.9362931933628025,0.8465284435922019,0.9924528301886792
261,CHLA06ATRT,BER_Hx,2,0.9363694230115266,0.8448184341534262,0.98505248031988
262,CHLA06ATRT,BER_Hx,3,0.9358713336172026,0.8634047420283244,0.9761407398347451
263,CHLA06ATRT,BER_Hx,4,0.9337419675797054,0.8640279963585817,0.9730305590871544
264,CHLA06ATRT,BER_Hx,5,0.9352177083614531,0.8778163394825881,0.9702523242536711
265,CHLA06ATRT,BER_Hx,10,0.9358086465396954,0.897281674785756,0.9608048793615693
266,CHLA06ATRT,BER_Hx,20,0.9351858467999643,0.9101666375748166,0.9541099894538981
267,CHLA06ATRT,BER_Hx,30,0.9346891056698601,0.915606834907606,0.9518527310968348
268,CHLA06ATRT,BER_Hx,100,0.9348630975406776,0.9240651542285024,0.9441519560804517
269,CHLA06ATRT,BER_Hx,500,0.934996213996735,0.9302338683333878,0.9392207814263833
270,CHLA06ATRT,BER_UG,1,0.9843285908173127,0.910411622276029,1.0
271,CHLA06ATRT,BER_UG,2,0.9849153666819723,0.9402231012507827,1.0
272,CHLA06ATRT,BER_UG,3,0.9850333521550669,0.94827343996057,1.0
273,CHLA06ATRT,BER_UG,4,0.984532443892182,0.9535678079274168,0.9994226327944573
274,CHLA06ATRT,BER_UG,5,0.9850725127941132,0.9599139498576605,0.9989592822659829
275,CHLA06ATRT,BER_UG,10,0.9853312277004449,0.9683049772733262,0.9971626334194184
276,CHLA06ATRT,BER_UG,20,0.9851922497209503,0.972560874318426,0.9934769624727913
277,CHLA06ATRT,BER_UG,30,0.9853547636447813,0.9762506406166364,0.9925341568131213
278,CHLA06ATRT,BER_UG,100,0.9851132207845403,0.9798541268388111,0.9897425498248426
279,CHLA06ATRT,BER_UG,500,0.9851930368269857,0.9831116462902483,0.9871246125671417
280,CHLA06ATRT,DR_O6MeG,1,0.9418515017599662,0.7816901408450704,0.9902912621359223
281,CHLA06ATRT,DR_O6MeG,2,0.9425239992865961,0.8360011930801353,0.9816002264089917
282,CHLA06ATRT,DR_O6MeG,3,0.9449747032614056,0.858029345364645,0.9787811689315603
283,CHLA06ATRT,DR_O6MeG,4,0.9439933924881185,0.8757834481630381,0.9744668911832316
284,CHLA06ATRT,DR_O6MeG,5,0.9405085168951658,0.8162978028707788,0.9716915420165328
285,CHLA06ATRT,DR_O6MeG,10,0.9419897343118898,0.8746547159828485,0.9674581223947375
286,CHLA06ATRT,DR_O6MeG,20,0.9427499939362461,0.9062835242847574,0.9612637140015293
287,CHLA06ATRT,DR_O6MeG,30,0.9419798792258353,0.9113513308579505,0.9598467330371887
288,CHLA06ATRT,DR_O6MeG,100,0.9419290732663921,0.9259112260665099,0.953498500787289
289,CHLA06ATRT,DR_O6MeG,500,0.941928801643109,0.9357102092625194,0.9474885925733222
290,CHLA06ATRT,MMR,1,0.12827659123380689,0.0,0.4107142857142857
291,CHLA06ATRT,MMR,2,0.12240837774337801,0.021976094276094277,0.29876874297813494
292,CHLA06ATRT,MMR,3,0.1267240259201148,0.031845714705130986,0.2740012152738893
293,CHLA06ATRT,MMR,4,0.12423191363884897,0.03876921088565814,0.24531887734414637
294,CHLA06ATRT,MMR,5,0.12528135809149007,0.04514965486948353,0.22914570594833242
295,CHLA06ATRT,MMR,10,0.12341355126789665,0.06352272439209644,0.19656727114653133
296,CHLA06ATRT,MMR,20,0.1252845337591177,0.07929648693148665,0.17863176280524823
297,CHLA06ATRT,MMR,30,0.12549083995584545,0.08724512853887254,0.16438444475512867
298,CHLA06ATRT,MMR,100,0.125364983536039,0.10551155041565786,0.1463376895482833
299,CHLA06ATRT,MMR,500,0.12548599298588786,0.1167920300849789,0.1351682460560071
300,CHLA06ATRT,NER,1,0.08418962099356576,0.0,0.5
301,CHLA06ATRT,NER,2,0.08223104531108402,0.013376257405616343,0.32857313454151155
302,CHLA06ATRT,NER,3,0.08637221679929644,0.015565469348803162,0.30237674117088315
303,CHLA06ATRT,NER,4,0.08758436834532768,0.020557885011658072,0.2546080984175204
304,CHLA06ATRT,NER,5,0.08650080340728164,0.0239349567797035,0.2372812420129776
305,CHLA06ATRT,NER,10,0.08613146740943194,0.03188403882086277,0.18549483530223365
306,CHLA06ATRT,NER,20,0.08582889562286436,0.04432972790673375,0.15164920426905154
307,CHLA06ATRT,NER,30,0.08679418182745575,0.048064461909234524,0.1341714784502983
308,CHLA06ATRT,NER,100,0.08729114847630262,0.06379824616014958,0.11428265329450368
309,CHLA06ATRT,NER,500,0.08744174636155366,0.07707952186465264,0.09854806307703255
310,CHLA06ATRT,NHEJ,1,1.5063996013104917,0.6000000238418579,3.1758241653442383
311,CHLA06ATRT,NHEJ,2,1.5328385925889014,0.797369658946991,2.757190555334091
312,CHLA06ATRT,NHEJ,3,1.52348669013381,0.8719083487987519,2.3763427793979646
313,CHLA06ATRT,NHEJ,4,1.5306247432231903,0.9958948016166687,2.1975556790828703
314,CHLA06ATRT,NHEJ,5,1.499033559501171,1.0196237832307815,2.0867131531238554
315,CHLA06ATRT,NHEJ,10,1.5178649091720582,1.1692076593637466,1.9518071502447127
316,CHLA06ATRT,NHEJ,20,1.5061907091140747,1.2261538177728653,1.7869724959135056
317,CHLA06ATRT,NHEJ,30,1.5072117565870284,1.2929102897644043,1.7296742409467696
318,CHLA06ATRT,NHEJ,100,1.5085716531276703,1.3846211224794387,1.6395927399396895
319,CHLA06ATRT,NHEJ,500,1.511368489742279,1.4565386652946473,1.5694384813308715
320,DND41,BER_8oxoG_C,1,0.8839916871522558,0.8018018018018018,0.9523809523809523
321,DND41,BER_8oxoG_C,2,0.8833387030739744,0.8319353836595216,0.9278033794162825
322,DND41,BER_8oxoG_C,3,0.8843510130125025,0.8410895811184118,0.9187677326464992
323,DND41,BER_8oxoG_C,4,0.8841549014947103,0.8446916882735885,0.9135298947684043
324,DND41,BER_8oxoG_C,5,0.8842446548328408,0.8491895028522661,0.9126771441476075
325,DND41,BER_8oxoG_C,10,0.8841255947048117,0.8608127223198481,0.9048724171596789
326,DND41,BER_8oxoG_C,20,0.8832439493403471,0.86551187287381,0.898288398852429
327,DND41,BER_8oxoG_C,30,0.8836448768522219,0.8710434218807923,0.8957778383025358
328,DND41,BER_8oxoG_C,100,0.8838247138567261,0.8763055792048144,0.8908426927379854
329,DND41,BER_8oxoG_C,500,0.8836943511434789,0.8805383236372522,0.8869474259206906
330,DND41,BER_A_8oxoG,1,0.6910103491650434,0.31213872832369943,0.923728813559322
331,DND41,BER_A_8oxoG,2,0.6917357521452603,0.45905521625327184,0.8686890354272826
332,DND41,BER_A_8oxoG,3,0.6927594328353343,0.5062643557466731,0.8429307946770823
333,DND41,BER_A_8oxoG,4,0.6947918237512355,0.5253621719777798,0.8285816329268155
334,DND41,BER_A_8oxoG,5,0.6917119004087675,0.5540232703862674,0.8083229665859791
335,DND41,BER_A_8oxoG,10,0.6924902397988681,0.5870275727216586,0.7869925423815428
336,DND41,BER_A_8oxoG,20,0.69030689982791,0.623757593502095,0.7548287350141232
337,DND41,BER_A_8oxoG,30,0.6921597026796446,0.6356400579282067,0.7468369265045846
338,DND41,BER_A_8oxoG,100,0.6918422565972843,0.6612550119678566,0.7224048266894214
339,DND41,BER_A_8oxoG,500,0.6918707815230094,0.6786072166745966,0.7051466923281785
340,DND41,BER_Hx,1,0.8596865269548385,0.6153846153846154,0.9504132231404959
341,DND41,BER_Hx,2,0.862184267521253,0.7236586942469296,0.9361419068736142
342,DND41,BER_Hx,3,0.8618892793741229,0.7558353252702585,0.927219909889701
343,DND41,BER_Hx,4,0.8627693934881565,0.7759378076293393,0.9220532382533333
344,DND41,BER_Hx,5,0.8610795511513595,0.7793252828162525,0.9177428309952935
345,DND41,BER_Hx,10,0.8611213551429103,0.8040566881050893,0.905071933660067
346,DND41,BER_Hx,20,0.86062516368772,0.8243173577394762,0.8916546026141878
347,DND41,BER_Hx,30,0.8612547257389052,0.8308031387634325,0.8866937784907267
348,DND41,BER_Hx,100,0.8608030700043968,0.8447980853761827,0.8763077963721543
349,DND41,BER_Hx,500,0.8608228990535284,0.8539939226043625,0.8674850321194998
350,DND41,BER_UG,1,0.9959449551408839,0.9771428571428571,1.0
351,DND41,BER_UG,2,0.9958644238027765,0.9833911628636399,1.0
352,DND41,BER_UG,3,0.9960269025687853,0.9860836541180052,1.0
353,DND41,BER_UG,4,0.9958761357281021,0.9881364921924526,1.0
354,DND41,BER_UG,5,0.9959437092268894,0.9888215194474735,1.0
355,DND41,BER_UG,10,0.9959082920009432,0.9910823356009556,0.99939042132216
356,DND41,BER_UG,20,0.9959600173979074,0.9929938434460883,0.9985966187487921
357,DND41,BER_UG,30,0.9959729696979328,0.9935091158391354,0.998183932855271
358,DND41,BER_UG,100,0.9959244173884934,0.9946150074765427,0.9971752257359533
359,DND41,BER_UG,500,0.9959619555940509,0.9953562548791315,0.9965443694218571
360,DND41,DR_O6MeG,1,0.9619365183192229,0.8974358974358975,0.9931506849315068
361,DND41,DR_O6MeG,2,0.9623792512391853,0.9287179487179487,0.9828138745758452
362,DND41,DR_O6MeG,3,0.9626563846660104,0.936388001361317,0.9793691674021809
363,DND41,DR_O6MeG,4,0.962727762885384,0.9400036990609704,0.9776140684393659
364,DND41,DR_O6MeG,5,0.9631444699327173,0.944153942968966,0.976647688894885
365,DND41,DR_O6MeG,10,0.9626525011347044,0.9497070258709293,0.9728846984102125
366,DND41,DR_O6MeG,20,0.9625829178890972,0.9537461266636563,0.9701557091634095
367,DND41,DR_O6MeG,30,0.962640084202496,0.9556092468965631,0.9689856434975836
368,DND41,DR_O6MeG,100,0.9626149391635725,0.9590516700310758,0.9659799425128972
369,DND41,DR_O6MeG,500,0.9627256240222,0.9610302996201826,0.9643234612792487
370,DND41,MMR,1,0.016879879674910035,0.0,0.06896551724137931
371,DND41,MMR,2,0.01686980857867452,0.0,0.04764065335753176
372,DND41,MMR,3,0.016584985591635598,0.0,0.039933976859264204
373,DND41,MMR,4,0.01691387724811384,0.0016273393002441008,0.036156645582479635
374,DND41,MMR,5,0.016038171545167762,0.0028819828041692684,0.033327041093320915
375,DND41,MMR,10,0.0162405116176439,0.006307952157408927,0.02794487392372468
376,DND41,MMR,20,0.016597122681754922,0.008848179258896928,0.02534857721852854
377,DND41,MMR,30,0.01648118103146807,0.010147708950319198,0.023004797090054655
378,DND41,MMR,100,0.016477320122689532,0.013154407575076126,0.019995645234709706
379,DND41,MMR,500,0.01638936135094706,0.014895265251620498,0.017906385152154345
380,DND41,NER,1,0.09242435300536454,0.0,0.29411765933036804
381,DND41,NER,2,0.09223806322179735,0.011540019907988608,0.22412471845746026
382,DND41,NER,3,0.09438048088783399,0.017640592949464916,0.19629197381436825
383,DND41,NER,4,0.09371207045577466,0.023188587464392188,0.18343529254198074
384,DND41,NER,5,0.0943720654817298,0.02964795771986246,0.17055897414684293
385,DND41,NER,10,0.093507170047611,0.04861907921731472,0.14802571423351762
386,DND41,NER,20,0.09298970013856887,0.05916367555037141,0.13003251440823077
387,DND41,NER,30,0.0934210263825953,0.06507490873336792,0.12426344007253647
388,DND41,NER,100,0.09379177507013083,0.07703600991517305,0.11104040239006281
389,DND41,NER,500,0.09358281573653221,0.08641841989010572,0.10064076855778693
390,DND41,NHEJ,1,1.1291809057891369,0.3174603283405304,2.407407522201538
391,DND41,NHEJ,2,1.1319107494950293,0.5790200233459473,1.8919754028320312
392,DND41,NHEJ,3,1.132946133583784,0.6509169086813926,1.7499221086502073
393,DND41,NHEJ,4,1.1325964332818985,0.7284330695867538,1.6589010566473006
394,DND41,NHEJ,5,1.137379957973957,0.7473349198698997,1.608203840255737
395,DND41,NHEJ,10,1.1413146293759346,0.8787639915943146,1.4647584915161131
396,DND41,NHEJ,20,1.1299839513897896,0.9290095806121826,1.342350471019745
397,DND41,NHEJ,30,1.1309548408389092,0.9685152173042297,1.3079561501741408
398,DND41,NHEJ,100,1.1363050587773322,1.0460045039653778,1.2330157488584519
399,DND41,NHEJ,500,1.1339727165699005,1.0917270958423615,1.1752557933330536
400,HAP1 MUTYH-/-,BER_8oxoG_C,1,0.8782676275437691,0.7123287671232876,0.9777777777777777
401,HAP1 MUTYH-/-,BER_8oxoG_C,2,0.8796118176588865,0.7927841018715029,0.9464285714285714
402,HAP1 MUTYH-/-,BER_8oxoG_C,3,0.8786117491232251,0.8081524776455823,0.932845291924483
403,HAP1 MUTYH-/-,BER_8oxoG_C,4,0.8774830603798983,0.8217638248586475,0.9215096377521013
404,HAP1 MUTYH-/-,BER_8oxoG_C,5,0.877759856371466,0.8262767965038749,0.9194405711383343
405,HAP1 MUTYH-/-,BER_8oxoG_C,10,0.8785194470033099,0.842398435210142,0.9090307264230835
406,HAP1 MUTYH-/-,BER_8oxoG_C,20,0.8781762876736225,0.850808712281454,0.9007713287654086
407,HAP1 MUTYH-/-,BER_8oxoG_C,30,0.8787321574638508,0.8589391037288757,0.897047597262064
408,HAP1 MUTYH-/-,BER_8oxoG_C,100,0.8782671684649628,0.8675800938084809,0.8883915713941644
409,HAP1 MUTYH-/-,BER_8oxoG_C,500,0.8783672545062702,0.8735717473027547,0.8831764909289112
410,HAP1 MUTYH-/-,BER_A_8oxoG,1,0.08057164731479684,0.02654867256637168,0.1475490196078427
411,HAP1 MUTYH-/-,BER_A_8oxoG,2,0.07918397735864144,0.03545325943725293,0.12836910491970194
412,HAP1 MUTYH-/-,BER_A_8oxoG,3,0.07864227408446658,0.04317264117994766,0.11858210298008093
413,HAP1 MUTYH-/-,BER_A_8oxoG,4,0.07979305363519333,0.04772863050277934,0.11650721812666619
414,HAP1 MUTYH-/-,BER_A_8oxoG,5,0.07974826790298695,0.051827444384429086,0.11130104880180719
415,HAP1 MUTYH-/-,BER_A_8oxoG,10,0.07950522670157935,0.05801437903427553,0.10174528224077778
416,HAP1 MUTYH-/-,BER_A_8oxoG,20,0.07971066519159929,0.06477389696775745,0.09453316375591847
417,HAP1 MUTYH-/-,BER_A_8oxoG,30,0.0793720681312867,0.06717445074206724,0.09215791414801781
418,HAP1 MUTYH-/-,BER_A_8oxoG,100,0.0789753073248382,0.0722615697944937,0.08587585278690647
419,HAP1 MUTYH-/-,BER_A_8oxoG,500,0.0791666942313793,0.0760455324407009,0.0821491236047405
420,HAP1 MUTYH-/-,BER_Hx,1,0.9367074889809383,0.8407982078099544,0.9980314960629921
421,HAP1 MUTYH-/-,BER_Hx,2,0.9388891179897612,0.8627726068347035,0.9871794871794872
422,HAP1 MUTYH-/-,BER_Hx,3,0.9397922598138102,0.8798228079569166,0.9801268893356045
423,HAP1 MUTYH-/-,BER_Hx,4,0.9373559267519357,0.8799203129055366,0.9737318178673826
424,HAP1 MUTYH-/-,BER_Hx,5,0.9384165201860146,0.8912529794293135,0.9728936529912239
425,HAP1 MUTYH-/-,BER_Hx,10,0.9380336596682147,0.9069839883686486,0.9640682783011938
426,HAP1 MUTYH-/-,BER_Hx,20,0.9383526688283234,0.9167097321252781,0.9572155807650331
427,HAP1 MUTYH-/-,BER_Hx,30,0.937979323467463,0.9198844040266194,0.953250622688885
428,HAP1 MUTYH-/-,BER_Hx,100,0.9383954271327566,0.9283208508805069,0.9471562513147843
429,HAP1 MUTYH-/-,BER_Hx,500,0.9381991606907863,0.9340792449833394,0.9420048804394313
430,HAP1 MUTYH-/-,BER_UG,1,0.9932295888513418,0.9555555555555556,1.0
431,HAP1 MUTYH-/-,BER_UG,2,0.9931630953244593,0.962962962962963,1.0
432,HAP1 MUTYH-/-,BER_UG,3,0.9934927461925913,0.9724837832182466,1.0
433,HAP1 MUTYH-/-,BER_UG,4,0.9935477255078782,0.9754926507425202,1.0
434,HAP1 MUTYH-/-,BER_UG,5,0.9934027083060546,0.9786978197714368,1.0
435,HAP1 MUTYH-/-,BER_UG,10,0.9935499583389269,0.9828541350421567,0.9994324519832002
436,HAP1 MUTYH-/-,BER_UG,20,0.9932813201038087,0.9862903602160614,0.9982373470341872
437,HAP1 MUTYH-/-,BER_UG,30,0.9934036714611858,0.9873320329139225,0.9975242620246563
438,HAP1 MUTYH-/-,BER_UG,100,0.9933678775338397,0.9902167618179002,0.995998270030472
439,HAP1 MUTYH-/-,BER_UG,500,0.9933570362333272,0.9920871877240383,0.9945509615008885
440,HAP1 MUTYH-/-,DR_O6MeG,1,0.8777719305546822,0.6363636363636364,1.0
441,HAP1 MUTYH-/-,DR_O6MeG,2,0.8775944136746965,0.6581174521866893,0.9772727272727273
442,HAP1 MUTYH-/-,DR_O6MeG,3,0.8750396162821567,0.7111862988725763,0.9660445366214774
443,HAP1 MUTYH-/-,DR_O6MeG,4,0.8742017509271447,0.7405901014228727,0.9566729474569973
444,HAP1 MUTYH-/-,DR_O6MeG,5,0.8733027644670448,0.7622273586444374,0.9557801223745797
445,HAP1 MUTYH-/-,DR_O6MeG,10,0.8725078207264413,0.7896338738306792,0.932743167049979
446,HAP1 MUTYH-/-,DR_O6MeG,20,0.8729874819769964,0.8115937365896393,0.9176315480697168
447,HAP1 MUTYH-/-,DR_O6MeG,30,0.8728122364637758,0.8273985001909738,0.9118796800251853
448,HAP1 MUTYH-/-,DR_O6MeG,100,0.8735598468417387,0.848515815011149,0.895657369674321
449,HAP1 MUTYH-/-,DR_O6MeG,500,0.8735431287258313,0.8631194172632001,0.8835343483185569
450,HAP1 MUTYH-/-,MMR,1,0.17877913741213022,0.0216666666666667,0.4479166666666658
451,HAP1 MUTYH-/-,MMR,2,0.17738163166397947,0.04416837800835856,0.36742424242424243
452,HAP1 MUTYH-/-,MMR,3,0.1795734019441297,0.05804641579525191,0.31741187031376555
453,HAP1 MUTYH-/-,MMR,4,0.17906644317277484,0.07147692241208105,0.31356355999343505
454,HAP1 MUTYH-/-,MMR,5,0.17715433910083914,0.07692237079267154,0.2981512334788666
455,HAP1 MUTYH-/-,MMR,10,0.17776368966046155,0.0989869011723457,0.25659261829159186
456,HAP1 MUTYH-/-,MMR,20,0.17923271071237276,0.12477051376307398,0.23021659383810938
457,HAP1 MUTYH-/-,MMR,30,0.1790569560379387,0.13803477968584574,0.22311225916385158
458,HAP1 MUTYH-/-,MMR,100,0.17838682612668627,0.1542407119752988,0.20291312931031702
459,HAP1 MUTYH-/-,MMR,500,0.17860986433006495,0.1677245249284578,0.1889401638288763
460,HAP1 MUTYH-/-,NER,1,0.07134252233291045,0.0,0.23350392244756057
461,HAP1 MUTYH-/-,NER,2,0.07141084976028651,0.00909090880304575,0.18848266042768946
462,HAP1 MUTYH-/-,NER,3,0.0706821814123541,0.01433691754937172,0.1621299885213375
463,HAP1 MUTYH-/-,NER,4,0.07069967180024833,0.020941643742844462,0.13991198763251303
464,HAP1 MUTYH-/-,NER,5,0.07130550724524073,0.02467886251397431,0.1456656266003847
465,HAP1 MUTYH-/-,NER,10,0.07069678761810064,0.03419757904484868,0.12000053338706493
466,HAP1 MUTYH-/-,NER,20,0.07045572179555892,0.04308599270880222,0.1006912276148796
467,HAP1 MUTYH-/-,NER,30,0.07070293175429106,0.04755731094628572,0.09565511401742696
468,HAP1 MUTYH-/-,NER,100,0.07084969735518098,0.05944863166660071,0.08448618818074465
469,HAP1 MUTYH-/-,NER,500,0.07069888534024357,0.06470256317406893,0.07651640567928553
470,HAP1 MUTYH-/-,NHEJ,1,1.1583000354170798,0.3263157904148102,2.0
471,HAP1 MUTYH-/-,NHEJ,2,1.1355353387296199,0.5309739708900452,1.8381952047348022
472,HAP1 MUTYH-/-,NHEJ,3,1.152231599241495,0.6173862844705582,1.7276737093925474
473,HAP1 MUTYH-/-,NHEJ,4,1.1643979274630547,0.7070091649889946,1.6534996956586836
474,HAP1 MUTYH-/-,NHEJ,5,1.1645540988445282,0.766240906715393,1.5984775066375732
475,HAP1 MUTYH-/-,NHEJ,10,1.161559462428093,0.8675354033708572,1.47870654463768
476,HAP1 MUTYH-/-,NHEJ,20,1.1533445303440093,0.9524637877941131,1.3686020344495773
477,HAP1 MUTYH-/-,NHEJ,30,1.1617224876880645,0.9969748795032501,1.3222063779830933
478,HAP1 MUTYH-/-,NHEJ,100,1.1608787074685096,1.0648925125598907,1.255187064409256
479,HAP1 MUTYH-/-,NHEJ,500,1.1609772372245788,1.1185313880443573,1.2013468056917191
480,HELA XPA-/-,BER_8oxoG_C,1,0.9072391703584596,0.798941798941799,0.9747951680672269
481,HELA XPA-/-,BER_8oxoG_C,2,0.9107094393739399,0.8399305555555556,0.9590285122146024
482,HELA XPA-/-,BER_8oxoG_C,3,0.9125389024739179,0.8530563927039756,0.9528149660684081
483,HELA XPA-/-,BER_8oxoG_C,4,0.910720564796758,0.8590047090455752,0.946133153396115
484,HELA XPA-/-,BER_8oxoG_C,5,0.9109528718457528,0.865693535006227,0.9427932874101537
485,HELA XPA-/-,BER_8oxoG_C,10,0.9114547067075386,0.8832463287339565,0.9346846262539672
486,HELA XPA-/-,BER_8oxoG_C,20,0.9105775215278223,0.889747398243935,0.9276381122634111
487,HELA XPA-/-,BER_8oxoG_C,30,0.9111588373497306,0.8925581226441045,0.9255625320643064
488,HELA XPA-/-,BER_8oxoG_C,100,0.9107617137737446,0.9014415348553763,0.9188809283239368
489,HELA XPA-/-,BER_8oxoG_C,500,0.9112318918983173,0.9075723762790233,0.915416592277746
490,HELA XPA-/-,BER_A_8oxoG,1,0.5123264726687292,0.14457831325301204,0.8077578151546038
491,HELA XPA-/-,BER_A_8oxoG,2,0.5222855156956804,0.2624747785142252,0.748384156484577
492,HELA XPA-/-,BER_A_8oxoG,3,0.531319155171993,0.3272934189362658,0.721333265235653
493,HELA XPA-/-,BER_A_8oxoG,4,0.518213966149328,0.33612238536057365,0.6817988996593612
494,HELA XPA-/-,BER_A_8oxoG,5,0.5244078227586502,0.35879528772859753,0.6718956248671424
495,HELA XPA-/-,BER_A_8oxoG,10,0.5246876997084478,0.40893377759421273,0.6249675794449749
496,HELA XPA-/-,BER_A_8oxoG,20,0.5226056272877124,0.4441287478212662,0.5936774805444638
497,HELA XPA-/-,BER_A_8oxoG,30,0.5235376461625662,0.4602634435070462,0.586464476838885
498,HELA XPA-/-,BER_A_8oxoG,100,0.5220726304052062,0.48886106408092417,0.5555328517217114
499,HELA XPA-/-,BER_A_8oxoG,500,0.5227860162082888,0.5075033961913875,0.5379638975114985
500,HELA XPA-/-,BER_Hx,1,0.906051516174503,0.7573206998350265,0.993006993006993
501,HELA XPA-/-,BER_Hx,2,0.9038607449881948,0.8020238093248772,0.9689415016414274
502,HELA XPA-/-,BER_Hx,3,0.905074169412491,0.8339072613427939,0.9647573082039597
503,HELA XPA-/-,BER_Hx,4,0.9034358979500756,0.8388333548605578,0.9544801732578556
504,HELA XPA-/-,BER_Hx,5,0.9039031575480712,0.846354621342488,0.9499396219363967
505,HELA XPA-/-,BER_Hx,10,0.9044437497813768,0.868225669836225,0.9365908521808245
506,HELA XPA-/-,BER_Hx,20,0.9039564560158102,0.8774794085340382,0.927669322455386
507,HELA XPA-/-,BER_Hx,30,0.9042635605600716,0.8843380827428705,0.9227513508013587
508,HELA XPA-/-,BER_Hx,100,0.9038019273290299,0.892368946828308,0.9147397073922993
509,HELA XPA-/-,BER_Hx,500,0.9036172483076741,0.8984291845204381,0.908484223253123
510,HELA XPA-/-,BER_UG,1,0.9968071624190381,0.978021978021978,1.0
511,HELA XPA-/-,BER_UG,2,0.9969105417235326,0.9845598679023072,1.0
512,HELA XPA-/-,BER_UG,3,0.9970854221801645,0.9876021174088592,1.0
513,HELA XPA-/-,BER_UG,4,0.9969297017817385,0.9888986392466794,1.0
514,HELA XPA-/-,BER_UG,5,0.9969255155252774,0.9889798455199673,1.0
515,HELA XPA-/-,BER_UG,10,0.9968763350611137,0.9920518711536991,0.9996074557823253
516,HELA XPA-/-,BER_UG,20,0.9968356702711655,0.9934879950120779,0.9991778179079084
517,HELA XPA-/-,BER_UG,30,0.996936918078529,0.9942164630674653,0.9988374016289816
518,HELA XPA-/-,BER_UG,100,0.996862854387782,0.9954218886923372,0.9979696738858149
519,HELA XPA-/-,BER_UG,500,0.9969191879070222,0.9963879702329922,0.9974641167418338
520,HELA XPA-/-,DR_O6MeG,1,0.9151466315400765,0.55,0.9826589595375722
521,HELA XPA-/-,DR_O6MeG,2,0.9204257277049737,0.737152571739836,0.9739026750415644
522,HELA XPA-/-,DR_O6MeG,3,0.9229079370290005,0.7984676172555333,0.9705490598162437
523,HELA XPA-/-,DR_O6MeG,4,0.920363698437119,0.76481512213217,0.9658389672691458
524,HELA XPA-/-,DR_O6MeG,5,0.9224289721145873,0.8010540537103442,0.9641944550215815
525,HELA XPA-/-,DR_O6MeG,10,0.9220148796691758,0.8492711791178154,0.9563239003131313
526,HELA XPA-/-,DR_O6MeG,20,0.9204227858695544,0.8611545406114874,0.9515836942086325
527,HELA XPA-/-,DR_O6MeG,30,0.921199640687902,0.8826621218857882,0.9464234405637411
528,HELA XPA-/-,DR_O6MeG,100,0.9209648661505224,0.9002509970039564,0.9366553601423745
529,HELA XPA-/-,DR_O6MeG,500,0.920877367498359,0.912083285649131,0.9284191916114771
530,HELA XPA-/-,MMR,1,0.1469288438605492,0.0,0.4519230769230769
531,HELA XPA-/-,MMR,2,0.14682304886636938,0.016386832363828662,0.36056627334095476
532,HELA XPA-/-,MMR,3,0.14574150958338258,0.03276363880426472,0.32145958522958046
533,HELA XPA-/-,MMR,4,0.1453667509544147,0.047650906206137544,0.27549528876534635
534,HELA XPA-/-,MMR,5,0.14485738521362,0.06236938133599039,0.261538862736693
535,HELA XPA-/-,MMR,10,0.14718999796404195,0.07867438594798253,0.2304148820375424
536,HELA XPA-/-,MMR,20,0.14655596707146384,0.09733116517433729,0.20089262267344352
537,HELA XPA-/-,MMR,30,0.14618492531553925,0.10797314883104214,0.19265072155475566
538,HELA XPA-/-,MMR,100,0.14569548139427557,0.12313307516840587,0.16944484821230055
539,HELA XPA-/-,MMR,500,0.14643484201905876,0.13616240269194893,0.15713501591368298
540,HELA XPA-/-,NER,1,0.009631841142196208,0.0,0.03333333507180214
541,HELA XPA-/-,NER,2,0.009270471233088756,0.0,0.025158579554408773
542,HELA XPA-/-,NER,3,0.009161919636200765,0.0015842997207073494,0.021288959123194184
543,HELA XPA-/-,NER,4,0.009121469536388758,0.0023632903990801423,0.026062089810147876
544,HELA XPA-/-,NER,5,0.009133634983038064,0.0030336084601003677,0.025667005497962237
545,HELA XPA-/-,NER,10,0.009132988996338099,0.00447255875915289,0.01844923570752144
546,HELA XPA-/-,NER,20,0.009173223644029348,0.005593675037380308,0.01512131046038121
547,HELA XPA-/-,NER,30,0.009283384462352842,0.006180002132896334,0.014325858559459448
548,HELA XPA-/-,NER,100,0.009238676850683986,0.007312322605866939,0.011802917788736522
549,HELA XPA-/-,NER,500,0.009198224112391473,0.008254609792493284,0.010234746569767594
550,HELA XPA-/-,NHEJ,1,1.5041600812077522,0.46987950801849365,3.918699264526367
551,HELA XPA-/-,NHEJ,2,1.4727911938875913,0.7099027886986733,3.0675390958786006
552,HELA XPA-/-,NHEJ,3,1.4653448640704154,0.8319518774747848,2.6239344298839566
553,HELA XPA-/-,NHEJ,4,1.4596395244002343,0.8963872984051704,2.4354730963706968
554,HELA XPA-/-,NHEJ,5,1.4583200818896294,0.9607356429100037,2.2570500850677484
555,HELA XPA-/-,NHEJ,10,1.4596883040070534,1.0486655443906785,2.00001725256443
556,HELA XPA-/-,NHEJ,20,1.4626300854682923,1.1671128541231155,1.8265309154987333
557,HELA XPA-/-,NHEJ,30,1.4603912428617478,1.2128906309604646,1.7873428165912626
558,HELA XPA-/-,NHEJ,100,1.4682738075256347,1.3285502552986146,1.6352967709302901
559,HELA XPA-/-,NHEJ,500,1.463634714603424,1.3969331800937652,1.5362509876489638
560,JM1,BER_8oxoG_C,1,0.8389251199816008,0.7377049180327869,1.0
561,JM1,BER_8oxoG_C,2,0.8402249999856387,0.7586829674909698,0.9265576592082616
562,JM1,BER_8oxoG_C,3,0.8416164709556085,0.7805421678219456,0.9027391498376932
563,JM1,BER_8oxoG_C,4,0.8403691527517549,0.7833092739690576,0.9003319178766049
564,JM1,BER_8oxoG_C,5,0.8407398631736404,0.7919264121745438,0.8951907209283212
565,JM1,BER_8oxoG_C,10,0.8413975664914001,0.8039878697786751,0.8780335239513355
566,JM1,BER_8oxoG_C,20,0.8413698051928975,0.8164704112044013,0.8672570448749
567,JM1,BER_8oxoG_C,30,0.8419027863180597,0.8211967952111378,0.863668789716432
568,JM1,BER_8oxoG_C,100,0.8413867238546304,0.8293646285637228,0.8529149028552285
569,JM1,BER_8oxoG_C,500,0.8415634679531622,0.8363186197580035,0.8464732161265924
570,JM1,BER_A_8oxoG,1,0.5138683225460351,0.1889939939939941,0.8461538461538461
571,JM1,BER_A_8oxoG,2,0.5194522405967809,0.23864902246644984,0.777990746860542
572,JM1,BER_A_8oxoG,3,0.5266318641656247,0.307270048199032,0.7532411313069339
573,JM1,BER_A_8oxoG,4,0.5225473412290979,0.33670911151926425,0.7029076718968578
574,JM1,BER_A_8oxoG,5,0.5167990573187042,0.36047278111915854,0.6769046131901771
575,JM1,BER_A_8oxoG,10,0.5175264732797553,0.3865967345322665,0.6371796928094077
576,JM1,BER_A_8oxoG,20,0.519293523375549,0.4337210092277438,0.6001953790231245
577,JM1,BER_A_8oxoG,30,0.5188424336715772,0.4489472981092268,0.5830785686274238
578,JM1,BER_A_8oxoG,100,0.5196763320161017,0.48085772542124866,0.5559260720897586
579,JM1,BER_A_8oxoG,500,0.5200085975745957,0.503061152140034,0.5370543064332362
580,JM1,BER_Hx,1,0.8141501516071885,0.5147058823529411,0.979757085020243
581,JM1,BER_Hx,2,0.8112583726131025,0.6453556034482759,0.9316038771255156
582,JM1,BER_Hx,3,0.8086571512149262,0.6913462103822237,0.9032881918972875
583,JM1,BER_Hx,4,0.8117139290377686,0.707364892923608,0.9008290155817346
584,JM1,BER_Hx,5,0.8095824084186688,0.7105159125545647,0.8901383123199068
585,JM1,BER_Hx,10,0.813322245377367,0.7496904648348494,0.8689590089162244
586,JM1,BER_Hx,20,0.81112105303435,0.7677499363195436,0.8491968600052773
587,JM1,BER_Hx,30,0.8112600110635068,0.773925953668902,0.8455038492278436
588,JM1,BER_Hx,100,0.8109552268953214,0.792432457135391,0.8297548699042834
589,JM1,BER_Hx,500,0.8108361555482945,0.8019499895949663,0.8198959544524842
590,JM1,BER_UG,1,0.9808594042404231,0.5151515151515151,1.0
591,JM1,BER_UG,2,0.9812097744504084,0.7562770562770562,1.0
592,JM1,BER_UG,3,0.9834561054619445,0.8345422781478642,1.0
593,JM1,BER_UG,4,0.983650110515017,0.8736936339314412,1.0
594,JM1,BER_UG,5,0.9816987862923978,0.8957235439908093,1.0
595,JM1,BER_UG,10,0.9825256419538961,0.9408614159753652,0.9992047713717694
596,JM1,BER_UG,20,0.981981870839354,0.9438273013504523,0.9979261319572931
597,JM1,BER_UG,30,0.9816771005497466,0.9465876432720721,0.9973751768559213
598,JM1,BER_UG,100,0.9818687523750174,0.9624914944123649,0.9953966044691723
599,JM1,BER_UG,500,0.9818701451739063,0.9744090800249255,0.988584879621162
600,JM1,DR_O6MeG,1,0.8625131091340885,0.4386904761904765,0.9932885906040269
601,JM1,DR_O6MeG,2,0.8597091624892174,0.5581232492997199,0.9794116709183673
602,JM1,DR_O6MeG,3,0.8634093341452144,0.6470641566036304,0.9713164041189319
603,JM1,DR_O6MeG,4,0.8592773530687373,0.659399254706006,0.9621451291383052
604,JM1,DR_O6MeG,5,0.8557092446436279,0.6938224931989005,0.9526605138442589
605,JM1,DR_O6MeG,10,0.8595095904143722,0.745456271932557,0.9321956502273301
606,JM1,DR_O6MeG,20,0.8610639065461005,0.7772388357811465,0.9204020482755823
607,JM1,DR_O6MeG,30,0.8596759533860887,0.7993783624351186,0.9089900223324878
608,JM1,DR_O6MeG,100,0.8603431153537057,0.8266310067704618,0.8893524278096292
609,JM1,DR_O6MeG,500,0.859449481285185,0.8452022214326262,0.8732942180204164
610,JM1,MMR,1,0.327473371663384,0.06976744186046512,0.7
611,JM1,MMR,2,0.33241946164827313,0.11619068603670937,0.5798903508771921
612,JM1,MMR,3,0.33428210623009696,0.160417908309975,0.5369158268010451
613,JM1,MMR,4,0.33695529704177524,0.1839618177676404,0.5143167706813202
614,JM1,MMR,5,0.3296124487740728,0.1906282892394385,0.47869513588288154
615,JM1,MMR,10,0.3280453105575186,0.22639466721617232,0.4482638375549179
616,JM1,MMR,20,0.33173790541470866,0.2596440127854715,0.41074803430069984
617,JM1,MMR,30,0.32784852896895544,0.27069111648033256,0.39166809376611034
618,JM1,MMR,100,0.3301539936356841,0.2993769253871706,0.36247612925679096
619,JM1,MMR,500,0.3301287866866823,0.31522251653686106,0.34549420562111277
620,JM1,NER,1,0.0658111212970689,0.011470588459633307,0.21875
621,JM1,NER,2,0.06771349130896852,0.015755915082991123,0.16022245585918427
622,JM1,NER,3,0.06932397429551929,0.02016577930189669,0.14045601412653916
623,JM1,NER,4,0.06801828893925994,0.02615002109669149,0.1323455773293972
624,JM1,NER,5,0.06732665406260639,0.02915473938919604,0.11973470114171504
625,JM1,NER,10,0.06763581391982734,0.03671301435679197,0.1027733540162444
626,JM1,NER,20,0.06769867587462068,0.046408066712319854,0.09219705909490584
627,JM1,NER,30,0.06799412470310927,0.050103132426738736,0.08948146700859069
628,JM1,NER,100,0.06776841705292463,0.05730310194194317,0.07875015027821064
629,JM1,NER,500,0.06799338200315833,0.06329219713807106,0.07291833478957414
630,JM1,NHEJ,1,0.4857521507143974,0.131386861205101,1.0544612169265672
631,JM1,NHEJ,2,0.49517157971858977,0.17285493910312655,0.9455161094665527
632,JM1,NHEJ,3,0.49782791577279567,0.240103018283844,0.862736564874649
633,JM1,NHEJ,4,0.49733661422133446,0.28674413785338404,0.7876525267958641
634,JM1,NHEJ,5,0.49260970956087113,0.28864705115556716,0.7524817422032356
635,JM1,NHEJ,10,0.49523417937755587,0.33014946430921555,0.670631118118763
636,JM1,NHEJ,20,0.497959646821022,0.38771098628640177,0.6317272990942001
637,JM1,NHEJ,30,0.4964669688642025,0.40273215994238853,0.5936009109020233
638,JM1,NHEJ,100,0.49602212992310524,0.4424526609480381,0.5519678756594658
639,JM1,NHEJ,500,0.4947110215127468,0.4706073381006718,0.5208156645298004
640,JURKAT,BER_8oxoG_C,1,0.9198805716023207,0.8027210884353742,0.9777777777777777
641,JURKAT,BER_8oxoG_C,2,0.9194721404432301,0.8424347732315332,0.9678671574277485
642,JURKAT,BER_8oxoG_C,3,0.9171979453722133,0.8549377391325282,0.9604346469118274
643,JURKAT,BER_8oxoG_C,4,0.9178320260646533,0.8666348774342426,0.9565861313494194
644,JURKAT,BER_8oxoG_C,5,0.9195657003745461,0.8703715369037828,0.9544416739275804
645,JURKAT,BER_8oxoG_C,10,0.9198504377883695,0.886120574195856,0.9472356984268743
646,JURKAT,BER_8oxoG_C,20,0.9193941181094607,0.8974182025049591,0.9400947186224714
647,JURKAT,BER_8oxoG_C,30,0.9192540650654345,0.9024430766508875,0.9351080227607602
648,JURKAT,BER_8oxoG_C,100,0.9191019741781696,0.9078765019374925,0.9282079545006655
649,JURKAT,BER_8oxoG_C,500,0.9192445217678855,0.9150157366167255,0.9233596422524811
650,JURKAT,BER_A_8oxoG,1,0.651788924752712,0.25882352941176473,0.8540540540540541
651,JURKAT,BER_A_8oxoG,2,0.6554329494278437,0.4158579489526085,0.8059708063614313
652,JURKAT,BER_A_8oxoG,3,0.6512715156891578,0.45532380105938247,0.787213297312067
653,JURKAT,BER_A_8oxoG,4,0.6503874743650971,0.4716487852482732,0.7708306398681347
654,JURKAT,BER_A_8oxoG,5,0.6532661060895117,0.4988251013087933,0.7614923985369341
655,JURKAT,BER_A_8oxoG,10,0.6495120650297784,0.541675866777338,0.7339986852388916
656,JURKAT,BER_A_8oxoG,20,0.6530864154208753,0.5890305556877105,0.7156903651558303
657,JURKAT,BER_A_8oxoG,30,0.6522568119897868,0.5948146519054105,0.7022954262874326
658,JURKAT,BER_A_8oxoG,100,0.6515306896200416,0.6224283470095937,0.6802607503263787
659,JURKAT,BER_A_8oxoG,500,0.6517026765861121,0.6384957147732844,0.6649695467982705
660,JURKAT,BER_Hx,1,0.8906350606468445,0.670037926675095,0.9836474188711053
661,JURKAT,BER_Hx,2,0.896937170867521,0.7652513534121235,0.96826908833911
662,JURKAT,BER_Hx,3,0.8963549943316235,0.7789726814842244,0.9601869171542295
663,JURKAT,BER_Hx,4,0.8943557145574399,0.7965647375273945,0.953086983494062
664,JURKAT,BER_Hx,5,0.8967671646590725,0.820384047496299,0.9478065089292373
665,JURKAT,BER_Hx,10,0.8953449787858773,0.8403712900763113,0.9366977817086994
666,JURKAT,BER_Hx,20,0.896023588310076,0.856843974188733,0.9270872131617222
667,JURKAT,BER_Hx,30,0.8961477745194328,0.8688980871590127,0.9204308335385573
668,JURKAT,BER_Hx,100,0.8957111828666979,0.880410300556477,0.9107023398986663
669,JURKAT,BER_Hx,500,0.8957264515263674,0.8889022234437226,0.9021754052403984
670,JURKAT,BER_UG,1,0.9952806963339795,0.9700854700854701,1.0
671,JURKAT,BER_UG,2,0.9954274735109901,0.9795918367346939,1.0
672,JURKAT,BER_UG,3,0.9955767822082876,0.9838546842907308,1.0
673,JURKAT,BER_UG,4,0.995413823469229,0.984266588127013,1.0
674,JURKAT,BER_UG,5,0.9955871840717329,0.986252855946285,1.0
675,JURKAT,BER_UG,10,0.9953717166619958,0.9879422907805607,0.9991843321647949
676,JURKAT,BER_UG,20,0.9953863798778866,0.9905128570862964,0.9983701962892004
677,JURKAT,BER_UG,30,0.995458716429795,0.9920048936418263,0.997888176193216
678,JURKAT,BER_UG,100,0.9954073110342259,0.9936541468502792,0.9969278834002963
679,JURKAT,BER_UG,500,0.9954308709509444,0.9946643133012988,0.9961621360786969
680,JURKAT,DR_O6MeG,1,0.9477459170911064,0.8346456692913385,0.9915323701028064
681,JURKAT,DR_O6MeG,2,0.9476813562101918,0.8689107703878697,0.9826286170585883
682,JURKAT,DR_O6MeG,3,0.9473701554025953,0.8844440184958176,0.9782850795185934
683,JURKAT,DR_O6MeG,4,0.9461949448836143,0.8919557175803844,0.9742105214041489
684,JURKAT,DR_O6MeG,5,0.94695111365883,0.8998347043902584,0.9725402811564162
685,JURKAT,DR_O6MeG,10,0.9484583003744589,0.9186887580669325,0.9681221699179786
686,JURKAT,DR_O6MeG,20,0.9473091245699798,0.9277490270148674,0.9628821556696071
687,JURKAT,DR_O6MeG,30,0.9472574253169419,0.931358632102249,0.960030811364724
688,JURKAT,DR_O6MeG,100,0.9467593621386384,0.9386151528788024,0.954500579942741
689,JURKAT,DR_O6MeG,500,0.9469139043796178,0.9432391972105413,0.9504902890391652
690,JURKAT,MMR,1,0.014548278198778745,0.0,0.07547169811320754
691,JURKAT,MMR,2,0.014074008446309343,0.0,0.048469576719576704
692,JURKAT,MMR,3,0.014040818829959929,0.0,0.039984532996733914
693,JURKAT,MMR,4,0.013937654026183705,0.0023401090846786477,0.03338580905349601
694,JURKAT,MMR,5,0.013972846090711828,0.0033529187491075254,0.030836540991349887
695,JURKAT,MMR,10,0.013454380635468614,0.0056393938398845884,0.024302061254594432
696,JURKAT,MMR,20,0.013930675892171002,0.0077640330776630505,0.022218388897583524
697,JURKAT,MMR,30,0.013954381529726445,0.008748953479745405,0.02055215851461999
698,JURKAT,MMR,100,0.013881461705682715,0.010870492112490124,0.017360213501265667
699,JURKAT,MMR,500,0.013901047548328454,0.012501138744549422,0.015298963199111946
700,JURKAT,NER,1,0.08122097235638648,0.013155034417286516,0.23455010764300807
701,JURKAT,NER,2,0.08033567483536899,0.02261099466122687,0.2222168911248445
702,JURKAT,NER,3,0.08270039243809879,0.03073017280548811,0.1951878760010004
703,JURKAT,NER,4,0.08183244440704585,0.03358245678246021,0.17332938984036445
704,JURKAT,NER,5,0.08093971180915832,0.0377237893640995,0.16287081316113472
705,JURKAT,NER,10,0.08074068825691938,0.04716075388714671,0.12742527164518833
706,JURKAT,NER,20,0.08157523114606738,0.05591430496424436,0.11572424061596394
707,JURKAT,NER,30,0.08058473505824805,0.058618911821395156,0.10705212745815515
708,JURKAT,NER,100,0.08093351055681705,0.06876442860811949,0.09438777770847082
709,JURKAT,NER,500,0.08082074857503176,0.0751323962584138,0.08679808266460895
710,JURKAT,NHEJ,1,1.1162410269081593,0.5932203531265259,1.9589743614196777
711,JURKAT,NHEJ,2,1.1156197173595428,0.7334199100732803,1.5856308847665788
712,JURKAT,NHEJ,3,1.115229852259159,0.7838628917932511,1.5082294940948486
713,JURKAT,NHEJ,4,1.1216830192804337,0.8389166578650474,1.4382400214672089
714,JURKAT,NHEJ,5,1.1116190659403802,0.8490021392703057,1.4176441848278045
715,JURKAT,NHEJ,10,1.1202989463806152,0.9311681315302849,1.3325183153152464
716,JURKAT,NHEJ,20,1.1141525584459304,0.9757141798734665,1.262092614173889
717,JURKAT,NHEJ,30,1.1186844901442528,1.0089837431907653,1.2402494609355927
718,JURKAT,NHEJ,100,1.1171398860216142,1.0585327684879302,1.1802082419395448
719,JURKAT,NHEJ,500,1.1180090917348862,1.0911426037549972,1.14455526471138
720,KHM1B,BER_8oxoG_C,1,0.924617092806237,0.8740740740740741,0.9555555555555556
721,KHM1B,BER_8oxoG_C,2,0.9237665710023669,0.8935926773455377,0.9477204477204477
722,KHM1B,BER_8oxoG_C,3,0.9236854318134093,0.8990814054027814,0.9433599960773874
723,KHM1B,BER_8oxoG_C,4,0.9235813811735437,0.9033996294108535,0.9412795173025469
724,KHM1B,BER_8oxoG_C,5,0.9241935206631335,0.9054388843893747,0.9408758143633649
725,KHM1B,BER_8oxoG_C,10,0.9240293577862084,0.9102479476579788,0.9359753161129046
726,KHM1B,BER_8oxoG_C,20,0.9240168350040812,0.9151311616940828,0.9322265141438756
727,KHM1B,BER_8oxoG_C,30,0.9237843259269237,0.9163137101197545,0.930649460038653
728,KHM1B,BER_8oxoG_C,100,0.9238463073542049,0.9196743456032053,0.9278853589026196
729,KHM1B,BER_8oxoG_C,500,0.9239136204886915,0.9220606791130229,0.9255316411218102
730,KHM1B,BER_A_8oxoG,1,0.5565938867145268,0.08571428571428572,0.8160535117056856
731,KHM1B,BER_A_8oxoG,2,0.5541007786338878,0.30499306518723995,0.7633665635973389
732,KHM1B,BER_A_8oxoG,3,0.5602565885802364,0.34039220673247605,0.734562822846648
733,KHM1B,BER_A_8oxoG,4,0.5632738454594074,0.38060963794056774,0.7084642082297531
734,KHM1B,BER_A_8oxoG,5,0.5648188097326695,0.40154451555636445,0.7021115711479062
735,KHM1B,BER_A_8oxoG,10,0.5654272136204808,0.45513143993088157,0.6588545381012291
736,KHM1B,BER_A_8oxoG,20,0.5604751628774259,0.48185442188338384,0.6277288842190427
737,KHM1B,BER_A_8oxoG,30,0.5613481757045005,0.4997087155790176,0.6171540334541454
738,KHM1B,BER_A_8oxoG,100,0.5618122881359096,0.5273505215322142,0.5940630460684396
739,KHM1B,BER_A_8oxoG,500,0.5611776808661336,0.5463383135293824,0.5763624124964181
740,KHM1B,BER_Hx,1,0.859702193561948,0.65625,0.9437939110070258
741,KHM1B,BER_Hx,2,0.861532565485776,0.7370833333333334,0.9302208835341366
742,KHM1B,BER_Hx,3,0.8604124649961926,0.7650950154645034,0.9213916445408539
743,KHM1B,BER_Hx,4,0.8615127882129737,0.7758593433467111,0.9136135052977352
744,KHM1B,BER_Hx,5,0.8605075703357049,0.7861769589526164,0.9114656941013033
745,KHM1B,BER_Hx,10,0.8616378463210492,0.8122184054467004,0.8989839327422693
746,KHM1B,BER_Hx,20,0.8605261646244124,0.8263711205088916,0.8905156064793894
747,KHM1B,BER_Hx,30,0.8613675299018636,0.8334472613265879,0.8845306532271267
748,KHM1B,BER_Hx,100,0.861063648160243,0.8461092379021785,0.8753372783376044
749,KHM1B,BER_Hx,500,0.8609332496263865,0.8543580915427724,0.8672421262301273
750,KHM1B,BER_UG,1,0.9887444350667721,0.9362831858407079,1.0
751,KHM1B,BER_UG,2,0.9889067645620355,0.9612382398631547,1.0
752,KHM1B,BER_UG,3,0.9892895015439259,0.9644200495075317,1.0
753,KHM1B,BER_UG,4,0.9892727901320794,0.9687794999474275,1.0
754,KHM1B,BER_UG,5,0.9891059829161951,0.9714695949979084,0.9997058823529411
755,KHM1B,BER_UG,10,0.9893674074806528,0.9775606902387998,0.9984654265278173
756,KHM1B,BER_UG,20,0.989124534301859,0.9802956975111439,0.9961202884536153
757,KHM1B,BER_UG,30,0.9892424217588457,0.9826282402654821,0.9950500059860283
758,KHM1B,BER_UG,100,0.9893032021723264,0.9857725966263771,0.9925875098266673
759,KHM1B,BER_UG,500,0.9892182247931709,0.9876244919720815,0.9907679955822531
760,KHM1B,DR_O6MeG,1,0.19853888152532223,0.07920792079207921,0.8794466403162056
761,KHM1B,DR_O6MeG,2,0.2045682827212802,0.10118892046702452,0.5366225449643043
762,KHM1B,DR_O6MeG,3,0.19778409483046194,0.1096668959022589,0.42206445226380823
763,KHM1B,DR_O6MeG,4,0.195817505237854,0.11432250277798088,0.40345533968654346
764,KHM1B,DR_O6MeG,5,0.19790790201155664,0.11939529369892389,0.3680352336176725
765,KHM1B,DR_O6MeG,10,0.1990935428438446,0.12967422978504536,0.3263277682955986
766,KHM1B,DR_O6MeG,20,0.19914769562730786,0.1438533663126312,0.2821535946372518
767,KHM1B,DR_O6MeG,30,0.19861270950334797,0.1509735473167554,0.26424898979000067
768,KHM1B,DR_O6MeG,100,0.19734866745850949,0.16883524306453102,0.23195264372205154
769,KHM1B,DR_O6MeG,500,0.19809105304372307,0.18406805801410595,0.21288966242613472
770,KHM1B,MMR,1,0.1518309240355014,0.0,0.582010582010582
771,KHM1B,MMR,2,0.14978461971465679,0.02054794520547945,0.3755123332588121
772,KHM1B,MMR,3,0.15128754664694333,0.03751148048427685,0.31344532889014465
773,KHM1B,MMR,4,0.1533059181578006,0.054865486075945685,0.2869139107677735
774,KHM1B,MMR,5,0.1548853302723404,0.06450188894351383,0.2898947267146895
775,KHM1B,MMR,10,0.15475953154455657,0.08271667672599729,0.2420999358597174
776,KHM1B,MMR,20,0.15313793745576681,0.10329426111824068,0.2120673214023161
777,KHM1B,MMR,30,0.15397519349745056,0.1130782866499042,0.20556017731952433
778,KHM1B,MMR,100,0.15427835994974623,0.13091394433187553,0.18003704285011732
779,KHM1B,MMR,500,0.15370633490716476,0.142859535947391,0.16423090343694535
780,KHM1B,NER,1,0.07322950815036892,0.0,0.19248826801776886
781,KHM1B,NER,2,0.07460727654863149,0.0211267601698637,0.14844194054603577
782,KHM1B,NER,3,0.07614492836827412,0.029800199856981634,0.13944044038653372
783,KHM1B,NER,4,0.07559949837112799,0.03412183886393905,0.12594321779906748
784,KHM1B,NER,5,0.07558899633958936,0.03800290701910854,0.12315631210803986
785,KHM1B,NER,10,0.07618761421740056,0.0482573670335114,0.10873095989227294
786,KHM1B,NER,20,0.07566488680243492,0.05570147931575775,0.09770007226616144
787,KHM1B,NER,30,0.07607742078602314,0.06002136468887329,0.09414177574217318
788,KHM1B,NER,100,0.07592094764485956,0.06697313226759434,0.08505073208361864
789,KHM1B,NER,500,0.07569553096592427,0.0711676137521863,0.08024535235017538
790,KHM1B,NHEJ,1,0.9640399110019207,0.19402985274791718,2.78125
791,KHM1B,NHEJ,2,0.9655858375877142,0.46388931870460515,1.9063634067773818
792,KHM1B,NHEJ,3,0.9594771753698588,0.47193783670663836,1.7208799123764038
793,KHM1B,NHEJ,4,0.9472887848317623,0.5384184122085571,1.5498632729053496
794,KHM1B,NHEJ,5,0.9660220450460911,0.5759882658720017,1.4463468760251998
795,KHM1B,NHEJ,10,0.9540402658581734,0.6839820593595505,1.3067064464092255
796,KHM1B,NHEJ,20,0.9590264441370964,0.7661518171429634,1.1946821361780167
797,KHM1B,NHEJ,30,0.9575185517668724,0.7812636941671371,1.1606792896986007
798,KHM1B,NHEJ,100,0.9548772173523903,0.864306952059269,1.0491188138723373
799,KHM1B,NHEJ,500,0.9588428374528885,0.9168730944395065,1.0027913331985474
800,NALM6,BER_8oxoG_C,1,0.8216087098359999,0.7340823970037453,0.9111776447105788
801,NALM6,BER_8oxoG_C,2,0.8188896622043964,0.7602422450929147,0.8817780633789957
802,NALM6,BER_8oxoG_C,3,0.81963805062323,0.7727501290536003,0.867630152151542
803,NALM6,BER_8oxoG_C,4,0.81913425281898,0.7755782796135423,0.8605271396900237
804,NALM6,BER_8oxoG_C,5,0.8184698126071188,0.7797564178099687,0.8579201641462189
805,NALM6,BER_8oxoG_C,10,0.8190862764702835,0.7927703118823947,0.8470129982975184
806,NALM6,BER_8oxoG_C,20,0.8193690093888264,0.8014793760013015,0.8385000515396069
807,NALM6,BER_8oxoG_C,30,0.8194285911440092,0.8049745807758016,0.8348454621832546
808,NALM6,BER_8oxoG_C,100,0.8190032146879654,0.8106672846345604,0.8268903511602776
809,NALM6,BER_8oxoG_C,500,0.8193582847598854,0.8154473625330044,0.8231464881572886
810,NALM6,BER_A_8oxoG,1,0.6429637101690238,0.26609442060085836,0.8709677419354839
811,NALM6,BER_A_8oxoG,2,0.641878193467039,0.40158371040723984,0.8211411673312584
812,NALM6,BER_A_8oxoG,3,0.6404220266735384,0.4634070433425665,0.7988457064069728
813,NALM6,BER_A_8oxoG,4,0.6372860372908696,0.4776469795417701,0.7808945747512046
814,NALM6,BER_A_8oxoG,5,0.6396802500196932,0.4934481362209827,0.7641747413065544
815,NALM6,BER_A_8oxoG,10,0.6397940089472567,0.5376789063448391,0.7362299758225035
816,NALM6,BER_A_8oxoG,20,0.6372601419746321,0.5694942381401955,0.6987181906584978
817,NALM6,BER_A_8oxoG,30,0.6395285134960834,0.582160290488183,0.6953713014347662
818,NALM6,BER_A_8oxoG,100,0.6377321577442345,0.6049070973829295,0.6701379292261663
819,NALM6,BER_A_8oxoG,500,0.6378431831777047,0.6242808075404082,0.6508345429497594
820,NALM6,BER_Hx,1,0.8942637573834326,0.6244131455399061,0.9899497487437185
821,NALM6,BER_Hx,2,0.9015673087803759,0.6957344775365977,0.9811215771486435
822,NALM6,BER_Hx,3,0.896133946159641,0.748763848899859,0.9709779979395122
823,NALM6,BER_Hx,4,0.8952096770519752,0.7734356702559224,0.9645628447601415
824,NALM6,BER_Hx,5,0.9013269683397874,0.797033825835536,0.9595549421640331
825,NALM6,BER_Hx,10,0.89914788257444,0.82635862630909,0.9489246447311285
826,NALM6,BER_Hx,20,0.8981046987962007,0.8504386271763902,0.9380935826417545
827,NALM6,BER_Hx,30,0.897965268068331,0.8594809812082178,0.9322197696061099
828,NALM6,BER_Hx,100,0.8983127058855359,0.8788908799339011,0.9180084080010901
829,NALM6,BER_Hx,500,0.898320709890794,0.8896118813710566,0.9068902067269313
830,NALM6,BER_UG,1,0.9916851837635623,0.9261904761904762,1.0
831,NALM6,BER_UG,2,0.9919221223550787,0.9565737051792829,1.0
832,NALM6,BER_UG,3,0.9916568148060211,0.9660160476786886,1.0
833,NALM6,BER_UG,4,0.9917945556792813,0.9692941753096727,0.9997422680412371
834,NALM6,BER_UG,5,0.9918817060173207,0.97338158576882,0.9995706044919201
835,NALM6,BER_UG,10,0.9920126034987583,0.9805480912100429,0.9987495043108946
836,NALM6,BER_UG,20,0.9920576962436659,0.9836033189183399,0.9974478124252514
837,NALM6,BER_UG,30,0.9919113193634074,0.9850897417787032,0.9971044974726646
838,NALM6,BER_UG,100,0.9919786734310294,0.9883341816744259,0.995136240677845
839,NALM6,BER_UG,500,0.9918498348417152,0.9902980500656471,0.9932397355511461
840,NALM6,DR_O6MeG,1,0.9744323511154521,0.9294117647058824,0.9914529914529915
841,NALM6,DR_O6MeG,2,0.974884954073785,0.9170443679479825,0.9890369849611736
842,NALM6,DR_O6MeG,3,0.9738504639508616,0.9333299967428715,0.9868249493009889
843,NALM6,DR_O6MeG,4,0.9736786588920302,0.9421891642242586,0.9861588261252137
844,NALM6,DR_O6MeG,5,0.9746091550109167,0.9499596969110682,0.9855475604319254
845,NALM6,DR_O6MeG,10,0.9742370492481802,0.9552196611489884,0.9833071908618756
846,NALM6,DR_O6MeG,20,0.9740557941873683,0.962364403889127,0.9815347494464219
847,NALM6,DR_O6MeG,30,0.9743786995735423,0.9656777520930125,0.980411894151277
848,NALM6,DR_O6MeG,100,0.9743578804770795,0.969832227835097,0.9780842402424206
849,NALM6,DR_O6MeG,500,0.9743708054005349,0.9724003267317318,0.9761344122416086
850,NALM6,MMR,1,0.013340683395261827,0.0,0.04551920341394026
851,NALM6,MMR,2,0.01221845289798805,0.0005966587112171838,0.066
852,NALM6,MMR,3,0.012603304865554272,0.002142581969608954,0.05124382463455353
853,NALM6,MMR,4,0.012523633757330748,0.0031056631971827756,0.0409260038976026
854,NALM6,MMR,5,0.012584745035488967,0.004168922529802545,0.03646049713800082
855,NALM6,MMR,10,0.012966862014129995,0.005615850376216414,0.02709211889681539
856,NALM6,MMR,20,0.01294128053531677,0.007366824697404464,0.02346333070997173
857,NALM6,MMR,30,0.012878253423108804,0.007953907759105077,0.02081221577994895
858,NALM6,MMR,100,0.012827086772035997,0.009653932941140815,0.016588637824307386
859,NALM6,MMR,500,0.01286531776862642,0.011336782282873404,0.014538534379059151
860,NALM6,NER,1,0.1362302643088624,0.032967034727334976,0.453125
861,NALM6,NER,2,0.13532988296821713,0.04674995690584183,0.3221382528543472
862,NALM6,NER,3,0.13279507957212627,0.05081468923017383,0.2745214842259884
863,NALM6,NER,4,0.13277794284000993,0.05905879084020853,0.2617237739264965
864,NALM6,NER,5,0.13474871834367513,0.06666010543704033,0.24346013255417345
865,NALM6,NER,10,0.13443270900845528,0.08290893286466598,0.21018874421715736
866,NALM6,NER,20,0.1350548803806305,0.09192459508776665,0.18381773121654987
867,NALM6,NER,30,0.13415069656074047,0.10107855945825577,0.17910184077918528
868,NALM6,NER,100,0.13517494512349368,0.11514537408947945,0.15837647542357444
869,NALM6,NER,500,0.1345077597349882,0.1259007789194584,0.1439384702593088
870,NALM6,NHEJ,1,0.5616822291761637,0.1367521435022354,1.515625
871,NALM6,NHEJ,2,0.5540114441663027,0.1937422752380371,1.2143651068210597
872,NALM6,NHEJ,3,0.5564066046848893,0.24610750414431096,1.0583066761493682
873,NALM6,NHEJ,4,0.569242865756154,0.2786295719444752,1.0039438039064408
874,NALM6,NHEJ,5,0.5535769152790307,0.3084019862115383,0.8899955853819846
875,NALM6,NHEJ,10,0.5565502218306064,0.3609501115977764,0.806445588171482
876,NALM6,NHEJ,20,0.5603320597112179,0.4186439707875252,0.7336739048361778
877,NALM6,NHEJ,30,0.5571437163949012,0.44454223215579985,0.6974204689264297
878,NALM6,NHEJ,100,0.5608012373447419,0.49252165108919144,0.6336022838950157
879,NALM6,NHEJ,500,0.5591409083604812,0.5278852745890618,0.5915242597460747
880,PF382,BER_8oxoG_C,1,0.8269228052439448,0.6916666666666667,0.9761904761904762
881,PF382,BER_8oxoG_C,2,0.8259586224888491,0.7410188430257652,0.9200823362223715
882,PF382,BER_8oxoG_C,3,0.8285945558391346,0.7595954935657112,0.906980455536411
883,PF382,BER_8oxoG_C,4,0.8260940963606328,0.762485799895955,0.8916415406312027
884,PF382,BER_8oxoG_C,5,0.8271068749473083,0.7737343133061236,0.8871999635524557
885,PF382,BER_8oxoG_C,10,0.8284983302773734,0.7905389712869212,0.8720620678560418
886,PF382,BER_8oxoG_C,20,0.8280320311793551,0.7975526132314321,0.8558864298437437
887,PF382,BER_8oxoG_C,30,0.8281960319850076,0.8061168652440258,0.8504742347558043
888,PF382,BER_8oxoG_C,100,0.8277675587818942,0.8151758943708927,0.840138448497857
889,PF382,BER_8oxoG_C,500,0.827672138474617,0.821888717639002,0.8329848963986075
890,PF382,BER_A_8oxoG,1,0.6353425520875158,0.16990291262135923,0.8701298701298701
891,PF382,BER_A_8oxoG,2,0.6329615332921046,0.3412383463535251,0.8226552417939362
892,PF382,BER_A_8oxoG,3,0.6297217617419081,0.37449079383722444,0.7998867643521347
893,PF382,BER_A_8oxoG,4,0.6328988982479936,0.44005164442949785,0.7799203976192643
894,PF382,BER_A_8oxoG,5,0.6321308533645944,0.448633473731377,0.7695433860497426
895,PF382,BER_A_8oxoG,10,0.6336382516969732,0.51397465397457,0.7372191297672742
896,PF382,BER_A_8oxoG,20,0.6305072761905136,0.5442323220703967,0.7117315137392165
897,PF382,BER_A_8oxoG,30,0.6320149125307523,0.563351460527549,0.6988012896281546
898,PF382,BER_A_8oxoG,100,0.6318746359056127,0.5947775441845886,0.6666731136446823
899,PF382,BER_A_8oxoG,500,0.6315418887106333,0.6157153863380382,0.6480384162603425
900,PF382,BER_Hx,1,0.7837703248950771,0.5728155339805825,0.9254385964912281
901,PF382,BER_Hx,2,0.7846593244979942,0.6464463442408945,0.89582940080189
902,PF382,BER_Hx,3,0.7854898488378708,0.6783865236408435,0.8794221631470327
903,PF382,BER_Hx,4,0.7816660811920418,0.6866726011549947,0.8647724346849051
904,PF382,BER_Hx,5,0.7829521892125176,0.6956362621526886,0.8556731532106743
905,PF382,BER_Hx,10,0.784535213022954,0.7257813967155379,0.8370785835717108
906,PF382,BER_Hx,20,0.7846582599404086,0.7436429789271187,0.8238903796646673
907,PF382,BER_Hx,30,0.7838712542112478,0.7508343388956222,0.8167881562668108
908,PF382,BER_Hx,100,0.7842725339596506,0.7659457788544799,0.8020301560600817
909,PF382,BER_Hx,500,0.7835308051151021,0.7753976260679416,0.7906330547853933
910,PF382,BER_UG,1,0.9909391215286975,0.9476190476190476,1.0
911,PF382,BER_UG,2,0.9908074661636238,0.9616473439061878,1.0
912,PF382,BER_UG,3,0.9913740023976574,0.9711934409927514,1.0
913,PF382,BER_UG,4,0.9909424878065166,0.9726493196507905,0.9997879558948262
914,PF382,BER_UG,5,0.9910614565743795,0.9735386708132395,0.9993908765476478
915,PF382,BER_UG,10,0.9915984429399278,0.9807340910237542,0.9985341570822611
916,PF382,BER_UG,20,0.9913312692052777,0.9840756070866951,0.9968391148686535
917,PF382,BER_UG,30,0.9913911495070794,0.9855676354075962,0.9959302674988999
918,PF382,BER_UG,100,0.9912939893436509,0.9882796673936329,0.9938912964096812
919,PF382,BER_UG,500,0.9912913558314401,0.989995464235587,0.9925507793091805
920,PF382,DR_O6MeG,1,0.9749724641972688,0.9503105590062112,0.9932432432432432
921,PF382,DR_O6MeG,2,0.9752004419911172,0.9526188345528241,0.987814966836106
922,PF382,DR_O6MeG,3,0.9749952808985366,0.9571140776924429,0.9868976827350018
923,PF382,DR_O6MeG,4,0.9746726666708676,0.9609689699442613,0.9849857921545886
924,PF382,DR_O6MeG,5,0.9750710112968923,0.962840811933966,0.9849234662101243
925,PF382,DR_O6MeG,10,0.9751562320342939,0.9665555119398886,0.9821312415231992
926,PF382,DR_O6MeG,20,0.9751237598937297,0.9691539751146213,0.9798249559570672
927,PF382,DR_O6MeG,30,0.9751465007872893,0.970607628981569,0.9790113438081938
928,PF382,DR_O6MeG,100,0.9750905998054843,0.9725991999055474,0.977260703259699
929,PF382,DR_O6MeG,500,0.97509481147846,0.9740258706900307,0.9762536209916343
930,PF382,MMR,1,0.034758983502508944,0.0,0.140625
931,PF382,MMR,2,0.0353372910911661,0.002347417840375587,0.16267792121813968
932,PF382,MMR,3,0.03528538714274103,0.005847953216374269,0.11875485831390008
933,PF382,MMR,4,0.034368294617078854,0.007517656800219771,0.09787927052929807
934,PF382,MMR,5,0.03422740548291108,0.008688215893589918,0.08648564246919734
935,PF382,MMR,10,0.03505408414117099,0.013834010772300197,0.0707977355068984
936,PF382,MMR,20,0.03496397168483035,0.018147420212680575,0.06048432814091037
937,PF382,MMR,30,0.0349793068940163,0.020910149391474047,0.05616975100976525
938,PF382,MMR,100,0.03534654499665834,0.026724595077105995,0.04569213960800142
939,PF382,MMR,500,0.034900650985332106,0.0308455869721438,0.03933096569252741
940,PF382,NER,1,0.17571358241140841,0.03448275849223137,0.39240506291389465
941,PF382,NER,2,0.1805572108440101,0.07944386377930641,0.3189201645553112
942,PF382,NER,3,0.1789325034171343,0.08962218221276999,0.2879785180091858
943,PF382,NER,4,0.18093625415489079,0.10583269968628883,0.2768770381808281
944,PF382,NER,5,0.178930722348392,0.10907073020935058,0.25842457339167596
945,PF382,NER,10,0.18011260737478732,0.13115127459168435,0.2317422054708004
946,PF382,NER,20,0.18076873354613782,0.14211743101477622,0.21942087262868878
947,PF382,NER,30,0.18067827263474465,0.15020299851894378,0.21481469199061393
948,PF382,NER,100,0.17999276232719422,0.16275249496102334,0.19836718142032622
949,PF382,NER,500,0.1798232476711273,0.17178708538413048,0.1870770275592804
950,PF382,NHEJ,1,0.6652560977637768,0.21875,1.3939393758773804
951,PF382,NHEJ,2,0.6586699867993593,0.26627781242132187,1.2108869522809982
952,PF382,NHEJ,3,0.6642674687951803,0.323200923204422,1.1445667386054992
953,PF382,NHEJ,4,0.6563474880158902,0.36901568323373796,1.0566891193389893
954,PF382,NHEJ,5,0.6613723553419113,0.38141469582915305,1.0553921699523925
955,PF382,NHEJ,10,0.6673026680648327,0.4712273970246315,0.8937952443957329
956,PF382,NHEJ,20,0.6678315097689629,0.5143546387553215,0.8412256672978401
957,PF382,NHEJ,30,0.6637872876524925,0.5436938434839249,0.7968673512339591
958,PF382,NHEJ,100,0.6624564033150673,0.5890458464622498,0.735692273080349
959,PF382,NHEJ,500,0.6633144994974136,0.632990762591362,0.6935096502304077
960,RH30,BER_8oxoG_C,1,0.8800432903198687,0.7714285714285715,0.9600638977635783
961,RH30,BER_8oxoG_C,2,0.8829772517121028,0.813413915755744,0.9423501159122593
962,RH30,BER_8oxoG_C,3,0.8800657739559702,0.8212983167813186,0.9294935712997895
963,RH30,BER_8oxoG_C,4,0.8825594739417322,0.8319580395200734,0.9279853568118218
964,RH30,BER_8oxoG_C,5,0.8812574740469775,0.8395665399362047,0.9234189432545301
965,RH30,BER_8oxoG_C,10,0.8813722406722714,0.852228866593461,0.9108001173868586
966,RH30,BER_8oxoG_C,20,0.8808137583049142,0.85892064608303,0.901308067604138
967,RH30,BER_8oxoG_C,30,0.8806309763772648,0.8615229201595435,0.8982463553742701
968,RH30,BER_8oxoG_C,100,0.8806462752602987,0.8710733645324785,0.8893289126201834
969,RH30,BER_8oxoG_C,500,0.8809446319742954,0.8767313133100438,0.8851486327914174
970,RH30,BER_A_8oxoG,1,0.5961554113774108,0.32638621486330377,0.7972972972972973
971,RH30,BER_A_8oxoG,2,0.6026849614645762,0.4130189027115894,0.7599646348768067
972,RH30,BER_A_8oxoG,3,0.5990579576452474,0.4472147443589797,0.7285502665468232
973,RH30,BER_A_8oxoG,4,0.6061783334579027,0.47687878308209547,0.7258960810082712
974,RH30,BER_A_8oxoG,5,0.6030861224362395,0.4831705303531269,0.7029715897313699
975,RH30,BER_A_8oxoG,10,0.6023234418221991,0.5200761004982846,0.6783969943686011
976,RH30,BER_A_8oxoG,20,0.6012950338338223,0.5449171275201238,0.6578820706332844
977,RH30,BER_A_8oxoG,30,0.6013390662179793,0.5534921281843131,0.6459523000913577
978,RH30,BER_A_8oxoG,100,0.6019238353155467,0.5769665570763679,0.6270103696024523
979,RH30,BER_A_8oxoG,500,0.6019801104310878,0.5905001006929691,0.6131424697807965
980,RH30,BER_Hx,1,0.8603562842355408,0.7,0.9690721649484536
981,RH30,BER_Hx,2,0.8601073306789683,0.7401970113400075,0.9440580774815273
982,RH30,BER_Hx,3,0.8581327915428683,0.7671958151959544,0.9297513550997255
983,RH30,BER_Hx,4,0.8612866389689411,0.7838951146177612,0.9246352598559082
984,RH30,BER_Hx,5,0.859152866885857,0.7903358291257947,0.9193547560977218
985,RH30,BER_Hx,10,0.8596190628183635,0.8130917238750048,0.9010101504813479
986,RH30,BER_Hx,20,0.8601517991584232,0.8285008391490155,0.8906540359604131
987,RH30,BER_Hx,30,0.8598603294904983,0.8312444426021406,0.8852976144103462
988,RH30,BER_Hx,100,0.8597325932405118,0.8453285729002333,0.8744049567999553
989,RH30,BER_Hx,500,0.8604829950464404,0.8537849407664417,0.8668662043614246
990,RH30,BER_UG,1,0.9787714220102948,0.8789473684210526,1.0
991,RH30,BER_UG,2,0.9784830410265077,0.9187076515828231,1.0
992,RH30,BER_UG,3,0.9784178468772421,0.9306382998528074,0.9998453209590101
993,RH30,BER_UG,4,0.9794847023067116,0.9398068782885292,0.9993600275656005
994,RH30,BER_UG,5,0.9792899883295131,0.9435764168382126,0.9990189290697133
995,RH30,BER_UG,10,0.9783483368926423,0.9547120756285062,0.9961426176444905
996,RH30,BER_UG,20,0.9784018991398995,0.9619505099996384,0.9912648881457418
997,RH30,BER_UG,30,0.9785973440499051,0.9660788121154041,0.9892829523300494
998,RH30,BER_UG,100,0.9786102052145963,0.9718260280242713,0.9845099433724404
999,RH30,BER_UG,500,0.9786270309153955,0.975612792652012,0.9815541695307376
1000,RH30,DR_O6MeG,1,0.16676230639502054,0.06126482213438735,0.3333333333333333
1001,RH30,DR_O6MeG,2,0.16791929976455383,0.0941397086122518,0.27598023875486666
1002,RH30,DR_O6MeG,3,0.1696803555191832,0.10559138736748684,0.2743407419712586
1003,RH30,DR_O6MeG,4,0.16850286396422565,0.11176898078028727,0.24483183511664533
1004,RH30,DR_O6MeG,5,0.16833164893150102,0.11590872540240801,0.23397702994607789
1005,RH30,DR_O6MeG,10,0.1679349110446356,0.13139451502008245,0.21315134742735203
1006,RH30,DR_O6MeG,20,0.1681869091868376,0.14132433525742705,0.19856822150761322
1007,RH30,DR_O6MeG,30,0.16790765598588142,0.14630497660091266,0.19430172752053954
1008,RH30,DR_O6MeG,100,0.16835479747272125,0.15472659899002167,0.1809531336801146
1009,RH30,DR_O6MeG,500,0.16823752417198773,0.16288865894342078,0.17426429500435958
1010,RH30,MMR,1,0.17007537454738755,0.0,0.5637583892617449
1011,RH30,MMR,2,0.1794153049154417,0.015151515151515152,0.47234248692512876
1012,RH30,MMR,3,0.1723171076140663,0.03373594588807043,0.3874800544415331
1013,RH30,MMR,4,0.17539048246510405,0.04889137692525625,0.3588310768311381
1014,RH30,MMR,5,0.17254641281259148,0.05392126332872763,0.3342738829474599
1015,RH30,MMR,10,0.17425339538298218,0.07620093555445868,0.2823734556654188
1016,RH30,MMR,20,0.17479714525386775,0.10698732415951337,0.24972354964577181
1017,RH30,MMR,30,0.17349104306233876,0.114914414306364,0.23394275789838065
1018,RH30,MMR,100,0.17557194748389307,0.1438244989719774,0.20888799777607753
1019,RH30,MMR,500,0.1749553422995961,0.1599146801667032,0.18980377432360632
1020,RH30,NER,1,0.026379843988921493,0.0,0.11616161465644836
1021,RH30,NER,2,0.026296161240898074,0.004476774518843741,0.07342349309474229
1022,RH30,NER,3,0.026838944555725903,0.007819380250293762,0.06267641764134169
1023,RH30,NER,4,0.025410320166964085,0.008813606086187064,0.05357193406671285
1024,RH30,NER,5,0.026638304648920894,0.010078247077763081,0.050989678315818306
1025,RH30,NER,10,0.02620065394602716,0.01345508664380759,0.04276045812293886
1026,RH30,NER,20,0.0261950280405581,0.0172940188087523,0.037369638215750456
1027,RH30,NER,30,0.02621948988828808,0.01800722172483802,0.03513082331046462
1028,RH30,NER,100,0.026312582882121207,0.021840741019696,0.031209586095064877
1029,RH30,NER,500,0.026281266950070856,0.02436410803347826,0.028268283978104592
1030,RH30,NHEJ,1,1.0326342619657516,0.45957446098327637,2.1140940189361572
1031,RH30,NHEJ,2,1.0476622832715512,0.5823847591876984,1.6632487356662744
1032,RH30,NHEJ,3,1.0477084487974644,0.6626392662525177,1.567303791642189
1033,RH30,NHEJ,4,1.0374622679948806,0.7227413475513458,1.4622168213129043
1034,RH30,NHEJ,5,1.0394513905644416,0.7239276394248009,1.4151771426200868
1035,RH30,NHEJ,10,1.0303866826891899,0.8168701529502869,1.292141205072403
1036,RH30,NHEJ,20,1.0331700281500817,0.8701776504516602,1.2239820837974549
1037,RH30,NHEJ,30,1.0329961643218994,0.9024967074394226,1.1825339525938035
1038,RH30,NHEJ,100,1.0360728876590728,0.9542070806026459,1.1165623724460603
1039,RH30,NHEJ,500,1.0352334269285202,1.0022211104631424,1.0705731630325317
1040,SAOS2,BER_8oxoG_C,1,0.8890573877605225,0.7794376098418277,0.981651376146789
1041,SAOS2,BER_8oxoG_C,2,0.8860329040686363,0.796531241337779,0.9598857074967329
1042,SAOS2,BER_8oxoG_C,3,0.887721440754313,0.8106274190078047,0.9475890973327835
1043,SAOS2,BER_8oxoG_C,4,0.8875412782456761,0.8280281722091699,0.9421260348381387
1044,SAOS2,BER_8oxoG_C,5,0.888491963240154,0.8315168400711568,0.9353166766218863
1045,SAOS2,BER_8oxoG_C,10,0.8887824546781166,0.8505379696489368,0.9251959366985698
1046,SAOS2,BER_8oxoG_C,20,0.8878722210237331,0.8589232585797616,0.9131941033406729
1047,SAOS2,BER_8oxoG_C,30,0.8877882279012236,0.8663718392823866,0.907264390605124
1048,SAOS2,BER_8oxoG_C,100,0.8873931934550194,0.8759630331291828,0.8988425413698755
1049,SAOS2,BER_8oxoG_C,500,0.887669624384297,0.8825252084718388,0.8929905968567963
1050,SAOS2,BER_A_8oxoG,1,0.4284991065767193,0.12023460410557185,0.8170731707317073
1051,SAOS2,BER_A_8oxoG,2,0.4271627201066703,0.18530909260867467,0.6698023119770239
1052,SAOS2,BER_A_8oxoG,3,0.42710713342269946,0.195685698694616,0.6452775849159823
1053,SAOS2,BER_A_8oxoG,4,0.4270186606039714,0.24448384030880574,0.6176380967858678
1054,SAOS2,BER_A_8oxoG,5,0.4281656377541929,0.2703290804529079,0.5986912669125904
1055,SAOS2,BER_A_8oxoG,10,0.42866103176722803,0.3110538156058286,0.5381281809931732
1056,SAOS2,BER_A_8oxoG,20,0.42505745184328375,0.34123728534995246,0.5046777114567916
1057,SAOS2,BER_A_8oxoG,30,0.42745039567132703,0.36251207924382123,0.49358862473614207
1058,SAOS2,BER_A_8oxoG,100,0.42732595853353206,0.38993272409792634,0.465896728801384
1059,SAOS2,BER_A_8oxoG,500,0.4278971953135066,0.4112736077152915,0.4470572677807406
1060,SAOS2,BER_Hx,1,0.8240722064456005,0.631578947368421,0.9928057553956835
1061,SAOS2,BER_Hx,2,0.8321941253981762,0.7080697490374295,0.9488056758914553
1062,SAOS2,BER_Hx,3,0.8338787055475367,0.7268561306263183,0.9369224359535472
1063,SAOS2,BER_Hx,4,0.8297422850040046,0.7416497007947124,0.9245100288117263
1064,SAOS2,BER_Hx,5,0.8351325143179866,0.762258805494146,0.9093115865897695
1065,SAOS2,BER_Hx,10,0.8324689568514154,0.7749584833651697,0.8880529551078981
1066,SAOS2,BER_Hx,20,0.8314475630098573,0.7910933585008614,0.8696057948082863
1067,SAOS2,BER_Hx,30,0.8332407308171165,0.8015472933547978,0.864444492302817
1068,SAOS2,BER_Hx,100,0.8323047415154398,0.8147817564982072,0.849783632128556
1069,SAOS2,BER_Hx,500,0.8324531844863186,0.8245222283544104,0.8396376154154558
1070,SAOS2,BER_UG,1,0.9895259888884527,0.9091474797759801,1.0
1071,SAOS2,BER_UG,2,0.9873338679178213,0.9239193875098706,1.0
1072,SAOS2,BER_UG,3,0.9879483173154786,0.9298245614035089,1.0
1073,SAOS2,BER_UG,4,0.9872111623083691,0.945124228849993,1.0
1074,SAOS2,BER_UG,5,0.9875376107279094,0.9503944880907532,1.0
1075,SAOS2,BER_UG,10,0.9878176108371779,0.9661000597440291,0.9996573384656544
1076,SAOS2,BER_UG,20,0.9879668921267053,0.9729473975184958,0.9981647812568016
1077,SAOS2,BER_UG,30,0.9875445022499691,0.9751634364610899,0.9966785706093901
1078,SAOS2,BER_UG,100,0.9876534816208006,0.981656089640885,0.9931231982644241
1079,SAOS2,BER_UG,500,0.987700161989434,0.9847152238697258,0.9902634812070261
1080,SAOS2,DR_O6MeG,1,0.28169581152709394,0.043478260869565216,0.9230769230769231
1081,SAOS2,DR_O6MeG,2,0.2790941758893247,0.0901859682229056,0.6315047021943574
1082,SAOS2,DR_O6MeG,3,0.2816696196409541,0.11725591173526524,0.5627199470107402
1083,SAOS2,DR_O6MeG,4,0.28747434196282823,0.13103501274902507,0.5379877179097301
1084,SAOS2,DR_O6MeG,5,0.28743362882779244,0.14354890629414352,0.5138824596472301
1085,SAOS2,DR_O6MeG,10,0.2827309950780832,0.17045965596563592,0.42348780540252545
1086,SAOS2,DR_O6MeG,20,0.2836582520043256,0.19521268159264557,0.3820060986004184
1087,SAOS2,DR_O6MeG,30,0.2875339407839707,0.21106998525805934,0.37244420945028417
1088,SAOS2,DR_O6MeG,100,0.28672034378667133,0.24495731702099155,0.3318706155916562
1089,SAOS2,DR_O6MeG,500,0.2862644224872262,0.2664751321856603,0.3064024027269681
1090,SAOS2,MMR,1,0.13938541914781613,0.0,0.5616438356164384
1091,SAOS2,MMR,2,0.14497782884498958,0.012869317190564214,0.4036306065802499
1092,SAOS2,MMR,3,0.14963093319475027,0.021714700253978734,0.38752667577131045
1093,SAOS2,MMR,4,0.14601122337873734,0.028781062430778926,0.32312007497759715
1094,SAOS2,MMR,5,0.14755191991231892,0.03799868746202414,0.31487956257297683
1095,SAOS2,MMR,10,0.14697045829240146,0.06014340696885046,0.2572086395885216
1096,SAOS2,MMR,20,0.14834710877730756,0.08194265876749683,0.22444636202482518
1097,SAOS2,MMR,30,0.14683655390909334,0.09484499845047274,0.2060770655076052
1098,SAOS2,MMR,100,0.14698272732738454,0.11913956157574133,0.18112282941695332
1099,SAOS2,MMR,500,0.14769256504355097,0.13461144109973386,0.16240032540675348
1100,SAOS2,NER,1,0.03396324301091954,0.0,0.12621359527111053
1101,SAOS2,NER,2,0.034479962302953936,0.00446184907341376,0.10775243565440178
1102,SAOS2,NER,3,0.03479358084319392,0.00593211934901774,0.15211861133575375
1103,SAOS2,NER,4,0.034998720923322256,0.008537897048518062,0.1483156155794859
1104,SAOS2,NER,5,0.033583745874930175,0.00970446753781289,0.11349087394773952
1105,SAOS2,NER,10,0.03545705696288496,0.01359706639777869,0.08731116317212581
1106,SAOS2,NER,20,0.0347219766266644,0.018014299171045422,0.06659011356532572
1107,SAOS2,NER,30,0.03437601977586746,0.020308013027533888,0.05877188658341765
1108,SAOS2,NER,100,0.03459067059867084,0.025796741480007768,0.047391706611961126
1109,SAOS2,NER,500,0.034397769005969164,0.02987367226742208,0.039551430847495794
1110,SAOS2,NHEJ,1,1.3897618213929237,0.3080687783658505,3.0194444417953314
1111,SAOS2,NHEJ,2,1.4286346112191677,0.581194956600666,2.926804381608962
1112,SAOS2,NHEJ,3,1.408181157052517,0.7092514201998711,2.5859954655170436
1113,SAOS2,NHEJ,4,1.4040255225300788,0.7986819759011269,2.2684234857559202
1114,SAOS2,NHEJ,5,1.3936428306698798,0.869040048122406,2.1447480618953705
1115,SAOS2,NHEJ,10,1.4059650670289994,0.9786121472716331,1.9407517433166501
1116,SAOS2,NHEJ,20,1.3927491319179535,1.071723648905754,1.7380634635686874
1117,SAOS2,NHEJ,30,1.3966052957177162,1.1327703595161438,1.7034226924180984
1118,SAOS2,NHEJ,100,1.3963140082359313,1.249693700671196,1.5550578355789184
1119,SAOS2,NHEJ,500,1.3934534740448,1.3285837829113007,1.4617627888917923
1120,TK6 LIG4-/-,BER_8oxoG_C,1,0.9382855609579586,0.8305084745762712,1.0
1121,TK6 LIG4-/-,BER_8oxoG_C,2,0.9371437554694454,0.8781370622299463,0.9846167184868899
1122,TK6 LIG4-/-,BER_8oxoG_C,3,0.9374288057343212,0.8920912133758873,0.9747714998596468
1123,TK6 LIG4-/-,BER_8oxoG_C,4,0.9380118357133448,0.9018542485769546,0.9690285022323378
1124,TK6 LIG4-/-,BER_8oxoG_C,5,0.9369053587547167,0.9049771649413563,0.9659897367502471
1125,TK6 LIG4-/-,BER_8oxoG_C,10,0.9381968242302946,0.9138813930856103,0.9589607689040606
1126,TK6 LIG4-/-,BER_8oxoG_C,20,0.9384699841335379,0.9223060981982828,0.9530352105115701
1127,TK6 LIG4-/-,BER_8oxoG_C,30,0.9382011880869423,0.9261236889141724,0.9503215634020079
1128,TK6 LIG4-/-,BER_8oxoG_C,100,0.937850941435721,0.9307057125302982,0.9451694956293657
1129,TK6 LIG4-/-,BER_8oxoG_C,500,0.9380511856335509,0.9349161684199175,0.9411426814678419
1130,TK6 LIG4-/-,BER_A_8oxoG,1,0.6738786662110163,0.40476190476190477,0.8391959798994975
1131,TK6 LIG4-/-,BER_A_8oxoG,2,0.6723901436365296,0.49620493358633777,0.8058798452154522
1132,TK6 LIG4-/-,BER_A_8oxoG,3,0.6736928648732564,0.5324760264771295,0.7900326252013442
1133,TK6 LIG4-/-,BER_A_8oxoG,4,0.6751308399182554,0.552156048207874,0.7814595293372222
1134,TK6 LIG4-/-,BER_A_8oxoG,5,0.6712215335144223,0.5663558151431504,0.7599152864910961
1135,TK6 LIG4-/-,BER_A_8oxoG,10,0.6756404937459703,0.601530646296883,0.7441477379681697
1136,TK6 LIG4-/-,BER_A_8oxoG,20,0.6741819608423604,0.6230763371809095,0.7223211918152315
1137,TK6 LIG4-/-,BER_A_8oxoG,30,0.6741688196789763,0.6296490873325891,0.7149353609762377
1138,TK6 LIG4-/-,BER_A_8oxoG,100,0.6733591306406113,0.6503517365657001,0.6955534317527865
1139,TK6 LIG4-/-,BER_A_8oxoG,500,0.6740445152722342,0.6639170142409007,0.684120851421761
1140,TK6 LIG4-/-,BER_Hx,1,0.8775051202176766,0.5984848484848485,1.0
1141,TK6 LIG4-/-,BER_Hx,2,0.8750290186148058,0.7185651334057709,0.9782608695652174
1142,TK6 LIG4-/-,BER_Hx,3,0.8796869521224608,0.7516968138472478,0.9588379771249734
1143,TK6 LIG4-/-,BER_Hx,4,0.8810514263246336,0.7706253281741186,0.9483271684003921
1144,TK6 LIG4-/-,BER_Hx,5,0.8794662307264429,0.7818560777173538,0.9448378187254507
1145,TK6 LIG4-/-,BER_Hx,10,0.8821752858495199,0.8193515477492948,0.9268042687769206
1146,TK6 LIG4-/-,BER_Hx,20,0.8820261344111386,0.8418307495082412,0.9188022798359388
1147,TK6 LIG4-/-,BER_Hx,30,0.8812638662016168,0.8460819783173098,0.9115628667653355
1148,TK6 LIG4-/-,BER_Hx,100,0.88063068542424,0.8629561566479539,0.8983214263794636
1149,TK6 LIG4-/-,BER_Hx,500,0.8809717776196071,0.8723476042224586,0.8885403491753715
1150,TK6 LIG4-/-,BER_UG,1,0.9666659656573086,0.8321678321678322,1.0
1151,TK6 LIG4-/-,BER_UG,2,0.9685639789418399,0.8918649406134626,1.0
1152,TK6 LIG4-/-,BER_UG,3,0.9663754491572263,0.9023762461925615,1.0
1153,TK6 LIG4-/-,BER_UG,4,0.9689608717316704,0.9151107327043535,0.9990842490842491
1154,TK6 LIG4-/-,BER_UG,5,0.9667908393850196,0.9199301959985932,0.9978034921497819
1155,TK6 LIG4-/-,BER_UG,10,0.9679187797803057,0.9372138307742915,0.9934013561833913
1156,TK6 LIG4-/-,BER_UG,20,0.9677393899455138,0.9456786093112369,0.9867065029770485
1157,TK6 LIG4-/-,BER_UG,30,0.9682131900974262,0.9508828997729901,0.9844203176596079
1158,TK6 LIG4-/-,BER_UG,100,0.9680943659654175,0.9587347387917002,0.9771775600623276
1159,TK6 LIG4-/-,BER_UG,500,0.9679475790412442,0.9635115781892887,0.971853075187752
1160,TK6 LIG4-/-,DR_O6MeG,1,0.201739547587474,0.10509554140127389,0.32608695652173914
1161,TK6 LIG4-/-,DR_O6MeG,2,0.2017877911951336,0.135283209568271,0.2747094849756891
1162,TK6 LIG4-/-,DR_O6MeG,3,0.20139572156123828,0.1377176868780375,0.26164794115537765
1163,TK6 LIG4-/-,DR_O6MeG,4,0.2014312653406639,0.15377858242660797,0.2514666745861571
1164,TK6 LIG4-/-,DR_O6MeG,5,0.20051980046160048,0.1549481315310464,0.24773473600022763
1165,TK6 LIG4-/-,DR_O6MeG,10,0.20097063254080239,0.17007010030456104,0.2349302489450214
1166,TK6 LIG4-/-,DR_O6MeG,20,0.2011058847092489,0.17863855986526436,0.22306497577556525
1167,TK6 LIG4-/-,DR_O6MeG,30,0.20139959679083322,0.18398418765607202,0.2198306807960646
1168,TK6 LIG4-/-,DR_O6MeG,100,0.2014206803896473,0.19122717077990845,0.2108179081528785
1169,TK6 LIG4-/-,DR_O6MeG,500,0.2014433824807433,0.1969668442190484,0.20596956131068817
1170,TK6 LIG4-/-,MMR,1,0.17627252657170073,0.0,0.4939759036144578
1171,TK6 LIG4-/-,MMR,2,0.1758393658707733,0.04591836734693878,0.35809906291834004
1172,TK6 LIG4-/-,MMR,3,0.17642306606802508,0.05690495041315327,0.3168251628260452
1173,TK6 LIG4-/-,MMR,4,0.17741777934300892,0.08017250131760022,0.28755647475114376
1174,TK6 LIG4-/-,MMR,5,0.17184701725555024,0.08841265813474553,0.27905507941055224
1175,TK6 LIG4-/-,MMR,10,0.17660442472360247,0.10939016537395559,0.2517597774403824
1176,TK6 LIG4-/-,MMR,20,0.17774990719933687,0.1314722760115777,0.22974527921177443
1177,TK6 LIG4-/-,MMR,30,0.17650349685837344,0.13886934316087057,0.21698821678662414
1178,TK6 LIG4-/-,MMR,100,0.17638126818897268,0.15311540936345738,0.20031152177400327
1179,TK6 LIG4-/-,MMR,500,0.1765769160472978,0.16603474284046144,0.18716976541908834
1180,TK6 LIG4-/-,NER,1,0.2032246888829395,0.0,1.872340440750122
1181,TK6 LIG4-/-,NER,2,0.19645681254891678,0.01105442177504301,0.9909647703170776
1182,TK6 LIG4-/-,NER,3,0.19904806074872614,0.019236494647338988,0.7547558426856994
1183,TK6 LIG4-/-,NER,4,0.20421449907589703,0.03280383413657546,0.6572464004158973
1184,TK6 LIG4-/-,NER,5,0.19632668440323323,0.03912869645282626,0.5590441361069678
1185,TK6 LIG4-/-,NER,10,0.19940141144767404,0.0644220806658268,0.4714867800474166
1186,TK6 LIG4-/-,NER,20,0.19477091129124163,0.09027223642915487,0.3729347608983516
1187,TK6 LIG4-/-,NER,30,0.1949050369784236,0.10182723682373762,0.33955910354852675
1188,TK6 LIG4-/-,NER,100,0.19877961353957654,0.14074185378849507,0.2711181566119194
1189,TK6 LIG4-/-,NER,500,0.19733519376814365,0.16964736953377724,0.22797724418342113
1190,TK6 LIG4-/-,NHEJ,1,0.08053016380406916,0.019704433158040047,0.19090908765792847
1191,TK6 LIG4-/-,NHEJ,2,0.0822694627624005,0.03597800433635712,0.15795454382896423
1192,TK6 LIG4-/-,NHEJ,3,0.08098309385403991,0.041891162563115356,0.14185981452465057
1193,TK6 LIG4-/-,NHEJ,4,0.08295519173517824,0.044501178245991466,0.13141114525496955
1194,TK6 LIG4-/-,NHEJ,5,0.0801175062507391,0.04723327485844493,0.12213388886302708
1195,TK6 LIG4-/-,NHEJ,10,0.0815390905328095,0.05524799805134535,0.11107343081384898
1196,TK6 LIG4-/-,NHEJ,20,0.08126773936673999,0.06272661909461022,0.10121053718030452
1197,TK6 LIG4-/-,NHEJ,30,0.08138799240067601,0.06512204520404338,0.09858414996415377
1198,TK6 LIG4-/-,NHEJ,100,0.08125547975301743,0.07316519618034363,0.09030330702662467
1199,TK6 LIG4-/-,NHEJ,500,0.08135184336453677,0.07760998085141183,0.08527953680604695
1200,U2OS OGG-/-,BER_8oxoG_C,1,0.8343940803922505,0.7012987012987013,0.9394385026737968
1201,U2OS OGG-/-,BER_8oxoG_C,2,0.8325243210966281,0.7358466340075853,0.9131098037767562
1202,U2OS OGG-/-,BER_8oxoG_C,3,0.8312220851297286,0.7601359396671188,0.8972354527205422
1203,U2OS OGG-/-,BER_8oxoG_C,4,0.8327232561729743,0.7744616045673364,0.8929023896525266
1204,U2OS OGG-/-,BER_8oxoG_C,5,0.8323084054659166,0.7778207038680295,0.8847369088384422
1205,U2OS OGG-/-,BER_8oxoG_C,10,0.8342369563081112,0.7960776193186401,0.8726398871128604
1206,U2OS OGG-/-,BER_8oxoG_C,20,0.8325398140405552,0.8054506884905496,0.8609327959405936
1207,U2OS OGG-/-,BER_8oxoG_C,30,0.8329803744991551,0.8111737947373677,0.8538173148529485
1208,U2OS OGG-/-,BER_8oxoG_C,100,0.8326889146147338,0.8207881338394283,0.8449941682383755
1209,U2OS OGG-/-,BER_8oxoG_C,500,0.8330863758570634,0.8278152208787699,0.8384031571766292
1210,U2OS OGG-/-,BER_A_8oxoG,1,0.5407854503667364,0.20793227513227514,0.809437386569873
1211,U2OS OGG-/-,BER_A_8oxoG,2,0.5476116585282176,0.3246618204314681,0.7343154023776026
1212,U2OS OGG-/-,BER_A_8oxoG,3,0.5454051114556548,0.38287722779571776,0.703806167111648
1213,U2OS OGG-/-,BER_A_8oxoG,4,0.5439802590932258,0.3744460910240185,0.6834622593596698
1214,U2OS OGG-/-,BER_A_8oxoG,5,0.5482438683257284,0.4112849838088652,0.6705259295078276
1215,U2OS OGG-/-,BER_A_8oxoG,10,0.5444374115593147,0.4498815568976834,0.6379059821336595
1216,U2OS OGG-/-,BER_A_8oxoG,20,0.5446336250920899,0.4777274324816397,0.6089292556122692
1217,U2OS OGG-/-,BER_A_8oxoG,30,0.5442845718185151,0.4880479730211524,0.5994555606217906
1218,U2OS OGG-/-,BER_A_8oxoG,100,0.5443969679163836,0.5150977533922979,0.5731252739709726
1219,U2OS OGG-/-,BER_A_8oxoG,500,0.5436776913431017,0.5292113006218633,0.5571722495800847
1220,U2OS OGG-/-,BER_Hx,1,0.8813797839752757,0.7443181818181818,0.9871086556169429
1221,U2OS OGG-/-,BER_Hx,2,0.8828017221500216,0.7874996277246531,0.9668083680738186
1222,U2OS OGG-/-,BER_Hx,3,0.883092247297494,0.8037707654237465,0.9494766103470474
1223,U2OS OGG-/-,BER_Hx,4,0.8835572680627677,0.8105042641174978,0.941688909892839
1224,U2OS OGG-/-,BER_Hx,5,0.8843927741190855,0.8215532035184723,0.9382714980011704
1225,U2OS OGG-/-,BER_Hx,10,0.8853376216552598,0.8347789013751366,0.9262316163845656
1226,U2OS OGG-/-,BER_Hx,20,0.8841783669882509,0.8525012816226261,0.9126431328855151
1227,U2OS OGG-/-,BER_Hx,30,0.8839071012966246,0.8602066944968713,0.9067146258046632
1228,U2OS OGG-/-,BER_Hx,100,0.8840750466322519,0.8698093116004091,0.8962870380335488
1229,U2OS OGG-/-,BER_Hx,500,0.8839170447275418,0.877372919116403,0.8897800109377052
1230,U2OS OGG-/-,BER_UG,1,0.9923238134652411,0.9334155363748459,1.0
1231,U2OS OGG-/-,BER_UG,2,0.9925653161265203,0.9606552237131796,1.0
1232,U2OS OGG-/-,BER_UG,3,0.9925341868021659,0.9666093115233709,1.0
1233,U2OS OGG-/-,BER_UG,4,0.992414069135034,0.9694485866790604,0.9998212700967949
1234,U2OS OGG-/-,BER_UG,5,0.9926577313899108,0.973168701578518,0.9997697527809566
1235,U2OS OGG-/-,BER_UG,10,0.9927630829990179,0.980122016021621,0.9990409259821112
1236,U2OS OGG-/-,BER_UG,20,0.9928296924830166,0.985537487255852,0.9979570712372492
1237,U2OS OGG-/-,BER_UG,30,0.9928244015503084,0.986791502805375,0.9974391468698456
1238,U2OS OGG-/-,BER_UG,100,0.9928022138728254,0.9896266118205709,0.9955542589409228
1239,U2OS OGG-/-,BER_UG,500,0.9927660241612136,0.991334070959484,0.9940794705821693
1240,U2OS OGG-/-,DR_O6MeG,1,0.7641681910711441,0.2334342053885201,0.9788732394366197
1241,U2OS OGG-/-,DR_O6MeG,2,0.764418265437787,0.46802070673235374,0.9431452628632737
1242,U2OS OGG-/-,DR_O6MeG,3,0.7636028532818244,0.5358004035026115,0.9169847374054683
1243,U2OS OGG-/-,DR_O6MeG,4,0.7672849158494047,0.5629416471876327,0.9068252970516374
1244,U2OS OGG-/-,DR_O6MeG,5,0.7615822346682924,0.5678029787561668,0.8946879088452482
1245,U2OS OGG-/-,DR_O6MeG,10,0.7657688512374042,0.6436011680429296,0.8643000295473836
1246,U2OS OGG-/-,DR_O6MeG,20,0.763848506729698,0.674998790746057,0.8368092666251796
1247,U2OS OGG-/-,DR_O6MeG,30,0.7617441453315853,0.6909832775346332,0.8213102336172198
1248,U2OS OGG-/-,DR_O6MeG,100,0.7637147529805943,0.7268698527430723,0.7982361601049457
1249,U2OS OGG-/-,DR_O6MeG,500,0.7627259553281587,0.7468133280646,0.7779561063836407
1250,U2OS OGG-/-,MMR,1,0.15727804211532642,0.0,0.5
1251,U2OS OGG-/-,MMR,2,0.15161676428972168,0.028796422023763413,0.35544920109420164
1252,U2OS OGG-/-,MMR,3,0.15215781330288805,0.04448484839027142,0.3244796457930525
1253,U2OS OGG-/-,MMR,4,0.15135032991210423,0.05032320464267503,0.3086764091503321
1254,U2OS OGG-/-,MMR,5,0.1512460519811063,0.06495317158398892,0.26902794803125024
1255,U2OS OGG-/-,MMR,10,0.15196705085308357,0.08118630618605213,0.25062712182807295
1256,U2OS OGG-/-,MMR,20,0.15115223386272314,0.10075524122266127,0.21216444603738754
1257,U2OS OGG-/-,MMR,30,0.15175046501403838,0.10686834453176292,0.20283826255653514
1258,U2OS OGG-/-,MMR,100,0.15141474497681845,0.12860268482869405,0.17753794597254355
1259,U2OS OGG-/-,MMR,500,0.1507521394272912,0.13970931079951773,0.16160402790299158
1260,U2OS OGG-/-,NER,1,0.10300601078290492,0.005747126415371895,0.3716383107006549
1261,U2OS OGG-/-,NER,2,0.09611180434562266,0.02255776454694569,0.26062990725040436
1262,U2OS OGG-/-,NER,3,0.09755867438577115,0.029268812900409103,0.23805160671472547
1263,U2OS OGG-/-,NER,4,0.0972663152879104,0.037150759063661096,0.20440552346408367
1264,U2OS OGG-/-,NER,5,0.09695778603293001,0.039478708244860175,0.19294660724699492
1265,U2OS OGG-/-,NER,10,0.09723136202804744,0.05112225338816643,0.16313644535839555
1266,U2OS OGG-/-,NER,20,0.09802221605926752,0.06220702845603228,0.14450739696621895
1267,U2OS OGG-/-,NER,30,0.09682354966923594,0.06733111534267663,0.13377706632018088
1268,U2OS OGG-/-,NER,100,0.0979226487725973,0.08080358300358056,0.11591989323496818
1269,U2OS OGG-/-,NER,500,0.09678971105068922,0.0886255456134677,0.1053713383153081
1270,U2OS OGG-/-,NHEJ,1,1.1372733633331955,0.22680412232875824,2.42668485045433
1271,U2OS OGG-/-,NHEJ,2,1.1310576875805856,0.5264015644788742,2.0704360127449033
1272,U2OS OGG-/-,NHEJ,3,1.1410449257194997,0.6546440809965134,1.8600598216056823
1273,U2OS OGG-/-,NHEJ,4,1.1488415439724922,0.7283161908388138,1.7716691106557847
1274,U2OS OGG-/-,NHEJ,5,1.130670341014862,0.7482672452926636,1.6432523041963567
1275,U2OS OGG-/-,NHEJ,10,1.1362203810811042,0.8674127876758575,1.5108040273189542
1276,U2OS OGG-/-,NHEJ,20,1.1384613512158395,0.9290803343057632,1.393633708357811
1277,U2OS OGG-/-,NHEJ,30,1.1350794199109078,0.9772674679756165,1.3262980461120604
1278,U2OS OGG-/-,NHEJ,100,1.1328598524928093,1.0260249137878419,1.235264417529106
1279,U2OS OGG-/-,NHEJ,500,1.1348346379995347,1.0901209235191345,1.1837636470794677
