,label,pathway,N cells,mean_repair,ci95_low,ci95_high
0,143B,BER_8oxoG_C,1,0.9341521072856934,0.8483934169278997,0.9836686274509804
1,143B,BER_8oxoG_C,2,0.9311528233575034,0.8762012240587361,0.970287548849922
2,143B,BER_8oxoG_C,3,0.9319576854812792,0.885198231327713,0.9682466674153509
3,143B,BER_8oxoG_C,4,0.9310239176339918,0.8846222189293811,0.9622551184749945
4,143B,BER_8oxoG_C,5,0.930727423581004,0.8949037713666906,0.9582798857597135
5,143B,BER_8oxoG_C,10,0.9323782791491405,0.9098295423310918,0.9537987258336911
6,143B,BER_8oxoG_C,20,0.9318054047410195,0.9157862759619926,0.9471920418755437
7,143B,BER_8oxoG_C,30,0.9322302753814051,0.919038789542677,0.9439096967961342
8,143B,BER_8oxoG_C,100,0.9321269089882576,0.9250120483386843,0.939105907352739
9,143B,BER_8oxoG_C,500,0.9320764643755493,0.9289873617124355,0.9351696112796369
10,143B,BER_A_8oxoG,1,0.7436522305035494,0.5371782650142993,0.8928824123989219
11,143B,BER_A_8oxoG,2,0.7413851678973505,0.5846846867289831,0.8500608832494643
12,143B,BER_A_8oxoG,3,0.7397573303853447,0.616661717661986,0.8306606080124377
13,143B,BER_A_8oxoG,4,0.7407114895263197,0.6422917138627481,0.8199599466098493
14,143B,BER_A_8oxoG,5,0.741993781899954,0.6521808880378399,0.8161347106869195
15,143B,BER_A_8oxoG,10,0.7422793202509662,0.6828236796656812,0.7917097780734929
16,143B,BER_A_8oxoG,20,0.7419245860728761,0.6979060864344109,0.7790137882943639
17,143B,BER_A_8oxoG,30,0.7416390289067575,0.7059593870343769,0.7723591648003146
18,143B,BER_A_8oxoG,100,0.7421935065297184,0.7241962159215554,0.7592723329663027
19,143B,BER_A_8oxoG,500,0.7418243974968521,0.7338442227125465,0.7497091492799399
20,143B,BER_Hx,1,0.8933633313569039,0.7738913162705667,0.9895833333333334
21,143B,BER_Hx,2,0.8918206771510009,0.8060696821183343,0.9623271324888151
22,143B,BER_Hx,3,0.8913038481892697,0.8231789893480304,0.9458269751805236
23,143B,BER_Hx,4,0.8924595435568967,0.8329481310354317,0.9391979306541859
24,143B,BER_Hx,5,0.8928113490043689,0.8399340377220668,0.9357487537019307
25,143B,BER_Hx,10,0.8931509314879051,0.85910892893936,0.9271578136701772
26,143B,BER_Hx,20,0.8925203574087032,0.867852420316258,0.9153569243935757
27,143B,BER_Hx,30,0.8933901808068929,0.874032458410151,0.9121691115535755
28,143B,BER_Hx,100,0.8927704374278534,0.8821969892541368,0.9035731124927527
29,143B,BER_Hx,500,0.8928133767237504,0.8874432115244042,0.8977323602583392
30,143B,BER_UG,1,0.9967927967235348,0.9815950920245399,1.0
31,143B,BER_UG,2,0.9971002480984935,0.9874291747727856,1.0
32,143B,BER_UG,3,0.9967638455324012,0.9822866344605474,1.0
33,143B,BER_UG,4,0.9967616161972145,0.9867036846750441,1.0
34,143B,BER_UG,5,0.9967614664788381,0.984547131431659,0.999859943977591
35,143B,BER_UG,10,0.9969217071219019,0.9903232720069116,0.9994444668418512
36,143B,BER_UG,20,0.9968591657731442,0.992420365580571,0.9989489235846634
37,143B,BER_UG,30,0.9969070635853908,0.9938729874227881,0.9986319185130901
38,143B,BER_UG,100,0.9969207123854325,0.9951821225862474,0.9980508053142323
39,143B,BER_UG,500,0.9968966480648598,0.9962464965986323,0.9974748403055755
40,143B,DR_O6MeG,1,0.25892212674471543,0.13795094016047038,0.45395624670532414
41,143B,DR_O6MeG,2,0.2580120271465093,0.1633653061946507,0.3859498819773502
42,143B,DR_O6MeG,3,0.2604596100543091,0.17504909684480718,0.3732186993332646
43,143B,DR_O6MeG,4,0.25675518680573967,0.18962174634604598,0.3472224875247896
44,143B,DR_O6MeG,5,0.2550938304168609,0.1931210444133843,0.3472173150782282
45,143B,DR_O6MeG,10,0.25784901481398437,0.21528531793090935,0.31359170678557624
46,143B,DR_O6MeG,20,0.25850145942062486,0.22320072799210694,0.2990849766685898
47,143B,DR_O6MeG,30,0.2580755673947587,0.23048448846775663,0.2891340118133661
48,143B,DR_O6MeG,100,0.25875649765813274,0.24287336165157855,0.27731104238528287
49,143B,DR_O6MeG,500,0.25834491576815205,0.2507895193459738,0.26561693907223294
50,143B,MMR,1,0.25152068671829614,0.031910276148982876,0.6099706744868035
51,143B,MMR,2,0.25275683520626646,0.07107506464124111,0.5140676604815947
52,143B,MMR,3,0.25241508400528,0.08946823880211219,0.45239031219258985
53,143B,MMR,4,0.24987312052009544,0.1131483214886825,0.4324212548888349
54,143B,MMR,5,0.25212639251320434,0.12176121626189892,0.4036473376418503
55,143B,MMR,10,0.25351762839636804,0.1578086521321929,0.35995091625783615
56,143B,MMR,20,0.2527493635564645,0.18750378271436133,0.32430601003888393
57,143B,MMR,30,0.25378274540606915,0.19514024993590634,0.3135187346162056
58,143B,MMR,100,0.25404186608971296,0.22187736831342747,0.28496139070733434
59,143B,MMR,500,0.2532787175611605,0.23970207730966123,0.2667263423461598
60,143B,NER,1,0.13027429659757764,0.003963414486497646,0.5771551683545111
61,143B,NER,2,0.13973347375704906,0.014359163609333337,0.48687375709414477
62,143B,NER,3,0.13735172464419157,0.02594641000032425,0.4308151878416537
63,143B,NER,4,0.12909547911956906,0.03540788535028696,0.35003174096345896
64,143B,NER,5,0.1307527072932571,0.04048895817250013,0.3197920210659504
65,143B,NER,10,0.13123711705580354,0.05453749466687441,0.2844660207629203
66,143B,NER,20,0.1317470899708569,0.07610874008387328,0.22220376059412952
67,143B,NER,30,0.13230058695375918,0.08147844597697258,0.20759545415639877
68,143B,NER,100,0.1341828657016158,0.10379671771079302,0.17363823242485524
69,143B,NER,500,0.13283091236650943,0.11813449878245592,0.1490441631525755
70,143B,NHEJ,1,0.9923781619742512,0.349497639387846,1.9302325248718262
71,143B,NHEJ,2,0.9859881609082222,0.5112635433673859,1.6969642311334607
72,143B,NHEJ,3,1.0078165253400804,0.5977926149964332,1.521383586525917
73,143B,NHEJ,4,0.9979496380090713,0.6715282946825027,1.4470055371522903
74,143B,NHEJ,5,0.9928826699256897,0.6309782072901726,1.3793678283691406
75,143B,NHEJ,10,0.999870186984539,0.7521175175905228,1.2842785447835923
76,143B,NHEJ,20,0.9995341648459435,0.8321818426251412,1.1954521000385283
77,143B,NHEJ,30,0.9970092901587486,0.8504314437508583,1.148975709080696
78,143B,NHEJ,100,1.0021155093312264,0.9184047430753708,1.084759595990181
79,143B,NHEJ,500,0.9990987662672997,0.9643007948994636,1.0368801444768905
80,ALLSIL,BER_8oxoG_C,1,0.8843704279430638,0.8,0.9515570934256056
81,ALLSIL,BER_8oxoG_C,2,0.8826516134702953,0.8265034193799559,0.9315029775897472
82,ALLSIL,BER_8oxoG_C,3,0.8847958476074221,0.8414600569937519,0.9324251018335976
83,ALLSIL,BER_8oxoG_C,4,0.8844670897177483,0.8434552193632102,0.9220497237137236
84,ALLSIL,BER_8oxoG_C,5,0.884333051853641,0.852315877193494,0.9164139667883544
85,ALLSIL,BER_8oxoG_C,10,0.8843163446495041,0.8604929240558074,0.9090213308506637
86,ALLSIL,BER_8oxoG_C,20,0.8843039759108707,0.8671004208792886,0.9011114998990456
87,ALLSIL,BER_8oxoG_C,30,0.8841294729735389,0.8698722751761799,0.8978433695044711
88,ALLSIL,BER_8oxoG_C,100,0.8843552449267612,0.8767352026019585,0.8921533499776494
89,ALLSIL,BER_8oxoG_C,500,0.8842820573169002,0.8806938794192223,0.8876614774488875
90,ALLSIL,BER_A_8oxoG,1,0.73545845538643,0.35852592129918803,0.8764705882352941
91,ALLSIL,BER_A_8oxoG,2,0.7422016489912393,0.5234136109886725,0.8504944143392965
92,ALLSIL,BER_A_8oxoG,3,0.738153077354969,0.5695883293374118,0.8401076360568285
93,ALLSIL,BER_A_8oxoG,4,0.7408365251249911,0.5990019667498243,0.8281937836116432
94,ALLSIL,BER_A_8oxoG,5,0.7387560482573531,0.6129196549104885,0.8241874589473255
95,ALLSIL,BER_A_8oxoG,10,0.741927401307089,0.6636140040276604,0.8038488747268374
96,ALLSIL,BER_A_8oxoG,20,0.7388330596281724,0.6826972270464617,0.7906952126767232
97,ALLSIL,BER_A_8oxoG,30,0.737680286009573,0.6897189535628998,0.776780337576596
98,ALLSIL,BER_A_8oxoG,100,0.7381297375545647,0.7111644118614429,0.763001552450003
99,ALLSIL,BER_A_8oxoG,500,0.7384088150416438,0.7275102995130235,0.7485793261453823
100,ALLSIL,BER_Hx,1,0.8650045471449969,0.7354570637119113,0.9702479338842975
101,ALLSIL,BER_Hx,2,0.8665946523054494,0.7832982129152791,0.9445801283477427
102,ALLSIL,BER_Hx,3,0.8673924689122157,0.8006579551654338,0.9302005601765823
103,ALLSIL,BER_Hx,4,0.8645669282516756,0.8041324191024439,0.9239046482622483
104,ALLSIL,BER_Hx,5,0.8672176228475396,0.8179125896014714,0.9182353016371724
105,ALLSIL,BER_Hx,10,0.8669412216591469,0.8316761572520897,0.9016756976981539
106,ALLSIL,BER_Hx,20,0.8664121120941889,0.8401700040571182,0.8932641206511526
107,ALLSIL,BER_Hx,30,0.8670895481669554,0.8449649328593827,0.8880292681983248
108,ALLSIL,BER_Hx,100,0.8668882134446335,0.8555994279277104,0.8783823950457199
109,ALLSIL,BER_Hx,500,0.8665404827186863,0.8614830582722967,0.8719609570842101
110,ALLSIL,BER_UG,1,0.9972175494385196,0.9873949579831933,1.0
111,ALLSIL,BER_UG,2,0.9973816496025119,0.9910245623731802,1.0
112,ALLSIL,BER_UG,3,0.9971809330792571,0.991325244364525,1.0
113,ALLSIL,BER_UG,4,0.9971753830169486,0.9874340912667657,1.0
114,ALLSIL,BER_UG,5,0.9972994851710275,0.9894073108417248,0.9996373374191675
115,ALLSIL,BER_UG,10,0.9972317709207504,0.9927154912461726,0.9991592329991487
116,ALLSIL,BER_UG,20,0.997280499385732,0.994533077219495,0.9987036520983221
117,ALLSIL,BER_UG,30,0.9973055953835037,0.9952816647788212,0.9985369965397571
118,ALLSIL,BER_UG,100,0.9972906604312504,0.9962470306396969,0.9980429265547872
119,ALLSIL,BER_UG,500,0.9972925812543373,0.9968399932706249,0.9976921759160531
120,ALLSIL,DR_O6MeG,1,0.22136017432343802,0.13636363636363635,0.40160642570281124
121,ALLSIL,DR_O6MeG,2,0.22254428868853393,0.15987175019375854,0.3267839328005036
122,ALLSIL,DR_O6MeG,3,0.22358397954823872,0.16784240037314085,0.30192505740914927
123,ALLSIL,DR_O6MeG,4,0.22363077816912288,0.17299781082485932,0.29440067671648423
124,ALLSIL,DR_O6MeG,5,0.2224218595905155,0.17871934577002582,0.27861682455529235
125,ALLSIL,DR_O6MeG,10,0.22354830345653404,0.1902529249581013,0.2628225913060728
126,ALLSIL,DR_O6MeG,20,0.22355628757650273,0.19957061186073102,0.25204051974678127
127,ALLSIL,DR_O6MeG,30,0.2231676311649407,0.20282487216124234,0.2468358613833624
128,ALLSIL,DR_O6MeG,100,0.22349881260235238,0.21249333262192682,0.2347580163007896
129,ALLSIL,DR_O6MeG,500,0.2232151183918674,0.21773415077630176,0.22855611650299473
130,ALLSIL,MMR,1,0.3197367430008595,0.11137162954279015,0.5490196078431373
131,ALLSIL,MMR,2,0.32204589307550596,0.18156469746232698,0.47570595287906975
132,ALLSIL,MMR,3,0.32077546671884155,0.18788780843802816,0.4532147083067587
133,ALLSIL,MMR,4,0.31823137989502764,0.20274526754341637,0.4313413609643747
134,ALLSIL,MMR,5,0.3186439809754592,0.21583148522474466,0.43036840971387497
135,ALLSIL,MMR,10,0.3183454626480265,0.24988391848165614,0.3867082141226492
136,ALLSIL,MMR,20,0.32085856246884403,0.27105443596827594,0.37252072885498694
137,ALLSIL,MMR,30,0.31849155101201426,0.27919361184396735,0.36265054118919826
138,ALLSIL,MMR,100,0.31910789222365343,0.29630866278862883,0.34219827109179
139,ALLSIL,MMR,500,0.31900201247709065,0.30898324558222334,0.3292470567360176
140,ALLSIL,NER,1,0.11091896135360002,0.02811245061457157,0.29629629850387573
141,ALLSIL,NER,2,0.11198007254488766,0.04273299118503928,0.23423156216740595
142,ALLSIL,NER,3,0.11143069327622653,0.050185084249824284,0.21498421058058736
143,ALLSIL,NER,4,0.11259173759818077,0.059848165791481736,0.1988690800964832
144,ALLSIL,NER,5,0.11049831841513515,0.060761365294456485,0.17965630665421484
145,ALLSIL,NER,10,0.11256508330255746,0.07554471604526043,0.15845782384276388
146,ALLSIL,NER,20,0.11145310205221176,0.08390301447361707,0.14501194134354592
147,ALLSIL,NER,30,0.11072869704663754,0.08686427492648363,0.13530576564371585
148,ALLSIL,NER,100,0.11200253538042307,0.09763625301420689,0.12709154561161995
149,ALLSIL,NER,500,0.11161718966811895,0.10560677293688059,0.11765137128531933
150,ALLSIL,NHEJ,1,0.8746750966012478,0.32919254899024963,1.6764706373214722
151,ALLSIL,NHEJ,2,0.8705738598704338,0.4648967802524567,1.4134593427181243
152,ALLSIL,NHEJ,3,0.8705391154885292,0.5142935276031494,1.3301333665847779
153,ALLSIL,NHEJ,4,0.8679034576416016,0.5527340590953826,1.22890644967556
154,ALLSIL,NHEJ,5,0.8551546713113785,0.5902469202876091,1.1527045726776122
155,ALLSIL,NHEJ,10,0.8619577181935311,0.6569739446043968,1.0662811338901519
156,ALLSIL,NHEJ,20,0.8679418385624885,0.7278283551335335,1.020450907945633
157,ALLSIL,NHEJ,30,0.8642042361497879,0.7397797852754593,0.9917285174131393
158,ALLSIL,NHEJ,100,0.8643954547643662,0.7930584132671357,0.9378998592495918
159,ALLSIL,NHEJ,500,0.8643420280218125,0.8340566292405128,0.8938904419541359
160,C8166,BER_8oxoG_C,1,0.8877301494052339,0.7637499999999999,0.975
161,C8166,BER_8oxoG_C,2,0.8895042401519918,0.8082058410850919,0.9543939761608945
162,C8166,BER_8oxoG_C,3,0.8855807176081223,0.8198229219366154,0.9375448585162798
163,C8166,BER_8oxoG_C,4,0.8875189643327774,0.8262317094247342,0.936370343698033
164,C8166,BER_8oxoG_C,5,0.8863753677707419,0.8315373303217557,0.9312355927021687
165,C8166,BER_8oxoG_C,10,0.886577125575741,0.8495035228191228,0.9198879446569249
166,C8166,BER_8oxoG_C,20,0.8873839944690336,0.8613062458979016,0.9093325893657194
167,C8166,BER_8oxoG_C,30,0.8870662497833882,0.8674733913442644,0.9052567456472216
168,C8166,BER_8oxoG_C,100,0.8869276976216048,0.8769770637364546,0.8975734707917962
169,C8166,BER_8oxoG_C,500,0.8869716209058328,0.8824336685138873,0.891449913733037
170,C8166,BER_A_8oxoG,1,0.4858347802120035,0.15384615384615385,0.7567567567567568
171,C8166,BER_A_8oxoG,2,0.48995328700466606,0.2729313941023564,0.7111863457506391
172,C8166,BER_A_8oxoG,3,0.49014490451676285,0.2886046345539387,0.6622732677590858
173,C8166,BER_A_8oxoG,4,0.48776255487193015,0.3302939694283675,0.6381651553385436
174,C8166,BER_A_8oxoG,5,0.4924109356961653,0.34598686550407215,0.6250420600066802
175,C8166,BER_A_8oxoG,10,0.4880807048460327,0.3761286114009025,0.5849237815339691
176,C8166,BER_A_8oxoG,20,0.49038254986524477,0.4166883536710758,0.5615724173395776
177,C8166,BER_A_8oxoG,30,0.4902942928834393,0.4349629856350903,0.5493392472252793
178,C8166,BER_A_8oxoG,100,0.4885444101195343,0.45564534909885573,0.5219189788903997
179,C8166,BER_A_8oxoG,500,0.4882544795713088,0.47386799957029446,0.5023231648373883
180,C8166,BER_Hx,1,0.8469951113876503,0.5773195876288659,0.9681528662420382
181,C8166,BER_Hx,2,0.8480488145660463,0.6859707403888978,0.9390046533479455
182,C8166,BER_Hx,3,0.8436106065122712,0.7131809863878751,0.9243125572709558
183,C8166,BER_Hx,4,0.845632428454916,0.7357968218630065,0.9227597396921265
184,C8166,BER_Hx,5,0.844844778702311,0.7540110220163618,0.9158454916028849
185,C8166,BER_Hx,10,0.8469222982230256,0.7833653782706967,0.8985068009093113
186,C8166,BER_Hx,20,0.8468639476066339,0.8048954505566727,0.8840875961346174
187,C8166,BER_Hx,30,0.846341446331898,0.8133347629759967,0.8768398643277145
188,C8166,BER_Hx,100,0.8459645470010206,0.8266973193607952,0.861973689096609
189,C8166,BER_Hx,500,0.846396162074473,0.8382523017867863,0.8544839481750609
190,C8166,BER_UG,1,0.9941057529692302,0.9555555555555556,1.0
191,C8166,BER_UG,2,0.9931387968221492,0.9609375,1.0
192,C8166,BER_UG,3,0.9930688992062218,0.9662693615029208,1.0
193,C8166,BER_UG,4,0.9934847906588978,0.9749896871352433,1.0
194,C8166,BER_UG,5,0.9932325646470184,0.9765001488741718,0.9998083388515133
195,C8166,BER_UG,10,0.9934927233198225,0.9823223269231652,0.9989201174871435
196,C8166,BER_UG,20,0.9933460981415628,0.9867546408236061,0.9980131914452757
197,C8166,BER_UG,30,0.9935244856739728,0.9879902324189932,0.9973744419351599
198,C8166,BER_UG,100,0.9933698818831267,0.9905738754345281,0.9957647334382816
199,C8166,BER_UG,500,0.9934045091150296,0.9920500884009541,0.9945624409036481
200,C8166,DR_O6MeG,1,0.8298318351256831,0.4418604651162791,0.9811320754716981
201,C8166,DR_O6MeG,2,0.827699395663762,0.598021454475323,0.9516810813906867
202,C8166,DR_O6MeG,3,0.8278294499279649,0.6502406208767852,0.932015409636447
203,C8166,DR_O6MeG,4,0.8248421934183386,0.6698205121597104,0.9262069678488934
204,C8166,DR_O6MeG,5,0.8242024934866321,0.6863091495417061,0.917213239262877
205,C8166,DR_O6MeG,10,0.8236689768371277,0.7194898163786786,0.8967559015768182
206,C8166,DR_O6MeG,20,0.8269740661537904,0.7630382421671746,0.8779312841992734
207,C8166,DR_O6MeG,30,0.8250202451819866,0.7776883950999641,0.8693609740628139
208,C8166,DR_O6MeG,100,0.824831765417781,0.7967997247081791,0.8520159163788098
209,C8166,DR_O6MeG,500,0.8253811734783344,0.812445601953484,0.8375235795921109
210,C8166,MMR,1,0.1441065785771977,0.0,0.44755244755244755
211,C8166,MMR,2,0.1389614046796773,0.020223249641120752,0.32719937846675734
212,C8166,MMR,3,0.13880511328417164,0.03240243604227447,0.28795703532842704
213,C8166,MMR,4,0.14068533351708268,0.043913245352483685,0.27215386220308574
214,C8166,MMR,5,0.14103646591750224,0.05049737056618052,0.2609277284291321
215,C8166,MMR,10,0.1391196143643342,0.06829042110687103,0.21906883629680673
216,C8166,MMR,20,0.14302763937311536,0.09466821222432874,0.19648953432818902
217,C8166,MMR,30,0.14216585084603706,0.10058239138694765,0.18413401305202132
218,C8166,MMR,100,0.14065698786224778,0.11859734546476648,0.16472177308977204
219,C8166,MMR,500,0.14112177146620483,0.13049821050696866,0.1511974368710502
220,C8166,NER,1,0.10480154963582754,0.0,0.4038461446762085
221,C8166,NER,2,0.10353584917832631,0.005672751611564309,0.3276492334902285
222,C8166,NER,3,0.10106092080031522,0.0177612139377743,0.3050882972776889
223,C8166,NER,4,0.10179665086045861,0.026007914170622825,0.22940558977425088
224,C8166,NER,5,0.10487389948708005,0.033180185686796905,0.24578079171478748
225,C8166,NER,10,0.10104779656417667,0.044337214156985286,0.18181444220244883
226,C8166,NER,20,0.10345959826186299,0.06144263064488768,0.16514122821390628
227,C8166,NER,30,0.1028786512054503,0.06729298066347837,0.14488624967634678
228,C8166,NER,100,0.10198163747787475,0.08123983759433032,0.12541457489132882
229,C8166,NER,500,0.10261260274797677,0.0923206789419055,0.11253805607557296
230,C8166,NHEJ,1,0.9771553888320923,0.20370370149612427,2.2650601863861084
231,C8166,NHEJ,2,0.9816907801330089,0.4403146103024483,1.823534008860588
232,C8166,NHEJ,3,0.9531300484538078,0.4984524413943291,1.7205330431461334
233,C8166,NHEJ,4,0.9686708374917508,0.5598997518420219,1.6162954747676848
234,C8166,NHEJ,5,0.9503832502663135,0.5706839084625244,1.4811447024345397
235,C8166,NHEJ,10,0.9709264238476754,0.703664293885231,1.3398873090744015
236,C8166,NHEJ,20,0.9550132287144661,0.7570592731237411,1.208180484175682
237,C8166,NHEJ,30,0.9620600481033326,0.7852532312273979,1.1599485784769057
238,C8166,NHEJ,100,0.9635538191795349,0.8679839313030243,1.0623634994029998
239,C8166,NHEJ,500,0.9604500832557679,0.9140749171376228,1.0088029325008392
240,CHLA06ATRT,BER_8oxoG_C,1,0.9194943663974408,0.8250661959399823,0.98
241,CHLA06ATRT,BER_8oxoG_C,2,0.9199843225218136,0.8553804951952377,0.9646167826741302
242,CHLA06ATRT,BER_8oxoG_C,3,0.9188421269698004,0.8664568706631147,0.9580394737060421
243,CHLA06ATRT,BER_8oxoG_C,4,0.9188880608598887,0.8765105075053118,0.9530636889737346
244,CHLA06ATRT,BER_8oxoG_C,5,0.9179612723160537,0.8792028925279903,0.9483573483926064
245,CHLA06ATRT,BER_8oxoG_C,10,0.9187709567571831,0.8893573153305352,0.9442449555943602
246,CHLA06ATRT,BER_8oxoG_C,20,0.9188037553524423,0.8998981873399498,0.9358155775259506
247,CHLA06ATRT,BER_8oxoG_C,30,0.9190263344422781,0.9039562095794081,0.9321638910733059
248,CHLA06ATRT,BER_8oxoG_C,100,0.918954283438088,0.9107854843978782,0.9274043743992593
249,CHLA06ATRT,BER_8oxoG_C,500,0.9190200833076333,0.9153919372152843,0.922516184211131
250,CHLA06ATRT,BER_A_8oxoG,1,0.5540100255820378,0.2962962962962963,0.762962962962963
251,CHLA06ATRT,BER_A_8oxoG,2,0.5530853921356333,0.3823200381585717,0.700869999197464
252,CHLA06ATRT,BER_A_8oxoG,3,0.5530823939143281,0.41668525108769655,0.6853322379792883
253,CHLA06ATRT,BER_A_8oxoG,4,0.5577425187852396,0.4342969538878183,0.6664500279499733
254,CHLA06ATRT,BER_A_8oxoG,5,0.5545548922650938,0.44479111852470465,0.6593082097582876
255,CHLA06ATRT,BER_A_8oxoG,10,0.5541981518528369,0.484959184994142,0.6237285976999395
256,CHLA06ATRT,BER_A_8oxoG,20,0.5551003094330623,0.49795349063996813,0.6071308411179046
257,CHLA06ATRT,BER_A_8oxoG,30,0.5566491404789323,0.5135903211139878,0.5998125273760472
258,CHLA06ATRT,BER_A_8oxoG,100,0.5558707408132495,0.532256317197363,0.5791489897625195
259,CHLA06ATRT,BER_A_8oxoG,500,0.5559838147821397,0.5455814516558739,0.5664182828613459
260,CHLA06ATRT,BER_Hx,1,0.9358771875674436,0.8452647278150633,0.9923664122137404
261,CHLA06ATRT,BER_Hx,2,0.9351048308919571,0.8391421979865772,0.9817985199697857
262,CHLA06ATRT,BER_Hx,3,0.9355524863602568,0.8543580285590204,0.9769700887464935
263,CHLA06ATRT,BER_Hx,4,0.9339290103876681,0.8676092723498261,0.974523949611517
264,CHLA06ATRT,BER_Hx,5,0.9340162932617352,0.8744657586428255,0.969630254928583
265,CHLA06ATRT,BER_Hx,10,0.9352867085238009,0.896499888172159,0.9606598109556831
266,CHLA06ATRT,BER_Hx,20,0.9350709184781326,0.9093095039262912,0.9543194548063223
267,CHLA06ATRT,BER_Hx,30,0.9356269651457515,0.9144640242675893,0.9518448003086725
268,CHLA06ATRT,BER_Hx,100,0.9351827750730912,0.9240198929213845,0.943973610241614
269,CHLA06ATRT,BER_Hx,500,0.9349712084274616,0.9300856026694276,0.9389478363715993
270,CHLA06ATRT,BER_UG,1,0.9837651018726876,0.910411622276029,1.0
271,CHLA06ATRT,BER_UG,2,0.9858003196838478,0.9445902517594511,1.0
272,CHLA06ATRT,BER_UG,3,0.9849843580381304,0.9475877200630552,1.0
273,CHLA06ATRT,BER_UG,4,0.9857288489872257,0.9558916128257869,0.9996526135449286
274,CHLA06ATRT,BER_UG,5,0.9850308907941793,0.961813972408187,0.9991260877715293
275,CHLA06ATRT,BER_UG,10,0.9851765900339547,0.9673831172307277,0.9965007806831709
276,CHLA06ATRT,BER_UG,20,0.9851649693255752,0.974209024543073,0.9940064419013069
277,CHLA06ATRT,BER_UG,30,0.9853772379957249,0.9757069268033521,0.9929271206484487
278,CHLA06ATRT,BER_UG,100,0.9851646610021239,0.9803188025021078,0.9894519798171825
279,CHLA06ATRT,BER_UG,500,0.9851653549777604,0.9831001321306944,0.9870817173873137
280,CHLA06ATRT,DR_O6MeG,1,0.9446863123474621,0.7837837837837838,0.9894941236586612
281,CHLA06ATRT,DR_O6MeG,2,0.9450767295182634,0.8453643746980363,0.982646663974461
282,CHLA06ATRT,DR_O6MeG,3,0.9409695211007008,0.8300820648234442,0.9765590575522837
283,CHLA06ATRT,DR_O6MeG,4,0.9400635964894644,0.7891054530796168,0.9736660489620983
284,CHLA06ATRT,DR_O6MeG,5,0.9417552158693971,0.8205307240002792,0.9738210315909888
285,CHLA06ATRT,DR_O6MeG,10,0.9421796195175657,0.8858484214010007,0.9664985386430415
286,CHLA06ATRT,DR_O6MeG,20,0.9418389940735374,0.8983932424971673,0.9624450704549528
287,CHLA06ATRT,DR_O6MeG,30,0.9426905213268982,0.9082419360177311,0.959126832330146
288,CHLA06ATRT,DR_O6MeG,100,0.9425141893229744,0.9279693417220884,0.9535054022885869
289,CHLA06ATRT,DR_O6MeG,500,0.9421580111504904,0.9359636782971106,0.9473886452219766
290,CHLA06ATRT,MMR,1,0.12156765075308831,0.0,0.4107142857142857
291,CHLA06ATRT,MMR,2,0.12464258831669356,0.018875944468049733,0.30229402630617463
292,CHLA06ATRT,MMR,3,0.12450585802374432,0.02875126519420238,0.2775039801847415
293,CHLA06ATRT,MMR,4,0.1279570415007843,0.042304478295266026,0.2472491990296467
294,CHLA06ATRT,MMR,5,0.1243486514356314,0.04566833291445239,0.23605565985697993
295,CHLA06ATRT,MMR,10,0.12502212562992152,0.06499565775371303,0.19879335066864082
296,CHLA06ATRT,MMR,20,0.12358720580500952,0.08141934314838951,0.17204041023116248
297,CHLA06ATRT,MMR,30,0.12576535985803622,0.08957587577023851,0.16820286574848375
298,CHLA06ATRT,MMR,100,0.12534027957575994,0.104847646732978,0.1470552713918015
299,CHLA06ATRT,MMR,500,0.12531389066672918,0.11569095948181529,0.13488059573140834
300,CHLA06ATRT,NER,1,0.09047325787181035,0.0,0.6139087751507758
301,CHLA06ATRT,NER,2,0.0868761614500545,0.011920332326553762,0.36382309943437574
302,CHLA06ATRT,NER,3,0.08616870122589171,0.01558247481007129,0.29068912938237185
303,CHLA06ATRT,NER,4,0.08532486565131694,0.019982923939824104,0.25970086380839347
304,CHLA06ATRT,NER,5,0.08808288619108498,0.023948196507990363,0.23885148502886294
305,CHLA06ATRT,NER,10,0.08670709398016334,0.03576246621087194,0.18541432060301302
306,CHLA06ATRT,NER,20,0.08540456718578934,0.04336216039955616,0.15250380486249923
307,CHLA06ATRT,NER,30,0.08703386275842785,0.05152419954538345,0.1385796669870615
308,CHLA06ATRT,NER,100,0.08725857638940215,0.0645296923816204,0.1133077846840024
309,CHLA06ATRT,NER,500,0.08756631595641375,0.0769287258386612,0.09960866514593363
310,CHLA06ATRT,NHEJ,1,1.4918850863277913,0.6000000238418579,2.9818104624748223
311,CHLA06ATRT,NHEJ,2,1.5441186444163322,0.8117336854338646,2.702319711446762
312,CHLA06ATRT,NHEJ,3,1.5003732895851136,0.9178122162818909,2.347188717126846
313,CHLA06ATRT,NHEJ,4,1.502878230690956,0.9620040416717529,2.2280199408531187
314,CHLA06ATRT,NHEJ,5,1.4942238790988922,1.011357370018959,2.1138342738151548
315,CHLA06ATRT,NHEJ,10,1.5116887194514275,1.1321086823940276,1.9261687755584715
316,CHLA06ATRT,NHEJ,20,1.5102824928760528,1.2599469512701034,1.8023506015539168
317,CHLA06ATRT,NHEJ,30,1.511387222290039,1.2963460594415666,1.7549393862485885
318,CHLA06ATRT,NHEJ,100,1.5139113490581513,1.390710887312889,1.640416532754898
319,CHLA06ATRT,NHEJ,500,1.512217689871788,1.461344376206398,1.5681787103414535
320,DND41,BER_8oxoG_C,1,0.8841922782533048,0.8018018018018018,0.9523809523809523
321,DND41,BER_8oxoG_C,2,0.8834146614748081,0.823970748775887,0.9276236559139784
322,DND41,BER_8oxoG_C,3,0.8834608924295612,0.8363528652898912,0.9174664403729459
323,DND41,BER_8oxoG_C,4,0.8835450427432545,0.8460834526998383,0.9155194156989733
324,DND41,BER_8oxoG_C,5,0.8845872289973681,0.8511732914068216,0.9135719507511897
325,DND41,BER_8oxoG_C,10,0.8839591061805663,0.861491366757928,0.9036458720098904
326,DND41,BER_8oxoG_C,20,0.8839130880500062,0.8673166496851565,0.8997393689876892
327,DND41,BER_8oxoG_C,30,0.8835588196507347,0.8704475161991475,0.8955732843614115
328,DND41,BER_8oxoG_C,100,0.8837246698052504,0.8769676660077759,0.8906905337611392
329,DND41,BER_8oxoG_C,500,0.8836859418281736,0.8805210292681346,0.8868869412142079
330,DND41,BER_A_8oxoG,1,0.6976446406235353,0.31213872832369943,0.923728813559322
331,DND41,BER_A_8oxoG,2,0.6949062839566599,0.4675693007603141,0.8891106896895897
332,DND41,BER_A_8oxoG,3,0.6938331630062531,0.5057052196547823,0.8521309405986929
333,DND41,BER_A_8oxoG,4,0.6880033232875932,0.5290207434015103,0.8176063286777705
334,DND41,BER_A_8oxoG,5,0.6923515503457648,0.5544958705515927,0.8207763780409526
335,DND41,BER_A_8oxoG,10,0.692401578586018,0.5888914126750686,0.7824968399778182
336,DND41,BER_A_8oxoG,20,0.692320441308979,0.6151515388485823,0.7580640459323871
337,DND41,BER_A_8oxoG,30,0.6941397749251127,0.6370552046375875,0.7470178190311848
338,DND41,BER_A_8oxoG,100,0.6923045873670532,0.6625248650659799,0.7214118313894265
339,DND41,BER_A_8oxoG,500,0.6922169737118642,0.6780730318619501,0.7055435051573502
340,DND41,BER_Hx,1,0.861648964023788,0.6153846153846154,0.9504132231404959
341,DND41,BER_Hx,2,0.860242606211871,0.7323482907097715,0.9353638093512142
342,DND41,BER_Hx,3,0.8610054215071848,0.7545991194019628,0.9305098898479385
343,DND41,BER_Hx,4,0.8600172555146655,0.7748750102546018,0.9218539066723316
344,DND41,BER_Hx,5,0.8610247941872852,0.7838622978225728,0.9186138836799268
345,DND41,BER_Hx,10,0.8600365761481491,0.8084257282729177,0.9020661160871809
346,DND41,BER_Hx,20,0.8600499195373968,0.8258389237275481,0.8908444415871213
347,DND41,BER_Hx,30,0.8606434833596046,0.8313646670032602,0.8881945338318824
348,DND41,BER_Hx,100,0.86116652608942,0.8445195247021157,0.8755955936427707
349,DND41,BER_Hx,500,0.8607787419627816,0.8537460186357448,0.867352388786557
350,DND41,BER_UG,1,0.9960503182404719,0.9771428571428571,1.0
351,DND41,BER_UG,2,0.99617119924554,0.9834823700472555,1.0
352,DND41,BER_UG,3,0.9959008740870147,0.9853832270069599,1.0
353,DND41,BER_UG,4,0.9960578435135266,0.9881981760594146,1.0
354,DND41,BER_UG,5,0.995825183037512,0.9888199466067428,1.0
355,DND41,BER_UG,10,0.9958157810829052,0.9911018224024702,0.9995722513840803
356,DND41,BER_UG,20,0.9959603307934963,0.9928350709777389,0.9985824619204507
357,DND41,BER_UG,30,0.9960448039357138,0.9937273439294483,0.998217098230315
358,DND41,BER_UG,100,0.9959638569061837,0.9945226218093515,0.9972476662057408
359,DND41,BER_UG,500,0.9959619233485717,0.9953878398303964,0.9965463089069794
360,DND41,DR_O6MeG,1,0.9623974939377835,0.8974358974358975,0.9931506849315068
361,DND41,DR_O6MeG,2,0.9625862403615548,0.9287179487179487,0.9834174477289113
362,DND41,DR_O6MeG,3,0.9632459181209365,0.9393027426068701,0.9793715131581152
363,DND41,DR_O6MeG,4,0.9621914381048896,0.9410479156667089,0.9775295686186596
364,DND41,DR_O6MeG,5,0.9629815762053497,0.9440980800607274,0.9765816341858399
365,DND41,DR_O6MeG,10,0.9626112792520559,0.9493379679393233,0.972736409480337
366,DND41,DR_O6MeG,20,0.9627802990407547,0.9546527173046938,0.9700823381341981
367,DND41,DR_O6MeG,30,0.96263531272157,0.9562404345211534,0.9688087793856186
368,DND41,DR_O6MeG,100,0.9627493860083378,0.9587316427886147,0.9663413898498898
369,DND41,DR_O6MeG,500,0.9626649680692366,0.9611101328274598,0.9642544289182211
370,DND41,MMR,1,0.01713208640570034,0.0,0.06896551724137931
371,DND41,MMR,2,0.016423596736248554,0.0,0.04764065335753176
372,DND41,MMR,3,0.016046479019214507,0.0,0.038420604512558534
373,DND41,MMR,4,0.01659795408199748,0.0022935779816513763,0.037917028561530876
374,DND41,MMR,5,0.016744367595238428,0.0031365768236830092,0.03444087672762809
375,DND41,MMR,10,0.01660201957524054,0.006139782492313033,0.02886616768972395
376,DND41,MMR,20,0.01656613158667408,0.009291545135525187,0.024923928988508117
377,DND41,MMR,30,0.01649289346098423,0.01042043628202017,0.023297055934213825
378,DND41,MMR,100,0.016296897509391565,0.012773991325640291,0.019935921499232588
379,DND41,MMR,500,0.016443639474928308,0.014920632326612126,0.01790290866971716
380,DND41,NER,1,0.09450741038843989,0.0,0.29411765933036804
381,DND41,NER,2,0.09532619279716163,0.011540019907988608,0.23028674721717834
382,DND41,NER,3,0.09391346122650429,0.01820278908126056,0.1976692609488964
383,DND41,NER,4,0.0914676617588848,0.023413242725655436,0.1881743635982275
384,DND41,NER,5,0.09453518050629646,0.031151682231575252,0.1776503451168537
385,DND41,NER,10,0.09410998341627419,0.047577217873185876,0.14946321211755273
386,DND41,NER,20,0.09321784038469196,0.05989471795037389,0.13005300089716912
387,DND41,NER,30,0.09384776385501027,0.0646821428090334,0.12483413405716419
388,DND41,NER,100,0.09362124985456467,0.07830047272145749,0.11095521189272403
389,DND41,NER,500,0.09376491186022759,0.0862340146675706,0.10065157767385244
390,DND41,NHEJ,1,1.1520598575174807,0.3174603283405304,2.407407522201538
391,DND41,NHEJ,2,1.1233980387449265,0.6112560033798218,1.8507626056671143
392,DND41,NHEJ,3,1.142915699392557,0.6602324232459068,1.7173850536346436
393,DND41,NHEJ,4,1.13200101685524,0.6987174719572067,1.6359106421470642
394,DND41,NHEJ,5,1.1373116402626038,0.7614221438765526,1.5778667539358138
395,DND41,NHEJ,10,1.1277779197096824,0.8543805450201034,1.413586539030075
396,DND41,NHEJ,20,1.1355953978300095,0.9334960266947746,1.3429360121488572
397,DND41,NHEJ,30,1.1310980259776116,0.9610381901264191,1.3053658992052077
398,DND41,NHEJ,100,1.1339527128338813,1.043524631857872,1.235971537232399
399,DND41,NHEJ,500,1.1328417317867279,1.0920931607484818,1.1744807302951812
400,HAP1 MUTYH-/-,BER_8oxoG_C,1,0.8814176182239246,0.7666666666666667,0.9777777777777777
401,HAP1 MUTYH-/-,BER_8oxoG_C,2,0.8796068510310748,0.7916482545293857,0.9458791862679211
402,HAP1 MUTYH-/-,BER_8oxoG_C,3,0.8783656045567304,0.807034960833731,0.9293509026792629
403,HAP1 MUTYH-/-,BER_8oxoG_C,4,0.879066937858296,0.8212022282751775,0.9284872457839872
404,HAP1 MUTYH-/-,BER_8oxoG_C,5,0.8779632292069631,0.8232221447736539,0.9228987505321873
405,HAP1 MUTYH-/-,BER_8oxoG_C,10,0.8780647372496544,0.8427988125997515,0.9090034291990708
406,HAP1 MUTYH-/-,BER_8oxoG_C,20,0.8782809877309262,0.8538413211094804,0.9012107798875724
407,HAP1 MUTYH-/-,BER_8oxoG_C,30,0.8784867473151301,0.8583104595867678,0.8970418075253832
408,HAP1 MUTYH-/-,BER_8oxoG_C,100,0.8781633911049297,0.8678193209000558,0.8876595731171806
409,HAP1 MUTYH-/-,BER_8oxoG_C,500,0.8782382900510097,0.8732237492209329,0.8832860124694064
410,HAP1 MUTYH-/-,BER_A_8oxoG,1,0.07886218361973571,0.03007518796992481,0.16666666666666666
411,HAP1 MUTYH-/-,BER_A_8oxoG,2,0.07920804556110597,0.03647034893051356,0.13026233552631572
412,HAP1 MUTYH-/-,BER_A_8oxoG,3,0.08055765928937196,0.04488315391659515,0.121494733558358
413,HAP1 MUTYH-/-,BER_A_8oxoG,4,0.07847105892187037,0.047531118354111015,0.11316921960383788
414,HAP1 MUTYH-/-,BER_A_8oxoG,5,0.07919483995050844,0.0514385762095843,0.11181184813292504
415,HAP1 MUTYH-/-,BER_A_8oxoG,10,0.07966148671731821,0.05829277127677949,0.10162437892017374
416,HAP1 MUTYH-/-,BER_A_8oxoG,20,0.07925482215931212,0.06495553071160448,0.09410667352393412
417,HAP1 MUTYH-/-,BER_A_8oxoG,30,0.07930722960761785,0.06711041415940056,0.09210019201568972
418,HAP1 MUTYH-/-,BER_A_8oxoG,100,0.07945008466706857,0.07269932566084784,0.08623731423252391
419,HAP1 MUTYH-/-,BER_A_8oxoG,500,0.07917269140685683,0.07627563404502405,0.0820275546878097
420,HAP1 MUTYH-/-,BER_Hx,1,0.9379683523814617,0.769811320754717,1.0
421,HAP1 MUTYH-/-,BER_Hx,2,0.9384210318349241,0.8615094172442733,0.9854704099180394
422,HAP1 MUTYH-/-,BER_Hx,3,0.9379285287132928,0.8804593238695356,0.9803730576448038
423,HAP1 MUTYH-/-,BER_Hx,4,0.9388651483924426,0.886751046063068,0.9773732818725009
424,HAP1 MUTYH-/-,BER_Hx,5,0.9397489171853035,0.893743279532191,0.9750776240544416
425,HAP1 MUTYH-/-,BER_Hx,10,0.9382209556802269,0.9072273306537694,0.9629985358687904
426,HAP1 MUTYH-/-,BER_Hx,20,0.9383925564271656,0.9164415360821311,0.9567815505560306
427,HAP1 MUTYH-/-,BER_Hx,30,0.9382386234881911,0.9215771285937265,0.9539300686845387
428,HAP1 MUTYH-/-,BER_Hx,100,0.9380442397635351,0.9288476576291121,0.9466425030438882
429,HAP1 MUTYH-/-,BER_Hx,500,0.9382040321828999,0.9338566406361508,0.9424146094020975
430,HAP1 MUTYH-/-,BER_UG,1,0.9934290645571399,0.9548148148148149,1.0
431,HAP1 MUTYH-/-,BER_UG,2,0.9931262725502924,0.962962962962963,1.0
432,HAP1 MUTYH-/-,BER_UG,3,0.9933251437956253,0.9713635328582155,1.0
433,HAP1 MUTYH-/-,BER_UG,4,0.9933242504052688,0.9758991548075608,1.0
434,HAP1 MUTYH-/-,BER_UG,5,0.993358293377397,0.9778221418893276,1.0
435,HAP1 MUTYH-/-,BER_UG,10,0.9931068565860424,0.9821421660395643,0.9992953929539296
436,HAP1 MUTYH-/-,BER_UG,20,0.993329328963221,0.9864232554740864,0.9983332360439988
437,HAP1 MUTYH-/-,BER_UG,30,0.9932797861113863,0.9876542567271264,0.997491973433753
438,HAP1 MUTYH-/-,BER_UG,100,0.9932244347060066,0.9898974844318373,0.9959928168136242
439,HAP1 MUTYH-/-,BER_UG,500,0.9933017020983067,0.9919163835408645,0.9945622160373327
440,HAP1 MUTYH-/-,DR_O6MeG,1,0.8738325941150291,0.39823008849557523,1.0
441,HAP1 MUTYH-/-,DR_O6MeG,2,0.870280004516688,0.6408113452575803,0.9761058789954338
442,HAP1 MUTYH-/-,DR_O6MeG,3,0.8739991991536594,0.7123011808278136,0.96014492367395
443,HAP1 MUTYH-/-,DR_O6MeG,4,0.8707219622732388,0.7271619379955396,0.9578348695612713
444,HAP1 MUTYH-/-,DR_O6MeG,5,0.8761425224484949,0.7504074609953011,0.957889430454404
445,HAP1 MUTYH-/-,DR_O6MeG,10,0.8728184823417372,0.7918420678607501,0.9327965877050163
446,HAP1 MUTYH-/-,DR_O6MeG,20,0.8735186078001921,0.8179056154121482,0.9184072257209468
447,HAP1 MUTYH-/-,DR_O6MeG,30,0.8738766389016586,0.8286386656730743,0.9134447981552205
448,HAP1 MUTYH-/-,DR_O6MeG,100,0.8731629844124903,0.8494264800066724,0.8944408442172778
449,HAP1 MUTYH-/-,DR_O6MeG,500,0.8736043236743566,0.863156058796815,0.8841696660206952
450,HAP1 MUTYH-/-,MMR,1,0.1791053708994528,0.022222222222222223,0.48484848484848486
451,HAP1 MUTYH-/-,MMR,2,0.17440901232625802,0.04814636752136752,0.3567186577165961
452,HAP1 MUTYH-/-,MMR,3,0.18063404787979215,0.0585220052688672,0.33607667584940315
453,HAP1 MUTYH-/-,MMR,4,0.1739243082889095,0.06851956260731279,0.292212156732281
454,HAP1 MUTYH-/-,MMR,5,0.17601581656522453,0.07294615581776638,0.2905993013035852
455,HAP1 MUTYH-/-,MMR,10,0.17969813941906768,0.10980866400731869,0.25802695792654057
456,HAP1 MUTYH-/-,MMR,20,0.1795788864885133,0.1288544519835847,0.23605464815057386
457,HAP1 MUTYH-/-,MMR,30,0.17815979463403644,0.13608342965042003,0.22678017142802445
458,HAP1 MUTYH-/-,MMR,100,0.1788146212721735,0.15497698848704752,0.20272636090912885
459,HAP1 MUTYH-/-,MMR,500,0.1786151996906787,0.1680687198515874,0.18988431062263444
460,HAP1 MUTYH-/-,NER,1,0.06804671541694551,0.0,0.3035714328289032
461,HAP1 MUTYH-/-,NER,2,0.06894828108977527,0.008620689623057842,0.18273635618388653
462,HAP1 MUTYH-/-,NER,3,0.07132060335716232,0.012764669954776764,0.1552117720246315
463,HAP1 MUTYH-/-,NER,4,0.07035195280518383,0.02215793188661337,0.14553946778178214
464,HAP1 MUTYH-/-,NER,5,0.0706213264837861,0.02401326117105782,0.13600869365036486
465,HAP1 MUTYH-/-,NER,10,0.07165888158790767,0.03689919877797365,0.11659591887146234
466,HAP1 MUTYH-/-,NER,20,0.07111164308339357,0.04248256301507354,0.10209428090602159
467,HAP1 MUTYH-/-,NER,30,0.0707705034315586,0.049096840992569925,0.09499988257884978
468,HAP1 MUTYH-/-,NER,100,0.07071298261359334,0.05786210251972079,0.08294186070561409
469,HAP1 MUTYH-/-,NER,500,0.07075809574127197,0.06536119226366281,0.0766414113342762
470,HAP1 MUTYH-/-,NHEJ,1,1.1441532000005246,0.18817204236984253,2.0
471,HAP1 MUTYH-/-,NHEJ,2,1.168968788921833,0.5620004534721375,1.860854959487915
472,HAP1 MUTYH-/-,NHEJ,3,1.1717199787199497,0.6433312579989433,1.7717455953359602
473,HAP1 MUTYH-/-,NHEJ,4,1.1609841803312302,0.6783815652132035,1.6493196219205855
474,HAP1 MUTYH-/-,NHEJ,5,1.1572536560893059,0.7702717065811158,1.601171973347664
475,HAP1 MUTYH-/-,NHEJ,10,1.1562681879401207,0.87785474807024,1.4664726078510284
476,HAP1 MUTYH-/-,NHEJ,20,1.1608622610569,0.9554511070251465,1.3770647913217544
477,HAP1 MUTYH-/-,NHEJ,30,1.1559106954932212,0.9836874052882194,1.3329725831747055
478,HAP1 MUTYH-/-,NHEJ,100,1.1583972380161285,1.0699228376150132,1.2463253498077393
479,HAP1 MUTYH-/-,NHEJ,500,1.160081733942032,1.1193138659000397,1.2009939163923264
480,HELA XPA-/-,BER_8oxoG_C,1,0.9113524151423177,0.798941798941799,0.9743589743589743
481,HELA XPA-/-,BER_8oxoG_C,2,0.9117685630816474,0.8391208717682476,0.9616384752030567
482,HELA XPA-/-,BER_8oxoG_C,3,0.911579472506031,0.855428823679141,0.9521059126764047
483,HELA XPA-/-,BER_8oxoG_C,4,0.9111474286530703,0.8607714141189365,0.9473962254779962
484,HELA XPA-/-,BER_8oxoG_C,5,0.9107496795491822,0.8637734577290803,0.9417685803073511
485,HELA XPA-/-,BER_8oxoG_C,10,0.9106039818696573,0.8821547656290508,0.9345286459341058
486,HELA XPA-/-,BER_8oxoG_C,20,0.9107464693363868,0.8893192433182464,0.9288919109361982
487,HELA XPA-/-,BER_8oxoG_C,30,0.910881655158175,0.8939008692273432,0.92523148631731
488,HELA XPA-/-,BER_8oxoG_C,100,0.9111340217596897,0.9026586148371653,0.9191657861749054
489,HELA XPA-/-,BER_8oxoG_C,500,0.9111139792082293,0.9073402700237548,0.9149928274139383
490,HELA XPA-/-,BER_A_8oxoG,1,0.5247070154607524,0.12857142857142856,0.8077578151546038
491,HELA XPA-/-,BER_A_8oxoG,2,0.5246794468060179,0.2708863003313887,0.7579863763687292
492,HELA XPA-/-,BER_A_8oxoG,3,0.5218573090157261,0.32592798505820086,0.7076410606565487
493,HELA XPA-/-,BER_A_8oxoG,4,0.5250328759273165,0.3477032701577318,0.6979559235521873
494,HELA XPA-/-,BER_A_8oxoG,5,0.5247635669057518,0.3532562562250707,0.6775319201994658
495,HELA XPA-/-,BER_A_8oxoG,10,0.5228307512612467,0.41079318659402647,0.6321750009791055
496,HELA XPA-/-,BER_A_8oxoG,20,0.5236699084336112,0.4442787533665058,0.6034223829860956
497,HELA XPA-/-,BER_A_8oxoG,30,0.5239931354700148,0.46302422056126286,0.5842446916439034
498,HELA XPA-/-,BER_A_8oxoG,100,0.5226097323501059,0.48814557377527085,0.5581149655889971
499,HELA XPA-/-,BER_A_8oxoG,500,0.5226801099127644,0.5082894688542355,0.5378440478499531
500,HELA XPA-/-,BER_Hx,1,0.9059424885132201,0.7708333333333334,0.9910394265232975
501,HELA XPA-/-,BER_Hx,2,0.9064333257805097,0.8217612545081252,0.9696973022587597
502,HELA XPA-/-,BER_Hx,3,0.9068662210141262,0.8354721359062656,0.9628710456007432
503,HELA XPA-/-,BER_Hx,4,0.9031522232392042,0.8356906344298103,0.956514101944872
504,HELA XPA-/-,BER_Hx,5,0.9045288510913746,0.8457976298247412,0.94994334277823
505,HELA XPA-/-,BER_Hx,10,0.9037502288614085,0.8625912829830906,0.9365953526770107
506,HELA XPA-/-,BER_Hx,20,0.902940515679264,0.875630447257349,0.9254009752801148
507,HELA XPA-/-,BER_Hx,30,0.9042607381097495,0.8829934942737824,0.9236625426096386
508,HELA XPA-/-,BER_Hx,100,0.9036495426534881,0.8919861038283239,0.915079212317888
509,HELA XPA-/-,BER_Hx,500,0.9036880284548744,0.8985553603179792,0.9085300856405415
510,HELA XPA-/-,BER_UG,1,0.9967339572471041,0.978021978021978,1.0
511,HELA XPA-/-,BER_UG,2,0.9969759682621112,0.9863261076401262,1.0
512,HELA XPA-/-,BER_UG,3,0.9967962516421854,0.9852535254038269,1.0
513,HELA XPA-/-,BER_UG,4,0.9970215578041943,0.9887871232211494,1.0
514,HELA XPA-/-,BER_UG,5,0.9968663477534454,0.9888449450278521,1.0
515,HELA XPA-/-,BER_UG,10,0.9969739995071397,0.9923011753902815,0.9996037128003658
516,HELA XPA-/-,BER_UG,20,0.996941239369662,0.993460891911391,0.9991052574467582
517,HELA XPA-/-,BER_UG,30,0.9969169108632611,0.9944552599072191,0.9987481243967814
518,HELA XPA-/-,BER_UG,100,0.9968930835007994,0.9955611476051508,0.9980147370301821
519,HELA XPA-/-,BER_UG,500,0.9969122505228482,0.996297185399877,0.9974489403135886
520,HELA XPA-/-,DR_O6MeG,1,0.9271542440720567,0.6451612903225806,0.9826687567355735
521,HELA XPA-/-,DR_O6MeG,2,0.920333335836265,0.7315539793662491,0.9743552123213306
522,HELA XPA-/-,DR_O6MeG,3,0.9170013228946777,0.7309072524780827,0.9703383475817566
523,HELA XPA-/-,DR_O6MeG,4,0.9224845045601655,0.7937386183842721,0.9661125846381516
524,HELA XPA-/-,DR_O6MeG,5,0.920576638158182,0.8033104022962889,0.9644594857036868
525,HELA XPA-/-,DR_O6MeG,10,0.9207105678561847,0.8469100353144289,0.9570282276278798
526,HELA XPA-/-,DR_O6MeG,20,0.9199940954310054,0.8672799746672083,0.950312455478036
527,HELA XPA-/-,DR_O6MeG,30,0.9211036822713251,0.8795397302718406,0.946635972282307
528,HELA XPA-/-,DR_O6MeG,100,0.9207106679079889,0.8999363124520818,0.9377201781982886
529,HELA XPA-/-,DR_O6MeG,500,0.9208945660296849,0.9124144940285738,0.9285063249029618
530,HELA XPA-/-,MMR,1,0.1456407726822723,0.0,0.437546106557377
531,HELA XPA-/-,MMR,2,0.14260753528022618,0.01930961244749905,0.36455262281393797
532,HELA XPA-/-,MMR,3,0.14829694404201038,0.04528332338931051,0.3172594882716836
533,HELA XPA-/-,MMR,4,0.14437234285363848,0.04828373363284356,0.28750702597015226
534,HELA XPA-/-,MMR,5,0.14704189944358403,0.054641088690834456,0.27236035815827714
535,HELA XPA-/-,MMR,10,0.14689012244331687,0.08171343799607023,0.23005372578390648
536,HELA XPA-/-,MMR,20,0.14697547089664065,0.09871953169186852,0.2019053221264662
537,HELA XPA-/-,MMR,30,0.1461911070296456,0.10717000338167909,0.19335362760435412
538,HELA XPA-/-,MMR,100,0.1470024888226033,0.12337761061231409,0.16981950586885422
539,HELA XPA-/-,MMR,500,0.14640036154175984,0.13643917952101414,0.15773866780048604
540,HELA XPA-/-,NER,1,0.00906634665618185,0.0,0.032260673493146895
541,HELA XPA-/-,NER,2,0.009367495874059387,0.0009885204635793345,0.025745759019628164
542,HELA XPA-/-,NER,3,0.009419079817598685,0.0014765220927074553,0.03182571660727262
543,HELA XPA-/-,NER,4,0.009276401349459775,0.0025984336854889987,0.028027047356590624
544,HELA XPA-/-,NER,5,0.009302556904265657,0.0031144712178502233,0.025701682874932876
545,HELA XPA-/-,NER,10,0.00925762052834034,0.00444892814848572,0.019179310416802757
546,HELA XPA-/-,NER,20,0.009162341612391173,0.005529996950645,0.014800362242385744
547,HELA XPA-/-,NER,30,0.009157200219109655,0.005895032163243741,0.014307778049260377
548,HELA XPA-/-,NER,100,0.009216733363922685,0.007353225792758167,0.0115238799713552
549,HELA XPA-/-,NER,500,0.009179252183064819,0.008293599006719887,0.010160853620618582
550,HELA XPA-/-,NHEJ,1,1.453581089526415,0.6380255818367004,3.4225351810455322
551,HELA XPA-/-,NHEJ,2,1.4462936658859253,0.710602055490017,2.9096288740634915
552,HELA XPA-/-,NHEJ,3,1.4725336023569107,0.8476207345724106,2.6639699339866634
553,HELA XPA-/-,NHEJ,4,1.4732145854830743,0.8833873808383942,2.47212997674942
554,HELA XPA-/-,NHEJ,5,1.4808620685338973,0.9198582544922829,2.289308786392212
555,HELA XPA-/-,NHEJ,10,1.4742441697120667,1.0408183008432388,2.0293637692928312
556,HELA XPA-/-,NHEJ,20,1.4609256644845008,1.1609762102365493,1.8382706135511395
557,HELA XPA-/-,NHEJ,30,1.4648955787420272,1.2178622335195541,1.7622022718191146
558,HELA XPA-/-,NHEJ,100,1.464293982744217,1.3128263413906098,1.631306853890419
559,HELA XPA-/-,NHEJ,500,1.463013880252838,1.3934088587760924,1.5321953028440476
560,JM1,BER_8oxoG_C,1,0.844697615219206,0.7377049180327869,1.0
561,JM1,BER_8oxoG_C,2,0.8408132786241794,0.7610922611264568,0.9300518134715026
562,JM1,BER_8oxoG_C,3,0.8419043481236963,0.77938049699415,0.9130877414823666
563,JM1,BER_8oxoG_C,4,0.8431482725512026,0.7865762536194272,0.9028958871691527
564,JM1,BER_8oxoG_C,5,0.8411651258468237,0.7894920245302202,0.8938078946708095
565,JM1,BER_8oxoG_C,10,0.8420189891632373,0.8050347675147733,0.878439566215327
566,JM1,BER_8oxoG_C,20,0.8415792371532127,0.816993886110307,0.8650337667176808
567,JM1,BER_8oxoG_C,30,0.8412664057944578,0.8212278050146582,0.8626138060848172
568,JM1,BER_8oxoG_C,100,0.8414980615911015,0.8294690304022493,0.8528241328686735
569,JM1,BER_8oxoG_C,500,0.8416964634717073,0.8367592781020851,0.8467742442613616
570,JM1,BER_A_8oxoG,1,0.5202366518589933,0.1111111111111111,0.8705882352941177
571,JM1,BER_A_8oxoG,2,0.5206546400455268,0.2465753424657534,0.7793801391524352
572,JM1,BER_A_8oxoG,3,0.5188329472134656,0.2908709344616226,0.7323323780766455
573,JM1,BER_A_8oxoG,4,0.5194265670299748,0.339206025010627,0.7053684078620412
574,JM1,BER_A_8oxoG,5,0.5204289257570711,0.35041480904469957,0.6734772010225457
575,JM1,BER_A_8oxoG,10,0.5173021604556662,0.3922476144093726,0.6265465808182931
576,JM1,BER_A_8oxoG,20,0.5190978557575384,0.4396313050894427,0.6005779370203798
577,JM1,BER_A_8oxoG,30,0.5215939269801907,0.4524667474925611,0.5898546423229801
578,JM1,BER_A_8oxoG,100,0.5202669141245133,0.48438704354312756,0.5559900156744885
579,JM1,BER_A_8oxoG,500,0.5199995024411712,0.5036553377882328,0.5356972923328011
580,JM1,BER_Hx,1,0.8088183648000996,0.5147058823529411,0.9375
581,JM1,BER_Hx,2,0.8139424927134802,0.6573529411764706,0.92834008097166
582,JM1,BER_Hx,3,0.8096426169701224,0.6938802524676712,0.9082250852540732
583,JM1,BER_Hx,4,0.8097808398650173,0.6880568404098331,0.8983943173641407
584,JM1,BER_Hx,5,0.8103198566910779,0.7202070029854801,0.8861151804104666
585,JM1,BER_Hx,10,0.812380359865513,0.7489359937751924,0.8703115856924991
586,JM1,BER_Hx,20,0.8111202384385312,0.7684581814971365,0.8526001436372225
587,JM1,BER_Hx,30,0.8114580595179686,0.7758193008906946,0.8445058486412769
588,JM1,BER_Hx,100,0.8109947618354372,0.790514889413386,0.8281862653618484
589,JM1,BER_Hx,500,0.810872665787329,0.8026282990853577,0.8194544521587058
590,JM1,BER_UG,1,0.9775918490651603,0.5151515151515151,1.0
591,JM1,BER_UG,2,0.980676474692047,0.7575757575757576,1.0
592,JM1,BER_UG,3,0.9821364442410666,0.834051452020202,1.0
593,JM1,BER_UG,4,0.9807473251781427,0.870384517443341,1.0
594,JM1,BER_UG,5,0.9812006525984109,0.8954592660287354,1.0
595,JM1,BER_UG,10,0.9808260874465581,0.900735106942436,0.9992857142857143
596,JM1,BER_UG,20,0.9811450653891938,0.9450854976265125,0.9980058629630605
597,JM1,BER_UG,30,0.9819985907954502,0.946852186156892,0.9973348353223744
598,JM1,BER_UG,100,0.982206497004827,0.9656323037802935,0.9953459398871858
599,JM1,BER_UG,500,0.981638097051881,0.9744100066912907,0.9882610287466872
600,JM1,DR_O6MeG,1,0.8527547033566001,0.21428571428571427,0.99
601,JM1,DR_O6MeG,2,0.8544661691813349,0.5273421325051759,0.9772692023283436
602,JM1,DR_O6MeG,3,0.8615248989407368,0.6240531885268727,0.9693995258724927
603,JM1,DR_O6MeG,4,0.860350300406651,0.6829273600919963,0.9609710431831596
604,JM1,DR_O6MeG,5,0.8607151704799292,0.6904336602682851,0.957339382575468
605,JM1,DR_O6MeG,10,0.8586990182715644,0.7460731559253406,0.9366793320236596
606,JM1,DR_O6MeG,20,0.8589318760295245,0.7833126289733144,0.9177200135657481
607,JM1,DR_O6MeG,30,0.8587882321144016,0.7985726647797952,0.9079556708362126
608,JM1,DR_O6MeG,100,0.8596205239892116,0.8275265369058313,0.8874532686648849
609,JM1,DR_O6MeG,500,0.8593581995052103,0.8438854119522619,0.8738278014670647
610,JM1,MMR,1,0.32563977452525644,0.08695652173913043,0.7105263157894737
611,JM1,MMR,2,0.33103752058212343,0.11983146210119894,0.5681485628966031
612,JM1,MMR,3,0.32879148284310394,0.15545175519548224,0.5274903855456656
613,JM1,MMR,4,0.32933098701847874,0.17663371239239983,0.5110914770595908
614,JM1,MMR,5,0.33018832497273304,0.19126569763386972,0.4749603353303043
615,JM1,MMR,10,0.3278034907841243,0.22214034374257124,0.4336501761694002
616,JM1,MMR,20,0.32886964166872046,0.2575445175924711,0.40508353865247454
617,JM1,MMR,30,0.3300540706004492,0.27528904876578614,0.39223364464696037
618,JM1,MMR,100,0.3305152660982161,0.30036910145511897,0.3635061204436098
619,JM1,MMR,500,0.32993408893496506,0.3149755540234945,0.3449712230239133
620,JM1,NER,1,0.06849524574913085,0.011470588459633307,0.23076923191547394
621,JM1,NER,2,0.06876968321809546,0.01563260331749916,0.16218027472496033
622,JM1,NER,3,0.06729307931847871,0.01897951019927859,0.1386466909199953
623,JM1,NER,4,0.0677227631052956,0.022866761358454824,0.130064820498228
624,JM1,NER,5,0.0673017532005906,0.02679460388608277,0.12308869063854218
625,JM1,NER,10,0.06752472944743931,0.03745110956951976,0.10597772598266601
626,JM1,NER,20,0.06732129991054535,0.04567397637292743,0.09319491609930992
627,JM1,NER,30,0.06801095243543387,0.04930614251643419,0.08836100250482559
628,JM1,NER,100,0.06783336908370256,0.05728051858022809,0.07892924211919308
629,JM1,NER,500,0.06790188337117434,0.06339692436158657,0.072697738930583
630,JM1,NHEJ,1,0.4914732036441565,0.1448169253766537,1.3764705657958984
631,JM1,NHEJ,2,0.493892610296607,0.17950603365898132,0.9201693415641782
632,JM1,NHEJ,3,0.49606871537864206,0.24005700461566448,0.8459722876548765
633,JM1,NHEJ,4,0.4938028309047222,0.27293469533324244,0.8060807198286055
634,JM1,NHEJ,5,0.5037948007434606,0.2771503426134586,0.7893007457256317
635,JM1,NHEJ,10,0.49337209182977676,0.3426539145410061,0.6686713710427283
636,JM1,NHEJ,20,0.49533293664455413,0.3869202323257923,0.6225554719567299
637,JM1,NHEJ,30,0.4912642021775246,0.4044603489339352,0.5897253334522248
638,JM1,NHEJ,100,0.49609932032227516,0.4444813676178455,0.550086410343647
639,JM1,NHEJ,500,0.4953388056755066,0.4721734464168549,0.5174545824527741
640,JURKAT,BER_8oxoG_C,1,0.9183193792479756,0.7857142857142857,0.9772853535353535
641,JURKAT,BER_8oxoG_C,2,0.9200372278816067,0.8361535768467733,0.9679502715772872
642,JURKAT,BER_8oxoG_C,3,0.9193422381377238,0.8547339667073458,0.963372797343256
643,JURKAT,BER_8oxoG_C,4,0.9180989084124623,0.864829474018718,0.9582531324902077
644,JURKAT,BER_8oxoG_C,5,0.9185508830343412,0.8721591160380491,0.9549269771674203
645,JURKAT,BER_8oxoG_C,10,0.919592731860205,0.8890522474450882,0.9461138581932271
646,JURKAT,BER_8oxoG_C,20,0.9193205684734148,0.8964484700346124,0.9383993695478593
647,JURKAT,BER_8oxoG_C,30,0.9189002841800065,0.9011642192359145,0.9357034822182748
648,JURKAT,BER_8oxoG_C,100,0.9190478583839391,0.9091474590323336,0.9283990514244148
649,JURKAT,BER_8oxoG_C,500,0.9194261585590023,0.9151116650163689,0.9234736395098829
650,JURKAT,BER_A_8oxoG,1,0.6530906645419605,0.25832309043020196,0.844392296844703
651,JURKAT,BER_A_8oxoG,2,0.6505952218432699,0.3793813341220643,0.8016726017882018
652,JURKAT,BER_A_8oxoG,3,0.6494220763533859,0.45570145888254954,0.7855087688724829
653,JURKAT,BER_A_8oxoG,4,0.6487299202121983,0.4774788499889985,0.7708439945822143
654,JURKAT,BER_A_8oxoG,5,0.6528237440731002,0.5062861370645119,0.7631919376378999
655,JURKAT,BER_A_8oxoG,10,0.6532497793856017,0.5514421376843336,0.7368817942755024
656,JURKAT,BER_A_8oxoG,20,0.649845252488412,0.5790147399720573,0.7118843150109322
657,JURKAT,BER_A_8oxoG,30,0.6520223996796504,0.5967147025678756,0.701130593085955
658,JURKAT,BER_A_8oxoG,100,0.6516798500335982,0.619837937381238,0.6805313635264685
659,JURKAT,BER_A_8oxoG,500,0.6518633377900487,0.6382140441461653,0.6654005092701446
660,JURKAT,BER_Hx,1,0.8964850288301608,0.6827515400410678,0.985
661,JURKAT,BER_Hx,2,0.8979946438689016,0.7584938365766676,0.9667318048086886
662,JURKAT,BER_Hx,3,0.894810472099377,0.779299330818353,0.9573231567649888
663,JURKAT,BER_Hx,4,0.8943133625581544,0.8024914869259341,0.9520397662166192
664,JURKAT,BER_Hx,5,0.8964032004715201,0.811022339829205,0.950065848024159
665,JURKAT,BER_Hx,10,0.8956089321046077,0.8418153862163094,0.9355207270577675
666,JURKAT,BER_Hx,20,0.895539653511094,0.8585053071258851,0.9263917125566778
667,JURKAT,BER_Hx,30,0.8955285169677494,0.8645695567793826,0.9203591771271324
668,JURKAT,BER_Hx,100,0.8955955586091082,0.8788614686609226,0.9109463186667286
669,JURKAT,BER_Hx,500,0.8959225751837634,0.8890520691008714,0.9019380536297117
670,JURKAT,BER_UG,1,0.9950539641606256,0.9712041884816754,1.0
671,JURKAT,BER_UG,2,0.9954631931866962,0.9795918367346939,1.0
672,JURKAT,BER_UG,3,0.9956468081231782,0.9835282805424914,1.0
673,JURKAT,BER_UG,4,0.995402285484574,0.9834785495209247,1.0
674,JURKAT,BER_UG,5,0.9953903707580302,0.985094925910414,1.0
675,JURKAT,BER_UG,10,0.9953461903823094,0.9873478149727946,0.9990875289932646
676,JURKAT,BER_UG,20,0.9955000785272482,0.9907349388762995,0.9984296569079486
677,JURKAT,BER_UG,30,0.9953931510750413,0.9916553148724443,0.9978703582761373
678,JURKAT,BER_UG,100,0.9954318117308061,0.9934631934306187,0.9969158345317283
679,JURKAT,BER_UG,500,0.9954485132204787,0.9945912860068986,0.9962058367944847
680,JURKAT,DR_O6MeG,1,0.9468357288678547,0.8316831683168316,0.9887085901386748
681,JURKAT,DR_O6MeG,2,0.9478991838629657,0.8824621010018943,0.9811058189690698
682,JURKAT,DR_O6MeG,3,0.9468535794801151,0.8769496472388876,0.9794428758069039
683,JURKAT,DR_O6MeG,4,0.9467914778350118,0.8921204258445451,0.9755291216643782
684,JURKAT,DR_O6MeG,5,0.9471723702498082,0.9041185595585899,0.9725005360327181
685,JURKAT,DR_O6MeG,10,0.9472043457090585,0.9177016859699144,0.9672111765896221
686,JURKAT,DR_O6MeG,20,0.9472727162067555,0.9268996847000086,0.962103738041511
687,JURKAT,DR_O6MeG,30,0.9470059118549109,0.9303144995359564,0.9587167100438164
688,JURKAT,DR_O6MeG,100,0.9466968130484086,0.9386121865734394,0.954490579927908
689,JURKAT,DR_O6MeG,500,0.9470202364233931,0.9434492631660282,0.9503757211570653
690,JURKAT,MMR,1,0.014520354572744955,0.0,0.07401315789473684
691,JURKAT,MMR,2,0.013288456670286069,0.0,0.043488002461033626
692,JURKAT,MMR,3,0.013807124214306538,0.0,0.03709088861289694
693,JURKAT,MMR,4,0.013584494822813745,0.0018624104127793776,0.03278856536758697
694,JURKAT,MMR,5,0.0135089457287762,0.0032135334125911515,0.03076573488803521
695,JURKAT,MMR,10,0.014326204629289317,0.0060477715704617355,0.02664197698391159
696,JURKAT,MMR,20,0.013828152260806205,0.00753405432134218,0.022314990903909447
697,JURKAT,MMR,30,0.014035080627254613,0.00856036628488017,0.020894774218649832
698,JURKAT,MMR,100,0.01394157141984611,0.011083273521244252,0.01724968784111355
699,JURKAT,MMR,500,0.013923665380933987,0.01262170849910537,0.015353897373811388
700,JURKAT,NER,1,0.07965791299380362,0.013001482095569375,0.3110594019293783
701,JURKAT,NER,2,0.07838987516192719,0.022745380504056813,0.21718854829668993
702,JURKAT,NER,3,0.0788295415546745,0.02895260616205633,0.18786976858973503
703,JURKAT,NER,4,0.08109668561816216,0.03696285672485829,0.16336889564990992
704,JURKAT,NER,5,0.08185140421800316,0.0365587342530489,0.15354267582297323
705,JURKAT,NER,10,0.08018302205950022,0.0477339031174779,0.13303788825869559
706,JURKAT,NER,20,0.0802501116618514,0.05504659293219447,0.11315099000930785
707,JURKAT,NER,30,0.08055926813930273,0.059056941885501146,0.10739806704223157
708,JURKAT,NER,100,0.08082790818810463,0.0680034562945366,0.0938508277758956
709,JURKAT,NER,500,0.08082052535563708,0.07504774108529091,0.08627159763127565
710,JURKAT,NHEJ,1,1.110418793052435,0.6126491501927376,1.7669447243213645
711,JURKAT,NHEJ,2,1.1132925961613656,0.7106879219412804,1.6564991414546966
712,JURKAT,NHEJ,3,1.123108393907547,0.8016538679599762,1.5213690638542174
713,JURKAT,NHEJ,4,1.1237818062305451,0.8505181863903999,1.4670222640037536
714,JURKAT,NHEJ,5,1.118118644297123,0.8623599007725715,1.4200364500284195
715,JURKAT,NHEJ,10,1.119270759344101,0.9374158307909966,1.3450442224740982
716,JURKAT,NHEJ,20,1.116016595005989,0.9915437266230583,1.2578325062990188
717,JURKAT,NHEJ,30,1.118189426779747,1.0176669239997864,1.2342965066432954
718,JURKAT,NHEJ,100,1.1179760378599166,1.0615987986326219,1.1782530069351196
719,JURKAT,NHEJ,500,1.1180716199874878,1.0907827705144881,1.1450931400060653
720,KHM1B,BER_8oxoG_C,1,0.9240725959184195,0.8740740740740741,0.9555555555555556
721,KHM1B,BER_8oxoG_C,2,0.92320186479562,0.8935926773455377,0.9464489279782576
722,KHM1B,BER_8oxoG_C,3,0.9237177519281594,0.9002066653136417,0.9439523601373313
723,KHM1B,BER_8oxoG_C,4,0.9233202616470874,0.9001875741006176,0.9412036512149032
724,KHM1B,BER_8oxoG_C,5,0.9237815810380913,0.9052104789534944,0.9405722049589261
725,KHM1B,BER_8oxoG_C,10,0.9240966629318059,0.9108194573955676,0.9361872285686347
726,KHM1B,BER_8oxoG_C,20,0.9240522249111836,0.9149445836707065,0.9327076503335573
727,KHM1B,BER_8oxoG_C,30,0.924015233269457,0.9167198654922941,0.9308118009527996
728,KHM1B,BER_8oxoG_C,100,0.9238174907001228,0.9198199238242718,0.9278429018799045
729,KHM1B,BER_8oxoG_C,500,0.9238574306323009,0.9220488618151341,0.9257120961107721
730,KHM1B,BER_A_8oxoG,1,0.5619561663711441,0.08571428571428572,0.8160535117056856
731,KHM1B,BER_A_8oxoG,2,0.5532366613820734,0.2764337851929093,0.763332222090785
732,KHM1B,BER_A_8oxoG,3,0.5617772280743676,0.34132075059793926,0.7229102110789671
733,KHM1B,BER_A_8oxoG,4,0.5626704812822169,0.38642906006614225,0.7129236846277374
734,KHM1B,BER_A_8oxoG,5,0.5623264987205405,0.39692150549915983,0.6924450195368496
735,KHM1B,BER_A_8oxoG,10,0.559657692415429,0.45376538678009315,0.6596414080800169
736,KHM1B,BER_A_8oxoG,20,0.5621941217921904,0.4847021637494611,0.6317286960004473
737,KHM1B,BER_A_8oxoG,30,0.5623912888233352,0.50072914314687,0.624417340085625
738,KHM1B,BER_A_8oxoG,100,0.5611768074916772,0.5263852081597267,0.5949585245249414
739,KHM1B,BER_A_8oxoG,500,0.5613867534674915,0.5467680709530575,0.576808740541473
740,KHM1B,BER_Hx,1,0.8581089354915887,0.65625,0.9437939110070258
741,KHM1B,BER_Hx,2,0.8619165853936064,0.7333333333333334,0.9302302888368462
742,KHM1B,BER_Hx,3,0.8614051246407198,0.7591532110928663,0.9197793599359159
743,KHM1B,BER_Hx,4,0.8631845405242833,0.7829650990171226,0.9160922662176639
744,KHM1B,BER_Hx,5,0.8619645200232953,0.7871507719274329,0.9133180641876951
745,KHM1B,BER_Hx,10,0.8612737960190076,0.8119960676052569,0.9010586503871285
746,KHM1B,BER_Hx,20,0.8612734218798872,0.8282879866171716,0.8898172079830193
747,KHM1B,BER_Hx,30,0.8606259332723053,0.8322839516736349,0.8851479083587126
748,KHM1B,BER_Hx,100,0.8606443246181913,0.8456359501932889,0.8743473702561174
749,KHM1B,BER_Hx,500,0.8609640017705201,0.8544012071664865,0.8671448744678377
750,KHM1B,BER_UG,1,0.9883421637580262,0.9362831858407079,1.0
751,KHM1B,BER_UG,2,0.9898917764214843,0.9619997982343429,1.0
752,KHM1B,BER_UG,3,0.9888732030877502,0.9649383592442418,1.0
753,KHM1B,BER_UG,4,0.9892989462597908,0.9699356346170371,1.0
754,KHM1B,BER_UG,5,0.9889124520761777,0.969203310468905,0.9997058823529411
755,KHM1B,BER_UG,10,0.9890962740493835,0.9773164283467471,0.998288314103096
756,KHM1B,BER_UG,20,0.9895830266847511,0.9818760681676028,0.9961976639469498
757,KHM1B,BER_UG,30,0.9891411282796598,0.9827141685299261,0.9947833693451908
758,KHM1B,BER_UG,100,0.9891825114439489,0.9856837814394559,0.9924652177394488
759,KHM1B,BER_UG,500,0.9892690131086544,0.9877490210253079,0.9906524693029505
760,KHM1B,DR_O6MeG,1,0.19197646017572764,0.07920792079207921,0.8794466403162056
761,KHM1B,DR_O6MeG,2,0.19755147404569623,0.10118892046702452,0.5357064068388638
762,KHM1B,DR_O6MeG,3,0.19978679926484727,0.10892099625127136,0.4286875552667185
763,KHM1B,DR_O6MeG,4,0.19875548610343793,0.11558291138804706,0.39787321408295895
764,KHM1B,DR_O6MeG,5,0.19588276456895434,0.1186300923786549,0.3704794557864205
765,KHM1B,DR_O6MeG,10,0.19729427842153363,0.1281283151452804,0.31694122693877047
766,KHM1B,DR_O6MeG,20,0.19781543719485245,0.14428316634636326,0.2745453700291887
767,KHM1B,DR_O6MeG,30,0.1977956240905994,0.15028387998024534,0.2648290341837501
768,KHM1B,DR_O6MeG,100,0.19773530553438534,0.16946900496404788,0.233939452478459
769,KHM1B,DR_O6MeG,500,0.1980276731386437,0.18478780859433064,0.2127448897289236
770,KHM1B,MMR,1,0.15425015522064703,0.0,0.582010582010582
771,KHM1B,MMR,2,0.15309978595920168,0.0176678445229682,0.37721218755701513
772,KHM1B,MMR,3,0.1523358397543405,0.04014642549120187,0.315119831074532
773,KHM1B,MMR,4,0.15448395839489792,0.05701007617450254,0.2994941813049045
774,KHM1B,MMR,5,0.15356360603606606,0.06465506604677605,0.28067297780438766
775,KHM1B,MMR,10,0.15388565185624517,0.08433891596117266,0.24660140849509898
776,KHM1B,MMR,20,0.15372706486526921,0.10467230615058183,0.21594532669403785
777,KHM1B,MMR,30,0.154027227960225,0.11415710883183759,0.20056305554610185
778,KHM1B,MMR,100,0.15368249768113282,0.12886957601833665,0.1788980257058824
779,KHM1B,MMR,500,0.15409054569762243,0.14273678730348796,0.16562494665480298
780,KHM1B,NER,1,0.07512825777754188,0.0,0.19248826801776886
781,KHM1B,NER,2,0.07635055621061473,0.01604323834180832,0.14724784679710862
782,KHM1B,NER,3,0.07528963018255308,0.023586674639955164,0.13546742498874664
783,KHM1B,NER,4,0.07646345222182573,0.03498938037082553,0.13073370084166527
784,KHM1B,NER,5,0.07636115680634975,0.03685037503018975,0.11700681000947952
785,KHM1B,NER,10,0.07532846182584763,0.048257607501000166,0.10691090188920498
786,KHM1B,NER,20,0.07585474083945155,0.05528096901252866,0.09920510593801737
787,KHM1B,NER,30,0.07551596286147833,0.05975669054314494,0.09255530983209609
788,KHM1B,NER,100,0.07585045469179749,0.06614556610584259,0.0856888648122549
789,KHM1B,NER,500,0.0758049481883645,0.07134875543415546,0.08021074365824461
790,KHM1B,NHEJ,1,0.9730144530832767,0.19402985274791718,2.78125
791,KHM1B,NHEJ,2,0.9618665702790022,0.3760800123214722,1.9185504913330078
792,KHM1B,NHEJ,3,0.9593870125859976,0.4955123864114285,1.6321440130472182
793,KHM1B,NHEJ,4,0.9626739494502544,0.49255876839160917,1.5475886702537536
794,KHM1B,NHEJ,5,0.9513387705087661,0.5678250342607498,1.4731805145740509
795,KHM1B,NHEJ,10,0.955359426021576,0.6709268257021904,1.3136462599039076
796,KHM1B,NHEJ,20,0.9526876698732376,0.7589112162590027,1.177644431591034
797,KHM1B,NHEJ,30,0.9616342622637749,0.7927180275321006,1.1581019818782807
798,KHM1B,NHEJ,100,0.9596453976035119,0.8631315737962723,1.0694529861211777
799,KHM1B,NHEJ,500,0.9585169269442558,0.9158041268587113,1.0055562555789948
800,NALM6,BER_8oxoG_C,1,0.818047425796934,0.7340823970037453,0.9111776447105788
801,NALM6,BER_8oxoG_C,2,0.8204020199641499,0.763670991752589,0.8835181672690984
802,NALM6,BER_8oxoG_C,3,0.8198657808897243,0.774228625540462,0.8708898428360541
803,NALM6,BER_8oxoG_C,4,0.8196638488201868,0.7785736182601112,0.8634867941671049
804,NALM6,BER_8oxoG_C,5,0.8192353180357821,0.7832169040190229,0.8554547656744471
805,NALM6,BER_8oxoG_C,10,0.8192360595360425,0.7932325312031183,0.8457761869547987
806,NALM6,BER_8oxoG_C,20,0.8197105658658858,0.8019425850899958,0.8391312183111655
807,NALM6,BER_8oxoG_C,30,0.8192710317129532,0.8042094933192331,0.8330891663681266
808,NALM6,BER_8oxoG_C,100,0.8193733908888303,0.8109066705255626,0.8276757029142766
809,NALM6,BER_8oxoG_C,500,0.8193446600291788,0.8152106912663633,0.8235038703882505
810,NALM6,BER_A_8oxoG,1,0.6400922358317784,0.26609442060085836,0.8709677419354839
811,NALM6,BER_A_8oxoG,2,0.6372897636374188,0.40795448339692764,0.8323313792116301
812,NALM6,BER_A_8oxoG,3,0.637414168145841,0.43729724693962796,0.8033654178459284
813,NALM6,BER_A_8oxoG,4,0.6380663769225591,0.4772603381762523,0.7674910059029803
814,NALM6,BER_A_8oxoG,5,0.639410995303305,0.4943888487794883,0.7644981271013569
815,NALM6,BER_A_8oxoG,10,0.6370370617262754,0.5336139893117099,0.7300002799286122
816,NALM6,BER_A_8oxoG,20,0.6363595729200124,0.5676229747400923,0.700263969975896
817,NALM6,BER_A_8oxoG,30,0.6369434925334237,0.5793272192686287,0.6928978739450016
818,NALM6,BER_A_8oxoG,100,0.6369602251421117,0.6041384375033042,0.6649083485073035
819,NALM6,BER_A_8oxoG,500,0.6379872518035239,0.6232424306413331,0.6516737442427741
820,NALM6,BER_Hx,1,0.9003390084926282,0.6244131455399061,0.9899497487437185
821,NALM6,BER_Hx,2,0.899574692814023,0.6826592082616179,0.9792206507031925
822,NALM6,BER_Hx,3,0.8998535729216199,0.7488321883487662,0.9703362231916141
823,NALM6,BER_Hx,4,0.8969805549871467,0.7772971737029593,0.9647251074733376
824,NALM6,BER_Hx,5,0.8986755615163868,0.7880277546648289,0.9617703795276662
825,NALM6,BER_Hx,10,0.8994570042935645,0.824143532869744,0.94959311389856
826,NALM6,BER_Hx,20,0.8965840589181387,0.8443196153080083,0.9357303022702446
827,NALM6,BER_Hx,30,0.8975905934845507,0.8578414546999854,0.9296407829947295
828,NALM6,BER_Hx,100,0.8978628755535031,0.8759959102230588,0.9162087461142934
829,NALM6,BER_Hx,500,0.8981979010014564,0.8892349631098299,0.9067932507385423
830,NALM6,BER_UG,1,0.9917854869937563,0.9261904761904762,1.0
831,NALM6,BER_UG,2,0.9920934111392614,0.9565662911816554,1.0
832,NALM6,BER_UG,3,0.9915568707048534,0.9663568683304465,1.0
833,NALM6,BER_UG,4,0.9914117012295525,0.9704597464417684,0.9998416719442685
834,NALM6,BER_UG,5,0.9920993414402194,0.9739863422654339,0.9995820444925879
835,NALM6,BER_UG,10,0.9919070693251304,0.9797654268366806,0.9988105359302036
836,NALM6,BER_UG,20,0.9919877608394547,0.9830230557133013,0.9976228243888067
837,NALM6,BER_UG,30,0.9918178913687374,0.9846143386455064,0.9971088859802113
838,NALM6,BER_UG,100,0.9918512169642499,0.988505156385804,0.9948116360434198
839,NALM6,BER_UG,500,0.9918884066661293,0.9903468163187147,0.993317504375332
840,NALM6,DR_O6MeG,1,0.9741552500879286,0.9294117647058824,0.9908256880733946
841,NALM6,DR_O6MeG,2,0.9742956496358466,0.9124375624375625,0.9887063008530422
842,NALM6,DR_O6MeG,3,0.974398992646496,0.9327354915186868,0.9868365070296672
843,NALM6,DR_O6MeG,4,0.9742636565940662,0.9427947809575498,0.9855836864810423
844,NALM6,DR_O6MeG,5,0.9743463143445334,0.9480683576420439,0.9853420330505913
845,NALM6,DR_O6MeG,10,0.9744912327284309,0.957288821485609,0.9833168124709476
846,NALM6,DR_O6MeG,20,0.9743105864250561,0.9630477260902834,0.9812517011593173
847,NALM6,DR_O6MeG,30,0.9742320754137072,0.9658694781005597,0.9804544958299679
848,NALM6,DR_O6MeG,100,0.974307664547917,0.9695865071614079,0.9779334422125779
849,NALM6,DR_O6MeG,500,0.9743008779195467,0.9722857117909094,0.9761269395452808
850,NALM6,MMR,1,0.013279031785902088,0.0,0.04551920341394026
851,NALM6,MMR,2,0.013182158092399962,0.0005966587112171838,0.06747104811863208
852,NALM6,MMR,3,0.012828353739406944,0.002921946199212604,0.052362857735808024
853,NALM6,MMR,4,0.012848306510717642,0.0030237142129001856,0.04305231956553879
854,NALM6,MMR,5,0.013164128870866508,0.004076685311568339,0.03645056143476192
855,NALM6,MMR,10,0.012815300488550826,0.005977887147043827,0.027016441552964725
856,NALM6,MMR,20,0.012752845097107326,0.00731054791598559,0.022300189307915913
857,NALM6,MMR,30,0.01291738343960183,0.008094924064929046,0.020658013686330412
858,NALM6,MMR,100,0.012876758716468312,0.009716356578979264,0.01669270505541492
859,NALM6,MMR,500,0.012875237280278989,0.01138802727102245,0.014531010501291736
860,NALM6,NER,1,0.13694422229286282,0.032967034727334976,0.453125
861,NALM6,NER,2,0.13779363273270429,0.04658549651503563,0.3211862727999687
862,NALM6,NER,3,0.13592207616567611,0.055843438114970924,0.2728963926434516
863,NALM6,NER,4,0.13688020076788962,0.05912152025848627,0.2623387210071086
864,NALM6,NER,5,0.1384411232098937,0.06913416273891926,0.24704835675656794
865,NALM6,NER,10,0.13359804939478637,0.08003049343824387,0.20896458774805068
866,NALM6,NER,20,0.13505421088635922,0.09391641281545163,0.18945154771208764
867,NALM6,NER,30,0.13442982712388038,0.10020090509206056,0.17537091225385665
868,NALM6,NER,100,0.1348081731274724,0.11498889047652483,0.15508981384336948
869,NALM6,NER,500,0.13466142171621323,0.1262813825160265,0.14317229390144348
870,NALM6,NHEJ,1,0.5605794541239738,0.1367521435022354,1.515625
871,NALM6,NHEJ,2,0.5623578667491674,0.19637158513069153,1.2693318367004394
872,NALM6,NHEJ,3,0.5473305831924081,0.2399234425276518,1.0337353169918058
873,NALM6,NHEJ,4,0.5619647290706634,0.2899744212627411,0.9778704404830931
874,NALM6,NHEJ,5,0.5619269437044859,0.29348600208759307,0.9337759137153625
875,NALM6,NHEJ,10,0.562007496803999,0.36543338969349864,0.8198862791061401
876,NALM6,NHEJ,20,0.5650802690386773,0.4194043852388859,0.7395366325974464
877,NALM6,NHEJ,30,0.5603711230158805,0.44678991809487345,0.6991970717906951
878,NALM6,NHEJ,100,0.5610274069607258,0.4970656901597977,0.6347426414489746
879,NALM6,NHEJ,500,0.5597951839566231,0.5281146451830864,0.5900467574596405
880,PF382,BER_8oxoG_C,1,0.8310442636863759,0.6916666666666667,0.9761904761904762
881,PF382,BER_8oxoG_C,2,0.8294549385507339,0.7502033324498965,0.9213756146087599
882,PF382,BER_8oxoG_C,3,0.828309270464819,0.7609861865305526,0.9072290671411664
883,PF382,BER_8oxoG_C,4,0.8261963328844109,0.7639524953168029,0.8975018683717816
884,PF382,BER_8oxoG_C,5,0.8261228515925589,0.7716161806361317,0.8827432987473849
885,PF382,BER_8oxoG_C,10,0.8277902380677917,0.7892303623180589,0.8700360956222862
886,PF382,BER_8oxoG_C,20,0.8278964607054778,0.8012431029234873,0.8567310285183954
887,PF382,BER_8oxoG_C,30,0.8276966956796984,0.8041923120438925,0.8530182714175559
888,PF382,BER_8oxoG_C,100,0.8277647223390991,0.8147510842973316,0.8400676937900572
889,PF382,BER_8oxoG_C,500,0.8278076837872035,0.8216013161906612,0.8334455624802222
890,PF382,BER_A_8oxoG,1,0.6441284296474379,0.16990291262135923,0.8701298701298701
891,PF382,BER_A_8oxoG,2,0.632145951408441,0.3218751390557558,0.8235033556870011
892,PF382,BER_A_8oxoG,3,0.6281656264387048,0.39883753198078714,0.7982451370787816
893,PF382,BER_A_8oxoG,4,0.6291690531268879,0.4276913656022795,0.7848632303620905
894,PF382,BER_A_8oxoG,5,0.6352186057148418,0.45730051600607735,0.7737690368483194
895,PF382,BER_A_8oxoG,10,0.6305450215922632,0.5071698349321438,0.7314301871686095
896,PF382,BER_A_8oxoG,20,0.6307752730474305,0.544909070492668,0.7051574466981314
897,PF382,BER_A_8oxoG,30,0.6332793302402373,0.5642888605794758,0.698541124166596
898,PF382,BER_A_8oxoG,100,0.6312147666557638,0.5951461230696204,0.6676230563121621
899,PF382,BER_A_8oxoG,500,0.6322740831975255,0.6160941004030016,0.6469704046811189
900,PF382,BER_Hx,1,0.78719376701827,0.5728155339805825,0.9254385964912281
901,PF382,BER_Hx,2,0.7829637152611618,0.6461162707394825,0.9004224761976113
902,PF382,BER_Hx,3,0.7851330768360655,0.6815760869776865,0.8802675899225478
903,PF382,BER_Hx,4,0.7832807701490263,0.6886393899851523,0.8640166143425904
904,PF382,BER_Hx,5,0.7838944016385732,0.7030911013322838,0.8538208972613216
905,PF382,BER_Hx,10,0.7831718300982625,0.7226774753468483,0.8355735356287699
906,PF382,BER_Hx,20,0.7832755272069187,0.7430328874476111,0.8212673309542183
907,PF382,BER_Hx,30,0.7833952132506975,0.7499652428129949,0.8148603657150859
908,PF382,BER_Hx,100,0.7834974373577854,0.7658457738894509,0.800214122956119
909,PF382,BER_Hx,500,0.7837573396835315,0.7759721812678438,0.7914630193709498
910,PF382,BER_UG,1,0.9917599461136208,0.9476190476190476,1.0
911,PF382,BER_UG,2,0.9909152004953611,0.9617214179120521,1.0
912,PF382,BER_UG,3,0.9914080893381091,0.9726801481717219,1.0
913,PF382,BER_UG,4,0.9908007877709248,0.9728808456935014,0.9997462279493583
914,PF382,BER_UG,5,0.9912367299543633,0.9758336841751579,0.9994106509533921
915,PF382,BER_UG,10,0.9911802017345076,0.9807778040219649,0.9979839739658716
916,PF382,BER_UG,20,0.9912765418494607,0.983878302505595,0.9968095345670491
917,PF382,BER_UG,30,0.9912108184148193,0.9853017054312841,0.9961213758419649
918,PF382,BER_UG,100,0.9912390746804207,0.9881447180810164,0.9939361088091252
919,PF382,BER_UG,500,0.9912965624708227,0.9899504699879309,0.9925101965178601
920,PF382,DR_O6MeG,1,0.9753010634948114,0.9503105590062112,0.9932432432432432
921,PF382,DR_O6MeG,2,0.9747662412293994,0.9521834628468572,0.9887445178038026
922,PF382,DR_O6MeG,3,0.9751555633241373,0.9590040233796104,0.9877162330459994
923,PF382,DR_O6MeG,4,0.9746529551546348,0.960717229676176,0.985012978756226
924,PF382,DR_O6MeG,5,0.9751311565521229,0.9630622666726746,0.9844840375984965
925,PF382,DR_O6MeG,10,0.975131831841763,0.9668981396912641,0.9817276988556879
926,PF382,DR_O6MeG,20,0.9751021989894697,0.969082665154693,0.9799384770474692
927,PF382,DR_O6MeG,30,0.9750141102546249,0.9704173390180602,0.9790389245897458
928,PF382,DR_O6MeG,100,0.975079379740116,0.972722896853742,0.9775851137697497
929,PF382,DR_O6MeG,500,0.9750902442238146,0.974065825949068,0.976173957911135
930,PF382,MMR,1,0.03681108579580397,0.0,0.140625
931,PF382,MMR,2,0.03463307244149881,0.002347417840375587,0.1557164311701497
932,PF382,MMR,3,0.03302868168900588,0.005310263578976983,0.11725623046795874
933,PF382,MMR,4,0.0346252682246825,0.0072165227687485956,0.10310476496548927
934,PF382,MMR,5,0.034196542720761385,0.00951464684839004,0.08887253588292081
935,PF382,MMR,10,0.03472758451342953,0.013693034515004504,0.06990305807331923
936,PF382,MMR,20,0.03504252911690995,0.018805414712163453,0.05881752382042782
937,PF382,MMR,30,0.03509387564121654,0.02035404472984682,0.05466016843802253
938,PF382,MMR,100,0.034824575526734916,0.025746161549846082,0.04510857161707897
939,PF382,MMR,500,0.035021377393928126,0.030973022704673597,0.039292245354595925
940,PF382,NER,1,0.18148840306326747,0.0357142873108387,0.39240506291389465
941,PF382,NER,2,0.18157681857794522,0.07085740603506566,0.32386210560798645
942,PF382,NER,3,0.18197460040822624,0.09049234110862017,0.2898239418864249
943,PF382,NER,4,0.1781994511783123,0.102534562908113,0.26719317138195037
944,PF382,NER,5,0.1807496245726943,0.11174210701137781,0.26055445373058317
945,PF382,NER,10,0.1793246766924858,0.1297687966376543,0.24118034839630126
946,PF382,NER,20,0.17836314769089223,0.1400724768638611,0.21990469731390475
947,PF382,NER,30,0.179569844186306,0.14917685948312281,0.21435313895344735
948,PF382,NER,100,0.17985751473903655,0.16241973862051964,0.19688622765243052
949,PF382,NER,500,0.18006843657791616,0.1720626149326563,0.1879586435854435
950,PF382,NHEJ,1,0.6676302263736725,0.21875,1.3939393758773804
951,PF382,NHEJ,2,0.6676131296306849,0.2632978558540344,1.1921452194452284
952,PF382,NHEJ,3,0.6631139217168093,0.3314366519451141,1.1538482427597045
953,PF382,NHEJ,4,0.6566724111437797,0.34541132748126985,1.0627809911966324
954,PF382,NHEJ,5,0.6615033938586712,0.38085435926914213,0.9985982999205589
955,PF382,NHEJ,10,0.6666078269779682,0.45789148807525637,0.9351509496569633
956,PF382,NHEJ,20,0.6627420141100884,0.5198552146553993,0.8318056002259254
957,PF382,NHEJ,30,0.6641515544652938,0.5387578248977661,0.7993755310773849
958,PF382,NHEJ,100,0.663303440451622,0.5961919352412224,0.7350018084049225
959,PF382,NHEJ,500,0.664489737033844,0.6340881571173668,0.6963017180562019
960,RH30,BER_8oxoG_C,1,0.8804821101333193,0.7674418604651163,0.9629629629629629
961,RH30,BER_8oxoG_C,2,0.8782644859399515,0.8052485074614479,0.939236672499697
962,RH30,BER_8oxoG_C,3,0.8810056147696708,0.8227889988898229,0.9334113004258798
963,RH30,BER_8oxoG_C,4,0.8808098288085989,0.8345607168406249,0.9242979420396287
964,RH30,BER_8oxoG_C,5,0.882088213952442,0.839391324502806,0.9256306992819114
965,RH30,BER_8oxoG_C,10,0.8807373221991464,0.8480821727934873,0.9101180106180928
966,RH30,BER_8oxoG_C,20,0.880972834377657,0.8586373166539365,0.9016096159955165
967,RH30,BER_8oxoG_C,30,0.8804907205577431,0.8623788627728868,0.89683438175225
968,RH30,BER_8oxoG_C,100,0.8809496392275655,0.8711387272755023,0.8901195584361214
969,RH30,BER_8oxoG_C,500,0.8807988060323195,0.8767886147165241,0.8851200183331833
970,RH30,BER_A_8oxoG,1,0.6044890274283449,0.3118279569892473,0.826530612244898
971,RH30,BER_A_8oxoG,2,0.602204022679561,0.4005372218195056,0.7663571127057831
972,RH30,BER_A_8oxoG,3,0.5998805367831618,0.4396492217984748,0.7380467191966704
973,RH30,BER_A_8oxoG,4,0.6017480353045555,0.4594357392232174,0.7196610894526924
974,RH30,BER_A_8oxoG,5,0.6021457123465059,0.4886430895879244,0.7115139830988366
975,RH30,BER_A_8oxoG,10,0.5996893296807096,0.5130045328738572,0.6789076867067605
976,RH30,BER_A_8oxoG,20,0.6029705799415594,0.5453748112072536,0.6591841416051928
977,RH30,BER_A_8oxoG,30,0.6015236022273661,0.5573934850729463,0.650131659105801
978,RH30,BER_A_8oxoG,100,0.6010639750071571,0.5749247402965074,0.6249451623028418
979,RH30,BER_A_8oxoG,500,0.6014924596104003,0.5904693994022997,0.6117113342449536
980,RH30,BER_Hx,1,0.8607878723967471,0.6803874092009685,0.9719240297274979
981,RH30,BER_Hx,2,0.8625944233206672,0.7330501609558552,0.9470747832011309
982,RH30,BER_Hx,3,0.8614071934897407,0.7599259931168479,0.9336420572012724
983,RH30,BER_Hx,4,0.8607597084602917,0.7806499982893207,0.9215953335683189
984,RH30,BER_Hx,5,0.8606847771385994,0.7866921873549418,0.9166307465419208
985,RH30,BER_Hx,10,0.8604879746744167,0.8146268864820897,0.9027642822830987
986,RH30,BER_Hx,20,0.8610880956549887,0.8265021384653266,0.8921065671079047
987,RH30,BER_Hx,30,0.8603522760729594,0.8367255302388276,0.8859101331861003
988,RH30,BER_Hx,100,0.8601429869404137,0.8451860196897063,0.8749539770922569
989,RH30,BER_Hx,500,0.8603031603768542,0.853905745205307,0.8666511473732866
990,RH30,BER_UG,1,0.9782803699600908,0.8857142857142857,1.0
991,RH30,BER_UG,2,0.9780868708051759,0.9172460650298802,1.0
992,RH30,BER_UG,3,0.9785761100965126,0.9298143480585692,1.0
993,RH30,BER_UG,4,0.9789022087411193,0.9372208186089079,0.9990833249175463
994,RH30,BER_UG,5,0.9793048013584268,0.945043265347604,0.9991203762732515
995,RH30,BER_UG,10,0.9781802978945712,0.9542877129263281,0.9956491217946429
996,RH30,BER_UG,20,0.9789701443132045,0.9623084379073044,0.9917531023899601
997,RH30,BER_UG,30,0.9786318030325131,0.9645996078812231,0.9901892161482496
998,RH30,BER_UG,100,0.9787722290149298,0.9718523334796398,0.984954724893522
999,RH30,BER_UG,500,0.9786512069910301,0.9756462205358949,0.9813012597053079
1000,RH30,DR_O6MeG,1,0.17095110868160462,0.064,0.35714285714285715
1001,RH30,DR_O6MeG,2,0.1659659276471289,0.09244229779484539,0.2740582273646175
1002,RH30,DR_O6MeG,3,0.16783029559560908,0.09887229882795458,0.25553501425938013
1003,RH30,DR_O6MeG,4,0.16798310528205526,0.11429221605350193,0.2449514116702366
1004,RH30,DR_O6MeG,5,0.16761225733924384,0.11768294934324713,0.23368190082870072
1005,RH30,DR_O6MeG,10,0.16893190419345133,0.1330772935324937,0.21297182832331166
1006,RH30,DR_O6MeG,20,0.16720367334927505,0.14129377464848958,0.1988433185954502
1007,RH30,DR_O6MeG,30,0.16815774946636133,0.14547573670583716,0.1923865465684326
1008,RH30,DR_O6MeG,100,0.16829065768754992,0.15655544931510554,0.18101056437476348
1009,RH30,DR_O6MeG,500,0.16811487605841163,0.16228685371363832,0.17424431179201844
1010,RH30,MMR,1,0.17681367599482256,0.0,0.5625314597315436
1011,RH30,MMR,2,0.1751159322994466,0.018924285110456695,0.4550955650499208
1012,RH30,MMR,3,0.17320857791851085,0.03250096786682153,0.3923322144372095
1013,RH30,MMR,4,0.17543089096467546,0.04884245895998046,0.3504679181305047
1014,RH30,MMR,5,0.17521716996766423,0.05610006839965217,0.3502697250181575
1015,RH30,MMR,10,0.1771079803897982,0.0820068703609322,0.2795395539169229
1016,RH30,MMR,20,0.17449528980819448,0.10821122925107785,0.25289584966889866
1017,RH30,MMR,30,0.1754463740167608,0.12182536157811487,0.23448804673193424
1018,RH30,MMR,100,0.1753476392447616,0.14573871635260327,0.2087241849729346
1019,RH30,MMR,500,0.17479316158335043,0.15995784944869554,0.19001275793466105
1020,RH30,NER,1,0.028395698006730526,0.0,0.10163822006434169
1021,RH30,NER,2,0.025332625267328695,0.004322766792029142,0.07118892688304185
1022,RH30,NER,3,0.025959868787089363,0.007270799798425287,0.0588522110134363
1023,RH30,NER,4,0.02607474203640595,0.008435798715800047,0.051740265358239404
1024,RH30,NER,5,0.026318716371664778,0.010593749908730387,0.05153353502973911
1025,RH30,NER,10,0.0259351215288043,0.013798801531083881,0.042919491138309236
1026,RH30,NER,20,0.02639345789141953,0.016692457580938937,0.03832368096336722
1027,RH30,NER,30,0.026203234277665615,0.018846710957586766,0.03600141908973455
1028,RH30,NER,100,0.02628336093761027,0.022059846483170987,0.031178419617936014
1029,RH30,NER,500,0.026248184805735944,0.02418825295753777,0.02844233885407448
1030,RH30,NHEJ,1,1.0352126748859882,0.44262295961380005,2.33561635017395
1031,RH30,NHEJ,2,1.026302003800869,0.5685754850506782,1.724170809984207
1032,RH30,NHEJ,3,1.035010079652071,0.6646853566169739,1.5385564267635345
1033,RH30,NHEJ,4,1.0363864281177522,0.6801835745573044,1.4839157938957215
1034,RH30,NHEJ,5,1.0325462386608124,0.7147538989782334,1.421118530631065
1035,RH30,NHEJ,10,1.0427156617641449,0.8219066500663758,1.3249763250350952
1036,RH30,NHEJ,20,1.038623639166355,0.8699888780713081,1.2038795202970505
1037,RH30,NHEJ,30,1.0341626104712487,0.8956394955515862,1.1832671880722045
1038,RH30,NHEJ,100,1.0342722633481025,0.9582229793071747,1.1128668695688249
1039,RH30,NHEJ,500,1.0344756343364716,0.9989086911082268,1.069557812809944
1040,SAOS2,BER_8oxoG_C,1,0.892492554040348,0.7794376098418277,0.9782608695652174
1041,SAOS2,BER_8oxoG_C,2,0.8901061604864746,0.8008069317544612,0.9618275416005735
1042,SAOS2,BER_8oxoG_C,3,0.8872310265531942,0.8139086007033093,0.9482341890963523
1043,SAOS2,BER_8oxoG_C,4,0.8863165252245867,0.8227217805007512,0.9403736625707292
1044,SAOS2,BER_8oxoG_C,5,0.888437992771672,0.8326956685984417,0.935140416601919
1045,SAOS2,BER_8oxoG_C,10,0.8878646191545684,0.848070570653166,0.9223528163012925
1046,SAOS2,BER_8oxoG_C,20,0.8875467174993468,0.8602449299929652,0.9135336225142975
1047,SAOS2,BER_8oxoG_C,30,0.8880667111122781,0.8645936760847739,0.908648274734525
1048,SAOS2,BER_8oxoG_C,100,0.8875011528562831,0.8756361484606565,0.8989696949302114
1049,SAOS2,BER_8oxoG_C,500,0.8876847653780205,0.8824234283202063,0.8928522513877306
1050,SAOS2,BER_A_8oxoG,1,0.4262672426897743,0.1111111111111111,0.8170731707317073
1051,SAOS2,BER_A_8oxoG,2,0.4225517680631013,0.16210709797115327,0.6758188850252744
1052,SAOS2,BER_A_8oxoG,3,0.42528715894941194,0.22620997781508412,0.6361520033696054
1053,SAOS2,BER_A_8oxoG,4,0.42622904857989274,0.23291368466306792,0.6174705096443363
1054,SAOS2,BER_A_8oxoG,5,0.422699856414227,0.2639202197321092,0.5852121856732241
1055,SAOS2,BER_A_8oxoG,10,0.4277993195066229,0.3129592815246391,0.5465089584385454
1056,SAOS2,BER_A_8oxoG,20,0.42794545648428955,0.34520743440982093,0.5080460863945749
1057,SAOS2,BER_A_8oxoG,30,0.42705165458903216,0.3553529452513485,0.4895141324127098
1058,SAOS2,BER_A_8oxoG,100,0.4271171810314448,0.390712989771984,0.46201751119750784
1059,SAOS2,BER_A_8oxoG,500,0.42701382613744004,0.409926056136181,0.44287036762532683
1060,SAOS2,BER_Hx,1,0.8314190384045279,0.631578947368421,0.9866369710467706
1061,SAOS2,BER_Hx,2,0.8290545980989877,0.6988719130184241,0.9534530933260563
1062,SAOS2,BER_Hx,3,0.8323295693436679,0.7231657777655447,0.9347574658059138
1063,SAOS2,BER_Hx,4,0.82912755434297,0.7387843711657461,0.9142822090950643
1064,SAOS2,BER_Hx,5,0.8327310991615791,0.7513868389254695,0.9072319559637891
1065,SAOS2,BER_Hx,10,0.8327925796633667,0.7779813911961045,0.8866873097985097
1066,SAOS2,BER_Hx,20,0.8317171464088187,0.7926046561379365,0.8701058049445406
1067,SAOS2,BER_Hx,30,0.8319610522574525,0.800913914356453,0.8628929150807245
1068,SAOS2,BER_Hx,100,0.8321653108795699,0.8140432800642634,0.8496722109208624
1069,SAOS2,BER_Hx,500,0.8326574585575199,0.8245675849230479,0.8406029251590238
1070,SAOS2,BER_UG,1,0.9879105790053173,0.8947368421052632,1.0
1071,SAOS2,BER_UG,2,0.9884275926914353,0.9279531437135263,1.0
1072,SAOS2,BER_UG,3,0.9875441422871958,0.9301255121542101,1.0
1073,SAOS2,BER_UG,4,0.987573180636454,0.9455202312102621,1.0
1074,SAOS2,BER_UG,5,0.9880466205397552,0.953535386964203,1.0
1075,SAOS2,BER_UG,10,0.9880214099477965,0.9634574958132494,0.9995179870176218
1076,SAOS2,BER_UG,20,0.9874473928521852,0.9713322544647971,0.9978815989256961
1077,SAOS2,BER_UG,30,0.9875483848095332,0.9749265587763807,0.9965282777362205
1078,SAOS2,BER_UG,100,0.9876915787419454,0.9814514843189494,0.993417025280255
1079,SAOS2,BER_UG,500,0.987604827841721,0.9846924270730834,0.9901460384316815
1080,SAOS2,DR_O6MeG,1,0.2793134056512373,0.043478260869565216,0.9230769230769231
1081,SAOS2,DR_O6MeG,2,0.2877675565440479,0.08326071207441485,0.6712232433217331
1082,SAOS2,DR_O6MeG,3,0.29079904674269447,0.11119648414982655,0.5733732755729597
1083,SAOS2,DR_O6MeG,4,0.27873070377329395,0.12182010451172139,0.5286313320233799
1084,SAOS2,DR_O6MeG,5,0.2843032500080752,0.14512309483866556,0.49949430044950355
1085,SAOS2,DR_O6MeG,10,0.29035752870350295,0.17762284120765628,0.4460157555424607
1086,SAOS2,DR_O6MeG,20,0.28720899567104563,0.20236234922132482,0.38564859074037305
1087,SAOS2,DR_O6MeG,30,0.2859728068809622,0.2126484744624533,0.3646218852578277
1088,SAOS2,DR_O6MeG,100,0.2865435738742577,0.2444345624563912,0.33018474699327816
1089,SAOS2,DR_O6MeG,500,0.2859619942687127,0.2671127723425466,0.3050141749829149
1090,SAOS2,MMR,1,0.14107522819509755,0.0,0.5384615384615384
1091,SAOS2,MMR,2,0.14126456716149885,0.009478672985781991,0.44930711896568354
1092,SAOS2,MMR,3,0.14338810541848995,0.02221119847956045,0.3782245142571044
1093,SAOS2,MMR,4,0.14452030828877266,0.028983402304932248,0.3276404058088626
1094,SAOS2,MMR,5,0.14907920444365705,0.04055483898694605,0.31386910750889047
1095,SAOS2,MMR,10,0.1466355904758219,0.05912102295072772,0.2516023174742351
1096,SAOS2,MMR,20,0.14860728301642198,0.08257992647112755,0.22735994727926578
1097,SAOS2,MMR,30,0.14705416319887105,0.0899248638586362,0.2087625919376399
1098,SAOS2,MMR,100,0.14760677924261512,0.1164953069676094,0.18254818352301116
1099,SAOS2,MMR,500,0.14717102630787623,0.13268969855291515,0.16184601029941903
1100,SAOS2,NER,1,0.03285915430751629,0.0,0.1266851983964439
1101,SAOS2,NER,2,0.03600692044990137,0.003401360474526882,0.1112403025850653
1102,SAOS2,NER,3,0.03389934688841458,0.005955658480525017,0.13429884836077577
1103,SAOS2,NER,4,0.035425130275660195,0.007535822538193316,0.14978111647069448
1104,SAOS2,NER,5,0.03460986947861966,0.009412695793434978,0.12086246740072966
1105,SAOS2,NER,10,0.035346885457634925,0.014255836885422469,0.08908547796308994
1106,SAOS2,NER,20,0.03486528052110225,0.017849182384088634,0.06608326751738786
1107,SAOS2,NER,30,0.034485010195523504,0.01941646016202867,0.0585153605788946
1108,SAOS2,NER,100,0.034735006308183075,0.02487667640671134,0.04806074947118758
1109,SAOS2,NER,500,0.03447517285309732,0.029927522921934725,0.03966991323977709
1110,SAOS2,NHEJ,1,1.4173698106706143,0.2857142984867096,3.777777671813965
1111,SAOS2,NHEJ,2,1.4040450658649206,0.5849879369139671,2.901808851957321
1112,SAOS2,NHEJ,3,1.383801285326481,0.7016454100608825,2.415015357732772
1113,SAOS2,NHEJ,4,1.4061419702470304,0.8248325109481811,2.298104649782181
1114,SAOS2,NHEJ,5,1.3887068529129027,0.851316474378109,2.248225688934326
1115,SAOS2,NHEJ,10,1.4003230602741241,0.9901901707053185,1.9519280731678008
1116,SAOS2,NHEJ,20,1.4005582277178765,1.0983854830265045,1.761500272154808
1117,SAOS2,NHEJ,30,1.394376976966858,1.13352789580822,1.7024270206689833
1118,SAOS2,NHEJ,100,1.3905316877365113,1.249649253487587,1.5386580616235732
1119,SAOS2,NHEJ,500,1.3939932718276977,1.3263678401708603,1.4642109006643296
1120,TK6 LIG4-/-,BER_8oxoG_C,1,0.9368108733312185,0.8305084745762712,1.0
1121,TK6 LIG4-/-,BER_8oxoG_C,2,0.9385934715738237,0.8856489741302409,0.9834512211397304
1122,TK6 LIG4-/-,BER_8oxoG_C,3,0.9379373479973194,0.8938546089351366,0.9777485336369208
1123,TK6 LIG4-/-,BER_8oxoG_C,4,0.9392255460295211,0.9008627387473378,0.9746410206336642
1124,TK6 LIG4-/-,BER_8oxoG_C,5,0.9381105168713483,0.9052354884950998,0.9695505030681534
1125,TK6 LIG4-/-,BER_8oxoG_C,10,0.938058232046376,0.9142845626153031,0.9593660789537682
1126,TK6 LIG4-/-,BER_8oxoG_C,20,0.9380710803897111,0.9236138741663772,0.9532804141514379
1127,TK6 LIG4-/-,BER_8oxoG_C,30,0.9382998183265063,0.9250608518925181,0.9499623679007315
1128,TK6 LIG4-/-,BER_8oxoG_C,100,0.9381487503096507,0.9310755197160554,0.9447423018250964
1129,TK6 LIG4-/-,BER_8oxoG_C,500,0.9379661640748399,0.9347484888476286,0.9412266421901064
1130,TK6 LIG4-/-,BER_A_8oxoG,1,0.6678296865703467,0.40476190476190477,0.8734177215189873
1131,TK6 LIG4-/-,BER_A_8oxoG,2,0.6762888583225893,0.5040569300345836,0.8208166974691083
1132,TK6 LIG4-/-,BER_A_8oxoG,3,0.6758072682232187,0.5371070929023445,0.7901686423274931
1133,TK6 LIG4-/-,BER_A_8oxoG,4,0.6731468128363418,0.5496326686404758,0.7794559715930748
1134,TK6 LIG4-/-,BER_A_8oxoG,5,0.6752491200341132,0.5699538782557764,0.7698664957960327
1135,TK6 LIG4-/-,BER_A_8oxoG,10,0.6755547183586064,0.6023567062107527,0.7465420360638237
1136,TK6 LIG4-/-,BER_A_8oxoG,20,0.6730990797494169,0.6224590337422029,0.7199105795035986
1137,TK6 LIG4-/-,BER_A_8oxoG,30,0.6742707024186705,0.6338416155194518,0.7130636825484424
1138,TK6 LIG4-/-,BER_A_8oxoG,100,0.6739730316518684,0.6505146379622869,0.6959933203979505
1139,TK6 LIG4-/-,BER_A_8oxoG,500,0.6737145291987092,0.663845698848631,0.684288025287281
1140,TK6 LIG4-/-,BER_Hx,1,0.8753246635449375,0.5984848484848485,1.0
1141,TK6 LIG4-/-,BER_Hx,2,0.8793635708158014,0.7263157894736842,0.9722731520490641
1142,TK6 LIG4-/-,BER_Hx,3,0.8809304489881223,0.7639386189258311,0.957554347826087
1143,TK6 LIG4-/-,BER_Hx,4,0.8837067077297701,0.7753623324751479,0.9476494609425132
1144,TK6 LIG4-/-,BER_Hx,5,0.8824097869473123,0.7964478443543187,0.9432701829772066
1145,TK6 LIG4-/-,BER_Hx,10,0.8816357442539384,0.8178925957016483,0.9319366534578987
1146,TK6 LIG4-/-,BER_Hx,20,0.8808069052001218,0.8381469696212953,0.9157291445039263
1147,TK6 LIG4-/-,BER_Hx,30,0.8810734619068442,0.8460030148566827,0.9128161260475917
1148,TK6 LIG4-/-,BER_Hx,100,0.8809002075375513,0.8624424115359854,0.8962005962927411
1149,TK6 LIG4-/-,BER_Hx,500,0.8807861638450053,0.8722022730104104,0.8889126253543829
1150,TK6 LIG4-/-,BER_UG,1,0.9670344758675644,0.8321678321678322,1.0
1151,TK6 LIG4-/-,BER_UG,2,0.968368917300834,0.8915653051468635,1.0
1152,TK6 LIG4-/-,BER_UG,3,0.9683304047676347,0.9062051307653245,1.0
1153,TK6 LIG4-/-,BER_UG,4,0.9686724385638635,0.9111320404456288,0.9992728276877761
1154,TK6 LIG4-/-,BER_UG,5,0.9688508275504283,0.9238267514482634,0.9976475183446417
1155,TK6 LIG4-/-,BER_UG,10,0.9672903919608986,0.9335938657239231,0.992940768899138
1156,TK6 LIG4-/-,BER_UG,20,0.9679414260390358,0.9461282551850219,0.9858566646482779
1157,TK6 LIG4-/-,BER_UG,30,0.9681553376114298,0.9498676316943132,0.9843882912282073
1158,TK6 LIG4-/-,BER_UG,100,0.9678920149447694,0.9585950730494751,0.976512860111016
1159,TK6 LIG4-/-,BER_UG,500,0.9678772029255416,0.9638480703446728,0.9717174127339159
1160,TK6 LIG4-/-,DR_O6MeG,1,0.20489139752737867,0.10509554140127389,0.32608695652173914
1161,TK6 LIG4-/-,DR_O6MeG,2,0.20129170892067016,0.1318267419962335,0.27627409762100086
1162,TK6 LIG4-/-,DR_O6MeG,3,0.20158624131138386,0.14609051201158946,0.2582214381589951
1163,TK6 LIG4-/-,DR_O6MeG,4,0.20076929684436615,0.14839737845676637,0.2500215047570896
1164,TK6 LIG4-/-,DR_O6MeG,5,0.20029659549444673,0.15692274381820073,0.24451464215542165
1165,TK6 LIG4-/-,DR_O6MeG,10,0.20166232645404186,0.17212417957882264,0.23383200071463991
1166,TK6 LIG4-/-,DR_O6MeG,20,0.20170922572141917,0.17950125790643603,0.22121966110970184
1167,TK6 LIG4-/-,DR_O6MeG,30,0.2016715307762688,0.18418068807408194,0.21938883756461877
1168,TK6 LIG4-/-,DR_O6MeG,100,0.20148225634753997,0.19182670634061044,0.21140743473531312
1169,TK6 LIG4-/-,DR_O6MeG,500,0.20144550059254765,0.19730975361741726,0.2059491345272199
1170,TK6 LIG4-/-,MMR,1,0.17277404135197988,0.0,0.4939759036144578
1171,TK6 LIG4-/-,MMR,2,0.17749227192227807,0.030197628458498032,0.35809906291834004
1172,TK6 LIG4-/-,MMR,3,0.17406278174434966,0.056417233185447904,0.31204361610557957
1173,TK6 LIG4-/-,MMR,4,0.17657314220418457,0.068519698984416,0.30125619443940566
1174,TK6 LIG4-/-,MMR,5,0.17941402412460083,0.09015065721822121,0.2888347418456162
1175,TK6 LIG4-/-,MMR,10,0.1771280422857134,0.10722920677706327,0.25560453483908596
1176,TK6 LIG4-/-,MMR,20,0.1753934508664264,0.13195884553527715,0.22330301087237003
1177,TK6 LIG4-/-,MMR,30,0.17673489168237586,0.13538007614049355,0.21704591971233475
1178,TK6 LIG4-/-,MMR,100,0.17636593527475994,0.1541835177811802,0.19929826429907385
1179,TK6 LIG4-/-,MMR,500,0.17642822678686024,0.16655496971376146,0.1862778246575055
1180,TK6 LIG4-/-,NER,1,0.1775581137649715,0.0,0.5609756112098694
1181,TK6 LIG4-/-,NER,2,0.19158465313212947,0.013415067456662655,0.9803734332323073
1182,TK6 LIG4-/-,NER,3,0.19801199602615088,0.022527410788461565,0.745793779194355
1183,TK6 LIG4-/-,NER,4,0.20519231532420962,0.029391554137691855,0.6591202944517136
1184,TK6 LIG4-/-,NER,5,0.193700226996094,0.03704584548249841,0.5511088714003561
1185,TK6 LIG4-/-,NER,10,0.202597580794245,0.06476928610354662,0.48791247159242623
1186,TK6 LIG4-/-,NER,20,0.19858663627505302,0.09053967166692019,0.3645195484161377
1187,TK6 LIG4-/-,NER,30,0.1933982362523675,0.10216651037335396,0.3315912306308746
1188,TK6 LIG4-/-,NER,100,0.1964092011526227,0.1404476173222065,0.2672015234827995
1189,TK6 LIG4-/-,NER,500,0.19672314769029617,0.16734716556966306,0.22682880833745
1190,TK6 LIG4-/-,NHEJ,1,0.07834842361323535,0.02946127951145172,0.19090908765792847
1191,TK6 LIG4-/-,NHEJ,2,0.08052016445808112,0.03578327223658562,0.1517857164144516
1192,TK6 LIG4-/-,NHEJ,3,0.08109184860810638,0.040967228915542366,0.14582801908254622
1193,TK6 LIG4-/-,NHEJ,4,0.08282979609444738,0.043945972062647345,0.13004688471555706
1194,TK6 LIG4-/-,NHEJ,5,0.08141416723281145,0.047080821078270677,0.12589248605072498
1195,TK6 LIG4-/-,NHEJ,10,0.08087216828763485,0.05583054758608341,0.11044756229966879
1196,TK6 LIG4-/-,NHEJ,20,0.08150066769495606,0.06402674298733473,0.10102741904556752
1197,TK6 LIG4-/-,NHEJ,30,0.08093441025167704,0.06466619111597538,0.09708745758980512
1198,TK6 LIG4-/-,NHEJ,100,0.08128990826755762,0.07230842858552933,0.0905520137399435
1199,TK6 LIG4-/-,NHEJ,500,0.08122990866750479,0.07730774693191052,0.08524806778877973
1200,U2OS OGG-/-,BER_8oxoG_C,1,0.8322643775400931,0.7092198581560284,0.941771834737772
1201,U2OS OGG-/-,BER_8oxoG_C,2,0.832647299962253,0.7506455714435448,0.9110098605205134
1202,U2OS OGG-/-,BER_8oxoG_C,3,0.8327648942524047,0.7599398970641834,0.8959102053086139
1203,U2OS OGG-/-,BER_8oxoG_C,4,0.8324147129682439,0.7699350687026084,0.8890801910232895
1204,U2OS OGG-/-,BER_8oxoG_C,5,0.8330232014345957,0.77851998969993,0.8831848341922243
1205,U2OS OGG-/-,BER_8oxoG_C,10,0.8327610910157521,0.7962470090238147,0.869106156004427
1206,U2OS OGG-/-,BER_8oxoG_C,20,0.8319976806914186,0.8040984272163854,0.858478721596494
1207,U2OS OGG-/-,BER_8oxoG_C,30,0.8333246689315172,0.8109671249957799,0.8547352325406785
1208,U2OS OGG-/-,BER_8oxoG_C,100,0.8326702887597981,0.8199605222739926,0.8446148677175982
1209,U2OS OGG-/-,BER_8oxoG_C,500,0.8331488321867015,0.8278062640230414,0.8387352386274953
1210,U2OS OGG-/-,BER_A_8oxoG,1,0.5402212894604943,0.19642857142857142,0.8150326797385619
1211,U2OS OGG-/-,BER_A_8oxoG,2,0.544449294450535,0.32445626418598245,0.7310671595596854
1212,U2OS OGG-/-,BER_A_8oxoG,3,0.541210277552156,0.3704065005991522,0.7058537402165409
1213,U2OS OGG-/-,BER_A_8oxoG,4,0.5432574378040534,0.38015908281778593,0.685332366868722
1214,U2OS OGG-/-,BER_A_8oxoG,5,0.542259417303101,0.4061319544838387,0.6725489170514471
1215,U2OS OGG-/-,BER_A_8oxoG,10,0.5415255048249075,0.4487507262764569,0.6290612781149217
1216,U2OS OGG-/-,BER_A_8oxoG,20,0.5430959576714264,0.47928393881644316,0.6101690804812403
1217,U2OS OGG-/-,BER_A_8oxoG,30,0.543967311556272,0.48734756826837766,0.5988864624464862
1218,U2OS OGG-/-,BER_A_8oxoG,100,0.544355966415214,0.5142281092853437,0.5733428899692616
1219,U2OS OGG-/-,BER_A_8oxoG,500,0.5442162800836418,0.5315974327997213,0.5570155986842209
1220,U2OS OGG-/-,BER_Hx,1,0.8839056969062485,0.7421875,0.9871086556169429
1221,U2OS OGG-/-,BER_Hx,2,0.8829938154259852,0.7910917439400773,0.9602612438505617
1222,U2OS OGG-/-,BER_Hx,3,0.8850352697206956,0.8024266373351185,0.947937722556229
1223,U2OS OGG-/-,BER_Hx,4,0.8820172680239394,0.8082928951844616,0.9417999719352235
1224,U2OS OGG-/-,BER_Hx,5,0.8833701407834542,0.8142750211595018,0.9410336835196139
1225,U2OS OGG-/-,BER_Hx,10,0.8836312572512177,0.8370132695482327,0.9234974223828548
1226,U2OS OGG-/-,BER_Hx,20,0.8839035897052294,0.8497129266394329,0.9119744919307015
1227,U2OS OGG-/-,BER_Hx,30,0.8843813424685069,0.8544253665232593,0.9069887157682314
1228,U2OS OGG-/-,BER_Hx,100,0.8841997960961411,0.870105983019365,0.8969986327909443
1229,U2OS OGG-/-,BER_Hx,500,0.8840444428836118,0.8775149506037738,0.8904767623366794
1230,U2OS OGG-/-,BER_UG,1,0.9930009672253987,0.9454545454545454,1.0
1231,U2OS OGG-/-,BER_UG,2,0.9933253236579521,0.9621080139372822,1.0
1232,U2OS OGG-/-,BER_UG,3,0.9922771485011064,0.9671265693078773,1.0
1233,U2OS OGG-/-,BER_UG,4,0.9928176177068603,0.9741067873205373,1.0
1234,U2OS OGG-/-,BER_UG,5,0.9928853688190831,0.9743522330535315,0.9997705761657345
1235,U2OS OGG-/-,BER_UG,10,0.992912645684039,0.9810813633684414,0.999060893145715
1236,U2OS OGG-/-,BER_UG,20,0.9927744194651631,0.985368992590069,0.9979520427750628
1237,U2OS OGG-/-,BER_UG,30,0.9926510202142762,0.9862618404023976,0.9971449463622822
1238,U2OS OGG-/-,BER_UG,100,0.9928592031603113,0.9894134743445203,0.9955195468224859
1239,U2OS OGG-/-,BER_UG,500,0.9927840999923289,0.9914002997473456,0.9940033718689156
1240,U2OS OGG-/-,DR_O6MeG,1,0.7651507631570137,0.26153846153846155,0.9742624517618206
1241,U2OS OGG-/-,DR_O6MeG,2,0.7692015195261529,0.4362627304360628,0.9475339408574938
1242,U2OS OGG-/-,DR_O6MeG,3,0.7664126583898208,0.5178942346778805,0.9209247077494156
1243,U2OS OGG-/-,DR_O6MeG,4,0.7610935526039501,0.5497952701765975,0.9078761737837213
1244,U2OS OGG-/-,DR_O6MeG,5,0.7639865502720232,0.5621142882418659,0.8946894981255443
1245,U2OS OGG-/-,DR_O6MeG,10,0.7641084967328474,0.6350826218471467,0.8608922765931742
1246,U2OS OGG-/-,DR_O6MeG,20,0.7651568872572294,0.6849973376080865,0.8359899573858733
1247,U2OS OGG-/-,DR_O6MeG,30,0.7625626702730424,0.6957339382698278,0.8265789594647297
1248,U2OS OGG-/-,DR_O6MeG,100,0.762953579477749,0.7259787837392295,0.7977535208217044
1249,U2OS OGG-/-,DR_O6MeG,500,0.7628787733477735,0.7472206883162472,0.7794383855432089
1250,U2OS OGG-/-,MMR,1,0.15587207026437142,0.0,0.48
1251,U2OS OGG-/-,MMR,2,0.15067706274865061,0.030315748403086238,0.37476021354518496
1252,U2OS OGG-/-,MMR,3,0.1460430430625625,0.036322982297856285,0.3257895543999408
1253,U2OS OGG-/-,MMR,4,0.14994655785545075,0.049967508095453694,0.2998388088072097
1254,U2OS OGG-/-,MMR,5,0.1523816509882709,0.062280776335120705,0.2782542380364984
1255,U2OS OGG-/-,MMR,10,0.15049559593547007,0.08162936066446703,0.23895840546958963
1256,U2OS OGG-/-,MMR,20,0.15002719693429786,0.0990079065718155,0.2145643356094135
1257,U2OS OGG-/-,MMR,30,0.15280269165736723,0.11028493453116238,0.20641922795083092
1258,U2OS OGG-/-,MMR,100,0.1503433406985129,0.12741635687898945,0.17541422177231475
1259,U2OS OGG-/-,MMR,500,0.15097749353285309,0.14038581646987452,0.16192180523994243
1260,U2OS OGG-/-,NER,1,0.09638698800536803,0.0,0.31554035320878027
1261,U2OS OGG-/-,NER,2,0.09699529701378197,0.02209299234673381,0.2780925348401069
1262,U2OS OGG-/-,NER,3,0.09550720449863001,0.02761651803739369,0.2217549268156289
1263,U2OS OGG-/-,NER,4,0.09928347971476614,0.03685892391949892,0.21969761699438084
1264,U2OS OGG-/-,NER,5,0.09583370552212,0.03898508222773671,0.1929902382194996
1265,U2OS OGG-/-,NER,10,0.09724424032121896,0.049595316778868435,0.1646831829100847
1266,U2OS OGG-/-,NER,20,0.09694084523618221,0.06281124632805586,0.13800734020769595
1267,U2OS OGG-/-,NER,30,0.09675178027525544,0.06937136016786098,0.13304598927497863
1268,U2OS OGG-/-,NER,100,0.09695380108803511,0.07945802751928568,0.11644084509462117
1269,U2OS OGG-/-,NER,500,0.09692474859952926,0.08861141856759787,0.10511200819164514
1270,U2OS OGG-/-,NHEJ,1,1.1052193406373263,0.20895522832870483,2.314814805984497
1271,U2OS OGG-/-,NHEJ,2,1.141473257675767,0.562817819416523,1.9713926970958708
1272,U2OS OGG-/-,NHEJ,3,1.1505126893818378,0.6436747908592224,1.8727036356925963
1273,U2OS OGG-/-,NHEJ,4,1.1315532159805297,0.7257506906986236,1.7310930639505384
1274,U2OS OGG-/-,NHEJ,5,1.130736377596855,0.7474707365036011,1.6489111334085464
1275,U2OS OGG-/-,NHEJ,10,1.1279739173054695,0.8605773955583572,1.457697257399559
1276,U2OS OGG-/-,NHEJ,20,1.1315817705988884,0.9279223576188087,1.3808270305395125
1277,U2OS OGG-/-,NHEJ,30,1.1380952126979829,0.9608768239617348,1.340585845708847
1278,U2OS OGG-/-,NHEJ,100,1.134697617352009,1.0396533936262131,1.243716898560524
1279,U2OS OGG-/-,NHEJ,500,1.134790764451027,1.0904360115528107,1.1776983141899109
