contig,nsnp,ndel,nins,N,position,sample,f_del,cell_line,condition,timepoint,replicate,name
GFP_BAR_DSBR_2,2.0,0.0,0.0,3219.0,1,TK6_WT_1h_BR0,0.0,TK6,WT,1h,BR0,TK6_WT
GFP_BAR_DSBR_2,0.0,0.0,0.0,3219.0,2,TK6_WT_1h_BR0,0.0,TK6,WT,1h,BR0,TK6_WT
GFP_BAR_DSBR_2,0.0,0.0,0.0,3219.0,3,TK6_WT_1h_BR0,0.0,TK6,WT,1h,BR0,TK6_WT
GFP_BAR_DSBR_2,0.0,0.0,0.0,3219.0,4,TK6_WT_1h_BR0,0.0,TK6,WT,1h,BR0,TK6_WT
GFP_BAR_DSBR_2,0.0,0.0,0.0,3219.0,5,TK6_WT_1h_BR0,0.0,TK6,WT,1h,BR0,TK6_WT
GFP_BAR_DSBR_2,0.0,0.0,0.0,3219.0,6,TK6_WT_1h_BR0,0.0,TK6,WT,1h,BR0,TK6_WT
GFP_BAR_DSBR_2,0.0,0.0,0.0,3219.0,7,TK6_WT_1h_BR0,0.0,TK6,WT,1h,BR0,TK6_WT
GFP_BAR_DSBR_2,0.0,0.0,0.0,3219.0,8,TK6_WT_1h_BR0,0.0,TK6,WT,1h,BR0,TK6_WT
GFP_BAR_DSBR_2,0.0,0.0,0.0,3219.0,9,TK6_WT_1h_BR0,0.0,TK6,WT,1h,BR0,TK6_WT
GFP_BAR_DSBR_2,0.0,0.0,0.0,3219.0,10,TK6_WT_1h_BR0,0.0,TK6,WT,1h,BR0,TK6_WT
GFP_BAR_DSBR_2,0.0,0.0,0.0,3219.0,11,TK6_WT_1h_BR0,0.0,TK6,WT,1h,BR0,TK6_WT
GFP_BAR_DSBR_2,0.0,0.0,0.0,3219.0,12,TK6_WT_1h_BR0,0.0,TK6,WT,1h,BR0,TK6_WT
GFP_BAR_DSBR_2,0.0,0.0,0.0,3219.0,13,TK6_WT_1h_BR0,0.0,TK6,WT,1h,BR0,TK6_WT
GFP_BAR_DSBR_2,0.0,0.0,0.0,3219.0,14,TK6_WT_1h_BR0,0.0,TK6,WT,1h,BR0,TK6_WT
GFP_BAR_DSBR_2,2.0,0.0,0.0,3219.0,15,TK6_WT_1h_BR0,0.0,TK6,WT,1h,BR0,TK6_WT
GFP_BAR_DSBR_2,0.0,0.0,0.0,3219.0,16,TK6_WT_1h_BR0,0.0,TK6,WT,1h,BR0,TK6_WT
GFP_BAR_DSBR_2,0.0,0.0,0.0,3219.0,17,TK6_WT_1h_BR0,0.0,TK6,WT,1h,BR0,TK6_WT
GFP_BAR_DSBR_2,0.0,1.0,0.0,3219.0,18,TK6_WT_1h_BR0,0.00031065548306927616,TK6,WT,1h,BR0,TK6_WT
GFP_BAR_DSBR_2,1.0,1.0,0.0,3219.0,19,TK6_WT_1h_BR0,0.00031065548306927616,TK6,WT,1h,BR0,TK6_WT
GFP_BAR_DSBR_2,0.0,2.0,0.0,3219.0,20,TK6_WT_1h_BR0,0.0006213109661385523,TK6,WT,1h,BR0,TK6_WT
GFP_BAR_DSBR_2,2.0,2.0,0.0,3219.0,21,TK6_WT_1h_BR0,0.0006213109661385523,TK6,WT,1h,BR0,TK6_WT
GFP_BAR_DSBR_2,0.0,4.0,0.0,3219.0,22,TK6_WT_1h_BR0,0.0012426219322771047,TK6,WT,1h,BR0,TK6_WT
GFP_BAR_DSBR_2,0.0,4.0,0.0,3219.0,23,TK6_WT_1h_BR0,0.0012426219322771047,TK6,WT,1h,BR0,TK6_WT
GFP_BAR_DSBR_2,0.0,4.0,0.0,3219.0,24,TK6_WT_1h_BR0,0.0012426219322771047,TK6,WT,1h,BR0,TK6_WT
GFP_BAR_DSBR_2,0.0,4.0,0.0,3219.0,25,TK6_WT_1h_BR0,0.0012426219322771047,TK6,WT,1h,BR0,TK6_WT
GFP_BAR_DSBR_2,0.0,5.0,0.0,3219.0,26,TK6_WT_1h_BR0,0.0015532774153463808,TK6,WT,1h,BR0,TK6_WT
GFP_BAR_DSBR_2,0.0,6.0,0.0,3219.0,27,TK6_WT_1h_BR0,0.001863932898415657,TK6,WT,1h,BR0,TK6_WT
GFP_BAR_DSBR_2,3.0,6.0,0.0,3219.0,28,TK6_WT_1h_BR0,0.001863932898415657,TK6,WT,1h,BR0,TK6_WT
GFP_BAR_DSBR_2,0.0,6.0,0.0,3219.0,29,TK6_WT_1h_BR0,0.001863932898415657,TK6,WT,1h,BR0,TK6_WT
GFP_BAR_DSBR_2,0.0,8.0,0.0,3219.0,30,TK6_WT_1h_BR0,0.0024852438645542093,TK6,WT,1h,BR0,TK6_WT
GFP_BAR_DSBR_2,0.0,10.0,0.0,3219.0,31,TK6_WT_1h_BR0,0.0031065548306927616,TK6,WT,1h,BR0,TK6_WT
GFP_BAR_DSBR_2,1.0,10.0,0.0,3219.0,32,TK6_WT_1h_BR0,0.0031065548306927616,TK6,WT,1h,BR0,TK6_WT
GFP_BAR_DSBR_2,0.0,11.0,0.0,3219.0,33,TK6_WT_1h_BR0,0.003417210313762038,TK6,WT,1h,BR0,TK6_WT
GFP_BAR_DSBR_2,0.0,14.0,0.0,3219.0,34,TK6_WT_1h_BR0,0.004349176762969867,TK6,WT,1h,BR0,TK6_WT
GFP_BAR_DSBR_2,0.0,17.0,0.0,3219.0,35,TK6_WT_1h_BR0,0.005281143212177695,TK6,WT,1h,BR0,TK6_WT
GFP_BAR_DSBR_2,0.0,17.0,0.0,3219.0,36,TK6_WT_1h_BR0,0.005281143212177695,TK6,WT,1h,BR0,TK6_WT
GFP_BAR_DSBR_2,0.0,17.0,0.0,3219.0,37,TK6_WT_1h_BR0,0.005281143212177695,TK6,WT,1h,BR0,TK6_WT
GFP_BAR_DSBR_2,0.0,19.0,0.0,3219.0,38,TK6_WT_1h_BR0,0.005902454178316247,TK6,WT,1h,BR0,TK6_WT
GFP_BAR_DSBR_2,0.0,19.0,0.0,3219.0,39,TK6_WT_1h_BR0,0.005902454178316247,TK6,WT,1h,BR0,TK6_WT
GFP_BAR_DSBR_2,0.0,19.0,0.0,3219.0,40,TK6_WT_1h_BR0,0.005902454178316247,TK6,WT,1h,BR0,TK6_WT
GFP_BAR_DSBR_2,0.0,23.0,0.0,3219.0,41,TK6_WT_1h_BR0,0.007145076110593352,TK6,WT,1h,BR0,TK6_WT
GFP_BAR_DSBR_2,1.0,23.0,2.0,3219.0,42,TK6_WT_1h_BR0,0.007145076110593352,TK6,WT,1h,BR0,TK6_WT
GFP_BAR_DSBR_2,0.0,31.0,3.0,3219.0,43,TK6_WT_1h_BR0,0.009630319975147562,TK6,WT,1h,BR0,TK6_WT
GFP_BAR_DSBR_2,3.0,35.0,6.0,3219.0,44,TK6_WT_1h_BR0,0.010872941907424665,TK6,WT,1h,BR0,TK6_WT
GFP_BAR_DSBR_2,1.0,19.0,0.0,3219.0,45,TK6_WT_1h_BR0,0.005902454178316247,TK6,WT,1h,BR0,TK6_WT
GFP_BAR_DSBR_2,0.0,17.0,0.0,3219.0,46,TK6_WT_1h_BR0,0.005281143212177695,TK6,WT,1h,BR0,TK6_WT
GFP_BAR_DSBR_2,0.0,12.0,0.0,3219.0,47,TK6_WT_1h_BR0,0.003727865796831314,TK6,WT,1h,BR0,TK6_WT
GFP_BAR_DSBR_2,0.0,7.0,0.0,3219.0,48,TK6_WT_1h_BR0,0.0021745883814849334,TK6,WT,1h,BR0,TK6_WT
GFP_BAR_DSBR_2,1.0,6.0,0.0,3219.0,49,TK6_WT_1h_BR0,0.001863932898415657,TK6,WT,1h,BR0,TK6_WT
GFP_BAR_DSBR_2,1.0,6.0,0.0,3219.0,50,TK6_WT_1h_BR0,0.001863932898415657,TK6,WT,1h,BR0,TK6_WT
GFP_BAR_DSBR_2,0.0,6.0,0.0,3219.0,51,TK6_WT_1h_BR0,0.001863932898415657,TK6,WT,1h,BR0,TK6_WT
GFP_BAR_DSBR_2,0.0,6.0,0.0,3219.0,52,TK6_WT_1h_BR0,0.001863932898415657,TK6,WT,1h,BR0,TK6_WT
GFP_BAR_DSBR_2,2.0,6.0,0.0,3219.0,53,TK6_WT_1h_BR0,0.001863932898415657,TK6,WT,1h,BR0,TK6_WT
GFP_BAR_DSBR_2,0.0,6.0,0.0,3219.0,54,TK6_WT_1h_BR0,0.001863932898415657,TK6,WT,1h,BR0,TK6_WT
GFP_BAR_DSBR_2,0.0,4.0,0.0,3219.0,55,TK6_WT_1h_BR0,0.0012426219322771047,TK6,WT,1h,BR0,TK6_WT
GFP_BAR_DSBR_2,0.0,4.0,0.0,3219.0,56,TK6_WT_1h_BR0,0.0012426219322771047,TK6,WT,1h,BR0,TK6_WT
GFP_BAR_DSBR_2,0.0,4.0,0.0,3219.0,57,TK6_WT_1h_BR0,0.0012426219322771047,TK6,WT,1h,BR0,TK6_WT
GFP_BAR_DSBR_2,0.0,1.0,0.0,3219.0,58,TK6_WT_1h_BR0,0.00031065548306927616,TK6,WT,1h,BR0,TK6_WT
GFP_BAR_DSBR_2,0.0,1.0,0.0,3219.0,59,TK6_WT_1h_BR0,0.00031065548306927616,TK6,WT,1h,BR0,TK6_WT
GFP_BAR_DSBR_2,0.0,1.0,0.0,3219.0,60,TK6_WT_1h_BR0,0.00031065548306927616,TK6,WT,1h,BR0,TK6_WT
GFP_BAR_DSBR_2,0.0,1.0,0.0,3219.0,61,TK6_WT_1h_BR0,0.00031065548306927616,TK6,WT,1h,BR0,TK6_WT
GFP_BAR_DSBR_2,0.0,1.0,0.0,3219.0,62,TK6_WT_1h_BR0,0.00031065548306927616,TK6,WT,1h,BR0,TK6_WT
GFP_BAR_DSBR_2,0.0,1.0,0.0,3219.0,63,TK6_WT_1h_BR0,0.00031065548306927616,TK6,WT,1h,BR0,TK6_WT
GFP_BAR_DSBR_2,0.0,1.0,0.0,3219.0,64,TK6_WT_1h_BR0,0.00031065548306927616,TK6,WT,1h,BR0,TK6_WT
GFP_BAR_DSBR_2,0.0,1.0,0.0,3219.0,65,TK6_WT_1h_BR0,0.00031065548306927616,TK6,WT,1h,BR0,TK6_WT
GFP_BAR_DSBR_2,0.0,0.0,0.0,3219.0,66,TK6_WT_1h_BR0,0.0,TK6,WT,1h,BR0,TK6_WT
GFP_BAR_DSBR_2,0.0,0.0,0.0,3219.0,67,TK6_WT_1h_BR0,0.0,TK6,WT,1h,BR0,TK6_WT
GFP_BAR_DSBR_2,0.0,0.0,0.0,3219.0,68,TK6_WT_1h_BR0,0.0,TK6,WT,1h,BR0,TK6_WT
GFP_BAR_DSBR_2,0.0,0.0,0.0,3219.0,69,TK6_WT_1h_BR0,0.0,TK6,WT,1h,BR0,TK6_WT
GFP_BAR_DSBR_2,0.0,0.0,0.0,3219.0,70,TK6_WT_1h_BR0,0.0,TK6,WT,1h,BR0,TK6_WT
GFP_BAR_DSBR_2,0.0,0.0,0.0,3219.0,71,TK6_WT_1h_BR0,0.0,TK6,WT,1h,BR0,TK6_WT
GFP_BAR_DSBR_2,0.0,0.0,0.0,3219.0,72,TK6_WT_1h_BR0,0.0,TK6,WT,1h,BR0,TK6_WT
GFP_BAR_DSBR_2,0.0,0.0,0.0,3219.0,73,TK6_WT_1h_BR0,0.0,TK6,WT,1h,BR0,TK6_WT
GFP_BAR_DSBR_2,4.0,4.0,0.0,3219.0,74,TK6_WT_1h_BR0,0.0012426219322771047,TK6,WT,1h,BR0,TK6_WT
GFP_BAR_DSBR_2,3.0,0.0,0.0,3219.0,75,TK6_WT_1h_BR0,0.0,TK6,WT,1h,BR0,TK6_WT
GFP_BAR_DSBR_2,1.0,0.0,0.0,3219.0,76,TK6_WT_1h_BR0,0.0,TK6,WT,1h,BR0,TK6_WT
GFP_BAR_DSBR_2,0.0,0.0,0.0,3219.0,77,TK6_WT_1h_BR0,0.0,TK6,WT,1h,BR0,TK6_WT
GFP_BAR_DSBR_2,0.0,0.0,0.0,3219.0,78,TK6_WT_1h_BR0,0.0,TK6,WT,1h,BR0,TK6_WT
GFP_BAR_DSBR_2,1.0,0.0,0.0,3219.0,79,TK6_WT_1h_BR0,0.0,TK6,WT,1h,BR0,TK6_WT
GFP_BAR_DSBR_2,0.0,0.0,0.0,3219.0,80,TK6_WT_1h_BR0,0.0,TK6,WT,1h,BR0,TK6_WT
GFP_BAR_DSBR_2,1.0,0.0,0.0,3219.0,81,TK6_WT_1h_BR0,0.0,TK6,WT,1h,BR0,TK6_WT
GFP_BAR_DSBR_2,0.0,0.0,0.0,3219.0,82,TK6_WT_1h_BR0,0.0,TK6,WT,1h,BR0,TK6_WT
GFP_BAR_DSBR_2,0.0,0.0,0.0,3219.0,83,TK6_WT_1h_BR0,0.0,TK6,WT,1h,BR0,TK6_WT
GFP_BAR_DSBR_2,2.0,0.0,0.0,3219.0,84,TK6_WT_1h_BR0,0.0,TK6,WT,1h,BR0,TK6_WT
GFP_BAR_DSBR_2,0.0,0.0,0.0,3219.0,85,TK6_WT_1h_BR0,0.0,TK6,WT,1h,BR0,TK6_WT
GFP_BAR_DSBR_2,0.0,0.0,0.0,3219.0,86,TK6_WT_1h_BR0,0.0,TK6,WT,1h,BR0,TK6_WT
GFP_BAR_DSBR_2,2.0,0.0,0.0,3219.0,87,TK6_WT_1h_BR0,0.0,TK6,WT,1h,BR0,TK6_WT
GFP_BAR_DSBR_2,0.0,0.0,0.0,3219.0,88,TK6_WT_1h_BR0,0.0,TK6,WT,1h,BR0,TK6_WT
GFP_BAR_DSBR_2,0.0,0.0,0.0,3219.0,89,TK6_WT_1h_BR0,0.0,TK6,WT,1h,BR0,TK6_WT
GFP_BAR_DSBR_2,0.0,0.0,0.0,3219.0,90,TK6_WT_1h_BR0,0.0,TK6,WT,1h,BR0,TK6_WT
GFP_BAR_DSBR_2,0.0,0.0,0.0,3219.0,91,TK6_WT_1h_BR0,0.0,TK6,WT,1h,BR0,TK6_WT
GFP_BAR_DSBR_2,0.0,0.0,0.0,3219.0,92,TK6_WT_1h_BR0,0.0,TK6,WT,1h,BR0,TK6_WT
GFP_BAR_DSBR_2,1.0,0.0,0.0,3219.0,93,TK6_WT_1h_BR0,0.0,TK6,WT,1h,BR0,TK6_WT
GFP_BAR_DSBR_2,1.0,0.0,0.0,3219.0,94,TK6_WT_1h_BR0,0.0,TK6,WT,1h,BR0,TK6_WT
GFP_BAR_DSBR_2,1.0,0.0,0.0,3219.0,95,TK6_WT_1h_BR0,0.0,TK6,WT,1h,BR0,TK6_WT
GFP_BAR_DSBR_2,0.0,0.0,0.0,11326.0,1,TK6_WT_2h_BR0,0.0,TK6,WT,2h,BR0,TK6_WT
GFP_BAR_DSBR_2,1.0,0.0,0.0,11326.0,2,TK6_WT_2h_BR0,0.0,TK6,WT,2h,BR0,TK6_WT
GFP_BAR_DSBR_2,1.0,0.0,0.0,11326.0,3,TK6_WT_2h_BR0,0.0,TK6,WT,2h,BR0,TK6_WT
GFP_BAR_DSBR_2,1.0,0.0,0.0,11326.0,4,TK6_WT_2h_BR0,0.0,TK6,WT,2h,BR0,TK6_WT
GFP_BAR_DSBR_2,0.0,0.0,0.0,11326.0,5,TK6_WT_2h_BR0,0.0,TK6,WT,2h,BR0,TK6_WT
GFP_BAR_DSBR_2,0.0,0.0,0.0,11326.0,6,TK6_WT_2h_BR0,0.0,TK6,WT,2h,BR0,TK6_WT
GFP_BAR_DSBR_2,0.0,0.0,0.0,11326.0,7,TK6_WT_2h_BR0,0.0,TK6,WT,2h,BR0,TK6_WT
GFP_BAR_DSBR_2,0.0,0.0,0.0,11326.0,8,TK6_WT_2h_BR0,0.0,TK6,WT,2h,BR0,TK6_WT
GFP_BAR_DSBR_2,2.0,0.0,0.0,11326.0,9,TK6_WT_2h_BR0,0.0,TK6,WT,2h,BR0,TK6_WT
GFP_BAR_DSBR_2,1.0,0.0,0.0,11326.0,10,TK6_WT_2h_BR0,0.0,TK6,WT,2h,BR0,TK6_WT
GFP_BAR_DSBR_2,1.0,0.0,0.0,11326.0,11,TK6_WT_2h_BR0,0.0,TK6,WT,2h,BR0,TK6_WT
GFP_BAR_DSBR_2,1.0,0.0,0.0,11326.0,12,TK6_WT_2h_BR0,0.0,TK6,WT,2h,BR0,TK6_WT
GFP_BAR_DSBR_2,0.0,0.0,0.0,11326.0,13,TK6_WT_2h_BR0,0.0,TK6,WT,2h,BR0,TK6_WT
GFP_BAR_DSBR_2,0.0,0.0,0.0,11326.0,14,TK6_WT_2h_BR0,0.0,TK6,WT,2h,BR0,TK6_WT
GFP_BAR_DSBR_2,1.0,0.0,0.0,11326.0,15,TK6_WT_2h_BR0,0.0,TK6,WT,2h,BR0,TK6_WT
GFP_BAR_DSBR_2,0.0,5.0,0.0,11326.0,16,TK6_WT_2h_BR0,0.0004414621225498852,TK6,WT,2h,BR0,TK6_WT
GFP_BAR_DSBR_2,0.0,5.0,0.0,11326.0,17,TK6_WT_2h_BR0,0.0004414621225498852,TK6,WT,2h,BR0,TK6_WT
GFP_BAR_DSBR_2,3.0,5.0,0.0,11326.0,18,TK6_WT_2h_BR0,0.0004414621225498852,TK6,WT,2h,BR0,TK6_WT
GFP_BAR_DSBR_2,2.0,6.0,0.0,11326.0,19,TK6_WT_2h_BR0,0.0005297545470598623,TK6,WT,2h,BR0,TK6_WT
GFP_BAR_DSBR_2,3.0,7.0,0.0,11326.0,20,TK6_WT_2h_BR0,0.0006180469715698393,TK6,WT,2h,BR0,TK6_WT
GFP_BAR_DSBR_2,1.0,9.0,0.0,11326.0,21,TK6_WT_2h_BR0,0.0007946318205897933,TK6,WT,2h,BR0,TK6_WT
GFP_BAR_DSBR_2,1.0,11.0,0.0,11326.0,22,TK6_WT_2h_BR0,0.0009712166696097474,TK6,WT,2h,BR0,TK6_WT
GFP_BAR_DSBR_2,1.0,12.0,0.0,11326.0,23,TK6_WT_2h_BR0,0.0010595090941197245,TK6,WT,2h,BR0,TK6_WT
GFP_BAR_DSBR_2,0.0,15.0,0.0,11326.0,24,TK6_WT_2h_BR0,0.0013243863676496556,TK6,WT,2h,BR0,TK6_WT
GFP_BAR_DSBR_2,0.0,16.0,0.0,11326.0,25,TK6_WT_2h_BR0,0.0014126787921596327,TK6,WT,2h,BR0,TK6_WT
GFP_BAR_DSBR_2,0.0,20.0,0.0,11326.0,26,TK6_WT_2h_BR0,0.0017658484901995409,TK6,WT,2h,BR0,TK6_WT
GFP_BAR_DSBR_2,0.0,21.0,0.0,11326.0,27,TK6_WT_2h_BR0,0.001854140914709518,TK6,WT,2h,BR0,TK6_WT
GFP_BAR_DSBR_2,0.0,22.0,0.0,11326.0,28,TK6_WT_2h_BR0,0.0019424333392194949,TK6,WT,2h,BR0,TK6_WT
GFP_BAR_DSBR_2,0.0,25.0,0.0,11326.0,29,TK6_WT_2h_BR0,0.002207310612749426,TK6,WT,2h,BR0,TK6_WT
GFP_BAR_DSBR_2,2.0,28.0,0.0,11326.0,30,TK6_WT_2h_BR0,0.002472187886279357,TK6,WT,2h,BR0,TK6_WT
GFP_BAR_DSBR_2,1.0,30.0,0.0,11326.0,31,TK6_WT_2h_BR0,0.002648772735299311,TK6,WT,2h,BR0,TK6_WT
GFP_BAR_DSBR_2,2.0,30.0,0.0,11326.0,32,TK6_WT_2h_BR0,0.002648772735299311,TK6,WT,2h,BR0,TK6_WT
GFP_BAR_DSBR_2,0.0,33.0,0.0,11326.0,33,TK6_WT_2h_BR0,0.0029136500088292423,TK6,WT,2h,BR0,TK6_WT
GFP_BAR_DSBR_2,2.0,49.0,0.0,11326.0,34,TK6_WT_2h_BR0,0.004326328800988875,TK6,WT,2h,BR0,TK6_WT
GFP_BAR_DSBR_2,1.0,79.0,0.0,11326.0,35,TK6_WT_2h_BR0,0.006975101536288187,TK6,WT,2h,BR0,TK6_WT
GFP_BAR_DSBR_2,0.0,81.0,0.0,11326.0,36,TK6_WT_2h_BR0,0.00715168638530814,TK6,WT,2h,BR0,TK6_WT
GFP_BAR_DSBR_2,1.0,83.0,0.0,11326.0,37,TK6_WT_2h_BR0,0.007328271234328095,TK6,WT,2h,BR0,TK6_WT
GFP_BAR_DSBR_2,0.0,85.0,0.0,11326.0,38,TK6_WT_2h_BR0,0.007504856083348049,TK6,WT,2h,BR0,TK6_WT
GFP_BAR_DSBR_2,0.0,96.0,0.0,11326.0,39,TK6_WT_2h_BR0,0.008476072752957796,TK6,WT,2h,BR0,TK6_WT
GFP_BAR_DSBR_2,0.0,96.0,0.0,11326.0,40,TK6_WT_2h_BR0,0.008476072752957796,TK6,WT,2h,BR0,TK6_WT
GFP_BAR_DSBR_2,1.0,111.0,0.0,11326.0,41,TK6_WT_2h_BR0,0.009800459120607452,TK6,WT,2h,BR0,TK6_WT
GFP_BAR_DSBR_2,2.0,110.0,0.0,11326.0,42,TK6_WT_2h_BR0,0.009712166696097474,TK6,WT,2h,BR0,TK6_WT
GFP_BAR_DSBR_2,0.0,144.0,9.0,11326.0,43,TK6_WT_2h_BR0,0.012714109129436693,TK6,WT,2h,BR0,TK6_WT
GFP_BAR_DSBR_2,3.0,172.0,20.0,11326.0,44,TK6_WT_2h_BR0,0.015186297015716051,TK6,WT,2h,BR0,TK6_WT
GFP_BAR_DSBR_2,1.0,115.0,0.0,11326.0,45,TK6_WT_2h_BR0,0.01015362881864736,TK6,WT,2h,BR0,TK6_WT
GFP_BAR_DSBR_2,0.0,103.0,0.0,11326.0,46,TK6_WT_2h_BR0,0.009094119724527635,TK6,WT,2h,BR0,TK6_WT
GFP_BAR_DSBR_2,0.0,80.0,0.0,11326.0,47,TK6_WT_2h_BR0,0.0070633939607981635,TK6,WT,2h,BR0,TK6_WT
GFP_BAR_DSBR_2,2.0,57.0,0.0,11326.0,48,TK6_WT_2h_BR0,0.005032668197068692,TK6,WT,2h,BR0,TK6_WT
GFP_BAR_DSBR_2,1.0,45.0,0.0,11326.0,49,TK6_WT_2h_BR0,0.003973159102948967,TK6,WT,2h,BR0,TK6_WT
GFP_BAR_DSBR_2,0.0,38.0,0.0,11326.0,50,TK6_WT_2h_BR0,0.0033551121313791276,TK6,WT,2h,BR0,TK6_WT
GFP_BAR_DSBR_2,0.0,36.0,0.0,11326.0,51,TK6_WT_2h_BR0,0.0031785272823591734,TK6,WT,2h,BR0,TK6_WT
GFP_BAR_DSBR_2,0.0,36.0,0.0,11326.0,52,TK6_WT_2h_BR0,0.0031785272823591734,TK6,WT,2h,BR0,TK6_WT
GFP_BAR_DSBR_2,0.0,33.0,0.0,11326.0,53,TK6_WT_2h_BR0,0.0029136500088292423,TK6,WT,2h,BR0,TK6_WT
GFP_BAR_DSBR_2,2.0,33.0,0.0,11326.0,54,TK6_WT_2h_BR0,0.0029136500088292423,TK6,WT,2h,BR0,TK6_WT
GFP_BAR_DSBR_2,0.0,20.0,0.0,11326.0,55,TK6_WT_2h_BR0,0.0017658484901995409,TK6,WT,2h,BR0,TK6_WT
GFP_BAR_DSBR_2,0.0,18.0,0.0,11326.0,56,TK6_WT_2h_BR0,0.0015892636411795867,TK6,WT,2h,BR0,TK6_WT
GFP_BAR_DSBR_2,0.0,16.0,0.0,11326.0,57,TK6_WT_2h_BR0,0.0014126787921596327,TK6,WT,2h,BR0,TK6_WT
GFP_BAR_DSBR_2,1.0,11.0,0.0,11326.0,58,TK6_WT_2h_BR0,0.0009712166696097474,TK6,WT,2h,BR0,TK6_WT
GFP_BAR_DSBR_2,0.0,11.0,0.0,11326.0,59,TK6_WT_2h_BR0,0.0009712166696097474,TK6,WT,2h,BR0,TK6_WT
GFP_BAR_DSBR_2,2.0,11.0,0.0,11326.0,60,TK6_WT_2h_BR0,0.0009712166696097474,TK6,WT,2h,BR0,TK6_WT
GFP_BAR_DSBR_2,0.0,9.0,0.0,11326.0,61,TK6_WT_2h_BR0,0.0007946318205897933,TK6,WT,2h,BR0,TK6_WT
GFP_BAR_DSBR_2,2.0,9.0,0.0,11326.0,62,TK6_WT_2h_BR0,0.0007946318205897933,TK6,WT,2h,BR0,TK6_WT
GFP_BAR_DSBR_2,3.0,6.0,0.0,11326.0,63,TK6_WT_2h_BR0,0.0005297545470598623,TK6,WT,2h,BR0,TK6_WT
GFP_BAR_DSBR_2,2.0,6.0,0.0,11326.0,64,TK6_WT_2h_BR0,0.0005297545470598623,TK6,WT,2h,BR0,TK6_WT
GFP_BAR_DSBR_2,0.0,3.0,0.0,11326.0,65,TK6_WT_2h_BR0,0.00026487727352993113,TK6,WT,2h,BR0,TK6_WT
GFP_BAR_DSBR_2,3.0,1.0,0.0,11326.0,66,TK6_WT_2h_BR0,8.829242450997704e-05,TK6,WT,2h,BR0,TK6_WT
GFP_BAR_DSBR_2,0.0,0.0,0.0,11326.0,67,TK6_WT_2h_BR0,0.0,TK6,WT,2h,BR0,TK6_WT
GFP_BAR_DSBR_2,0.0,0.0,0.0,11326.0,68,TK6_WT_2h_BR0,0.0,TK6,WT,2h,BR0,TK6_WT
GFP_BAR_DSBR_2,0.0,0.0,0.0,11326.0,69,TK6_WT_2h_BR0,0.0,TK6,WT,2h,BR0,TK6_WT
GFP_BAR_DSBR_2,0.0,0.0,0.0,11326.0,70,TK6_WT_2h_BR0,0.0,TK6,WT,2h,BR0,TK6_WT
GFP_BAR_DSBR_2,0.0,0.0,0.0,11326.0,71,TK6_WT_2h_BR0,0.0,TK6,WT,2h,BR0,TK6_WT
GFP_BAR_DSBR_2,0.0,0.0,3.0,11326.0,72,TK6_WT_2h_BR0,0.0,TK6,WT,2h,BR0,TK6_WT
GFP_BAR_DSBR_2,1.0,0.0,0.0,11326.0,73,TK6_WT_2h_BR0,0.0,TK6,WT,2h,BR0,TK6_WT
GFP_BAR_DSBR_2,27.0,5.0,3.0,11326.0,74,TK6_WT_2h_BR0,0.0004414621225498852,TK6,WT,2h,BR0,TK6_WT
GFP_BAR_DSBR_2,3.0,0.0,0.0,11326.0,75,TK6_WT_2h_BR0,0.0,TK6,WT,2h,BR0,TK6_WT
GFP_BAR_DSBR_2,1.0,0.0,1.0,11326.0,76,TK6_WT_2h_BR0,0.0,TK6,WT,2h,BR0,TK6_WT
GFP_BAR_DSBR_2,1.0,0.0,0.0,11326.0,77,TK6_WT_2h_BR0,0.0,TK6,WT,2h,BR0,TK6_WT
GFP_BAR_DSBR_2,2.0,0.0,0.0,11326.0,78,TK6_WT_2h_BR0,0.0,TK6,WT,2h,BR0,TK6_WT
GFP_BAR_DSBR_2,3.0,0.0,0.0,11326.0,79,TK6_WT_2h_BR0,0.0,TK6,WT,2h,BR0,TK6_WT
GFP_BAR_DSBR_2,3.0,0.0,0.0,11326.0,80,TK6_WT_2h_BR0,0.0,TK6,WT,2h,BR0,TK6_WT
GFP_BAR_DSBR_2,0.0,0.0,0.0,11326.0,81,TK6_WT_2h_BR0,0.0,TK6,WT,2h,BR0,TK6_WT
GFP_BAR_DSBR_2,1.0,0.0,0.0,11326.0,82,TK6_WT_2h_BR0,0.0,TK6,WT,2h,BR0,TK6_WT
GFP_BAR_DSBR_2,0.0,0.0,0.0,11326.0,83,TK6_WT_2h_BR0,0.0,TK6,WT,2h,BR0,TK6_WT
GFP_BAR_DSBR_2,10.0,0.0,0.0,11326.0,84,TK6_WT_2h_BR0,0.0,TK6,WT,2h,BR0,TK6_WT
GFP_BAR_DSBR_2,0.0,0.0,0.0,11326.0,85,TK6_WT_2h_BR0,0.0,TK6,WT,2h,BR0,TK6_WT
GFP_BAR_DSBR_2,0.0,0.0,0.0,11326.0,86,TK6_WT_2h_BR0,0.0,TK6,WT,2h,BR0,TK6_WT
GFP_BAR_DSBR_2,3.0,0.0,0.0,11326.0,87,TK6_WT_2h_BR0,0.0,TK6,WT,2h,BR0,TK6_WT
GFP_BAR_DSBR_2,1.0,0.0,0.0,11326.0,88,TK6_WT_2h_BR0,0.0,TK6,WT,2h,BR0,TK6_WT
GFP_BAR_DSBR_2,6.0,0.0,0.0,11326.0,89,TK6_WT_2h_BR0,0.0,TK6,WT,2h,BR0,TK6_WT
GFP_BAR_DSBR_2,1.0,0.0,0.0,11326.0,90,TK6_WT_2h_BR0,0.0,TK6,WT,2h,BR0,TK6_WT
GFP_BAR_DSBR_2,1.0,0.0,0.0,11326.0,91,TK6_WT_2h_BR0,0.0,TK6,WT,2h,BR0,TK6_WT
GFP_BAR_DSBR_2,0.0,0.0,0.0,11326.0,92,TK6_WT_2h_BR0,0.0,TK6,WT,2h,BR0,TK6_WT
GFP_BAR_DSBR_2,1.0,0.0,1.0,11326.0,93,TK6_WT_2h_BR0,0.0,TK6,WT,2h,BR0,TK6_WT
GFP_BAR_DSBR_2,1.0,0.0,0.0,11326.0,94,TK6_WT_2h_BR0,0.0,TK6,WT,2h,BR0,TK6_WT
GFP_BAR_DSBR_2,1.0,0.0,0.0,11326.0,95,TK6_WT_2h_BR0,0.0,TK6,WT,2h,BR0,TK6_WT
GFP_BAR_DSBR_2,4.0,0.0,0.0,29249.0,1,TK6_WT_4h_BR0,0.0,TK6,WT,4h,BR0,TK6_WT
GFP_BAR_DSBR_2,1.0,0.0,0.0,29249.0,2,TK6_WT_4h_BR0,0.0,TK6,WT,4h,BR0,TK6_WT
GFP_BAR_DSBR_2,1.0,0.0,0.0,29249.0,3,TK6_WT_4h_BR0,0.0,TK6,WT,4h,BR0,TK6_WT
GFP_BAR_DSBR_2,3.0,0.0,0.0,29249.0,4,TK6_WT_4h_BR0,0.0,TK6,WT,4h,BR0,TK6_WT
GFP_BAR_DSBR_2,1.0,0.0,0.0,29249.0,5,TK6_WT_4h_BR0,0.0,TK6,WT,4h,BR0,TK6_WT
GFP_BAR_DSBR_2,0.0,0.0,0.0,29249.0,6,TK6_WT_4h_BR0,0.0,TK6,WT,4h,BR0,TK6_WT
GFP_BAR_DSBR_2,4.0,0.0,0.0,29249.0,7,TK6_WT_4h_BR0,0.0,TK6,WT,4h,BR0,TK6_WT
GFP_BAR_DSBR_2,0.0,0.0,0.0,29249.0,8,TK6_WT_4h_BR0,0.0,TK6,WT,4h,BR0,TK6_WT
GFP_BAR_DSBR_2,3.0,0.0,0.0,29249.0,9,TK6_WT_4h_BR0,0.0,TK6,WT,4h,BR0,TK6_WT
GFP_BAR_DSBR_2,2.0,0.0,0.0,29249.0,10,TK6_WT_4h_BR0,0.0,TK6,WT,4h,BR0,TK6_WT
GFP_BAR_DSBR_2,4.0,0.0,0.0,29249.0,11,TK6_WT_4h_BR0,0.0,TK6,WT,4h,BR0,TK6_WT
GFP_BAR_DSBR_2,1.0,0.0,0.0,29249.0,12,TK6_WT_4h_BR0,0.0,TK6,WT,4h,BR0,TK6_WT
GFP_BAR_DSBR_2,3.0,0.0,0.0,29249.0,13,TK6_WT_4h_BR0,0.0,TK6,WT,4h,BR0,TK6_WT
GFP_BAR_DSBR_2,2.0,0.0,0.0,29249.0,14,TK6_WT_4h_BR0,0.0,TK6,WT,4h,BR0,TK6_WT
GFP_BAR_DSBR_2,4.0,0.0,0.0,29249.0,15,TK6_WT_4h_BR0,0.0,TK6,WT,4h,BR0,TK6_WT
GFP_BAR_DSBR_2,1.0,8.0,0.0,29249.0,16,TK6_WT_4h_BR0,0.0002735136243974153,TK6,WT,4h,BR0,TK6_WT
GFP_BAR_DSBR_2,2.0,13.0,0.0,29249.0,17,TK6_WT_4h_BR0,0.00044445963964579984,TK6,WT,4h,BR0,TK6_WT
GFP_BAR_DSBR_2,5.0,16.0,0.0,29249.0,18,TK6_WT_4h_BR0,0.0005470272487948306,TK6,WT,4h,BR0,TK6_WT
GFP_BAR_DSBR_2,1.0,18.0,0.0,29249.0,19,TK6_WT_4h_BR0,0.0006154056548941844,TK6,WT,4h,BR0,TK6_WT
GFP_BAR_DSBR_2,5.0,19.0,0.0,29249.0,20,TK6_WT_4h_BR0,0.0006495948579438613,TK6,WT,4h,BR0,TK6_WT
GFP_BAR_DSBR_2,3.0,28.0,0.0,29249.0,21,TK6_WT_4h_BR0,0.0009572976853909535,TK6,WT,4h,BR0,TK6_WT
GFP_BAR_DSBR_2,4.0,32.0,0.0,29249.0,22,TK6_WT_4h_BR0,0.0010940544975896612,TK6,WT,4h,BR0,TK6_WT
GFP_BAR_DSBR_2,6.0,36.0,0.0,29249.0,23,TK6_WT_4h_BR0,0.0012308113097883688,TK6,WT,4h,BR0,TK6_WT
GFP_BAR_DSBR_2,1.0,39.0,0.0,29249.0,24,TK6_WT_4h_BR0,0.0013333789189373996,TK6,WT,4h,BR0,TK6_WT
GFP_BAR_DSBR_2,2.0,53.0,0.0,29249.0,25,TK6_WT_4h_BR0,0.0018120277616328763,TK6,WT,4h,BR0,TK6_WT
GFP_BAR_DSBR_2,4.0,66.0,0.0,29249.0,26,TK6_WT_4h_BR0,0.0022564874012786762,TK6,WT,4h,BR0,TK6_WT
GFP_BAR_DSBR_2,2.0,73.0,0.0,29249.0,27,TK6_WT_4h_BR0,0.0024958118226264146,TK6,WT,4h,BR0,TK6_WT
GFP_BAR_DSBR_2,0.0,77.0,0.0,29249.0,28,TK6_WT_4h_BR0,0.0026325686348251222,TK6,WT,4h,BR0,TK6_WT
GFP_BAR_DSBR_2,3.0,83.0,0.0,29249.0,29,TK6_WT_4h_BR0,0.0028377038531231837,TK6,WT,4h,BR0,TK6_WT
GFP_BAR_DSBR_2,4.0,107.0,0.0,29249.0,30,TK6_WT_4h_BR0,0.0036582447263154294,TK6,WT,4h,BR0,TK6_WT
GFP_BAR_DSBR_2,6.0,123.0,0.0,29249.0,31,TK6_WT_4h_BR0,0.00420527197511026,TK6,WT,4h,BR0,TK6_WT
GFP_BAR_DSBR_2,3.0,125.0,0.0,29249.0,32,TK6_WT_4h_BR0,0.004273650381209614,TK6,WT,4h,BR0,TK6_WT
GFP_BAR_DSBR_2,3.0,129.0,0.0,29249.0,33,TK6_WT_4h_BR0,0.004410407193408321,TK6,WT,4h,BR0,TK6_WT
GFP_BAR_DSBR_2,4.0,181.0,0.0,29249.0,34,TK6_WT_4h_BR0,0.006188245751991521,TK6,WT,4h,BR0,TK6_WT
GFP_BAR_DSBR_2,2.0,264.0,0.0,29249.0,35,TK6_WT_4h_BR0,0.009025949605114705,TK6,WT,4h,BR0,TK6_WT
GFP_BAR_DSBR_2,1.0,270.0,0.0,29249.0,36,TK6_WT_4h_BR0,0.009231084823412766,TK6,WT,4h,BR0,TK6_WT
GFP_BAR_DSBR_2,2.0,274.0,0.0,29249.0,37,TK6_WT_4h_BR0,0.009367841635611473,TK6,WT,4h,BR0,TK6_WT
GFP_BAR_DSBR_2,3.0,287.0,0.0,29249.0,38,TK6_WT_4h_BR0,0.009812301275257274,TK6,WT,4h,BR0,TK6_WT
GFP_BAR_DSBR_2,0.0,315.0,0.0,29249.0,39,TK6_WT_4h_BR0,0.010769598960648228,TK6,WT,4h,BR0,TK6_WT
GFP_BAR_DSBR_2,2.0,331.0,0.0,29249.0,40,TK6_WT_4h_BR0,0.011316626209443058,TK6,WT,4h,BR0,TK6_WT
GFP_BAR_DSBR_2,7.0,388.0,0.0,29249.0,41,TK6_WT_4h_BR0,0.013265410783274641,TK6,WT,4h,BR0,TK6_WT
GFP_BAR_DSBR_2,5.0,391.0,3.0,29249.0,42,TK6_WT_4h_BR0,0.013367978392423673,TK6,WT,4h,BR0,TK6_WT
GFP_BAR_DSBR_2,2.0,510.0,14.0,29249.0,43,TK6_WT_4h_BR0,0.017436493555335227,TK6,WT,4h,BR0,TK6_WT
GFP_BAR_DSBR_2,21.0,551.0,36.0,29249.0,44,TK6_WT_4h_BR0,0.018838250880371978,TK6,WT,4h,BR0,TK6_WT
GFP_BAR_DSBR_2,3.0,380.0,0.0,29249.0,45,TK6_WT_4h_BR0,0.012991897158877226,TK6,WT,4h,BR0,TK6_WT
GFP_BAR_DSBR_2,7.0,339.0,0.0,29249.0,46,TK6_WT_4h_BR0,0.011590139833840473,TK6,WT,4h,BR0,TK6_WT
GFP_BAR_DSBR_2,4.0,283.0,0.0,29249.0,47,TK6_WT_4h_BR0,0.009675544463058567,TK6,WT,4h,BR0,TK6_WT
GFP_BAR_DSBR_2,4.0,196.0,0.0,29249.0,48,TK6_WT_4h_BR0,0.0067010837977366745,TK6,WT,4h,BR0,TK6_WT
GFP_BAR_DSBR_2,14.0,143.0,0.0,29249.0,49,TK6_WT_4h_BR0,0.004889056036103798,TK6,WT,4h,BR0,TK6_WT
GFP_BAR_DSBR_2,2.0,136.0,0.0,29249.0,50,TK6_WT_4h_BR0,0.00464973161475606,TK6,WT,4h,BR0,TK6_WT
GFP_BAR_DSBR_2,2.0,136.0,0.0,29249.0,51,TK6_WT_4h_BR0,0.00464973161475606,TK6,WT,4h,BR0,TK6_WT
GFP_BAR_DSBR_2,5.0,132.0,0.0,29249.0,52,TK6_WT_4h_BR0,0.0045129748025573525,TK6,WT,4h,BR0,TK6_WT
GFP_BAR_DSBR_2,4.0,127.0,0.0,29249.0,53,TK6_WT_4h_BR0,0.0043420287873089675,TK6,WT,4h,BR0,TK6_WT
GFP_BAR_DSBR_2,4.0,124.0,0.0,29249.0,54,TK6_WT_4h_BR0,0.004239461178159937,TK6,WT,4h,BR0,TK6_WT
GFP_BAR_DSBR_2,3.0,110.0,0.0,29249.0,55,TK6_WT_4h_BR0,0.00376081233546446,TK6,WT,4h,BR0,TK6_WT
GFP_BAR_DSBR_2,5.0,94.0,1.0,29249.0,56,TK6_WT_4h_BR0,0.0032137850866696296,TK6,WT,4h,BR0,TK6_WT
GFP_BAR_DSBR_2,2.0,77.0,0.0,29249.0,57,TK6_WT_4h_BR0,0.0026325686348251222,TK6,WT,4h,BR0,TK6_WT
GFP_BAR_DSBR_2,2.0,56.0,0.0,29249.0,58,TK6_WT_4h_BR0,0.001914595370781907,TK6,WT,4h,BR0,TK6_WT
GFP_BAR_DSBR_2,4.0,55.0,0.0,29249.0,59,TK6_WT_4h_BR0,0.00188040616773223,TK6,WT,4h,BR0,TK6_WT
GFP_BAR_DSBR_2,4.0,53.0,0.0,29249.0,60,TK6_WT_4h_BR0,0.0018120277616328763,TK6,WT,4h,BR0,TK6_WT
GFP_BAR_DSBR_2,2.0,51.0,0.0,29249.0,61,TK6_WT_4h_BR0,0.0017436493555335224,TK6,WT,4h,BR0,TK6_WT
GFP_BAR_DSBR_2,6.0,48.0,0.0,29249.0,62,TK6_WT_4h_BR0,0.0016410817463844917,TK6,WT,4h,BR0,TK6_WT
GFP_BAR_DSBR_2,0.0,38.0,0.0,29249.0,63,TK6_WT_4h_BR0,0.0012991897158877227,TK6,WT,4h,BR0,TK6_WT
GFP_BAR_DSBR_2,1.0,28.0,0.0,29249.0,64,TK6_WT_4h_BR0,0.0009572976853909535,TK6,WT,4h,BR0,TK6_WT
GFP_BAR_DSBR_2,3.0,24.0,0.0,29249.0,65,TK6_WT_4h_BR0,0.0008205408731922459,TK6,WT,4h,BR0,TK6_WT
GFP_BAR_DSBR_2,4.0,7.0,0.0,29249.0,66,TK6_WT_4h_BR0,0.00023932442134773837,TK6,WT,4h,BR0,TK6_WT
GFP_BAR_DSBR_2,0.0,0.0,0.0,29249.0,67,TK6_WT_4h_BR0,0.0,TK6,WT,4h,BR0,TK6_WT
GFP_BAR_DSBR_2,0.0,0.0,0.0,29249.0,68,TK6_WT_4h_BR0,0.0,TK6,WT,4h,BR0,TK6_WT
GFP_BAR_DSBR_2,0.0,0.0,0.0,29249.0,69,TK6_WT_4h_BR0,0.0,TK6,WT,4h,BR0,TK6_WT
GFP_BAR_DSBR_2,0.0,0.0,0.0,29249.0,70,TK6_WT_4h_BR0,0.0,TK6,WT,4h,BR0,TK6_WT
GFP_BAR_DSBR_2,0.0,0.0,0.0,29249.0,71,TK6_WT_4h_BR0,0.0,TK6,WT,4h,BR0,TK6_WT
GFP_BAR_DSBR_2,0.0,0.0,21.0,29249.0,72,TK6_WT_4h_BR0,0.0,TK6,WT,4h,BR0,TK6_WT
GFP_BAR_DSBR_2,4.0,0.0,2.0,29249.0,73,TK6_WT_4h_BR0,0.0,TK6,WT,4h,BR0,TK6_WT
GFP_BAR_DSBR_2,41.0,27.0,2.0,29249.0,74,TK6_WT_4h_BR0,0.0009231084823412766,TK6,WT,4h,BR0,TK6_WT
GFP_BAR_DSBR_2,5.0,0.0,0.0,29249.0,75,TK6_WT_4h_BR0,0.0,TK6,WT,4h,BR0,TK6_WT
GFP_BAR_DSBR_2,7.0,0.0,0.0,29249.0,76,TK6_WT_4h_BR0,0.0,TK6,WT,4h,BR0,TK6_WT
GFP_BAR_DSBR_2,3.0,0.0,0.0,29249.0,77,TK6_WT_4h_BR0,0.0,TK6,WT,4h,BR0,TK6_WT
GFP_BAR_DSBR_2,3.0,0.0,0.0,29249.0,78,TK6_WT_4h_BR0,0.0,TK6,WT,4h,BR0,TK6_WT
GFP_BAR_DSBR_2,1.0,0.0,0.0,29249.0,79,TK6_WT_4h_BR0,0.0,TK6,WT,4h,BR0,TK6_WT
GFP_BAR_DSBR_2,4.0,0.0,0.0,29249.0,80,TK6_WT_4h_BR0,0.0,TK6,WT,4h,BR0,TK6_WT
GFP_BAR_DSBR_2,2.0,0.0,0.0,29249.0,81,TK6_WT_4h_BR0,0.0,TK6,WT,4h,BR0,TK6_WT
GFP_BAR_DSBR_2,4.0,0.0,0.0,29249.0,82,TK6_WT_4h_BR0,0.0,TK6,WT,4h,BR0,TK6_WT
GFP_BAR_DSBR_2,0.0,0.0,0.0,29249.0,83,TK6_WT_4h_BR0,0.0,TK6,WT,4h,BR0,TK6_WT
GFP_BAR_DSBR_2,8.0,0.0,0.0,29249.0,84,TK6_WT_4h_BR0,0.0,TK6,WT,4h,BR0,TK6_WT
GFP_BAR_DSBR_2,3.0,0.0,0.0,29249.0,85,TK6_WT_4h_BR0,0.0,TK6,WT,4h,BR0,TK6_WT
GFP_BAR_DSBR_2,5.0,0.0,0.0,29249.0,86,TK6_WT_4h_BR0,0.0,TK6,WT,4h,BR0,TK6_WT
GFP_BAR_DSBR_2,10.0,0.0,0.0,29249.0,87,TK6_WT_4h_BR0,0.0,TK6,WT,4h,BR0,TK6_WT
GFP_BAR_DSBR_2,3.0,0.0,0.0,29249.0,88,TK6_WT_4h_BR0,0.0,TK6,WT,4h,BR0,TK6_WT
GFP_BAR_DSBR_2,17.0,0.0,0.0,29249.0,89,TK6_WT_4h_BR0,0.0,TK6,WT,4h,BR0,TK6_WT
GFP_BAR_DSBR_2,1.0,0.0,0.0,29249.0,90,TK6_WT_4h_BR0,0.0,TK6,WT,4h,BR0,TK6_WT
GFP_BAR_DSBR_2,3.0,0.0,0.0,29249.0,91,TK6_WT_4h_BR0,0.0,TK6,WT,4h,BR0,TK6_WT
GFP_BAR_DSBR_2,3.0,0.0,0.0,29249.0,92,TK6_WT_4h_BR0,0.0,TK6,WT,4h,BR0,TK6_WT
GFP_BAR_DSBR_2,5.0,0.0,0.0,29249.0,93,TK6_WT_4h_BR0,0.0,TK6,WT,4h,BR0,TK6_WT
GFP_BAR_DSBR_2,1.0,0.0,0.0,29249.0,94,TK6_WT_4h_BR0,0.0,TK6,WT,4h,BR0,TK6_WT
GFP_BAR_DSBR_2,6.0,0.0,0.0,29249.0,95,TK6_WT_4h_BR0,0.0,TK6,WT,4h,BR0,TK6_WT
GFP_BAR_DSBR_2,0.0,0.0,0.0,5536.0,1,TK6_WT_24h_BR0,0.0,TK6,WT,24h,BR0,TK6_WT
GFP_BAR_DSBR_2,1.0,0.0,0.0,5536.0,2,TK6_WT_24h_BR0,0.0,TK6,WT,24h,BR0,TK6_WT
GFP_BAR_DSBR_2,0.0,0.0,0.0,5536.0,3,TK6_WT_24h_BR0,0.0,TK6,WT,24h,BR0,TK6_WT
GFP_BAR_DSBR_2,0.0,0.0,0.0,5536.0,4,TK6_WT_24h_BR0,0.0,TK6,WT,24h,BR0,TK6_WT
GFP_BAR_DSBR_2,0.0,0.0,0.0,5536.0,5,TK6_WT_24h_BR0,0.0,TK6,WT,24h,BR0,TK6_WT
GFP_BAR_DSBR_2,0.0,0.0,0.0,5536.0,6,TK6_WT_24h_BR0,0.0,TK6,WT,24h,BR0,TK6_WT
GFP_BAR_DSBR_2,0.0,0.0,0.0,5536.0,7,TK6_WT_24h_BR0,0.0,TK6,WT,24h,BR0,TK6_WT
GFP_BAR_DSBR_2,0.0,0.0,0.0,5536.0,8,TK6_WT_24h_BR0,0.0,TK6,WT,24h,BR0,TK6_WT
GFP_BAR_DSBR_2,0.0,0.0,0.0,5536.0,9,TK6_WT_24h_BR0,0.0,TK6,WT,24h,BR0,TK6_WT
GFP_BAR_DSBR_2,0.0,0.0,0.0,5536.0,10,TK6_WT_24h_BR0,0.0,TK6,WT,24h,BR0,TK6_WT
GFP_BAR_DSBR_2,0.0,0.0,0.0,5536.0,11,TK6_WT_24h_BR0,0.0,TK6,WT,24h,BR0,TK6_WT
GFP_BAR_DSBR_2,0.0,0.0,0.0,5536.0,12,TK6_WT_24h_BR0,0.0,TK6,WT,24h,BR0,TK6_WT
GFP_BAR_DSBR_2,0.0,0.0,0.0,5536.0,13,TK6_WT_24h_BR0,0.0,TK6,WT,24h,BR0,TK6_WT
GFP_BAR_DSBR_2,1.0,0.0,0.0,5536.0,14,TK6_WT_24h_BR0,0.0,TK6,WT,24h,BR0,TK6_WT
GFP_BAR_DSBR_2,1.0,0.0,0.0,5536.0,15,TK6_WT_24h_BR0,0.0,TK6,WT,24h,BR0,TK6_WT
GFP_BAR_DSBR_2,0.0,0.0,0.0,5536.0,16,TK6_WT_24h_BR0,0.0,TK6,WT,24h,BR0,TK6_WT
GFP_BAR_DSBR_2,0.0,1.0,0.0,5536.0,17,TK6_WT_24h_BR0,0.000180635838150289,TK6,WT,24h,BR0,TK6_WT
GFP_BAR_DSBR_2,0.0,6.0,0.0,5536.0,18,TK6_WT_24h_BR0,0.001083815028901734,TK6,WT,24h,BR0,TK6_WT
GFP_BAR_DSBR_2,0.0,6.0,0.0,5536.0,19,TK6_WT_24h_BR0,0.001083815028901734,TK6,WT,24h,BR0,TK6_WT
GFP_BAR_DSBR_2,1.0,6.0,0.0,5536.0,20,TK6_WT_24h_BR0,0.001083815028901734,TK6,WT,24h,BR0,TK6_WT
GFP_BAR_DSBR_2,1.0,9.0,0.0,5536.0,21,TK6_WT_24h_BR0,0.0016257225433526012,TK6,WT,24h,BR0,TK6_WT
GFP_BAR_DSBR_2,1.0,13.0,0.0,5536.0,22,TK6_WT_24h_BR0,0.0023482658959537574,TK6,WT,24h,BR0,TK6_WT
GFP_BAR_DSBR_2,0.0,13.0,0.0,5536.0,23,TK6_WT_24h_BR0,0.0023482658959537574,TK6,WT,24h,BR0,TK6_WT
GFP_BAR_DSBR_2,0.0,15.0,0.0,5536.0,24,TK6_WT_24h_BR0,0.002709537572254335,TK6,WT,24h,BR0,TK6_WT
GFP_BAR_DSBR_2,0.0,16.0,0.0,5536.0,25,TK6_WT_24h_BR0,0.002890173410404624,TK6,WT,24h,BR0,TK6_WT
GFP_BAR_DSBR_2,0.0,19.0,0.0,5536.0,26,TK6_WT_24h_BR0,0.0034320809248554913,TK6,WT,24h,BR0,TK6_WT
GFP_BAR_DSBR_2,2.0,20.0,0.0,5536.0,27,TK6_WT_24h_BR0,0.0036127167630057803,TK6,WT,24h,BR0,TK6_WT
GFP_BAR_DSBR_2,0.0,21.0,0.0,5536.0,28,TK6_WT_24h_BR0,0.003793352601156069,TK6,WT,24h,BR0,TK6_WT
GFP_BAR_DSBR_2,0.0,30.0,0.0,5536.0,29,TK6_WT_24h_BR0,0.00541907514450867,TK6,WT,24h,BR0,TK6_WT
GFP_BAR_DSBR_2,1.0,38.0,0.0,5536.0,30,TK6_WT_24h_BR0,0.006864161849710983,TK6,WT,24h,BR0,TK6_WT
GFP_BAR_DSBR_2,0.0,40.0,0.0,5536.0,31,TK6_WT_24h_BR0,0.0072254335260115606,TK6,WT,24h,BR0,TK6_WT
GFP_BAR_DSBR_2,0.0,40.0,0.0,5536.0,32,TK6_WT_24h_BR0,0.0072254335260115606,TK6,WT,24h,BR0,TK6_WT
GFP_BAR_DSBR_2,1.0,50.0,0.0,5536.0,33,TK6_WT_24h_BR0,0.009031791907514452,TK6,WT,24h,BR0,TK6_WT
GFP_BAR_DSBR_2,1.0,65.0,0.0,5536.0,34,TK6_WT_24h_BR0,0.011741329479768785,TK6,WT,24h,BR0,TK6_WT
GFP_BAR_DSBR_2,1.0,105.0,0.0,5536.0,35,TK6_WT_24h_BR0,0.018966763005780346,TK6,WT,24h,BR0,TK6_WT
GFP_BAR_DSBR_2,1.0,109.0,0.0,5536.0,36,TK6_WT_24h_BR0,0.0196893063583815,TK6,WT,24h,BR0,TK6_WT
GFP_BAR_DSBR_2,0.0,114.0,0.0,5536.0,37,TK6_WT_24h_BR0,0.020592485549132948,TK6,WT,24h,BR0,TK6_WT
GFP_BAR_DSBR_2,0.0,123.0,0.0,5536.0,38,TK6_WT_24h_BR0,0.02221820809248555,TK6,WT,24h,BR0,TK6_WT
GFP_BAR_DSBR_2,0.0,134.0,0.0,5536.0,39,TK6_WT_24h_BR0,0.024205202312138727,TK6,WT,24h,BR0,TK6_WT
GFP_BAR_DSBR_2,0.0,139.0,0.0,5536.0,40,TK6_WT_24h_BR0,0.025108381502890173,TK6,WT,24h,BR0,TK6_WT
GFP_BAR_DSBR_2,1.0,156.0,0.0,5536.0,41,TK6_WT_24h_BR0,0.028179190751445087,TK6,WT,24h,BR0,TK6_WT
GFP_BAR_DSBR_2,0.0,157.0,0.0,5536.0,42,TK6_WT_24h_BR0,0.028359826589595377,TK6,WT,24h,BR0,TK6_WT
GFP_BAR_DSBR_2,0.0,213.0,2.0,5536.0,43,TK6_WT_24h_BR0,0.038475433526011564,TK6,WT,24h,BR0,TK6_WT
GFP_BAR_DSBR_2,0.0,238.0,10.0,5536.0,44,TK6_WT_24h_BR0,0.04299132947976879,TK6,WT,24h,BR0,TK6_WT
GFP_BAR_DSBR_2,1.0,186.0,0.0,5536.0,45,TK6_WT_24h_BR0,0.03359826589595376,TK6,WT,24h,BR0,TK6_WT
GFP_BAR_DSBR_2,0.0,168.0,0.0,5536.0,46,TK6_WT_24h_BR0,0.030346820809248554,TK6,WT,24h,BR0,TK6_WT
GFP_BAR_DSBR_2,1.0,145.0,0.0,5536.0,47,TK6_WT_24h_BR0,0.026192196531791907,TK6,WT,24h,BR0,TK6_WT
GFP_BAR_DSBR_2,1.0,100.0,0.0,5536.0,48,TK6_WT_24h_BR0,0.018063583815028903,TK6,WT,24h,BR0,TK6_WT
GFP_BAR_DSBR_2,0.0,72.0,0.0,5536.0,49,TK6_WT_24h_BR0,0.01300578034682081,TK6,WT,24h,BR0,TK6_WT
GFP_BAR_DSBR_2,0.0,64.0,0.0,5536.0,50,TK6_WT_24h_BR0,0.011560693641618497,TK6,WT,24h,BR0,TK6_WT
GFP_BAR_DSBR_2,1.0,61.0,0.0,5536.0,51,TK6_WT_24h_BR0,0.01101878612716763,TK6,WT,24h,BR0,TK6_WT
GFP_BAR_DSBR_2,1.0,59.0,0.0,5536.0,52,TK6_WT_24h_BR0,0.010657514450867052,TK6,WT,24h,BR0,TK6_WT
GFP_BAR_DSBR_2,0.0,55.0,0.0,5536.0,53,TK6_WT_24h_BR0,0.009934971098265896,TK6,WT,24h,BR0,TK6_WT
GFP_BAR_DSBR_2,2.0,49.0,0.0,5536.0,54,TK6_WT_24h_BR0,0.008851156069364163,TK6,WT,24h,BR0,TK6_WT
GFP_BAR_DSBR_2,0.0,43.0,0.0,5536.0,55,TK6_WT_24h_BR0,0.007767341040462427,TK6,WT,24h,BR0,TK6_WT
GFP_BAR_DSBR_2,0.0,39.0,0.0,5536.0,56,TK6_WT_24h_BR0,0.007044797687861272,TK6,WT,24h,BR0,TK6_WT
GFP_BAR_DSBR_2,0.0,24.0,0.0,5536.0,57,TK6_WT_24h_BR0,0.004335260115606936,TK6,WT,24h,BR0,TK6_WT
GFP_BAR_DSBR_2,1.0,17.0,0.0,5536.0,58,TK6_WT_24h_BR0,0.0030708092485549135,TK6,WT,24h,BR0,TK6_WT
GFP_BAR_DSBR_2,0.0,12.0,0.0,5536.0,59,TK6_WT_24h_BR0,0.002167630057803468,TK6,WT,24h,BR0,TK6_WT
GFP_BAR_DSBR_2,1.0,11.0,0.0,5536.0,60,TK6_WT_24h_BR0,0.001986994219653179,TK6,WT,24h,BR0,TK6_WT
GFP_BAR_DSBR_2,1.0,11.0,0.0,5536.0,61,TK6_WT_24h_BR0,0.001986994219653179,TK6,WT,24h,BR0,TK6_WT
GFP_BAR_DSBR_2,2.0,10.0,0.0,5536.0,62,TK6_WT_24h_BR0,0.0018063583815028901,TK6,WT,24h,BR0,TK6_WT
GFP_BAR_DSBR_2,0.0,7.0,0.0,5536.0,63,TK6_WT_24h_BR0,0.0012644508670520231,TK6,WT,24h,BR0,TK6_WT
GFP_BAR_DSBR_2,1.0,5.0,0.0,5536.0,64,TK6_WT_24h_BR0,0.0009031791907514451,TK6,WT,24h,BR0,TK6_WT
GFP_BAR_DSBR_2,0.0,2.0,0.0,5536.0,65,TK6_WT_24h_BR0,0.000361271676300578,TK6,WT,24h,BR0,TK6_WT
GFP_BAR_DSBR_2,1.0,0.0,0.0,5536.0,66,TK6_WT_24h_BR0,0.0,TK6,WT,24h,BR0,TK6_WT
GFP_BAR_DSBR_2,0.0,0.0,0.0,5536.0,67,TK6_WT_24h_BR0,0.0,TK6,WT,24h,BR0,TK6_WT
GFP_BAR_DSBR_2,0.0,0.0,0.0,5536.0,68,TK6_WT_24h_BR0,0.0,TK6,WT,24h,BR0,TK6_WT
GFP_BAR_DSBR_2,0.0,0.0,0.0,5536.0,69,TK6_WT_24h_BR0,0.0,TK6,WT,24h,BR0,TK6_WT
GFP_BAR_DSBR_2,0.0,0.0,0.0,5536.0,70,TK6_WT_24h_BR0,0.0,TK6,WT,24h,BR0,TK6_WT
GFP_BAR_DSBR_2,0.0,0.0,0.0,5536.0,71,TK6_WT_24h_BR0,0.0,TK6,WT,24h,BR0,TK6_WT
GFP_BAR_DSBR_2,0.0,0.0,7.0,5536.0,72,TK6_WT_24h_BR0,0.0,TK6,WT,24h,BR0,TK6_WT
GFP_BAR_DSBR_2,1.0,0.0,0.0,5536.0,73,TK6_WT_24h_BR0,0.0,TK6,WT,24h,BR0,TK6_WT
GFP_BAR_DSBR_2,16.0,6.0,0.0,5536.0,74,TK6_WT_24h_BR0,0.001083815028901734,TK6,WT,24h,BR0,TK6_WT
GFP_BAR_DSBR_2,2.0,0.0,0.0,5536.0,75,TK6_WT_24h_BR0,0.0,TK6,WT,24h,BR0,TK6_WT
GFP_BAR_DSBR_2,0.0,0.0,0.0,5536.0,76,TK6_WT_24h_BR0,0.0,TK6,WT,24h,BR0,TK6_WT
GFP_BAR_DSBR_2,1.0,0.0,0.0,5536.0,77,TK6_WT_24h_BR0,0.0,TK6,WT,24h,BR0,TK6_WT
GFP_BAR_DSBR_2,3.0,0.0,0.0,5536.0,78,TK6_WT_24h_BR0,0.0,TK6,WT,24h,BR0,TK6_WT
GFP_BAR_DSBR_2,0.0,0.0,0.0,5536.0,79,TK6_WT_24h_BR0,0.0,TK6,WT,24h,BR0,TK6_WT
GFP_BAR_DSBR_2,1.0,0.0,0.0,5536.0,80,TK6_WT_24h_BR0,0.0,TK6,WT,24h,BR0,TK6_WT
GFP_BAR_DSBR_2,1.0,0.0,0.0,5536.0,81,TK6_WT_24h_BR0,0.0,TK6,WT,24h,BR0,TK6_WT
GFP_BAR_DSBR_2,0.0,0.0,0.0,5536.0,82,TK6_WT_24h_BR0,0.0,TK6,WT,24h,BR0,TK6_WT
GFP_BAR_DSBR_2,1.0,0.0,0.0,5536.0,83,TK6_WT_24h_BR0,0.0,TK6,WT,24h,BR0,TK6_WT
GFP_BAR_DSBR_2,2.0,0.0,0.0,5536.0,84,TK6_WT_24h_BR0,0.0,TK6,WT,24h,BR0,TK6_WT
GFP_BAR_DSBR_2,0.0,0.0,0.0,5536.0,85,TK6_WT_24h_BR0,0.0,TK6,WT,24h,BR0,TK6_WT
GFP_BAR_DSBR_2,0.0,0.0,0.0,5536.0,86,TK6_WT_24h_BR0,0.0,TK6,WT,24h,BR0,TK6_WT
GFP_BAR_DSBR_2,4.0,0.0,0.0,5536.0,87,TK6_WT_24h_BR0,0.0,TK6,WT,24h,BR0,TK6_WT
GFP_BAR_DSBR_2,1.0,0.0,0.0,5536.0,88,TK6_WT_24h_BR0,0.0,TK6,WT,24h,BR0,TK6_WT
GFP_BAR_DSBR_2,1.0,0.0,0.0,5536.0,89,TK6_WT_24h_BR0,0.0,TK6,WT,24h,BR0,TK6_WT
GFP_BAR_DSBR_2,0.0,0.0,0.0,5536.0,90,TK6_WT_24h_BR0,0.0,TK6,WT,24h,BR0,TK6_WT
GFP_BAR_DSBR_2,1.0,0.0,0.0,5536.0,91,TK6_WT_24h_BR0,0.0,TK6,WT,24h,BR0,TK6_WT
GFP_BAR_DSBR_2,1.0,0.0,0.0,5536.0,92,TK6_WT_24h_BR0,0.0,TK6,WT,24h,BR0,TK6_WT
GFP_BAR_DSBR_2,1.0,0.0,0.0,5536.0,93,TK6_WT_24h_BR0,0.0,TK6,WT,24h,BR0,TK6_WT
GFP_BAR_DSBR_2,3.0,0.0,0.0,5536.0,94,TK6_WT_24h_BR0,0.0,TK6,WT,24h,BR0,TK6_WT
GFP_BAR_DSBR_2,2.0,0.0,0.0,5536.0,95,TK6_WT_24h_BR0,0.0,TK6,WT,24h,BR0,TK6_WT
GFP_BAR_DSBR_2,0.0,0.0,0.0,13.0,1,TK6_LIG4_1h_BR0,0.0,TK6,LIG4,1h,BR0,TK6_LIG4
GFP_BAR_DSBR_2,0.0,0.0,0.0,13.0,2,TK6_LIG4_1h_BR0,0.0,TK6,LIG4,1h,BR0,TK6_LIG4
GFP_BAR_DSBR_2,0.0,0.0,0.0,13.0,3,TK6_LIG4_1h_BR0,0.0,TK6,LIG4,1h,BR0,TK6_LIG4
GFP_BAR_DSBR_2,0.0,0.0,0.0,13.0,4,TK6_LIG4_1h_BR0,0.0,TK6,LIG4,1h,BR0,TK6_LIG4
GFP_BAR_DSBR_2,0.0,0.0,0.0,13.0,5,TK6_LIG4_1h_BR0,0.0,TK6,LIG4,1h,BR0,TK6_LIG4
GFP_BAR_DSBR_2,0.0,0.0,0.0,13.0,6,TK6_LIG4_1h_BR0,0.0,TK6,LIG4,1h,BR0,TK6_LIG4
GFP_BAR_DSBR_2,0.0,0.0,0.0,13.0,7,TK6_LIG4_1h_BR0,0.0,TK6,LIG4,1h,BR0,TK6_LIG4
GFP_BAR_DSBR_2,0.0,0.0,0.0,13.0,8,TK6_LIG4_1h_BR0,0.0,TK6,LIG4,1h,BR0,TK6_LIG4
GFP_BAR_DSBR_2,0.0,0.0,0.0,13.0,9,TK6_LIG4_1h_BR0,0.0,TK6,LIG4,1h,BR0,TK6_LIG4
GFP_BAR_DSBR_2,0.0,0.0,0.0,13.0,10,TK6_LIG4_1h_BR0,0.0,TK6,LIG4,1h,BR0,TK6_LIG4
GFP_BAR_DSBR_2,0.0,0.0,0.0,13.0,11,TK6_LIG4_1h_BR0,0.0,TK6,LIG4,1h,BR0,TK6_LIG4
GFP_BAR_DSBR_2,0.0,0.0,0.0,13.0,12,TK6_LIG4_1h_BR0,0.0,TK6,LIG4,1h,BR0,TK6_LIG4
GFP_BAR_DSBR_2,0.0,0.0,0.0,13.0,13,TK6_LIG4_1h_BR0,0.0,TK6,LIG4,1h,BR0,TK6_LIG4
GFP_BAR_DSBR_2,0.0,0.0,0.0,13.0,14,TK6_LIG4_1h_BR0,0.0,TK6,LIG4,1h,BR0,TK6_LIG4
GFP_BAR_DSBR_2,0.0,0.0,0.0,13.0,15,TK6_LIG4_1h_BR0,0.0,TK6,LIG4,1h,BR0,TK6_LIG4
GFP_BAR_DSBR_2,0.0,0.0,0.0,13.0,16,TK6_LIG4_1h_BR0,0.0,TK6,LIG4,1h,BR0,TK6_LIG4
GFP_BAR_DSBR_2,0.0,0.0,0.0,13.0,17,TK6_LIG4_1h_BR0,0.0,TK6,LIG4,1h,BR0,TK6_LIG4
GFP_BAR_DSBR_2,0.0,0.0,0.0,13.0,18,TK6_LIG4_1h_BR0,0.0,TK6,LIG4,1h,BR0,TK6_LIG4
GFP_BAR_DSBR_2,0.0,0.0,0.0,13.0,19,TK6_LIG4_1h_BR0,0.0,TK6,LIG4,1h,BR0,TK6_LIG4
GFP_BAR_DSBR_2,0.0,0.0,0.0,13.0,20,TK6_LIG4_1h_BR0,0.0,TK6,LIG4,1h,BR0,TK6_LIG4
GFP_BAR_DSBR_2,0.0,0.0,0.0,13.0,21,TK6_LIG4_1h_BR0,0.0,TK6,LIG4,1h,BR0,TK6_LIG4
GFP_BAR_DSBR_2,0.0,0.0,0.0,13.0,22,TK6_LIG4_1h_BR0,0.0,TK6,LIG4,1h,BR0,TK6_LIG4
GFP_BAR_DSBR_2,0.0,0.0,0.0,13.0,23,TK6_LIG4_1h_BR0,0.0,TK6,LIG4,1h,BR0,TK6_LIG4
GFP_BAR_DSBR_2,0.0,0.0,0.0,13.0,24,TK6_LIG4_1h_BR0,0.0,TK6,LIG4,1h,BR0,TK6_LIG4
GFP_BAR_DSBR_2,0.0,0.0,0.0,13.0,25,TK6_LIG4_1h_BR0,0.0,TK6,LIG4,1h,BR0,TK6_LIG4
GFP_BAR_DSBR_2,0.0,0.0,0.0,13.0,26,TK6_LIG4_1h_BR0,0.0,TK6,LIG4,1h,BR0,TK6_LIG4
GFP_BAR_DSBR_2,0.0,0.0,0.0,13.0,27,TK6_LIG4_1h_BR0,0.0,TK6,LIG4,1h,BR0,TK6_LIG4
GFP_BAR_DSBR_2,0.0,0.0,0.0,13.0,28,TK6_LIG4_1h_BR0,0.0,TK6,LIG4,1h,BR0,TK6_LIG4
GFP_BAR_DSBR_2,0.0,0.0,0.0,13.0,29,TK6_LIG4_1h_BR0,0.0,TK6,LIG4,1h,BR0,TK6_LIG4
GFP_BAR_DSBR_2,0.0,0.0,0.0,13.0,30,TK6_LIG4_1h_BR0,0.0,TK6,LIG4,1h,BR0,TK6_LIG4
GFP_BAR_DSBR_2,0.0,0.0,0.0,13.0,31,TK6_LIG4_1h_BR0,0.0,TK6,LIG4,1h,BR0,TK6_LIG4
GFP_BAR_DSBR_2,0.0,0.0,0.0,13.0,32,TK6_LIG4_1h_BR0,0.0,TK6,LIG4,1h,BR0,TK6_LIG4
GFP_BAR_DSBR_2,0.0,0.0,0.0,13.0,33,TK6_LIG4_1h_BR0,0.0,TK6,LIG4,1h,BR0,TK6_LIG4
GFP_BAR_DSBR_2,0.0,0.0,0.0,13.0,34,TK6_LIG4_1h_BR0,0.0,TK6,LIG4,1h,BR0,TK6_LIG4
GFP_BAR_DSBR_2,0.0,0.0,0.0,13.0,35,TK6_LIG4_1h_BR0,0.0,TK6,LIG4,1h,BR0,TK6_LIG4
GFP_BAR_DSBR_2,0.0,0.0,0.0,13.0,36,TK6_LIG4_1h_BR0,0.0,TK6,LIG4,1h,BR0,TK6_LIG4
GFP_BAR_DSBR_2,0.0,0.0,0.0,13.0,37,TK6_LIG4_1h_BR0,0.0,TK6,LIG4,1h,BR0,TK6_LIG4
GFP_BAR_DSBR_2,0.0,0.0,0.0,13.0,38,TK6_LIG4_1h_BR0,0.0,TK6,LIG4,1h,BR0,TK6_LIG4
GFP_BAR_DSBR_2,0.0,0.0,0.0,13.0,39,TK6_LIG4_1h_BR0,0.0,TK6,LIG4,1h,BR0,TK6_LIG4
GFP_BAR_DSBR_2,0.0,0.0,0.0,13.0,40,TK6_LIG4_1h_BR0,0.0,TK6,LIG4,1h,BR0,TK6_LIG4
GFP_BAR_DSBR_2,0.0,0.0,0.0,13.0,41,TK6_LIG4_1h_BR0,0.0,TK6,LIG4,1h,BR0,TK6_LIG4
GFP_BAR_DSBR_2,0.0,0.0,0.0,13.0,42,TK6_LIG4_1h_BR0,0.0,TK6,LIG4,1h,BR0,TK6_LIG4
GFP_BAR_DSBR_2,0.0,0.0,0.0,13.0,43,TK6_LIG4_1h_BR0,0.0,TK6,LIG4,1h,BR0,TK6_LIG4
GFP_BAR_DSBR_2,0.0,0.0,0.0,13.0,44,TK6_LIG4_1h_BR0,0.0,TK6,LIG4,1h,BR0,TK6_LIG4
GFP_BAR_DSBR_2,0.0,0.0,0.0,13.0,45,TK6_LIG4_1h_BR0,0.0,TK6,LIG4,1h,BR0,TK6_LIG4
GFP_BAR_DSBR_2,0.0,0.0,0.0,13.0,46,TK6_LIG4_1h_BR0,0.0,TK6,LIG4,1h,BR0,TK6_LIG4
GFP_BAR_DSBR_2,0.0,0.0,0.0,13.0,47,TK6_LIG4_1h_BR0,0.0,TK6,LIG4,1h,BR0,TK6_LIG4
GFP_BAR_DSBR_2,0.0,0.0,0.0,13.0,48,TK6_LIG4_1h_BR0,0.0,TK6,LIG4,1h,BR0,TK6_LIG4
GFP_BAR_DSBR_2,0.0,0.0,0.0,13.0,49,TK6_LIG4_1h_BR0,0.0,TK6,LIG4,1h,BR0,TK6_LIG4
GFP_BAR_DSBR_2,0.0,0.0,0.0,13.0,50,TK6_LIG4_1h_BR0,0.0,TK6,LIG4,1h,BR0,TK6_LIG4
GFP_BAR_DSBR_2,0.0,0.0,0.0,13.0,51,TK6_LIG4_1h_BR0,0.0,TK6,LIG4,1h,BR0,TK6_LIG4
GFP_BAR_DSBR_2,0.0,0.0,0.0,13.0,52,TK6_LIG4_1h_BR0,0.0,TK6,LIG4,1h,BR0,TK6_LIG4
GFP_BAR_DSBR_2,0.0,0.0,0.0,13.0,53,TK6_LIG4_1h_BR0,0.0,TK6,LIG4,1h,BR0,TK6_LIG4
GFP_BAR_DSBR_2,0.0,0.0,0.0,13.0,54,TK6_LIG4_1h_BR0,0.0,TK6,LIG4,1h,BR0,TK6_LIG4
GFP_BAR_DSBR_2,0.0,0.0,0.0,13.0,55,TK6_LIG4_1h_BR0,0.0,TK6,LIG4,1h,BR0,TK6_LIG4
GFP_BAR_DSBR_2,0.0,0.0,0.0,13.0,56,TK6_LIG4_1h_BR0,0.0,TK6,LIG4,1h,BR0,TK6_LIG4
GFP_BAR_DSBR_2,0.0,0.0,0.0,13.0,57,TK6_LIG4_1h_BR0,0.0,TK6,LIG4,1h,BR0,TK6_LIG4
GFP_BAR_DSBR_2,0.0,0.0,0.0,13.0,58,TK6_LIG4_1h_BR0,0.0,TK6,LIG4,1h,BR0,TK6_LIG4
GFP_BAR_DSBR_2,0.0,0.0,0.0,13.0,59,TK6_LIG4_1h_BR0,0.0,TK6,LIG4,1h,BR0,TK6_LIG4
GFP_BAR_DSBR_2,0.0,0.0,0.0,13.0,60,TK6_LIG4_1h_BR0,0.0,TK6,LIG4,1h,BR0,TK6_LIG4
GFP_BAR_DSBR_2,0.0,0.0,0.0,13.0,61,TK6_LIG4_1h_BR0,0.0,TK6,LIG4,1h,BR0,TK6_LIG4
GFP_BAR_DSBR_2,0.0,0.0,0.0,13.0,62,TK6_LIG4_1h_BR0,0.0,TK6,LIG4,1h,BR0,TK6_LIG4
GFP_BAR_DSBR_2,0.0,0.0,0.0,13.0,63,TK6_LIG4_1h_BR0,0.0,TK6,LIG4,1h,BR0,TK6_LIG4
GFP_BAR_DSBR_2,0.0,0.0,0.0,13.0,64,TK6_LIG4_1h_BR0,0.0,TK6,LIG4,1h,BR0,TK6_LIG4
GFP_BAR_DSBR_2,0.0,0.0,0.0,13.0,65,TK6_LIG4_1h_BR0,0.0,TK6,LIG4,1h,BR0,TK6_LIG4
GFP_BAR_DSBR_2,0.0,0.0,0.0,13.0,66,TK6_LIG4_1h_BR0,0.0,TK6,LIG4,1h,BR0,TK6_LIG4
GFP_BAR_DSBR_2,0.0,0.0,0.0,13.0,67,TK6_LIG4_1h_BR0,0.0,TK6,LIG4,1h,BR0,TK6_LIG4
GFP_BAR_DSBR_2,0.0,0.0,0.0,13.0,68,TK6_LIG4_1h_BR0,0.0,TK6,LIG4,1h,BR0,TK6_LIG4
GFP_BAR_DSBR_2,0.0,0.0,0.0,13.0,69,TK6_LIG4_1h_BR0,0.0,TK6,LIG4,1h,BR0,TK6_LIG4
GFP_BAR_DSBR_2,0.0,0.0,0.0,13.0,70,TK6_LIG4_1h_BR0,0.0,TK6,LIG4,1h,BR0,TK6_LIG4
GFP_BAR_DSBR_2,0.0,0.0,0.0,13.0,71,TK6_LIG4_1h_BR0,0.0,TK6,LIG4,1h,BR0,TK6_LIG4
GFP_BAR_DSBR_2,0.0,0.0,0.0,13.0,72,TK6_LIG4_1h_BR0,0.0,TK6,LIG4,1h,BR0,TK6_LIG4
GFP_BAR_DSBR_2,0.0,0.0,0.0,13.0,73,TK6_LIG4_1h_BR0,0.0,TK6,LIG4,1h,BR0,TK6_LIG4
GFP_BAR_DSBR_2,0.0,0.0,0.0,13.0,74,TK6_LIG4_1h_BR0,0.0,TK6,LIG4,1h,BR0,TK6_LIG4
GFP_BAR_DSBR_2,0.0,0.0,0.0,13.0,75,TK6_LIG4_1h_BR0,0.0,TK6,LIG4,1h,BR0,TK6_LIG4
GFP_BAR_DSBR_2,0.0,0.0,0.0,13.0,76,TK6_LIG4_1h_BR0,0.0,TK6,LIG4,1h,BR0,TK6_LIG4
GFP_BAR_DSBR_2,0.0,0.0,0.0,13.0,77,TK6_LIG4_1h_BR0,0.0,TK6,LIG4,1h,BR0,TK6_LIG4
GFP_BAR_DSBR_2,0.0,0.0,0.0,13.0,78,TK6_LIG4_1h_BR0,0.0,TK6,LIG4,1h,BR0,TK6_LIG4
GFP_BAR_DSBR_2,0.0,0.0,0.0,13.0,79,TK6_LIG4_1h_BR0,0.0,TK6,LIG4,1h,BR0,TK6_LIG4
GFP_BAR_DSBR_2,0.0,0.0,0.0,13.0,80,TK6_LIG4_1h_BR0,0.0,TK6,LIG4,1h,BR0,TK6_LIG4
GFP_BAR_DSBR_2,0.0,0.0,0.0,13.0,81,TK6_LIG4_1h_BR0,0.0,TK6,LIG4,1h,BR0,TK6_LIG4
GFP_BAR_DSBR_2,0.0,0.0,0.0,13.0,82,TK6_LIG4_1h_BR0,0.0,TK6,LIG4,1h,BR0,TK6_LIG4
GFP_BAR_DSBR_2,0.0,0.0,0.0,13.0,83,TK6_LIG4_1h_BR0,0.0,TK6,LIG4,1h,BR0,TK6_LIG4
GFP_BAR_DSBR_2,0.0,0.0,0.0,13.0,84,TK6_LIG4_1h_BR0,0.0,TK6,LIG4,1h,BR0,TK6_LIG4
GFP_BAR_DSBR_2,0.0,0.0,0.0,13.0,85,TK6_LIG4_1h_BR0,0.0,TK6,LIG4,1h,BR0,TK6_LIG4
GFP_BAR_DSBR_2,0.0,0.0,0.0,13.0,86,TK6_LIG4_1h_BR0,0.0,TK6,LIG4,1h,BR0,TK6_LIG4
GFP_BAR_DSBR_2,0.0,0.0,0.0,13.0,87,TK6_LIG4_1h_BR0,0.0,TK6,LIG4,1h,BR0,TK6_LIG4
GFP_BAR_DSBR_2,0.0,0.0,0.0,13.0,88,TK6_LIG4_1h_BR0,0.0,TK6,LIG4,1h,BR0,TK6_LIG4
GFP_BAR_DSBR_2,0.0,0.0,0.0,13.0,89,TK6_LIG4_1h_BR0,0.0,TK6,LIG4,1h,BR0,TK6_LIG4
GFP_BAR_DSBR_2,0.0,0.0,0.0,13.0,90,TK6_LIG4_1h_BR0,0.0,TK6,LIG4,1h,BR0,TK6_LIG4
GFP_BAR_DSBR_2,0.0,0.0,0.0,13.0,91,TK6_LIG4_1h_BR0,0.0,TK6,LIG4,1h,BR0,TK6_LIG4
GFP_BAR_DSBR_2,0.0,0.0,0.0,13.0,92,TK6_LIG4_1h_BR0,0.0,TK6,LIG4,1h,BR0,TK6_LIG4
GFP_BAR_DSBR_2,0.0,0.0,0.0,13.0,93,TK6_LIG4_1h_BR0,0.0,TK6,LIG4,1h,BR0,TK6_LIG4
GFP_BAR_DSBR_2,0.0,0.0,0.0,13.0,94,TK6_LIG4_1h_BR0,0.0,TK6,LIG4,1h,BR0,TK6_LIG4
GFP_BAR_DSBR_2,0.0,0.0,0.0,13.0,95,TK6_LIG4_1h_BR0,0.0,TK6,LIG4,1h,BR0,TK6_LIG4
GFP_BAR_DSBR_2,1.0,0.0,0.0,605.0,1,TK6_LIG4_24h_BR0,0.0,TK6,LIG4,24h,BR0,TK6_LIG4
GFP_BAR_DSBR_2,0.0,0.0,0.0,605.0,2,TK6_LIG4_24h_BR0,0.0,TK6,LIG4,24h,BR0,TK6_LIG4
GFP_BAR_DSBR_2,0.0,0.0,0.0,605.0,3,TK6_LIG4_24h_BR0,0.0,TK6,LIG4,24h,BR0,TK6_LIG4
GFP_BAR_DSBR_2,0.0,0.0,0.0,605.0,4,TK6_LIG4_24h_BR0,0.0,TK6,LIG4,24h,BR0,TK6_LIG4
GFP_BAR_DSBR_2,0.0,0.0,0.0,605.0,5,TK6_LIG4_24h_BR0,0.0,TK6,LIG4,24h,BR0,TK6_LIG4
GFP_BAR_DSBR_2,0.0,0.0,0.0,605.0,6,TK6_LIG4_24h_BR0,0.0,TK6,LIG4,24h,BR0,TK6_LIG4
GFP_BAR_DSBR_2,0.0,0.0,0.0,605.0,7,TK6_LIG4_24h_BR0,0.0,TK6,LIG4,24h,BR0,TK6_LIG4
GFP_BAR_DSBR_2,0.0,0.0,0.0,605.0,8,TK6_LIG4_24h_BR0,0.0,TK6,LIG4,24h,BR0,TK6_LIG4
GFP_BAR_DSBR_2,0.0,0.0,0.0,605.0,9,TK6_LIG4_24h_BR0,0.0,TK6,LIG4,24h,BR0,TK6_LIG4
GFP_BAR_DSBR_2,0.0,0.0,0.0,605.0,10,TK6_LIG4_24h_BR0,0.0,TK6,LIG4,24h,BR0,TK6_LIG4
GFP_BAR_DSBR_2,0.0,0.0,0.0,605.0,11,TK6_LIG4_24h_BR0,0.0,TK6,LIG4,24h,BR0,TK6_LIG4
GFP_BAR_DSBR_2,0.0,0.0,0.0,605.0,12,TK6_LIG4_24h_BR0,0.0,TK6,LIG4,24h,BR0,TK6_LIG4
GFP_BAR_DSBR_2,0.0,0.0,0.0,605.0,13,TK6_LIG4_24h_BR0,0.0,TK6,LIG4,24h,BR0,TK6_LIG4
GFP_BAR_DSBR_2,0.0,0.0,0.0,605.0,14,TK6_LIG4_24h_BR0,0.0,TK6,LIG4,24h,BR0,TK6_LIG4
GFP_BAR_DSBR_2,1.0,0.0,0.0,605.0,15,TK6_LIG4_24h_BR0,0.0,TK6,LIG4,24h,BR0,TK6_LIG4
GFP_BAR_DSBR_2,0.0,0.0,0.0,605.0,16,TK6_LIG4_24h_BR0,0.0,TK6,LIG4,24h,BR0,TK6_LIG4
GFP_BAR_DSBR_2,0.0,0.0,0.0,605.0,17,TK6_LIG4_24h_BR0,0.0,TK6,LIG4,24h,BR0,TK6_LIG4
GFP_BAR_DSBR_2,0.0,1.0,0.0,605.0,18,TK6_LIG4_24h_BR0,0.001652892561983471,TK6,LIG4,24h,BR0,TK6_LIG4
GFP_BAR_DSBR_2,0.0,1.0,0.0,605.0,19,TK6_LIG4_24h_BR0,0.001652892561983471,TK6,LIG4,24h,BR0,TK6_LIG4
GFP_BAR_DSBR_2,0.0,1.0,0.0,605.0,20,TK6_LIG4_24h_BR0,0.001652892561983471,TK6,LIG4,24h,BR0,TK6_LIG4
GFP_BAR_DSBR_2,0.0,1.0,0.0,605.0,21,TK6_LIG4_24h_BR0,0.001652892561983471,TK6,LIG4,24h,BR0,TK6_LIG4
GFP_BAR_DSBR_2,0.0,1.0,0.0,605.0,22,TK6_LIG4_24h_BR0,0.001652892561983471,TK6,LIG4,24h,BR0,TK6_LIG4
GFP_BAR_DSBR_2,0.0,1.0,0.0,605.0,23,TK6_LIG4_24h_BR0,0.001652892561983471,TK6,LIG4,24h,BR0,TK6_LIG4
GFP_BAR_DSBR_2,0.0,1.0,0.0,605.0,24,TK6_LIG4_24h_BR0,0.001652892561983471,TK6,LIG4,24h,BR0,TK6_LIG4
GFP_BAR_DSBR_2,0.0,1.0,0.0,605.0,25,TK6_LIG4_24h_BR0,0.001652892561983471,TK6,LIG4,24h,BR0,TK6_LIG4
GFP_BAR_DSBR_2,0.0,3.0,0.0,605.0,26,TK6_LIG4_24h_BR0,0.0049586776859504135,TK6,LIG4,24h,BR0,TK6_LIG4
GFP_BAR_DSBR_2,0.0,3.0,0.0,605.0,27,TK6_LIG4_24h_BR0,0.0049586776859504135,TK6,LIG4,24h,BR0,TK6_LIG4
GFP_BAR_DSBR_2,0.0,3.0,0.0,605.0,28,TK6_LIG4_24h_BR0,0.0049586776859504135,TK6,LIG4,24h,BR0,TK6_LIG4
GFP_BAR_DSBR_2,0.0,3.0,0.0,605.0,29,TK6_LIG4_24h_BR0,0.0049586776859504135,TK6,LIG4,24h,BR0,TK6_LIG4
GFP_BAR_DSBR_2,0.0,3.0,0.0,605.0,30,TK6_LIG4_24h_BR0,0.0049586776859504135,TK6,LIG4,24h,BR0,TK6_LIG4
GFP_BAR_DSBR_2,0.0,3.0,0.0,605.0,31,TK6_LIG4_24h_BR0,0.0049586776859504135,TK6,LIG4,24h,BR0,TK6_LIG4
GFP_BAR_DSBR_2,0.0,3.0,0.0,605.0,32,TK6_LIG4_24h_BR0,0.0049586776859504135,TK6,LIG4,24h,BR0,TK6_LIG4
GFP_BAR_DSBR_2,0.0,3.0,0.0,605.0,33,TK6_LIG4_24h_BR0,0.0049586776859504135,TK6,LIG4,24h,BR0,TK6_LIG4
GFP_BAR_DSBR_2,0.0,14.0,0.0,605.0,34,TK6_LIG4_24h_BR0,0.023140495867768594,TK6,LIG4,24h,BR0,TK6_LIG4
GFP_BAR_DSBR_2,0.0,507.0,0.0,605.0,35,TK6_LIG4_24h_BR0,0.8380165289256198,TK6,LIG4,24h,BR0,TK6_LIG4
GFP_BAR_DSBR_2,0.0,507.0,0.0,605.0,36,TK6_LIG4_24h_BR0,0.8380165289256198,TK6,LIG4,24h,BR0,TK6_LIG4
GFP_BAR_DSBR_2,0.0,507.0,0.0,605.0,37,TK6_LIG4_24h_BR0,0.8380165289256198,TK6,LIG4,24h,BR0,TK6_LIG4
GFP_BAR_DSBR_2,0.0,509.0,0.0,605.0,38,TK6_LIG4_24h_BR0,0.8413223140495868,TK6,LIG4,24h,BR0,TK6_LIG4
GFP_BAR_DSBR_2,0.0,509.0,0.0,605.0,39,TK6_LIG4_24h_BR0,0.8413223140495868,TK6,LIG4,24h,BR0,TK6_LIG4
GFP_BAR_DSBR_2,0.0,509.0,0.0,605.0,40,TK6_LIG4_24h_BR0,0.8413223140495868,TK6,LIG4,24h,BR0,TK6_LIG4
GFP_BAR_DSBR_2,0.0,509.0,0.0,605.0,41,TK6_LIG4_24h_BR0,0.8413223140495868,TK6,LIG4,24h,BR0,TK6_LIG4
GFP_BAR_DSBR_2,0.0,510.0,3.0,605.0,42,TK6_LIG4_24h_BR0,0.8429752066115702,TK6,LIG4,24h,BR0,TK6_LIG4
GFP_BAR_DSBR_2,0.0,515.0,0.0,605.0,43,TK6_LIG4_24h_BR0,0.8512396694214877,TK6,LIG4,24h,BR0,TK6_LIG4
GFP_BAR_DSBR_2,3.0,516.0,2.0,605.0,44,TK6_LIG4_24h_BR0,0.8528925619834711,TK6,LIG4,24h,BR0,TK6_LIG4
GFP_BAR_DSBR_2,0.0,516.0,0.0,605.0,45,TK6_LIG4_24h_BR0,0.8528925619834711,TK6,LIG4,24h,BR0,TK6_LIG4
GFP_BAR_DSBR_2,0.0,516.0,0.0,605.0,46,TK6_LIG4_24h_BR0,0.8528925619834711,TK6,LIG4,24h,BR0,TK6_LIG4
GFP_BAR_DSBR_2,0.0,516.0,0.0,605.0,47,TK6_LIG4_24h_BR0,0.8528925619834711,TK6,LIG4,24h,BR0,TK6_LIG4
GFP_BAR_DSBR_2,0.0,511.0,0.0,605.0,48,TK6_LIG4_24h_BR0,0.8446280991735537,TK6,LIG4,24h,BR0,TK6_LIG4
GFP_BAR_DSBR_2,2.0,18.0,0.0,605.0,49,TK6_LIG4_24h_BR0,0.02975206611570248,TK6,LIG4,24h,BR0,TK6_LIG4
GFP_BAR_DSBR_2,0.0,18.0,0.0,605.0,50,TK6_LIG4_24h_BR0,0.02975206611570248,TK6,LIG4,24h,BR0,TK6_LIG4
GFP_BAR_DSBR_2,0.0,18.0,0.0,605.0,51,TK6_LIG4_24h_BR0,0.02975206611570248,TK6,LIG4,24h,BR0,TK6_LIG4
GFP_BAR_DSBR_2,0.0,18.0,0.0,605.0,52,TK6_LIG4_24h_BR0,0.02975206611570248,TK6,LIG4,24h,BR0,TK6_LIG4
GFP_BAR_DSBR_2,0.0,16.0,0.0,605.0,53,TK6_LIG4_24h_BR0,0.026446280991735537,TK6,LIG4,24h,BR0,TK6_LIG4
GFP_BAR_DSBR_2,0.0,16.0,0.0,605.0,54,TK6_LIG4_24h_BR0,0.026446280991735537,TK6,LIG4,24h,BR0,TK6_LIG4
GFP_BAR_DSBR_2,0.0,16.0,0.0,605.0,55,TK6_LIG4_24h_BR0,0.026446280991735537,TK6,LIG4,24h,BR0,TK6_LIG4
GFP_BAR_DSBR_2,0.0,5.0,0.0,605.0,56,TK6_LIG4_24h_BR0,0.008264462809917356,TK6,LIG4,24h,BR0,TK6_LIG4
GFP_BAR_DSBR_2,0.0,4.0,0.0,605.0,57,TK6_LIG4_24h_BR0,0.006611570247933884,TK6,LIG4,24h,BR0,TK6_LIG4
GFP_BAR_DSBR_2,0.0,4.0,0.0,605.0,58,TK6_LIG4_24h_BR0,0.006611570247933884,TK6,LIG4,24h,BR0,TK6_LIG4
GFP_BAR_DSBR_2,0.0,2.0,0.0,605.0,59,TK6_LIG4_24h_BR0,0.003305785123966942,TK6,LIG4,24h,BR0,TK6_LIG4
GFP_BAR_DSBR_2,2.0,2.0,0.0,605.0,60,TK6_LIG4_24h_BR0,0.003305785123966942,TK6,LIG4,24h,BR0,TK6_LIG4
GFP_BAR_DSBR_2,1.0,1.0,0.0,605.0,61,TK6_LIG4_24h_BR0,0.001652892561983471,TK6,LIG4,24h,BR0,TK6_LIG4
GFP_BAR_DSBR_2,0.0,1.0,0.0,605.0,62,TK6_LIG4_24h_BR0,0.001652892561983471,TK6,LIG4,24h,BR0,TK6_LIG4
GFP_BAR_DSBR_2,0.0,1.0,0.0,605.0,63,TK6_LIG4_24h_BR0,0.001652892561983471,TK6,LIG4,24h,BR0,TK6_LIG4
GFP_BAR_DSBR_2,1.0,0.0,0.0,605.0,64,TK6_LIG4_24h_BR0,0.0,TK6,LIG4,24h,BR0,TK6_LIG4
GFP_BAR_DSBR_2,0.0,0.0,0.0,605.0,65,TK6_LIG4_24h_BR0,0.0,TK6,LIG4,24h,BR0,TK6_LIG4
GFP_BAR_DSBR_2,0.0,0.0,0.0,605.0,66,TK6_LIG4_24h_BR0,0.0,TK6,LIG4,24h,BR0,TK6_LIG4
GFP_BAR_DSBR_2,0.0,0.0,0.0,605.0,67,TK6_LIG4_24h_BR0,0.0,TK6,LIG4,24h,BR0,TK6_LIG4
GFP_BAR_DSBR_2,0.0,0.0,0.0,605.0,68,TK6_LIG4_24h_BR0,0.0,TK6,LIG4,24h,BR0,TK6_LIG4
GFP_BAR_DSBR_2,0.0,0.0,0.0,605.0,69,TK6_LIG4_24h_BR0,0.0,TK6,LIG4,24h,BR0,TK6_LIG4
GFP_BAR_DSBR_2,0.0,0.0,0.0,605.0,70,TK6_LIG4_24h_BR0,0.0,TK6,LIG4,24h,BR0,TK6_LIG4
GFP_BAR_DSBR_2,0.0,0.0,0.0,605.0,71,TK6_LIG4_24h_BR0,0.0,TK6,LIG4,24h,BR0,TK6_LIG4
GFP_BAR_DSBR_2,0.0,0.0,0.0,605.0,72,TK6_LIG4_24h_BR0,0.0,TK6,LIG4,24h,BR0,TK6_LIG4
GFP_BAR_DSBR_2,0.0,0.0,0.0,605.0,73,TK6_LIG4_24h_BR0,0.0,TK6,LIG4,24h,BR0,TK6_LIG4
GFP_BAR_DSBR_2,0.0,0.0,0.0,605.0,74,TK6_LIG4_24h_BR0,0.0,TK6,LIG4,24h,BR0,TK6_LIG4
GFP_BAR_DSBR_2,0.0,0.0,0.0,605.0,75,TK6_LIG4_24h_BR0,0.0,TK6,LIG4,24h,BR0,TK6_LIG4
GFP_BAR_DSBR_2,0.0,0.0,0.0,605.0,76,TK6_LIG4_24h_BR0,0.0,TK6,LIG4,24h,BR0,TK6_LIG4
GFP_BAR_DSBR_2,1.0,0.0,0.0,605.0,77,TK6_LIG4_24h_BR0,0.0,TK6,LIG4,24h,BR0,TK6_LIG4
GFP_BAR_DSBR_2,0.0,0.0,0.0,605.0,78,TK6_LIG4_24h_BR0,0.0,TK6,LIG4,24h,BR0,TK6_LIG4
GFP_BAR_DSBR_2,0.0,0.0,0.0,605.0,79,TK6_LIG4_24h_BR0,0.0,TK6,LIG4,24h,BR0,TK6_LIG4
GFP_BAR_DSBR_2,1.0,0.0,0.0,605.0,80,TK6_LIG4_24h_BR0,0.0,TK6,LIG4,24h,BR0,TK6_LIG4
GFP_BAR_DSBR_2,0.0,0.0,0.0,605.0,81,TK6_LIG4_24h_BR0,0.0,TK6,LIG4,24h,BR0,TK6_LIG4
GFP_BAR_DSBR_2,0.0,0.0,0.0,605.0,82,TK6_LIG4_24h_BR0,0.0,TK6,LIG4,24h,BR0,TK6_LIG4
GFP_BAR_DSBR_2,0.0,0.0,0.0,605.0,83,TK6_LIG4_24h_BR0,0.0,TK6,LIG4,24h,BR0,TK6_LIG4
GFP_BAR_DSBR_2,0.0,0.0,0.0,605.0,84,TK6_LIG4_24h_BR0,0.0,TK6,LIG4,24h,BR0,TK6_LIG4
GFP_BAR_DSBR_2,0.0,0.0,0.0,605.0,85,TK6_LIG4_24h_BR0,0.0,TK6,LIG4,24h,BR0,TK6_LIG4
GFP_BAR_DSBR_2,0.0,0.0,0.0,605.0,86,TK6_LIG4_24h_BR0,0.0,TK6,LIG4,24h,BR0,TK6_LIG4
GFP_BAR_DSBR_2,0.0,0.0,0.0,605.0,87,TK6_LIG4_24h_BR0,0.0,TK6,LIG4,24h,BR0,TK6_LIG4
GFP_BAR_DSBR_2,0.0,0.0,0.0,605.0,88,TK6_LIG4_24h_BR0,0.0,TK6,LIG4,24h,BR0,TK6_LIG4
GFP_BAR_DSBR_2,0.0,0.0,0.0,605.0,89,TK6_LIG4_24h_BR0,0.0,TK6,LIG4,24h,BR0,TK6_LIG4
GFP_BAR_DSBR_2,0.0,0.0,0.0,605.0,90,TK6_LIG4_24h_BR0,0.0,TK6,LIG4,24h,BR0,TK6_LIG4
GFP_BAR_DSBR_2,1.0,0.0,0.0,605.0,91,TK6_LIG4_24h_BR0,0.0,TK6,LIG4,24h,BR0,TK6_LIG4
GFP_BAR_DSBR_2,0.0,0.0,0.0,605.0,92,TK6_LIG4_24h_BR0,0.0,TK6,LIG4,24h,BR0,TK6_LIG4
GFP_BAR_DSBR_2,0.0,0.0,0.0,605.0,93,TK6_LIG4_24h_BR0,0.0,TK6,LIG4,24h,BR0,TK6_LIG4
GFP_BAR_DSBR_2,0.0,0.0,0.0,605.0,94,TK6_LIG4_24h_BR0,0.0,TK6,LIG4,24h,BR0,TK6_LIG4
GFP_BAR_DSBR_2,0.0,0.0,0.0,605.0,95,TK6_LIG4_24h_BR0,0.0,TK6,LIG4,24h,BR0,TK6_LIG4
GFP_BAR_DSBR_2,0.0,0.0,0.0,313.0,1,TK6_LIG4_4h_BR0,0.0,TK6,LIG4,4h,BR0,TK6_LIG4
GFP_BAR_DSBR_2,0.0,0.0,0.0,313.0,2,TK6_LIG4_4h_BR0,0.0,TK6,LIG4,4h,BR0,TK6_LIG4
GFP_BAR_DSBR_2,0.0,0.0,0.0,313.0,3,TK6_LIG4_4h_BR0,0.0,TK6,LIG4,4h,BR0,TK6_LIG4
GFP_BAR_DSBR_2,0.0,0.0,0.0,313.0,4,TK6_LIG4_4h_BR0,0.0,TK6,LIG4,4h,BR0,TK6_LIG4
GFP_BAR_DSBR_2,0.0,0.0,0.0,313.0,5,TK6_LIG4_4h_BR0,0.0,TK6,LIG4,4h,BR0,TK6_LIG4
GFP_BAR_DSBR_2,0.0,0.0,0.0,313.0,6,TK6_LIG4_4h_BR0,0.0,TK6,LIG4,4h,BR0,TK6_LIG4
GFP_BAR_DSBR_2,0.0,0.0,0.0,313.0,7,TK6_LIG4_4h_BR0,0.0,TK6,LIG4,4h,BR0,TK6_LIG4
GFP_BAR_DSBR_2,0.0,0.0,0.0,313.0,8,TK6_LIG4_4h_BR0,0.0,TK6,LIG4,4h,BR0,TK6_LIG4
GFP_BAR_DSBR_2,0.0,0.0,0.0,313.0,9,TK6_LIG4_4h_BR0,0.0,TK6,LIG4,4h,BR0,TK6_LIG4
GFP_BAR_DSBR_2,0.0,0.0,0.0,313.0,10,TK6_LIG4_4h_BR0,0.0,TK6,LIG4,4h,BR0,TK6_LIG4
GFP_BAR_DSBR_2,0.0,0.0,0.0,313.0,11,TK6_LIG4_4h_BR0,0.0,TK6,LIG4,4h,BR0,TK6_LIG4
GFP_BAR_DSBR_2,0.0,0.0,0.0,313.0,12,TK6_LIG4_4h_BR0,0.0,TK6,LIG4,4h,BR0,TK6_LIG4
GFP_BAR_DSBR_2,0.0,0.0,0.0,313.0,13,TK6_LIG4_4h_BR0,0.0,TK6,LIG4,4h,BR0,TK6_LIG4
GFP_BAR_DSBR_2,0.0,0.0,0.0,313.0,14,TK6_LIG4_4h_BR0,0.0,TK6,LIG4,4h,BR0,TK6_LIG4
GFP_BAR_DSBR_2,0.0,0.0,0.0,313.0,15,TK6_LIG4_4h_BR0,0.0,TK6,LIG4,4h,BR0,TK6_LIG4
GFP_BAR_DSBR_2,0.0,0.0,0.0,313.0,16,TK6_LIG4_4h_BR0,0.0,TK6,LIG4,4h,BR0,TK6_LIG4
GFP_BAR_DSBR_2,0.0,0.0,0.0,313.0,17,TK6_LIG4_4h_BR0,0.0,TK6,LIG4,4h,BR0,TK6_LIG4
GFP_BAR_DSBR_2,0.0,0.0,0.0,313.0,18,TK6_LIG4_4h_BR0,0.0,TK6,LIG4,4h,BR0,TK6_LIG4
GFP_BAR_DSBR_2,0.0,0.0,0.0,313.0,19,TK6_LIG4_4h_BR0,0.0,TK6,LIG4,4h,BR0,TK6_LIG4
GFP_BAR_DSBR_2,0.0,0.0,0.0,313.0,20,TK6_LIG4_4h_BR0,0.0,TK6,LIG4,4h,BR0,TK6_LIG4
GFP_BAR_DSBR_2,2.0,0.0,0.0,313.0,21,TK6_LIG4_4h_BR0,0.0,TK6,LIG4,4h,BR0,TK6_LIG4
GFP_BAR_DSBR_2,0.0,0.0,0.0,313.0,22,TK6_LIG4_4h_BR0,0.0,TK6,LIG4,4h,BR0,TK6_LIG4
GFP_BAR_DSBR_2,0.0,0.0,0.0,313.0,23,TK6_LIG4_4h_BR0,0.0,TK6,LIG4,4h,BR0,TK6_LIG4
GFP_BAR_DSBR_2,0.0,0.0,0.0,313.0,24,TK6_LIG4_4h_BR0,0.0,TK6,LIG4,4h,BR0,TK6_LIG4
GFP_BAR_DSBR_2,0.0,0.0,0.0,313.0,25,TK6_LIG4_4h_BR0,0.0,TK6,LIG4,4h,BR0,TK6_LIG4
GFP_BAR_DSBR_2,0.0,0.0,0.0,313.0,26,TK6_LIG4_4h_BR0,0.0,TK6,LIG4,4h,BR0,TK6_LIG4
GFP_BAR_DSBR_2,0.0,0.0,0.0,313.0,27,TK6_LIG4_4h_BR0,0.0,TK6,LIG4,4h,BR0,TK6_LIG4
GFP_BAR_DSBR_2,0.0,0.0,0.0,313.0,28,TK6_LIG4_4h_BR0,0.0,TK6,LIG4,4h,BR0,TK6_LIG4
GFP_BAR_DSBR_2,0.0,0.0,0.0,313.0,29,TK6_LIG4_4h_BR0,0.0,TK6,LIG4,4h,BR0,TK6_LIG4
GFP_BAR_DSBR_2,1.0,0.0,0.0,313.0,30,TK6_LIG4_4h_BR0,0.0,TK6,LIG4,4h,BR0,TK6_LIG4
GFP_BAR_DSBR_2,0.0,1.0,0.0,313.0,31,TK6_LIG4_4h_BR0,0.003194888178913738,TK6,LIG4,4h,BR0,TK6_LIG4
GFP_BAR_DSBR_2,0.0,1.0,0.0,313.0,32,TK6_LIG4_4h_BR0,0.003194888178913738,TK6,LIG4,4h,BR0,TK6_LIG4
GFP_BAR_DSBR_2,0.0,1.0,0.0,313.0,33,TK6_LIG4_4h_BR0,0.003194888178913738,TK6,LIG4,4h,BR0,TK6_LIG4
GFP_BAR_DSBR_2,0.0,3.0,0.0,313.0,34,TK6_LIG4_4h_BR0,0.009584664536741214,TK6,LIG4,4h,BR0,TK6_LIG4
GFP_BAR_DSBR_2,0.0,199.0,0.0,313.0,35,TK6_LIG4_4h_BR0,0.6357827476038339,TK6,LIG4,4h,BR0,TK6_LIG4
GFP_BAR_DSBR_2,0.0,199.0,0.0,313.0,36,TK6_LIG4_4h_BR0,0.6357827476038339,TK6,LIG4,4h,BR0,TK6_LIG4
GFP_BAR_DSBR_2,0.0,199.0,0.0,313.0,37,TK6_LIG4_4h_BR0,0.6357827476038339,TK6,LIG4,4h,BR0,TK6_LIG4
GFP_BAR_DSBR_2,0.0,199.0,0.0,313.0,38,TK6_LIG4_4h_BR0,0.6357827476038339,TK6,LIG4,4h,BR0,TK6_LIG4
GFP_BAR_DSBR_2,0.0,199.0,0.0,313.0,39,TK6_LIG4_4h_BR0,0.6357827476038339,TK6,LIG4,4h,BR0,TK6_LIG4
GFP_BAR_DSBR_2,0.0,199.0,0.0,313.0,40,TK6_LIG4_4h_BR0,0.6357827476038339,TK6,LIG4,4h,BR0,TK6_LIG4
GFP_BAR_DSBR_2,0.0,199.0,0.0,313.0,41,TK6_LIG4_4h_BR0,0.6357827476038339,TK6,LIG4,4h,BR0,TK6_LIG4
GFP_BAR_DSBR_2,0.0,199.0,0.0,313.0,42,TK6_LIG4_4h_BR0,0.6357827476038339,TK6,LIG4,4h,BR0,TK6_LIG4
GFP_BAR_DSBR_2,1.0,199.0,0.0,313.0,43,TK6_LIG4_4h_BR0,0.6357827476038339,TK6,LIG4,4h,BR0,TK6_LIG4
GFP_BAR_DSBR_2,0.0,199.0,0.0,313.0,44,TK6_LIG4_4h_BR0,0.6357827476038339,TK6,LIG4,4h,BR0,TK6_LIG4
GFP_BAR_DSBR_2,1.0,199.0,0.0,313.0,45,TK6_LIG4_4h_BR0,0.6357827476038339,TK6,LIG4,4h,BR0,TK6_LIG4
GFP_BAR_DSBR_2,0.0,199.0,0.0,313.0,46,TK6_LIG4_4h_BR0,0.6357827476038339,TK6,LIG4,4h,BR0,TK6_LIG4
GFP_BAR_DSBR_2,0.0,198.0,0.0,313.0,47,TK6_LIG4_4h_BR0,0.6325878594249201,TK6,LIG4,4h,BR0,TK6_LIG4
GFP_BAR_DSBR_2,0.0,198.0,1.0,313.0,48,TK6_LIG4_4h_BR0,0.6325878594249201,TK6,LIG4,4h,BR0,TK6_LIG4
GFP_BAR_DSBR_2,1.0,2.0,0.0,313.0,49,TK6_LIG4_4h_BR0,0.006389776357827476,TK6,LIG4,4h,BR0,TK6_LIG4
GFP_BAR_DSBR_2,0.0,2.0,0.0,313.0,50,TK6_LIG4_4h_BR0,0.006389776357827476,TK6,LIG4,4h,BR0,TK6_LIG4
GFP_BAR_DSBR_2,0.0,2.0,0.0,313.0,51,TK6_LIG4_4h_BR0,0.006389776357827476,TK6,LIG4,4h,BR0,TK6_LIG4
GFP_BAR_DSBR_2,0.0,2.0,0.0,313.0,52,TK6_LIG4_4h_BR0,0.006389776357827476,TK6,LIG4,4h,BR0,TK6_LIG4
GFP_BAR_DSBR_2,0.0,2.0,0.0,313.0,53,TK6_LIG4_4h_BR0,0.006389776357827476,TK6,LIG4,4h,BR0,TK6_LIG4
GFP_BAR_DSBR_2,0.0,2.0,0.0,313.0,54,TK6_LIG4_4h_BR0,0.006389776357827476,TK6,LIG4,4h,BR0,TK6_LIG4
GFP_BAR_DSBR_2,0.0,2.0,0.0,313.0,55,TK6_LIG4_4h_BR0,0.006389776357827476,TK6,LIG4,4h,BR0,TK6_LIG4
GFP_BAR_DSBR_2,0.0,0.0,0.0,313.0,56,TK6_LIG4_4h_BR0,0.0,TK6,LIG4,4h,BR0,TK6_LIG4
GFP_BAR_DSBR_2,0.0,0.0,0.0,313.0,57,TK6_LIG4_4h_BR0,0.0,TK6,LIG4,4h,BR0,TK6_LIG4
GFP_BAR_DSBR_2,0.0,0.0,0.0,313.0,58,TK6_LIG4_4h_BR0,0.0,TK6,LIG4,4h,BR0,TK6_LIG4
GFP_BAR_DSBR_2,0.0,0.0,0.0,313.0,59,TK6_LIG4_4h_BR0,0.0,TK6,LIG4,4h,BR0,TK6_LIG4
GFP_BAR_DSBR_2,0.0,0.0,0.0,313.0,60,TK6_LIG4_4h_BR0,0.0,TK6,LIG4,4h,BR0,TK6_LIG4
GFP_BAR_DSBR_2,0.0,0.0,0.0,313.0,61,TK6_LIG4_4h_BR0,0.0,TK6,LIG4,4h,BR0,TK6_LIG4
GFP_BAR_DSBR_2,0.0,0.0,0.0,313.0,62,TK6_LIG4_4h_BR0,0.0,TK6,LIG4,4h,BR0,TK6_LIG4
GFP_BAR_DSBR_2,0.0,0.0,0.0,313.0,63,TK6_LIG4_4h_BR0,0.0,TK6,LIG4,4h,BR0,TK6_LIG4
GFP_BAR_DSBR_2,0.0,0.0,0.0,313.0,64,TK6_LIG4_4h_BR0,0.0,TK6,LIG4,4h,BR0,TK6_LIG4
GFP_BAR_DSBR_2,0.0,0.0,0.0,313.0,65,TK6_LIG4_4h_BR0,0.0,TK6,LIG4,4h,BR0,TK6_LIG4
GFP_BAR_DSBR_2,0.0,0.0,0.0,313.0,66,TK6_LIG4_4h_BR0,0.0,TK6,LIG4,4h,BR0,TK6_LIG4
GFP_BAR_DSBR_2,0.0,0.0,0.0,313.0,67,TK6_LIG4_4h_BR0,0.0,TK6,LIG4,4h,BR0,TK6_LIG4
GFP_BAR_DSBR_2,0.0,0.0,0.0,313.0,68,TK6_LIG4_4h_BR0,0.0,TK6,LIG4,4h,BR0,TK6_LIG4
GFP_BAR_DSBR_2,0.0,0.0,0.0,313.0,69,TK6_LIG4_4h_BR0,0.0,TK6,LIG4,4h,BR0,TK6_LIG4
GFP_BAR_DSBR_2,0.0,0.0,0.0,313.0,70,TK6_LIG4_4h_BR0,0.0,TK6,LIG4,4h,BR0,TK6_LIG4
GFP_BAR_DSBR_2,0.0,0.0,0.0,313.0,71,TK6_LIG4_4h_BR0,0.0,TK6,LIG4,4h,BR0,TK6_LIG4
GFP_BAR_DSBR_2,0.0,0.0,0.0,313.0,72,TK6_LIG4_4h_BR0,0.0,TK6,LIG4,4h,BR0,TK6_LIG4
GFP_BAR_DSBR_2,0.0,0.0,0.0,313.0,73,TK6_LIG4_4h_BR0,0.0,TK6,LIG4,4h,BR0,TK6_LIG4
GFP_BAR_DSBR_2,0.0,0.0,0.0,313.0,74,TK6_LIG4_4h_BR0,0.0,TK6,LIG4,4h,BR0,TK6_LIG4
GFP_BAR_DSBR_2,0.0,0.0,0.0,313.0,75,TK6_LIG4_4h_BR0,0.0,TK6,LIG4,4h,BR0,TK6_LIG4
GFP_BAR_DSBR_2,0.0,0.0,0.0,313.0,76,TK6_LIG4_4h_BR0,0.0,TK6,LIG4,4h,BR0,TK6_LIG4
GFP_BAR_DSBR_2,0.0,0.0,0.0,313.0,77,TK6_LIG4_4h_BR0,0.0,TK6,LIG4,4h,BR0,TK6_LIG4
GFP_BAR_DSBR_2,0.0,0.0,0.0,313.0,78,TK6_LIG4_4h_BR0,0.0,TK6,LIG4,4h,BR0,TK6_LIG4
GFP_BAR_DSBR_2,0.0,0.0,0.0,313.0,79,TK6_LIG4_4h_BR0,0.0,TK6,LIG4,4h,BR0,TK6_LIG4
GFP_BAR_DSBR_2,1.0,0.0,0.0,313.0,80,TK6_LIG4_4h_BR0,0.0,TK6,LIG4,4h,BR0,TK6_LIG4
GFP_BAR_DSBR_2,0.0,0.0,0.0,313.0,81,TK6_LIG4_4h_BR0,0.0,TK6,LIG4,4h,BR0,TK6_LIG4
GFP_BAR_DSBR_2,0.0,0.0,0.0,313.0,82,TK6_LIG4_4h_BR0,0.0,TK6,LIG4,4h,BR0,TK6_LIG4
GFP_BAR_DSBR_2,0.0,0.0,0.0,313.0,83,TK6_LIG4_4h_BR0,0.0,TK6,LIG4,4h,BR0,TK6_LIG4
GFP_BAR_DSBR_2,0.0,0.0,0.0,313.0,84,TK6_LIG4_4h_BR0,0.0,TK6,LIG4,4h,BR0,TK6_LIG4
GFP_BAR_DSBR_2,0.0,0.0,0.0,313.0,85,TK6_LIG4_4h_BR0,0.0,TK6,LIG4,4h,BR0,TK6_LIG4
GFP_BAR_DSBR_2,0.0,0.0,0.0,313.0,86,TK6_LIG4_4h_BR0,0.0,TK6,LIG4,4h,BR0,TK6_LIG4
GFP_BAR_DSBR_2,2.0,0.0,0.0,313.0,87,TK6_LIG4_4h_BR0,0.0,TK6,LIG4,4h,BR0,TK6_LIG4
GFP_BAR_DSBR_2,0.0,0.0,0.0,313.0,88,TK6_LIG4_4h_BR0,0.0,TK6,LIG4,4h,BR0,TK6_LIG4
GFP_BAR_DSBR_2,0.0,0.0,0.0,313.0,89,TK6_LIG4_4h_BR0,0.0,TK6,LIG4,4h,BR0,TK6_LIG4
GFP_BAR_DSBR_2,0.0,0.0,0.0,313.0,90,TK6_LIG4_4h_BR0,0.0,TK6,LIG4,4h,BR0,TK6_LIG4
GFP_BAR_DSBR_2,0.0,0.0,0.0,313.0,91,TK6_LIG4_4h_BR0,0.0,TK6,LIG4,4h,BR0,TK6_LIG4
GFP_BAR_DSBR_2,0.0,0.0,0.0,313.0,92,TK6_LIG4_4h_BR0,0.0,TK6,LIG4,4h,BR0,TK6_LIG4
GFP_BAR_DSBR_2,0.0,0.0,0.0,313.0,93,TK6_LIG4_4h_BR0,0.0,TK6,LIG4,4h,BR0,TK6_LIG4
GFP_BAR_DSBR_2,0.0,0.0,0.0,313.0,94,TK6_LIG4_4h_BR0,0.0,TK6,LIG4,4h,BR0,TK6_LIG4
GFP_BAR_DSBR_2,0.0,0.0,0.0,313.0,95,TK6_LIG4_4h_BR0,0.0,TK6,LIG4,4h,BR0,TK6_LIG4
GFP_BAR_DSBR_2,0.0,0.0,0.0,152.0,1,TK6_LIG4_2h_BR0,0.0,TK6,LIG4,2h,BR0,TK6_LIG4
GFP_BAR_DSBR_2,0.0,0.0,0.0,152.0,2,TK6_LIG4_2h_BR0,0.0,TK6,LIG4,2h,BR0,TK6_LIG4
GFP_BAR_DSBR_2,0.0,0.0,0.0,152.0,3,TK6_LIG4_2h_BR0,0.0,TK6,LIG4,2h,BR0,TK6_LIG4
GFP_BAR_DSBR_2,0.0,0.0,0.0,152.0,4,TK6_LIG4_2h_BR0,0.0,TK6,LIG4,2h,BR0,TK6_LIG4
GFP_BAR_DSBR_2,0.0,0.0,0.0,152.0,5,TK6_LIG4_2h_BR0,0.0,TK6,LIG4,2h,BR0,TK6_LIG4
GFP_BAR_DSBR_2,0.0,0.0,0.0,152.0,6,TK6_LIG4_2h_BR0,0.0,TK6,LIG4,2h,BR0,TK6_LIG4
GFP_BAR_DSBR_2,0.0,0.0,0.0,152.0,7,TK6_LIG4_2h_BR0,0.0,TK6,LIG4,2h,BR0,TK6_LIG4
GFP_BAR_DSBR_2,0.0,0.0,0.0,152.0,8,TK6_LIG4_2h_BR0,0.0,TK6,LIG4,2h,BR0,TK6_LIG4
GFP_BAR_DSBR_2,0.0,0.0,0.0,152.0,9,TK6_LIG4_2h_BR0,0.0,TK6,LIG4,2h,BR0,TK6_LIG4
GFP_BAR_DSBR_2,0.0,0.0,0.0,152.0,10,TK6_LIG4_2h_BR0,0.0,TK6,LIG4,2h,BR0,TK6_LIG4
GFP_BAR_DSBR_2,0.0,0.0,0.0,152.0,11,TK6_LIG4_2h_BR0,0.0,TK6,LIG4,2h,BR0,TK6_LIG4
GFP_BAR_DSBR_2,0.0,0.0,0.0,152.0,12,TK6_LIG4_2h_BR0,0.0,TK6,LIG4,2h,BR0,TK6_LIG4
GFP_BAR_DSBR_2,0.0,0.0,0.0,152.0,13,TK6_LIG4_2h_BR0,0.0,TK6,LIG4,2h,BR0,TK6_LIG4
GFP_BAR_DSBR_2,0.0,0.0,0.0,152.0,14,TK6_LIG4_2h_BR0,0.0,TK6,LIG4,2h,BR0,TK6_LIG4
GFP_BAR_DSBR_2,0.0,0.0,0.0,152.0,15,TK6_LIG4_2h_BR0,0.0,TK6,LIG4,2h,BR0,TK6_LIG4
GFP_BAR_DSBR_2,0.0,0.0,0.0,152.0,16,TK6_LIG4_2h_BR0,0.0,TK6,LIG4,2h,BR0,TK6_LIG4
GFP_BAR_DSBR_2,0.0,0.0,0.0,152.0,17,TK6_LIG4_2h_BR0,0.0,TK6,LIG4,2h,BR0,TK6_LIG4
GFP_BAR_DSBR_2,0.0,0.0,0.0,152.0,18,TK6_LIG4_2h_BR0,0.0,TK6,LIG4,2h,BR0,TK6_LIG4
GFP_BAR_DSBR_2,0.0,0.0,0.0,152.0,19,TK6_LIG4_2h_BR0,0.0,TK6,LIG4,2h,BR0,TK6_LIG4
GFP_BAR_DSBR_2,0.0,0.0,0.0,152.0,20,TK6_LIG4_2h_BR0,0.0,TK6,LIG4,2h,BR0,TK6_LIG4
GFP_BAR_DSBR_2,0.0,0.0,0.0,152.0,21,TK6_LIG4_2h_BR0,0.0,TK6,LIG4,2h,BR0,TK6_LIG4
GFP_BAR_DSBR_2,0.0,0.0,0.0,152.0,22,TK6_LIG4_2h_BR0,0.0,TK6,LIG4,2h,BR0,TK6_LIG4
GFP_BAR_DSBR_2,0.0,0.0,0.0,152.0,23,TK6_LIG4_2h_BR0,0.0,TK6,LIG4,2h,BR0,TK6_LIG4
GFP_BAR_DSBR_2,0.0,0.0,0.0,152.0,24,TK6_LIG4_2h_BR0,0.0,TK6,LIG4,2h,BR0,TK6_LIG4
GFP_BAR_DSBR_2,0.0,0.0,0.0,152.0,25,TK6_LIG4_2h_BR0,0.0,TK6,LIG4,2h,BR0,TK6_LIG4
GFP_BAR_DSBR_2,0.0,0.0,0.0,152.0,26,TK6_LIG4_2h_BR0,0.0,TK6,LIG4,2h,BR0,TK6_LIG4
GFP_BAR_DSBR_2,0.0,0.0,0.0,152.0,27,TK6_LIG4_2h_BR0,0.0,TK6,LIG4,2h,BR0,TK6_LIG4
GFP_BAR_DSBR_2,0.0,0.0,0.0,152.0,28,TK6_LIG4_2h_BR0,0.0,TK6,LIG4,2h,BR0,TK6_LIG4
GFP_BAR_DSBR_2,0.0,0.0,0.0,152.0,29,TK6_LIG4_2h_BR0,0.0,TK6,LIG4,2h,BR0,TK6_LIG4
GFP_BAR_DSBR_2,0.0,0.0,0.0,152.0,30,TK6_LIG4_2h_BR0,0.0,TK6,LIG4,2h,BR0,TK6_LIG4
GFP_BAR_DSBR_2,0.0,0.0,0.0,152.0,31,TK6_LIG4_2h_BR0,0.0,TK6,LIG4,2h,BR0,TK6_LIG4
GFP_BAR_DSBR_2,0.0,0.0,0.0,152.0,32,TK6_LIG4_2h_BR0,0.0,TK6,LIG4,2h,BR0,TK6_LIG4
GFP_BAR_DSBR_2,0.0,0.0,0.0,152.0,33,TK6_LIG4_2h_BR0,0.0,TK6,LIG4,2h,BR0,TK6_LIG4
GFP_BAR_DSBR_2,0.0,0.0,0.0,152.0,34,TK6_LIG4_2h_BR0,0.0,TK6,LIG4,2h,BR0,TK6_LIG4
GFP_BAR_DSBR_2,0.0,56.0,0.0,152.0,35,TK6_LIG4_2h_BR0,0.3684210526315789,TK6,LIG4,2h,BR0,TK6_LIG4
GFP_BAR_DSBR_2,0.0,56.0,0.0,152.0,36,TK6_LIG4_2h_BR0,0.3684210526315789,TK6,LIG4,2h,BR0,TK6_LIG4
GFP_BAR_DSBR_2,0.0,56.0,0.0,152.0,37,TK6_LIG4_2h_BR0,0.3684210526315789,TK6,LIG4,2h,BR0,TK6_LIG4
GFP_BAR_DSBR_2,0.0,56.0,0.0,152.0,38,TK6_LIG4_2h_BR0,0.3684210526315789,TK6,LIG4,2h,BR0,TK6_LIG4
GFP_BAR_DSBR_2,0.0,57.0,0.0,152.0,39,TK6_LIG4_2h_BR0,0.375,TK6,LIG4,2h,BR0,TK6_LIG4
GFP_BAR_DSBR_2,0.0,58.0,0.0,152.0,40,TK6_LIG4_2h_BR0,0.3815789473684211,TK6,LIG4,2h,BR0,TK6_LIG4
GFP_BAR_DSBR_2,0.0,58.0,0.0,152.0,41,TK6_LIG4_2h_BR0,0.3815789473684211,TK6,LIG4,2h,BR0,TK6_LIG4
GFP_BAR_DSBR_2,0.0,58.0,0.0,152.0,42,TK6_LIG4_2h_BR0,0.3815789473684211,TK6,LIG4,2h,BR0,TK6_LIG4
GFP_BAR_DSBR_2,0.0,65.0,0.0,152.0,43,TK6_LIG4_2h_BR0,0.4276315789473684,TK6,LIG4,2h,BR0,TK6_LIG4
GFP_BAR_DSBR_2,0.0,69.0,0.0,152.0,44,TK6_LIG4_2h_BR0,0.45394736842105265,TK6,LIG4,2h,BR0,TK6_LIG4
GFP_BAR_DSBR_2,0.0,69.0,0.0,152.0,45,TK6_LIG4_2h_BR0,0.45394736842105265,TK6,LIG4,2h,BR0,TK6_LIG4
GFP_BAR_DSBR_2,0.0,68.0,0.0,152.0,46,TK6_LIG4_2h_BR0,0.4473684210526316,TK6,LIG4,2h,BR0,TK6_LIG4
GFP_BAR_DSBR_2,0.0,68.0,0.0,152.0,47,TK6_LIG4_2h_BR0,0.4473684210526316,TK6,LIG4,2h,BR0,TK6_LIG4
GFP_BAR_DSBR_2,0.0,65.0,0.0,152.0,48,TK6_LIG4_2h_BR0,0.4276315789473684,TK6,LIG4,2h,BR0,TK6_LIG4
GFP_BAR_DSBR_2,0.0,5.0,0.0,152.0,49,TK6_LIG4_2h_BR0,0.03289473684210526,TK6,LIG4,2h,BR0,TK6_LIG4
GFP_BAR_DSBR_2,1.0,4.0,0.0,152.0,50,TK6_LIG4_2h_BR0,0.02631578947368421,TK6,LIG4,2h,BR0,TK6_LIG4
GFP_BAR_DSBR_2,0.0,4.0,0.0,152.0,51,TK6_LIG4_2h_BR0,0.02631578947368421,TK6,LIG4,2h,BR0,TK6_LIG4
GFP_BAR_DSBR_2,0.0,4.0,0.0,152.0,52,TK6_LIG4_2h_BR0,0.02631578947368421,TK6,LIG4,2h,BR0,TK6_LIG4
GFP_BAR_DSBR_2,0.0,4.0,0.0,152.0,53,TK6_LIG4_2h_BR0,0.02631578947368421,TK6,LIG4,2h,BR0,TK6_LIG4
GFP_BAR_DSBR_2,0.0,4.0,0.0,152.0,54,TK6_LIG4_2h_BR0,0.02631578947368421,TK6,LIG4,2h,BR0,TK6_LIG4
GFP_BAR_DSBR_2,0.0,4.0,0.0,152.0,55,TK6_LIG4_2h_BR0,0.02631578947368421,TK6,LIG4,2h,BR0,TK6_LIG4
GFP_BAR_DSBR_2,0.0,4.0,0.0,152.0,56,TK6_LIG4_2h_BR0,0.02631578947368421,TK6,LIG4,2h,BR0,TK6_LIG4
GFP_BAR_DSBR_2,0.0,4.0,0.0,152.0,57,TK6_LIG4_2h_BR0,0.02631578947368421,TK6,LIG4,2h,BR0,TK6_LIG4
GFP_BAR_DSBR_2,0.0,1.0,0.0,152.0,58,TK6_LIG4_2h_BR0,0.006578947368421052,TK6,LIG4,2h,BR0,TK6_LIG4
GFP_BAR_DSBR_2,1.0,1.0,0.0,152.0,59,TK6_LIG4_2h_BR0,0.006578947368421052,TK6,LIG4,2h,BR0,TK6_LIG4
GFP_BAR_DSBR_2,0.0,1.0,0.0,152.0,60,TK6_LIG4_2h_BR0,0.006578947368421052,TK6,LIG4,2h,BR0,TK6_LIG4
GFP_BAR_DSBR_2,0.0,1.0,0.0,152.0,61,TK6_LIG4_2h_BR0,0.006578947368421052,TK6,LIG4,2h,BR0,TK6_LIG4
GFP_BAR_DSBR_2,0.0,1.0,0.0,152.0,62,TK6_LIG4_2h_BR0,0.006578947368421052,TK6,LIG4,2h,BR0,TK6_LIG4
GFP_BAR_DSBR_2,0.0,1.0,0.0,152.0,63,TK6_LIG4_2h_BR0,0.006578947368421052,TK6,LIG4,2h,BR0,TK6_LIG4
GFP_BAR_DSBR_2,0.0,1.0,0.0,152.0,64,TK6_LIG4_2h_BR0,0.006578947368421052,TK6,LIG4,2h,BR0,TK6_LIG4
GFP_BAR_DSBR_2,1.0,0.0,0.0,152.0,65,TK6_LIG4_2h_BR0,0.0,TK6,LIG4,2h,BR0,TK6_LIG4
GFP_BAR_DSBR_2,0.0,0.0,0.0,152.0,66,TK6_LIG4_2h_BR0,0.0,TK6,LIG4,2h,BR0,TK6_LIG4
GFP_BAR_DSBR_2,0.0,0.0,0.0,152.0,67,TK6_LIG4_2h_BR0,0.0,TK6,LIG4,2h,BR0,TK6_LIG4
GFP_BAR_DSBR_2,0.0,0.0,0.0,152.0,68,TK6_LIG4_2h_BR0,0.0,TK6,LIG4,2h,BR0,TK6_LIG4
GFP_BAR_DSBR_2,0.0,0.0,0.0,152.0,69,TK6_LIG4_2h_BR0,0.0,TK6,LIG4,2h,BR0,TK6_LIG4
GFP_BAR_DSBR_2,0.0,0.0,0.0,152.0,70,TK6_LIG4_2h_BR0,0.0,TK6,LIG4,2h,BR0,TK6_LIG4
GFP_BAR_DSBR_2,0.0,0.0,0.0,152.0,71,TK6_LIG4_2h_BR0,0.0,TK6,LIG4,2h,BR0,TK6_LIG4
GFP_BAR_DSBR_2,0.0,0.0,0.0,152.0,72,TK6_LIG4_2h_BR0,0.0,TK6,LIG4,2h,BR0,TK6_LIG4
GFP_BAR_DSBR_2,0.0,0.0,0.0,152.0,73,TK6_LIG4_2h_BR0,0.0,TK6,LIG4,2h,BR0,TK6_LIG4
GFP_BAR_DSBR_2,0.0,0.0,0.0,152.0,74,TK6_LIG4_2h_BR0,0.0,TK6,LIG4,2h,BR0,TK6_LIG4
GFP_BAR_DSBR_2,0.0,0.0,0.0,152.0,75,TK6_LIG4_2h_BR0,0.0,TK6,LIG4,2h,BR0,TK6_LIG4
GFP_BAR_DSBR_2,0.0,0.0,0.0,152.0,76,TK6_LIG4_2h_BR0,0.0,TK6,LIG4,2h,BR0,TK6_LIG4
GFP_BAR_DSBR_2,0.0,0.0,0.0,152.0,77,TK6_LIG4_2h_BR0,0.0,TK6,LIG4,2h,BR0,TK6_LIG4
GFP_BAR_DSBR_2,0.0,0.0,0.0,152.0,78,TK6_LIG4_2h_BR0,0.0,TK6,LIG4,2h,BR0,TK6_LIG4
GFP_BAR_DSBR_2,0.0,0.0,0.0,152.0,79,TK6_LIG4_2h_BR0,0.0,TK6,LIG4,2h,BR0,TK6_LIG4
GFP_BAR_DSBR_2,0.0,0.0,0.0,152.0,80,TK6_LIG4_2h_BR0,0.0,TK6,LIG4,2h,BR0,TK6_LIG4
GFP_BAR_DSBR_2,1.0,0.0,0.0,152.0,81,TK6_LIG4_2h_BR0,0.0,TK6,LIG4,2h,BR0,TK6_LIG4
GFP_BAR_DSBR_2,0.0,0.0,0.0,152.0,82,TK6_LIG4_2h_BR0,0.0,TK6,LIG4,2h,BR0,TK6_LIG4
GFP_BAR_DSBR_2,0.0,0.0,0.0,152.0,83,TK6_LIG4_2h_BR0,0.0,TK6,LIG4,2h,BR0,TK6_LIG4
GFP_BAR_DSBR_2,0.0,0.0,0.0,152.0,84,TK6_LIG4_2h_BR0,0.0,TK6,LIG4,2h,BR0,TK6_LIG4
GFP_BAR_DSBR_2,0.0,0.0,0.0,152.0,85,TK6_LIG4_2h_BR0,0.0,TK6,LIG4,2h,BR0,TK6_LIG4
GFP_BAR_DSBR_2,0.0,0.0,0.0,152.0,86,TK6_LIG4_2h_BR0,0.0,TK6,LIG4,2h,BR0,TK6_LIG4
GFP_BAR_DSBR_2,0.0,0.0,0.0,152.0,87,TK6_LIG4_2h_BR0,0.0,TK6,LIG4,2h,BR0,TK6_LIG4
GFP_BAR_DSBR_2,0.0,0.0,0.0,152.0,88,TK6_LIG4_2h_BR0,0.0,TK6,LIG4,2h,BR0,TK6_LIG4
GFP_BAR_DSBR_2,0.0,0.0,0.0,152.0,89,TK6_LIG4_2h_BR0,0.0,TK6,LIG4,2h,BR0,TK6_LIG4
GFP_BAR_DSBR_2,0.0,0.0,0.0,152.0,90,TK6_LIG4_2h_BR0,0.0,TK6,LIG4,2h,BR0,TK6_LIG4
GFP_BAR_DSBR_2,0.0,0.0,0.0,152.0,91,TK6_LIG4_2h_BR0,0.0,TK6,LIG4,2h,BR0,TK6_LIG4
GFP_BAR_DSBR_2,0.0,0.0,0.0,152.0,92,TK6_LIG4_2h_BR0,0.0,TK6,LIG4,2h,BR0,TK6_LIG4
GFP_BAR_DSBR_2,0.0,0.0,0.0,152.0,93,TK6_LIG4_2h_BR0,0.0,TK6,LIG4,2h,BR0,TK6_LIG4
GFP_BAR_DSBR_2,0.0,0.0,0.0,152.0,94,TK6_LIG4_2h_BR0,0.0,TK6,LIG4,2h,BR0,TK6_LIG4
GFP_BAR_DSBR_2,0.0,0.0,0.0,152.0,95,TK6_LIG4_2h_BR0,0.0,TK6,LIG4,2h,BR0,TK6_LIG4
GFP_BAR_DSBR_2,3.0,0.0,0.0,15170.0,1,U2OS_WT_1h_BR2,0.0,U2OS,WT,1h,BR2,U2OS_WT
GFP_BAR_DSBR_2,2.0,0.0,0.0,15170.0,2,U2OS_WT_1h_BR2,0.0,U2OS,WT,1h,BR2,U2OS_WT
GFP_BAR_DSBR_2,0.0,0.0,0.0,15170.0,3,U2OS_WT_1h_BR2,0.0,U2OS,WT,1h,BR2,U2OS_WT
GFP_BAR_DSBR_2,2.0,0.0,0.0,15170.0,4,U2OS_WT_1h_BR2,0.0,U2OS,WT,1h,BR2,U2OS_WT
GFP_BAR_DSBR_2,3.0,0.0,0.0,15170.0,5,U2OS_WT_1h_BR2,0.0,U2OS,WT,1h,BR2,U2OS_WT
GFP_BAR_DSBR_2,2.0,0.0,0.0,15170.0,6,U2OS_WT_1h_BR2,0.0,U2OS,WT,1h,BR2,U2OS_WT
GFP_BAR_DSBR_2,3.0,0.0,0.0,15170.0,7,U2OS_WT_1h_BR2,0.0,U2OS,WT,1h,BR2,U2OS_WT
GFP_BAR_DSBR_2,5.0,0.0,0.0,15170.0,8,U2OS_WT_1h_BR2,0.0,U2OS,WT,1h,BR2,U2OS_WT
GFP_BAR_DSBR_2,4.0,0.0,0.0,15170.0,9,U2OS_WT_1h_BR2,0.0,U2OS,WT,1h,BR2,U2OS_WT
GFP_BAR_DSBR_2,2.0,0.0,0.0,15170.0,10,U2OS_WT_1h_BR2,0.0,U2OS,WT,1h,BR2,U2OS_WT
GFP_BAR_DSBR_2,2.0,0.0,0.0,15170.0,11,U2OS_WT_1h_BR2,0.0,U2OS,WT,1h,BR2,U2OS_WT
GFP_BAR_DSBR_2,3.0,0.0,0.0,15170.0,12,U2OS_WT_1h_BR2,0.0,U2OS,WT,1h,BR2,U2OS_WT
GFP_BAR_DSBR_2,2.0,0.0,0.0,15170.0,13,U2OS_WT_1h_BR2,0.0,U2OS,WT,1h,BR2,U2OS_WT
GFP_BAR_DSBR_2,1.0,0.0,0.0,15170.0,14,U2OS_WT_1h_BR2,0.0,U2OS,WT,1h,BR2,U2OS_WT
GFP_BAR_DSBR_2,14.0,0.0,1.0,15170.0,15,U2OS_WT_1h_BR2,0.0,U2OS,WT,1h,BR2,U2OS_WT
GFP_BAR_DSBR_2,1.0,3.0,0.0,15170.0,16,U2OS_WT_1h_BR2,0.0001977587343441002,U2OS,WT,1h,BR2,U2OS_WT
GFP_BAR_DSBR_2,5.0,4.0,0.0,15170.0,17,U2OS_WT_1h_BR2,0.00026367831245880025,U2OS,WT,1h,BR2,U2OS_WT
GFP_BAR_DSBR_2,6.0,7.0,0.0,15170.0,18,U2OS_WT_1h_BR2,0.00046143704680290046,U2OS,WT,1h,BR2,U2OS_WT
GFP_BAR_DSBR_2,1.0,10.0,0.0,15170.0,19,U2OS_WT_1h_BR2,0.0006591957811470006,U2OS,WT,1h,BR2,U2OS_WT
GFP_BAR_DSBR_2,3.0,16.0,0.0,15170.0,20,U2OS_WT_1h_BR2,0.001054713249835201,U2OS,WT,1h,BR2,U2OS_WT
GFP_BAR_DSBR_2,3.0,31.0,0.0,15170.0,21,U2OS_WT_1h_BR2,0.002043506921555702,U2OS,WT,1h,BR2,U2OS_WT
GFP_BAR_DSBR_2,1.0,44.0,0.0,15170.0,22,U2OS_WT_1h_BR2,0.002900461437046803,U2OS,WT,1h,BR2,U2OS_WT
GFP_BAR_DSBR_2,2.0,47.0,0.0,15170.0,23,U2OS_WT_1h_BR2,0.0030982201713909033,U2OS,WT,1h,BR2,U2OS_WT
GFP_BAR_DSBR_2,2.0,56.0,0.0,15170.0,24,U2OS_WT_1h_BR2,0.0036914963744232037,U2OS,WT,1h,BR2,U2OS_WT
GFP_BAR_DSBR_2,5.0,65.0,0.0,15170.0,25,U2OS_WT_1h_BR2,0.0042847725774555045,U2OS,WT,1h,BR2,U2OS_WT
GFP_BAR_DSBR_2,3.0,76.0,0.0,15170.0,26,U2OS_WT_1h_BR2,0.005009887936717205,U2OS,WT,1h,BR2,U2OS_WT
GFP_BAR_DSBR_2,2.0,81.0,0.0,15170.0,27,U2OS_WT_1h_BR2,0.005339485827290705,U2OS,WT,1h,BR2,U2OS_WT
GFP_BAR_DSBR_2,6.0,88.0,0.0,15170.0,28,U2OS_WT_1h_BR2,0.005800922874093606,U2OS,WT,1h,BR2,U2OS_WT
GFP_BAR_DSBR_2,5.0,92.0,0.0,15170.0,29,U2OS_WT_1h_BR2,0.006064601186552406,U2OS,WT,1h,BR2,U2OS_WT
GFP_BAR_DSBR_2,7.0,94.0,0.0,15170.0,30,U2OS_WT_1h_BR2,0.0061964403427818065,U2OS,WT,1h,BR2,U2OS_WT
GFP_BAR_DSBR_2,3.0,103.0,0.0,15170.0,31,U2OS_WT_1h_BR2,0.006789716545814107,U2OS,WT,1h,BR2,U2OS_WT
GFP_BAR_DSBR_2,4.0,104.0,0.0,15170.0,32,U2OS_WT_1h_BR2,0.0068556361239288065,U2OS,WT,1h,BR2,U2OS_WT
GFP_BAR_DSBR_2,0.0,114.0,0.0,15170.0,33,U2OS_WT_1h_BR2,0.007514831905075807,U2OS,WT,1h,BR2,U2OS_WT
GFP_BAR_DSBR_2,4.0,148.0,0.0,15170.0,34,U2OS_WT_1h_BR2,0.00975609756097561,U2OS,WT,1h,BR2,U2OS_WT
GFP_BAR_DSBR_2,14.0,193.0,0.0,15170.0,35,U2OS_WT_1h_BR2,0.012722478576137113,U2OS,WT,1h,BR2,U2OS_WT
GFP_BAR_DSBR_2,4.0,204.0,0.0,15170.0,36,U2OS_WT_1h_BR2,0.013447593935398813,U2OS,WT,1h,BR2,U2OS_WT
GFP_BAR_DSBR_2,0.0,206.0,0.0,15170.0,37,U2OS_WT_1h_BR2,0.013579433091628214,U2OS,WT,1h,BR2,U2OS_WT
GFP_BAR_DSBR_2,2.0,230.0,0.0,15170.0,38,U2OS_WT_1h_BR2,0.015161502966381015,U2OS,WT,1h,BR2,U2OS_WT
GFP_BAR_DSBR_2,0.0,266.0,0.0,15170.0,39,U2OS_WT_1h_BR2,0.01753460777851022,U2OS,WT,1h,BR2,U2OS_WT
GFP_BAR_DSBR_2,5.0,276.0,0.0,15170.0,40,U2OS_WT_1h_BR2,0.018193803559657218,U2OS,WT,1h,BR2,U2OS_WT
GFP_BAR_DSBR_2,3.0,301.0,0.0,15170.0,41,U2OS_WT_1h_BR2,0.01984179301252472,U2OS,WT,1h,BR2,U2OS_WT
GFP_BAR_DSBR_2,3.0,302.0,1.0,15170.0,42,U2OS_WT_1h_BR2,0.01990771259063942,U2OS,WT,1h,BR2,U2OS_WT
GFP_BAR_DSBR_2,1.0,387.0,9.0,15170.0,43,U2OS_WT_1h_BR2,0.025510876730388925,U2OS,WT,1h,BR2,U2OS_WT
GFP_BAR_DSBR_2,5.0,395.0,6.0,15170.0,44,U2OS_WT_1h_BR2,0.026038233355306525,U2OS,WT,1h,BR2,U2OS_WT
GFP_BAR_DSBR_2,5.0,274.0,0.0,15170.0,45,U2OS_WT_1h_BR2,0.01806196440342782,U2OS,WT,1h,BR2,U2OS_WT
GFP_BAR_DSBR_2,1.0,251.0,0.0,15170.0,46,U2OS_WT_1h_BR2,0.016545814106789715,U2OS,WT,1h,BR2,U2OS_WT
GFP_BAR_DSBR_2,1.0,230.0,0.0,15170.0,47,U2OS_WT_1h_BR2,0.015161502966381015,U2OS,WT,1h,BR2,U2OS_WT
GFP_BAR_DSBR_2,1.0,187.0,0.0,15170.0,48,U2OS_WT_1h_BR2,0.012326961107448912,U2OS,WT,1h,BR2,U2OS_WT
GFP_BAR_DSBR_2,6.0,144.0,0.0,15170.0,49,U2OS_WT_1h_BR2,0.00949241924851681,U2OS,WT,1h,BR2,U2OS_WT
GFP_BAR_DSBR_2,4.0,128.0,0.0,15170.0,50,U2OS_WT_1h_BR2,0.008437705998681608,U2OS,WT,1h,BR2,U2OS_WT
GFP_BAR_DSBR_2,1.0,120.0,0.0,15170.0,51,U2OS_WT_1h_BR2,0.007910349373764008,U2OS,WT,1h,BR2,U2OS_WT
GFP_BAR_DSBR_2,2.0,116.0,0.0,15170.0,52,U2OS_WT_1h_BR2,0.007646671061305207,U2OS,WT,1h,BR2,U2OS_WT
GFP_BAR_DSBR_2,3.0,111.0,0.0,15170.0,53,U2OS_WT_1h_BR2,0.007317073170731708,U2OS,WT,1h,BR2,U2OS_WT
GFP_BAR_DSBR_2,2.0,103.0,0.0,15170.0,54,U2OS_WT_1h_BR2,0.006789716545814107,U2OS,WT,1h,BR2,U2OS_WT
GFP_BAR_DSBR_2,3.0,92.0,0.0,15170.0,55,U2OS_WT_1h_BR2,0.006064601186552406,U2OS,WT,1h,BR2,U2OS_WT
GFP_BAR_DSBR_2,1.0,74.0,2.0,15170.0,56,U2OS_WT_1h_BR2,0.004878048780487805,U2OS,WT,1h,BR2,U2OS_WT
GFP_BAR_DSBR_2,4.0,70.0,0.0,15170.0,57,U2OS_WT_1h_BR2,0.004614370468029005,U2OS,WT,1h,BR2,U2OS_WT
GFP_BAR_DSBR_2,10.0,43.0,0.0,15170.0,58,U2OS_WT_1h_BR2,0.002834541858932103,U2OS,WT,1h,BR2,U2OS_WT
GFP_BAR_DSBR_2,1.0,39.0,0.0,15170.0,59,U2OS_WT_1h_BR2,0.0025708635464733024,U2OS,WT,1h,BR2,U2OS_WT
GFP_BAR_DSBR_2,1.0,29.0,0.0,15170.0,60,U2OS_WT_1h_BR2,0.0019116677653263018,U2OS,WT,1h,BR2,U2OS_WT
GFP_BAR_DSBR_2,4.0,26.0,0.0,15170.0,61,U2OS_WT_1h_BR2,0.0017139090309822016,U2OS,WT,1h,BR2,U2OS_WT
GFP_BAR_DSBR_2,3.0,23.0,0.0,15170.0,62,U2OS_WT_1h_BR2,0.0015161502966381014,U2OS,WT,1h,BR2,U2OS_WT
GFP_BAR_DSBR_2,0.0,18.0,0.0,15170.0,63,U2OS_WT_1h_BR2,0.0011865524060646012,U2OS,WT,1h,BR2,U2OS_WT
GFP_BAR_DSBR_2,1.0,14.0,0.0,15170.0,64,U2OS_WT_1h_BR2,0.0009228740936058009,U2OS,WT,1h,BR2,U2OS_WT
GFP_BAR_DSBR_2,2.0,7.0,0.0,15170.0,65,U2OS_WT_1h_BR2,0.00046143704680290046,U2OS,WT,1h,BR2,U2OS_WT
GFP_BAR_DSBR_2,3.0,1.0,0.0,15170.0,66,U2OS_WT_1h_BR2,6.591957811470006e-05,U2OS,WT,1h,BR2,U2OS_WT
GFP_BAR_DSBR_2,0.0,0.0,0.0,15170.0,67,U2OS_WT_1h_BR2,0.0,U2OS,WT,1h,BR2,U2OS_WT
GFP_BAR_DSBR_2,0.0,0.0,0.0,15170.0,68,U2OS_WT_1h_BR2,0.0,U2OS,WT,1h,BR2,U2OS_WT
GFP_BAR_DSBR_2,0.0,0.0,0.0,15170.0,69,U2OS_WT_1h_BR2,0.0,U2OS,WT,1h,BR2,U2OS_WT
GFP_BAR_DSBR_2,0.0,0.0,0.0,15170.0,70,U2OS_WT_1h_BR2,0.0,U2OS,WT,1h,BR2,U2OS_WT
GFP_BAR_DSBR_2,0.0,0.0,0.0,15170.0,71,U2OS_WT_1h_BR2,0.0,U2OS,WT,1h,BR2,U2OS_WT
GFP_BAR_DSBR_2,0.0,0.0,19.0,15170.0,72,U2OS_WT_1h_BR2,0.0,U2OS,WT,1h,BR2,U2OS_WT
GFP_BAR_DSBR_2,3.0,1.0,0.0,15170.0,73,U2OS_WT_1h_BR2,6.591957811470006e-05,U2OS,WT,1h,BR2,U2OS_WT
GFP_BAR_DSBR_2,17.0,17.0,6.0,15170.0,74,U2OS_WT_1h_BR2,0.0011206328279499012,U2OS,WT,1h,BR2,U2OS_WT
GFP_BAR_DSBR_2,5.0,0.0,0.0,15170.0,75,U2OS_WT_1h_BR2,0.0,U2OS,WT,1h,BR2,U2OS_WT
GFP_BAR_DSBR_2,4.0,0.0,0.0,15170.0,76,U2OS_WT_1h_BR2,0.0,U2OS,WT,1h,BR2,U2OS_WT
GFP_BAR_DSBR_2,1.0,0.0,0.0,15170.0,77,U2OS_WT_1h_BR2,0.0,U2OS,WT,1h,BR2,U2OS_WT
GFP_BAR_DSBR_2,3.0,0.0,0.0,15170.0,78,U2OS_WT_1h_BR2,0.0,U2OS,WT,1h,BR2,U2OS_WT
GFP_BAR_DSBR_2,4.0,0.0,0.0,15170.0,79,U2OS_WT_1h_BR2,0.0,U2OS,WT,1h,BR2,U2OS_WT
GFP_BAR_DSBR_2,6.0,0.0,0.0,15170.0,80,U2OS_WT_1h_BR2,0.0,U2OS,WT,1h,BR2,U2OS_WT
GFP_BAR_DSBR_2,2.0,0.0,0.0,15170.0,81,U2OS_WT_1h_BR2,0.0,U2OS,WT,1h,BR2,U2OS_WT
GFP_BAR_DSBR_2,1.0,0.0,0.0,15170.0,82,U2OS_WT_1h_BR2,0.0,U2OS,WT,1h,BR2,U2OS_WT
GFP_BAR_DSBR_2,3.0,0.0,0.0,15170.0,83,U2OS_WT_1h_BR2,0.0,U2OS,WT,1h,BR2,U2OS_WT
GFP_BAR_DSBR_2,8.0,0.0,0.0,15170.0,84,U2OS_WT_1h_BR2,0.0,U2OS,WT,1h,BR2,U2OS_WT
GFP_BAR_DSBR_2,3.0,0.0,0.0,15170.0,85,U2OS_WT_1h_BR2,0.0,U2OS,WT,1h,BR2,U2OS_WT
GFP_BAR_DSBR_2,0.0,0.0,0.0,15170.0,86,U2OS_WT_1h_BR2,0.0,U2OS,WT,1h,BR2,U2OS_WT
GFP_BAR_DSBR_2,2.0,0.0,0.0,15170.0,87,U2OS_WT_1h_BR2,0.0,U2OS,WT,1h,BR2,U2OS_WT
GFP_BAR_DSBR_2,3.0,0.0,0.0,15170.0,88,U2OS_WT_1h_BR2,0.0,U2OS,WT,1h,BR2,U2OS_WT
GFP_BAR_DSBR_2,3.0,0.0,0.0,15170.0,89,U2OS_WT_1h_BR2,0.0,U2OS,WT,1h,BR2,U2OS_WT
GFP_BAR_DSBR_2,1.0,0.0,0.0,15170.0,90,U2OS_WT_1h_BR2,0.0,U2OS,WT,1h,BR2,U2OS_WT
GFP_BAR_DSBR_2,3.0,0.0,0.0,15170.0,91,U2OS_WT_1h_BR2,0.0,U2OS,WT,1h,BR2,U2OS_WT
GFP_BAR_DSBR_2,2.0,0.0,0.0,15170.0,92,U2OS_WT_1h_BR2,0.0,U2OS,WT,1h,BR2,U2OS_WT
GFP_BAR_DSBR_2,3.0,0.0,0.0,15170.0,93,U2OS_WT_1h_BR2,0.0,U2OS,WT,1h,BR2,U2OS_WT
GFP_BAR_DSBR_2,2.0,0.0,0.0,15170.0,94,U2OS_WT_1h_BR2,0.0,U2OS,WT,1h,BR2,U2OS_WT
GFP_BAR_DSBR_2,4.0,0.0,0.0,15170.0,95,U2OS_WT_1h_BR2,0.0,U2OS,WT,1h,BR2,U2OS_WT
GFP_BAR_DSBR_2,7.0,0.0,0.0,23388.0,1,U2OS_WT_2h_BR2,0.0,U2OS,WT,2h,BR2,U2OS_WT
GFP_BAR_DSBR_2,5.0,0.0,0.0,23388.0,2,U2OS_WT_2h_BR2,0.0,U2OS,WT,2h,BR2,U2OS_WT
GFP_BAR_DSBR_2,6.0,0.0,0.0,23388.0,3,U2OS_WT_2h_BR2,0.0,U2OS,WT,2h,BR2,U2OS_WT
GFP_BAR_DSBR_2,4.0,0.0,0.0,23388.0,4,U2OS_WT_2h_BR2,0.0,U2OS,WT,2h,BR2,U2OS_WT
GFP_BAR_DSBR_2,1.0,0.0,0.0,23388.0,5,U2OS_WT_2h_BR2,0.0,U2OS,WT,2h,BR2,U2OS_WT
GFP_BAR_DSBR_2,2.0,0.0,0.0,23388.0,6,U2OS_WT_2h_BR2,0.0,U2OS,WT,2h,BR2,U2OS_WT
GFP_BAR_DSBR_2,1.0,0.0,0.0,23388.0,7,U2OS_WT_2h_BR2,0.0,U2OS,WT,2h,BR2,U2OS_WT
GFP_BAR_DSBR_2,6.0,0.0,0.0,23388.0,8,U2OS_WT_2h_BR2,0.0,U2OS,WT,2h,BR2,U2OS_WT
GFP_BAR_DSBR_2,3.0,0.0,0.0,23388.0,9,U2OS_WT_2h_BR2,0.0,U2OS,WT,2h,BR2,U2OS_WT
GFP_BAR_DSBR_2,5.0,0.0,0.0,23388.0,10,U2OS_WT_2h_BR2,0.0,U2OS,WT,2h,BR2,U2OS_WT
GFP_BAR_DSBR_2,3.0,0.0,0.0,23388.0,11,U2OS_WT_2h_BR2,0.0,U2OS,WT,2h,BR2,U2OS_WT
GFP_BAR_DSBR_2,2.0,0.0,0.0,23388.0,12,U2OS_WT_2h_BR2,0.0,U2OS,WT,2h,BR2,U2OS_WT
GFP_BAR_DSBR_2,4.0,0.0,0.0,23388.0,13,U2OS_WT_2h_BR2,0.0,U2OS,WT,2h,BR2,U2OS_WT
GFP_BAR_DSBR_2,4.0,0.0,0.0,23388.0,14,U2OS_WT_2h_BR2,0.0,U2OS,WT,2h,BR2,U2OS_WT
GFP_BAR_DSBR_2,23.0,0.0,0.0,23388.0,15,U2OS_WT_2h_BR2,0.0,U2OS,WT,2h,BR2,U2OS_WT
GFP_BAR_DSBR_2,4.0,14.0,0.0,23388.0,16,U2OS_WT_2h_BR2,0.0005985975714041388,U2OS,WT,2h,BR2,U2OS_WT
GFP_BAR_DSBR_2,9.0,30.0,0.0,23388.0,17,U2OS_WT_2h_BR2,0.0012827090815802976,U2OS,WT,2h,BR2,U2OS_WT
GFP_BAR_DSBR_2,18.0,58.0,0.0,23388.0,18,U2OS_WT_2h_BR2,0.0024799042243885752,U2OS,WT,2h,BR2,U2OS_WT
GFP_BAR_DSBR_2,10.0,66.0,0.0,23388.0,19,U2OS_WT_2h_BR2,0.0028219599794766545,U2OS,WT,2h,BR2,U2OS_WT
GFP_BAR_DSBR_2,4.0,86.0,0.0,23388.0,20,U2OS_WT_2h_BR2,0.0036770993671968533,U2OS,WT,2h,BR2,U2OS_WT
GFP_BAR_DSBR_2,8.0,109.0,0.0,23388.0,21,U2OS_WT_2h_BR2,0.004660509663075081,U2OS,WT,2h,BR2,U2OS_WT
GFP_BAR_DSBR_2,3.0,144.0,0.0,23388.0,22,U2OS_WT_2h_BR2,0.0061570035915854285,U2OS,WT,2h,BR2,U2OS_WT
GFP_BAR_DSBR_2,2.0,173.0,0.0,23388.0,23,U2OS_WT_2h_BR2,0.007396955703779716,U2OS,WT,2h,BR2,U2OS_WT
GFP_BAR_DSBR_2,2.0,218.0,0.0,23388.0,24,U2OS_WT_2h_BR2,0.009321019326150162,U2OS,WT,2h,BR2,U2OS_WT
GFP_BAR_DSBR_2,2.0,258.0,0.0,23388.0,25,U2OS_WT_2h_BR2,0.011031298101590559,U2OS,WT,2h,BR2,U2OS_WT
GFP_BAR_DSBR_2,13.0,328.0,0.0,23388.0,26,U2OS_WT_2h_BR2,0.014024285958611254,U2OS,WT,2h,BR2,U2OS_WT
GFP_BAR_DSBR_2,5.0,358.0,0.0,23388.0,27,U2OS_WT_2h_BR2,0.015306995040191552,U2OS,WT,2h,BR2,U2OS_WT
GFP_BAR_DSBR_2,8.0,394.0,0.0,23388.0,28,U2OS_WT_2h_BR2,0.01684624593808791,U2OS,WT,2h,BR2,U2OS_WT
GFP_BAR_DSBR_2,3.0,440.0,0.0,23388.0,29,U2OS_WT_2h_BR2,0.018813066529844366,U2OS,WT,2h,BR2,U2OS_WT
GFP_BAR_DSBR_2,7.0,456.0,0.0,23388.0,30,U2OS_WT_2h_BR2,0.019497178040020522,U2OS,WT,2h,BR2,U2OS_WT
GFP_BAR_DSBR_2,6.0,517.0,0.0,23388.0,31,U2OS_WT_2h_BR2,0.02210535317256713,U2OS,WT,2h,BR2,U2OS_WT
GFP_BAR_DSBR_2,5.0,522.0,0.0,23388.0,32,U2OS_WT_2h_BR2,0.022319138019497177,U2OS,WT,2h,BR2,U2OS_WT
GFP_BAR_DSBR_2,3.0,558.0,0.0,23388.0,33,U2OS_WT_2h_BR2,0.023858388917393534,U2OS,WT,2h,BR2,U2OS_WT
GFP_BAR_DSBR_2,11.0,698.0,0.0,23388.0,34,U2OS_WT_2h_BR2,0.029844364631434923,U2OS,WT,2h,BR2,U2OS_WT
GFP_BAR_DSBR_2,8.0,924.0,0.0,23388.0,35,U2OS_WT_2h_BR2,0.03950743971267317,U2OS,WT,2h,BR2,U2OS_WT
GFP_BAR_DSBR_2,10.0,941.0,0.0,23388.0,36,U2OS_WT_2h_BR2,0.040234308192235335,U2OS,WT,2h,BR2,U2OS_WT
GFP_BAR_DSBR_2,7.0,957.0,0.0,23388.0,37,U2OS_WT_2h_BR2,0.040918419702411495,U2OS,WT,2h,BR2,U2OS_WT
GFP_BAR_DSBR_2,7.0,1051.0,0.0,23388.0,38,U2OS_WT_2h_BR2,0.04493757482469642,U2OS,WT,2h,BR2,U2OS_WT
GFP_BAR_DSBR_2,5.0,1168.0,0.0,23388.0,39,U2OS_WT_2h_BR2,0.04994014024285959,U2OS,WT,2h,BR2,U2OS_WT
GFP_BAR_DSBR_2,3.0,1206.0,0.0,23388.0,40,U2OS_WT_2h_BR2,0.05156490507952796,U2OS,WT,2h,BR2,U2OS_WT
GFP_BAR_DSBR_2,4.0,1334.0,0.0,23388.0,41,U2OS_WT_2h_BR2,0.05703779716093723,U2OS,WT,2h,BR2,U2OS_WT
GFP_BAR_DSBR_2,8.0,1343.0,0.0,23388.0,42,U2OS_WT_2h_BR2,0.05742260988541132,U2OS,WT,2h,BR2,U2OS_WT
GFP_BAR_DSBR_2,5.0,1597.0,21.0,23388.0,43,U2OS_WT_2h_BR2,0.06828288010945784,U2OS,WT,2h,BR2,U2OS_WT
GFP_BAR_DSBR_2,16.0,1636.0,30.0,23388.0,44,U2OS_WT_2h_BR2,0.06995040191551223,U2OS,WT,2h,BR2,U2OS_WT
GFP_BAR_DSBR_2,9.0,1362.0,0.0,23388.0,45,U2OS_WT_2h_BR2,0.05823499230374551,U2OS,WT,2h,BR2,U2OS_WT
GFP_BAR_DSBR_2,3.0,1272.0,0.0,23388.0,46,U2OS_WT_2h_BR2,0.05438686505900462,U2OS,WT,2h,BR2,U2OS_WT
GFP_BAR_DSBR_2,6.0,1179.0,0.0,23388.0,47,U2OS_WT_2h_BR2,0.0504104669061057,U2OS,WT,2h,BR2,U2OS_WT
GFP_BAR_DSBR_2,9.0,944.0,2.0,23388.0,48,U2OS_WT_2h_BR2,0.04036257910039336,U2OS,WT,2h,BR2,U2OS_WT
GFP_BAR_DSBR_2,11.0,743.0,0.0,23388.0,49,U2OS_WT_2h_BR2,0.03176842825380537,U2OS,WT,2h,BR2,U2OS_WT
GFP_BAR_DSBR_2,5.0,648.0,0.0,23388.0,50,U2OS_WT_2h_BR2,0.027706516162134428,U2OS,WT,2h,BR2,U2OS_WT
GFP_BAR_DSBR_2,5.0,616.0,0.0,23388.0,51,U2OS_WT_2h_BR2,0.02633829314178211,U2OS,WT,2h,BR2,U2OS_WT
GFP_BAR_DSBR_2,2.0,604.0,0.0,23388.0,52,U2OS_WT_2h_BR2,0.02582520950914999,U2OS,WT,2h,BR2,U2OS_WT
GFP_BAR_DSBR_2,4.0,581.0,0.0,23388.0,53,U2OS_WT_2h_BR2,0.024841799213271763,U2OS,WT,2h,BR2,U2OS_WT
GFP_BAR_DSBR_2,6.0,559.0,0.0,23388.0,54,U2OS_WT_2h_BR2,0.023901145886779544,U2OS,WT,2h,BR2,U2OS_WT
GFP_BAR_DSBR_2,4.0,511.0,0.0,23388.0,55,U2OS_WT_2h_BR2,0.02184881135625107,U2OS,WT,2h,BR2,U2OS_WT
GFP_BAR_DSBR_2,3.0,428.0,0.0,23388.0,56,U2OS_WT_2h_BR2,0.018299982897212245,U2OS,WT,2h,BR2,U2OS_WT
GFP_BAR_DSBR_2,10.0,397.0,0.0,23388.0,57,U2OS_WT_2h_BR2,0.016974516846245936,U2OS,WT,2h,BR2,U2OS_WT
GFP_BAR_DSBR_2,15.0,316.0,0.0,23388.0,58,U2OS_WT_2h_BR2,0.013511202325979134,U2OS,WT,2h,BR2,U2OS_WT
GFP_BAR_DSBR_2,5.0,285.0,0.0,23388.0,59,U2OS_WT_2h_BR2,0.012185736275012828,U2OS,WT,2h,BR2,U2OS_WT
GFP_BAR_DSBR_2,7.0,263.0,0.0,23388.0,60,U2OS_WT_2h_BR2,0.01124508294852061,U2OS,WT,2h,BR2,U2OS_WT
GFP_BAR_DSBR_2,17.0,229.0,0.0,23388.0,61,U2OS_WT_2h_BR2,0.009791345989396271,U2OS,WT,2h,BR2,U2OS_WT
GFP_BAR_DSBR_2,11.0,182.0,0.0,23388.0,62,U2OS_WT_2h_BR2,0.007781768428253805,U2OS,WT,2h,BR2,U2OS_WT
GFP_BAR_DSBR_2,7.0,115.0,0.0,23388.0,63,U2OS_WT_2h_BR2,0.004917051479391141,U2OS,WT,2h,BR2,U2OS_WT
GFP_BAR_DSBR_2,15.0,92.0,0.0,23388.0,64,U2OS_WT_2h_BR2,0.003933641183512912,U2OS,WT,2h,BR2,U2OS_WT
GFP_BAR_DSBR_2,4.0,59.0,0.0,23388.0,65,U2OS_WT_2h_BR2,0.002522661193774585,U2OS,WT,2h,BR2,U2OS_WT
GFP_BAR_DSBR_2,8.0,4.0,0.0,23388.0,66,U2OS_WT_2h_BR2,0.0001710278775440397,U2OS,WT,2h,BR2,U2OS_WT
GFP_BAR_DSBR_2,0.0,0.0,0.0,23388.0,67,U2OS_WT_2h_BR2,0.0,U2OS,WT,2h,BR2,U2OS_WT
GFP_BAR_DSBR_2,0.0,0.0,0.0,23388.0,68,U2OS_WT_2h_BR2,0.0,U2OS,WT,2h,BR2,U2OS_WT
GFP_BAR_DSBR_2,0.0,0.0,0.0,23388.0,69,U2OS_WT_2h_BR2,0.0,U2OS,WT,2h,BR2,U2OS_WT
GFP_BAR_DSBR_2,0.0,0.0,0.0,23388.0,70,U2OS_WT_2h_BR2,0.0,U2OS,WT,2h,BR2,U2OS_WT
GFP_BAR_DSBR_2,0.0,0.0,0.0,23388.0,71,U2OS_WT_2h_BR2,0.0,U2OS,WT,2h,BR2,U2OS_WT
GFP_BAR_DSBR_2,0.0,0.0,25.0,23388.0,72,U2OS_WT_2h_BR2,0.0,U2OS,WT,2h,BR2,U2OS_WT
GFP_BAR_DSBR_2,3.0,0.0,6.0,23388.0,73,U2OS_WT_2h_BR2,0.0,U2OS,WT,2h,BR2,U2OS_WT
GFP_BAR_DSBR_2,45.0,28.0,5.0,23388.0,74,U2OS_WT_2h_BR2,0.0011971951428082776,U2OS,WT,2h,BR2,U2OS_WT
GFP_BAR_DSBR_2,7.0,0.0,0.0,23388.0,75,U2OS_WT_2h_BR2,0.0,U2OS,WT,2h,BR2,U2OS_WT
GFP_BAR_DSBR_2,1.0,0.0,0.0,23388.0,76,U2OS_WT_2h_BR2,0.0,U2OS,WT,2h,BR2,U2OS_WT
GFP_BAR_DSBR_2,6.0,0.0,0.0,23388.0,77,U2OS_WT_2h_BR2,0.0,U2OS,WT,2h,BR2,U2OS_WT
GFP_BAR_DSBR_2,2.0,0.0,0.0,23388.0,78,U2OS_WT_2h_BR2,0.0,U2OS,WT,2h,BR2,U2OS_WT
GFP_BAR_DSBR_2,0.0,0.0,0.0,23388.0,79,U2OS_WT_2h_BR2,0.0,U2OS,WT,2h,BR2,U2OS_WT
GFP_BAR_DSBR_2,5.0,0.0,0.0,23388.0,80,U2OS_WT_2h_BR2,0.0,U2OS,WT,2h,BR2,U2OS_WT
GFP_BAR_DSBR_2,5.0,0.0,0.0,23388.0,81,U2OS_WT_2h_BR2,0.0,U2OS,WT,2h,BR2,U2OS_WT
GFP_BAR_DSBR_2,2.0,0.0,0.0,23388.0,82,U2OS_WT_2h_BR2,0.0,U2OS,WT,2h,BR2,U2OS_WT
GFP_BAR_DSBR_2,0.0,0.0,0.0,23388.0,83,U2OS_WT_2h_BR2,0.0,U2OS,WT,2h,BR2,U2OS_WT
GFP_BAR_DSBR_2,9.0,0.0,0.0,23388.0,84,U2OS_WT_2h_BR2,0.0,U2OS,WT,2h,BR2,U2OS_WT
GFP_BAR_DSBR_2,4.0,0.0,0.0,23388.0,85,U2OS_WT_2h_BR2,0.0,U2OS,WT,2h,BR2,U2OS_WT
GFP_BAR_DSBR_2,4.0,0.0,0.0,23388.0,86,U2OS_WT_2h_BR2,0.0,U2OS,WT,2h,BR2,U2OS_WT
GFP_BAR_DSBR_2,3.0,0.0,0.0,23388.0,87,U2OS_WT_2h_BR2,0.0,U2OS,WT,2h,BR2,U2OS_WT
GFP_BAR_DSBR_2,11.0,0.0,0.0,23388.0,88,U2OS_WT_2h_BR2,0.0,U2OS,WT,2h,BR2,U2OS_WT
GFP_BAR_DSBR_2,5.0,0.0,0.0,23388.0,89,U2OS_WT_2h_BR2,0.0,U2OS,WT,2h,BR2,U2OS_WT
GFP_BAR_DSBR_2,4.0,0.0,0.0,23388.0,90,U2OS_WT_2h_BR2,0.0,U2OS,WT,2h,BR2,U2OS_WT
GFP_BAR_DSBR_2,7.0,0.0,0.0,23388.0,91,U2OS_WT_2h_BR2,0.0,U2OS,WT,2h,BR2,U2OS_WT
GFP_BAR_DSBR_2,1.0,0.0,0.0,23388.0,92,U2OS_WT_2h_BR2,0.0,U2OS,WT,2h,BR2,U2OS_WT
GFP_BAR_DSBR_2,7.0,0.0,0.0,23388.0,93,U2OS_WT_2h_BR2,0.0,U2OS,WT,2h,BR2,U2OS_WT
GFP_BAR_DSBR_2,4.0,0.0,0.0,23388.0,94,U2OS_WT_2h_BR2,0.0,U2OS,WT,2h,BR2,U2OS_WT
GFP_BAR_DSBR_2,3.0,0.0,0.0,23388.0,95,U2OS_WT_2h_BR2,0.0,U2OS,WT,2h,BR2,U2OS_WT
GFP_BAR_DSBR_2,12.0,0.0,0.0,27164.0,1,U2OS_WT_4h_BR2,0.0,U2OS,WT,4h,BR2,U2OS_WT
GFP_BAR_DSBR_2,9.0,0.0,0.0,27164.0,2,U2OS_WT_4h_BR2,0.0,U2OS,WT,4h,BR2,U2OS_WT
GFP_BAR_DSBR_2,0.0,0.0,0.0,27164.0,3,U2OS_WT_4h_BR2,0.0,U2OS,WT,4h,BR2,U2OS_WT
GFP_BAR_DSBR_2,8.0,0.0,0.0,27164.0,4,U2OS_WT_4h_BR2,0.0,U2OS,WT,4h,BR2,U2OS_WT
GFP_BAR_DSBR_2,0.0,0.0,0.0,27164.0,5,U2OS_WT_4h_BR2,0.0,U2OS,WT,4h,BR2,U2OS_WT
GFP_BAR_DSBR_2,4.0,0.0,0.0,27164.0,6,U2OS_WT_4h_BR2,0.0,U2OS,WT,4h,BR2,U2OS_WT
GFP_BAR_DSBR_2,2.0,0.0,0.0,27164.0,7,U2OS_WT_4h_BR2,0.0,U2OS,WT,4h,BR2,U2OS_WT
GFP_BAR_DSBR_2,11.0,0.0,0.0,27164.0,8,U2OS_WT_4h_BR2,0.0,U2OS,WT,4h,BR2,U2OS_WT
GFP_BAR_DSBR_2,2.0,0.0,0.0,27164.0,9,U2OS_WT_4h_BR2,0.0,U2OS,WT,4h,BR2,U2OS_WT
GFP_BAR_DSBR_2,3.0,0.0,0.0,27164.0,10,U2OS_WT_4h_BR2,0.0,U2OS,WT,4h,BR2,U2OS_WT
GFP_BAR_DSBR_2,4.0,0.0,0.0,27164.0,11,U2OS_WT_4h_BR2,0.0,U2OS,WT,4h,BR2,U2OS_WT
GFP_BAR_DSBR_2,2.0,0.0,0.0,27164.0,12,U2OS_WT_4h_BR2,0.0,U2OS,WT,4h,BR2,U2OS_WT
GFP_BAR_DSBR_2,2.0,0.0,0.0,27164.0,13,U2OS_WT_4h_BR2,0.0,U2OS,WT,4h,BR2,U2OS_WT
GFP_BAR_DSBR_2,4.0,0.0,0.0,27164.0,14,U2OS_WT_4h_BR2,0.0,U2OS,WT,4h,BR2,U2OS_WT
GFP_BAR_DSBR_2,13.0,1.0,0.0,27164.0,15,U2OS_WT_4h_BR2,3.681342953909586e-05,U2OS,WT,4h,BR2,U2OS_WT
GFP_BAR_DSBR_2,3.0,34.0,0.0,27164.0,16,U2OS_WT_4h_BR2,0.0012516566043292592,U2OS,WT,4h,BR2,U2OS_WT
GFP_BAR_DSBR_2,7.0,58.0,0.0,27164.0,17,U2OS_WT_4h_BR2,0.00213517891326756,U2OS,WT,4h,BR2,U2OS_WT
GFP_BAR_DSBR_2,30.0,144.0,0.0,27164.0,18,U2OS_WT_4h_BR2,0.005301133853629804,U2OS,WT,4h,BR2,U2OS_WT
GFP_BAR_DSBR_2,5.0,153.0,0.0,27164.0,19,U2OS_WT_4h_BR2,0.005632454719481667,U2OS,WT,4h,BR2,U2OS_WT
GFP_BAR_DSBR_2,12.0,233.0,0.0,27164.0,20,U2OS_WT_4h_BR2,0.008577529082609336,U2OS,WT,4h,BR2,U2OS_WT
GFP_BAR_DSBR_2,9.0,324.0,0.0,27164.0,21,U2OS_WT_4h_BR2,0.01192755117066706,U2OS,WT,4h,BR2,U2OS_WT
GFP_BAR_DSBR_2,6.0,438.0,0.0,27164.0,22,U2OS_WT_4h_BR2,0.016124282138123988,U2OS,WT,4h,BR2,U2OS_WT
GFP_BAR_DSBR_2,8.0,486.0,0.0,27164.0,23,U2OS_WT_4h_BR2,0.017891326756000588,U2OS,WT,4h,BR2,U2OS_WT
GFP_BAR_DSBR_2,7.0,576.0,0.0,27164.0,24,U2OS_WT_4h_BR2,0.021204535414519218,U2OS,WT,4h,BR2,U2OS_WT
GFP_BAR_DSBR_2,4.0,658.0,0.0,27164.0,25,U2OS_WT_4h_BR2,0.024223236636725078,U2OS,WT,4h,BR2,U2OS_WT
GFP_BAR_DSBR_2,3.0,780.0,0.0,27164.0,26,U2OS_WT_4h_BR2,0.028714475040494774,U2OS,WT,4h,BR2,U2OS_WT
GFP_BAR_DSBR_2,5.0,854.0,0.0,27164.0,27,U2OS_WT_4h_BR2,0.031438668826387864,U2OS,WT,4h,BR2,U2OS_WT
GFP_BAR_DSBR_2,7.0,896.0,0.0,27164.0,28,U2OS_WT_4h_BR2,0.03298483286702989,U2OS,WT,4h,BR2,U2OS_WT
GFP_BAR_DSBR_2,7.0,964.0,0.0,27164.0,29,U2OS_WT_4h_BR2,0.03548814607568841,U2OS,WT,4h,BR2,U2OS_WT
GFP_BAR_DSBR_2,8.0,1032.0,0.0,27164.0,30,U2OS_WT_4h_BR2,0.03799145928434693,U2OS,WT,4h,BR2,U2OS_WT
GFP_BAR_DSBR_2,6.0,1138.0,0.0,27164.0,31,U2OS_WT_4h_BR2,0.04189368281549109,U2OS,WT,4h,BR2,U2OS_WT
GFP_BAR_DSBR_2,4.0,1164.0,0.0,27164.0,32,U2OS_WT_4h_BR2,0.04285083198350759,U2OS,WT,4h,BR2,U2OS_WT
GFP_BAR_DSBR_2,5.0,1228.0,0.0,27164.0,33,U2OS_WT_4h_BR2,0.04520689147400972,U2OS,WT,4h,BR2,U2OS_WT
GFP_BAR_DSBR_2,14.0,1488.0,0.0,27164.0,34,U2OS_WT_4h_BR2,0.054778383154174645,U2OS,WT,4h,BR2,U2OS_WT
GFP_BAR_DSBR_2,15.0,1912.0,0.0,27164.0,35,U2OS_WT_4h_BR2,0.07038727727875128,U2OS,WT,4h,BR2,U2OS_WT
GFP_BAR_DSBR_2,5.0,1952.0,0.0,27164.0,36,U2OS_WT_4h_BR2,0.07185981446031513,U2OS,WT,4h,BR2,U2OS_WT
GFP_BAR_DSBR_2,7.0,1987.0,0.0,27164.0,37,U2OS_WT_4h_BR2,0.07314828449418348,U2OS,WT,4h,BR2,U2OS_WT
GFP_BAR_DSBR_2,6.0,2127.0,0.0,27164.0,38,U2OS_WT_4h_BR2,0.0783021646296569,U2OS,WT,4h,BR2,U2OS_WT
GFP_BAR_DSBR_2,8.0,2347.0,0.0,27164.0,39,U2OS_WT_4h_BR2,0.08640111912825799,U2OS,WT,4h,BR2,U2OS_WT
GFP_BAR_DSBR_2,7.0,2443.0,0.0,27164.0,40,U2OS_WT_4h_BR2,0.08993520836401118,U2OS,WT,4h,BR2,U2OS_WT
GFP_BAR_DSBR_2,7.0,2664.0,0.0,27164.0,41,U2OS_WT_4h_BR2,0.09807097629215138,U2OS,WT,4h,BR2,U2OS_WT
GFP_BAR_DSBR_2,6.0,2674.0,2.0,27164.0,42,U2OS_WT_4h_BR2,0.09843911058754233,U2OS,WT,4h,BR2,U2OS_WT
GFP_BAR_DSBR_2,4.0,3048.0,19.0,27164.0,43,U2OS_WT_4h_BR2,0.11220733323516419,U2OS,WT,4h,BR2,U2OS_WT
GFP_BAR_DSBR_2,22.0,3177.0,48.0,27164.0,44,U2OS_WT_4h_BR2,0.11695626564570756,U2OS,WT,4h,BR2,U2OS_WT
GFP_BAR_DSBR_2,13.0,2641.0,0.0,27164.0,45,U2OS_WT_4h_BR2,0.09722426741275217,U2OS,WT,4h,BR2,U2OS_WT
GFP_BAR_DSBR_2,11.0,2469.0,0.0,27164.0,46,U2OS_WT_4h_BR2,0.09089235753202768,U2OS,WT,4h,BR2,U2OS_WT
GFP_BAR_DSBR_2,16.0,2269.0,0.0,27164.0,47,U2OS_WT_4h_BR2,0.08352967162420852,U2OS,WT,4h,BR2,U2OS_WT
GFP_BAR_DSBR_2,8.0,1922.0,1.0,27164.0,48,U2OS_WT_4h_BR2,0.07075541157414225,U2OS,WT,4h,BR2,U2OS_WT
GFP_BAR_DSBR_2,12.0,1516.0,0.0,27164.0,49,U2OS_WT_4h_BR2,0.05580915918126933,U2OS,WT,4h,BR2,U2OS_WT
GFP_BAR_DSBR_2,8.0,1357.0,0.0,27164.0,50,U2OS_WT_4h_BR2,0.04995582388455309,U2OS,WT,4h,BR2,U2OS_WT
GFP_BAR_DSBR_2,5.0,1296.0,0.0,27164.0,51,U2OS_WT_4h_BR2,0.04771020468266824,U2OS,WT,4h,BR2,U2OS_WT
GFP_BAR_DSBR_2,4.0,1267.0,0.0,27164.0,52,U2OS_WT_4h_BR2,0.04664261522603446,U2OS,WT,4h,BR2,U2OS_WT
GFP_BAR_DSBR_2,12.0,1210.0,0.0,27164.0,53,U2OS_WT_4h_BR2,0.044544249742305995,U2OS,WT,4h,BR2,U2OS_WT
GFP_BAR_DSBR_2,6.0,1165.0,1.0,27164.0,54,U2OS_WT_4h_BR2,0.04288764541304668,U2OS,WT,4h,BR2,U2OS_WT
GFP_BAR_DSBR_2,7.0,1087.0,0.0,27164.0,55,U2OS_WT_4h_BR2,0.0400161979089972,U2OS,WT,4h,BR2,U2OS_WT
GFP_BAR_DSBR_2,10.0,906.0,3.0,27164.0,56,U2OS_WT_4h_BR2,0.03335296716242085,U2OS,WT,4h,BR2,U2OS_WT
GFP_BAR_DSBR_2,14.0,837.0,0.0,27164.0,57,U2OS_WT_4h_BR2,0.030812840524223235,U2OS,WT,4h,BR2,U2OS_WT
GFP_BAR_DSBR_2,16.0,648.0,0.0,27164.0,58,U2OS_WT_4h_BR2,0.02385510234133412,U2OS,WT,4h,BR2,U2OS_WT
GFP_BAR_DSBR_2,7.0,553.0,0.0,27164.0,59,U2OS_WT_4h_BR2,0.020357826535120013,U2OS,WT,4h,BR2,U2OS_WT
GFP_BAR_DSBR_2,4.0,483.0,0.0,27164.0,60,U2OS_WT_4h_BR2,0.0177808864673833,U2OS,WT,4h,BR2,U2OS_WT
GFP_BAR_DSBR_2,9.0,423.0,0.0,27164.0,61,U2OS_WT_4h_BR2,0.01557208069503755,U2OS,WT,4h,BR2,U2OS_WT
GFP_BAR_DSBR_2,8.0,367.0,0.0,27164.0,62,U2OS_WT_4h_BR2,0.013510528640848181,U2OS,WT,4h,BR2,U2OS_WT
GFP_BAR_DSBR_2,7.0,258.0,0.0,27164.0,63,U2OS_WT_4h_BR2,0.009497864821086733,U2OS,WT,4h,BR2,U2OS_WT
GFP_BAR_DSBR_2,4.0,208.0,0.0,27164.0,64,U2OS_WT_4h_BR2,0.00765719334413194,U2OS,WT,4h,BR2,U2OS_WT
GFP_BAR_DSBR_2,4.0,127.0,0.0,27164.0,65,U2OS_WT_4h_BR2,0.004675305551465174,U2OS,WT,4h,BR2,U2OS_WT
GFP_BAR_DSBR_2,7.0,21.0,0.0,27164.0,66,U2OS_WT_4h_BR2,0.0007730820203210131,U2OS,WT,4h,BR2,U2OS_WT
GFP_BAR_DSBR_2,0.0,0.0,0.0,27164.0,67,U2OS_WT_4h_BR2,0.0,U2OS,WT,4h,BR2,U2OS_WT
GFP_BAR_DSBR_2,0.0,0.0,0.0,27164.0,68,U2OS_WT_4h_BR2,0.0,U2OS,WT,4h,BR2,U2OS_WT
GFP_BAR_DSBR_2,0.0,0.0,0.0,27164.0,69,U2OS_WT_4h_BR2,0.0,U2OS,WT,4h,BR2,U2OS_WT
GFP_BAR_DSBR_2,0.0,0.0,0.0,27164.0,70,U2OS_WT_4h_BR2,0.0,U2OS,WT,4h,BR2,U2OS_WT
GFP_BAR_DSBR_2,0.0,0.0,0.0,27164.0,71,U2OS_WT_4h_BR2,0.0,U2OS,WT,4h,BR2,U2OS_WT
GFP_BAR_DSBR_2,0.0,0.0,24.0,27164.0,72,U2OS_WT_4h_BR2,0.0,U2OS,WT,4h,BR2,U2OS_WT
GFP_BAR_DSBR_2,5.0,0.0,3.0,27164.0,73,U2OS_WT_4h_BR2,0.0,U2OS,WT,4h,BR2,U2OS_WT
GFP_BAR_DSBR_2,63.0,17.0,2.0,27164.0,74,U2OS_WT_4h_BR2,0.0006258283021646296,U2OS,WT,4h,BR2,U2OS_WT
GFP_BAR_DSBR_2,11.0,0.0,0.0,27164.0,75,U2OS_WT_4h_BR2,0.0,U2OS,WT,4h,BR2,U2OS_WT
GFP_BAR_DSBR_2,9.0,0.0,0.0,27164.0,76,U2OS_WT_4h_BR2,0.0,U2OS,WT,4h,BR2,U2OS_WT
GFP_BAR_DSBR_2,7.0,0.0,0.0,27164.0,77,U2OS_WT_4h_BR2,0.0,U2OS,WT,4h,BR2,U2OS_WT
GFP_BAR_DSBR_2,10.0,0.0,0.0,27164.0,78,U2OS_WT_4h_BR2,0.0,U2OS,WT,4h,BR2,U2OS_WT
GFP_BAR_DSBR_2,6.0,0.0,0.0,27164.0,79,U2OS_WT_4h_BR2,0.0,U2OS,WT,4h,BR2,U2OS_WT
GFP_BAR_DSBR_2,6.0,0.0,0.0,27164.0,80,U2OS_WT_4h_BR2,0.0,U2OS,WT,4h,BR2,U2OS_WT
GFP_BAR_DSBR_2,8.0,0.0,0.0,27164.0,81,U2OS_WT_4h_BR2,0.0,U2OS,WT,4h,BR2,U2OS_WT
GFP_BAR_DSBR_2,5.0,0.0,0.0,27164.0,82,U2OS_WT_4h_BR2,0.0,U2OS,WT,4h,BR2,U2OS_WT
GFP_BAR_DSBR_2,4.0,0.0,0.0,27164.0,83,U2OS_WT_4h_BR2,0.0,U2OS,WT,4h,BR2,U2OS_WT
GFP_BAR_DSBR_2,14.0,0.0,0.0,27164.0,84,U2OS_WT_4h_BR2,0.0,U2OS,WT,4h,BR2,U2OS_WT
GFP_BAR_DSBR_2,5.0,0.0,0.0,27164.0,85,U2OS_WT_4h_BR2,0.0,U2OS,WT,4h,BR2,U2OS_WT
GFP_BAR_DSBR_2,7.0,0.0,0.0,27164.0,86,U2OS_WT_4h_BR2,0.0,U2OS,WT,4h,BR2,U2OS_WT
GFP_BAR_DSBR_2,5.0,0.0,0.0,27164.0,87,U2OS_WT_4h_BR2,0.0,U2OS,WT,4h,BR2,U2OS_WT
GFP_BAR_DSBR_2,3.0,0.0,0.0,27164.0,88,U2OS_WT_4h_BR2,0.0,U2OS,WT,4h,BR2,U2OS_WT
GFP_BAR_DSBR_2,11.0,0.0,0.0,27164.0,89,U2OS_WT_4h_BR2,0.0,U2OS,WT,4h,BR2,U2OS_WT
GFP_BAR_DSBR_2,6.0,0.0,0.0,27164.0,90,U2OS_WT_4h_BR2,0.0,U2OS,WT,4h,BR2,U2OS_WT
GFP_BAR_DSBR_2,4.0,0.0,0.0,27164.0,91,U2OS_WT_4h_BR2,0.0,U2OS,WT,4h,BR2,U2OS_WT
GFP_BAR_DSBR_2,4.0,0.0,0.0,27164.0,92,U2OS_WT_4h_BR2,0.0,U2OS,WT,4h,BR2,U2OS_WT
GFP_BAR_DSBR_2,7.0,0.0,0.0,27164.0,93,U2OS_WT_4h_BR2,0.0,U2OS,WT,4h,BR2,U2OS_WT
GFP_BAR_DSBR_2,2.0,0.0,0.0,27164.0,94,U2OS_WT_4h_BR2,0.0,U2OS,WT,4h,BR2,U2OS_WT
GFP_BAR_DSBR_2,4.0,0.0,0.0,27164.0,95,U2OS_WT_4h_BR2,0.0,U2OS,WT,4h,BR2,U2OS_WT
GFP_BAR_DSBR_2,1.0,0.0,0.0,13080.0,1,U2OS_WT_24h_BR2,0.0,U2OS,WT,24h,BR2,U2OS_WT
GFP_BAR_DSBR_2,4.0,0.0,0.0,13080.0,2,U2OS_WT_24h_BR2,0.0,U2OS,WT,24h,BR2,U2OS_WT
GFP_BAR_DSBR_2,2.0,0.0,0.0,13080.0,3,U2OS_WT_24h_BR2,0.0,U2OS,WT,24h,BR2,U2OS_WT
GFP_BAR_DSBR_2,0.0,0.0,0.0,13080.0,4,U2OS_WT_24h_BR2,0.0,U2OS,WT,24h,BR2,U2OS_WT
GFP_BAR_DSBR_2,1.0,0.0,0.0,13080.0,5,U2OS_WT_24h_BR2,0.0,U2OS,WT,24h,BR2,U2OS_WT
GFP_BAR_DSBR_2,2.0,0.0,0.0,13080.0,6,U2OS_WT_24h_BR2,0.0,U2OS,WT,24h,BR2,U2OS_WT
GFP_BAR_DSBR_2,3.0,0.0,0.0,13080.0,7,U2OS_WT_24h_BR2,0.0,U2OS,WT,24h,BR2,U2OS_WT
GFP_BAR_DSBR_2,5.0,0.0,0.0,13080.0,8,U2OS_WT_24h_BR2,0.0,U2OS,WT,24h,BR2,U2OS_WT
GFP_BAR_DSBR_2,0.0,0.0,0.0,13080.0,9,U2OS_WT_24h_BR2,0.0,U2OS,WT,24h,BR2,U2OS_WT
GFP_BAR_DSBR_2,2.0,0.0,0.0,13080.0,10,U2OS_WT_24h_BR2,0.0,U2OS,WT,24h,BR2,U2OS_WT
GFP_BAR_DSBR_2,2.0,0.0,0.0,13080.0,11,U2OS_WT_24h_BR2,0.0,U2OS,WT,24h,BR2,U2OS_WT
GFP_BAR_DSBR_2,2.0,0.0,0.0,13080.0,12,U2OS_WT_24h_BR2,0.0,U2OS,WT,24h,BR2,U2OS_WT
GFP_BAR_DSBR_2,0.0,0.0,0.0,13080.0,13,U2OS_WT_24h_BR2,0.0,U2OS,WT,24h,BR2,U2OS_WT
GFP_BAR_DSBR_2,0.0,0.0,0.0,13080.0,14,U2OS_WT_24h_BR2,0.0,U2OS,WT,24h,BR2,U2OS_WT
GFP_BAR_DSBR_2,4.0,4.0,0.0,13080.0,15,U2OS_WT_24h_BR2,0.0003058103975535168,U2OS,WT,24h,BR2,U2OS_WT
GFP_BAR_DSBR_2,2.0,23.0,0.0,13080.0,16,U2OS_WT_24h_BR2,0.0017584097859327217,U2OS,WT,24h,BR2,U2OS_WT
GFP_BAR_DSBR_2,1.0,53.0,0.0,13080.0,17,U2OS_WT_24h_BR2,0.004051987767584098,U2OS,WT,24h,BR2,U2OS_WT
GFP_BAR_DSBR_2,10.0,151.0,0.0,13080.0,18,U2OS_WT_24h_BR2,0.01154434250764526,U2OS,WT,24h,BR2,U2OS_WT
GFP_BAR_DSBR_2,5.0,174.0,0.0,13080.0,19,U2OS_WT_24h_BR2,0.013302752293577982,U2OS,WT,24h,BR2,U2OS_WT
GFP_BAR_DSBR_2,2.0,267.0,0.0,13080.0,20,U2OS_WT_24h_BR2,0.02041284403669725,U2OS,WT,24h,BR2,U2OS_WT
GFP_BAR_DSBR_2,5.0,384.0,0.0,13080.0,21,U2OS_WT_24h_BR2,0.029357798165137616,U2OS,WT,24h,BR2,U2OS_WT
GFP_BAR_DSBR_2,0.0,545.0,0.0,13080.0,22,U2OS_WT_24h_BR2,0.041666666666666664,U2OS,WT,24h,BR2,U2OS_WT
GFP_BAR_DSBR_2,6.0,607.0,0.0,13080.0,23,U2OS_WT_24h_BR2,0.04640672782874618,U2OS,WT,24h,BR2,U2OS_WT
GFP_BAR_DSBR_2,2.0,688.0,0.0,13080.0,24,U2OS_WT_24h_BR2,0.052599388379204894,U2OS,WT,24h,BR2,U2OS_WT
GFP_BAR_DSBR_2,1.0,793.0,0.0,13080.0,25,U2OS_WT_24h_BR2,0.06062691131498471,U2OS,WT,24h,BR2,U2OS_WT
GFP_BAR_DSBR_2,2.0,944.0,0.0,13080.0,26,U2OS_WT_24h_BR2,0.07217125382262997,U2OS,WT,24h,BR2,U2OS_WT
GFP_BAR_DSBR_2,3.0,1001.0,0.0,13080.0,27,U2OS_WT_24h_BR2,0.07652905198776759,U2OS,WT,24h,BR2,U2OS_WT
GFP_BAR_DSBR_2,2.0,1080.0,0.0,13080.0,28,U2OS_WT_24h_BR2,0.08256880733944955,U2OS,WT,24h,BR2,U2OS_WT
GFP_BAR_DSBR_2,3.0,1181.0,0.0,13080.0,29,U2OS_WT_24h_BR2,0.09029051987767583,U2OS,WT,24h,BR2,U2OS_WT
GFP_BAR_DSBR_2,4.0,1262.0,0.0,13080.0,30,U2OS_WT_24h_BR2,0.09648318042813456,U2OS,WT,24h,BR2,U2OS_WT
GFP_BAR_DSBR_2,1.0,1378.0,0.0,13080.0,31,U2OS_WT_24h_BR2,0.10535168195718654,U2OS,WT,24h,BR2,U2OS_WT
GFP_BAR_DSBR_2,1.0,1392.0,0.0,13080.0,32,U2OS_WT_24h_BR2,0.10642201834862386,U2OS,WT,24h,BR2,U2OS_WT
GFP_BAR_DSBR_2,2.0,1492.0,0.0,13080.0,33,U2OS_WT_24h_BR2,0.11406727828746177,U2OS,WT,24h,BR2,U2OS_WT
GFP_BAR_DSBR_2,4.0,1792.0,0.0,13080.0,34,U2OS_WT_24h_BR2,0.13700305810397553,U2OS,WT,24h,BR2,U2OS_WT
GFP_BAR_DSBR_2,9.0,2188.0,0.0,13080.0,35,U2OS_WT_24h_BR2,0.1672782874617737,U2OS,WT,24h,BR2,U2OS_WT
GFP_BAR_DSBR_2,6.0,2227.0,0.0,13080.0,36,U2OS_WT_24h_BR2,0.17025993883792048,U2OS,WT,24h,BR2,U2OS_WT
GFP_BAR_DSBR_2,0.0,2281.0,0.0,13080.0,37,U2OS_WT_24h_BR2,0.17438837920489297,U2OS,WT,24h,BR2,U2OS_WT
GFP_BAR_DSBR_2,2.0,2421.0,0.0,13080.0,38,U2OS_WT_24h_BR2,0.18509174311926604,U2OS,WT,24h,BR2,U2OS_WT
GFP_BAR_DSBR_2,3.0,2599.0,0.0,13080.0,39,U2OS_WT_24h_BR2,0.19870030581039755,U2OS,WT,24h,BR2,U2OS_WT
GFP_BAR_DSBR_2,3.0,2677.0,0.0,13080.0,40,U2OS_WT_24h_BR2,0.20466360856269114,U2OS,WT,24h,BR2,U2OS_WT
GFP_BAR_DSBR_2,3.0,2840.0,0.0,13080.0,41,U2OS_WT_24h_BR2,0.21712538226299694,U2OS,WT,24h,BR2,U2OS_WT
GFP_BAR_DSBR_2,6.0,2867.0,0.0,13080.0,42,U2OS_WT_24h_BR2,0.21918960244648317,U2OS,WT,24h,BR2,U2OS_WT
GFP_BAR_DSBR_2,2.0,3153.0,10.0,13080.0,43,U2OS_WT_24h_BR2,0.24105504587155963,U2OS,WT,24h,BR2,U2OS_WT
GFP_BAR_DSBR_2,11.0,3209.0,18.0,13080.0,44,U2OS_WT_24h_BR2,0.24533639143730887,U2OS,WT,24h,BR2,U2OS_WT
GFP_BAR_DSBR_2,6.0,2816.0,0.0,13080.0,45,U2OS_WT_24h_BR2,0.21529051987767583,U2OS,WT,24h,BR2,U2OS_WT
GFP_BAR_DSBR_2,7.0,2635.0,0.0,13080.0,46,U2OS_WT_24h_BR2,0.2014525993883792,U2OS,WT,24h,BR2,U2OS_WT
GFP_BAR_DSBR_2,2.0,2472.0,0.0,13080.0,47,U2OS_WT_24h_BR2,0.1889908256880734,U2OS,WT,24h,BR2,U2OS_WT
GFP_BAR_DSBR_2,4.0,2175.0,0.0,13080.0,48,U2OS_WT_24h_BR2,0.16628440366972477,U2OS,WT,24h,BR2,U2OS_WT
GFP_BAR_DSBR_2,13.0,1843.0,0.0,13080.0,49,U2OS_WT_24h_BR2,0.14090214067278287,U2OS,WT,24h,BR2,U2OS_WT
GFP_BAR_DSBR_2,3.0,1694.0,0.0,13080.0,50,U2OS_WT_24h_BR2,0.12951070336391438,U2OS,WT,24h,BR2,U2OS_WT
GFP_BAR_DSBR_2,5.0,1620.0,0.0,13080.0,51,U2OS_WT_24h_BR2,0.12385321100917432,U2OS,WT,24h,BR2,U2OS_WT
GFP_BAR_DSBR_2,7.0,1593.0,0.0,13080.0,52,U2OS_WT_24h_BR2,0.12178899082568807,U2OS,WT,24h,BR2,U2OS_WT
GFP_BAR_DSBR_2,4.0,1549.0,0.0,13080.0,53,U2OS_WT_24h_BR2,0.11842507645259939,U2OS,WT,24h,BR2,U2OS_WT
GFP_BAR_DSBR_2,3.0,1491.0,0.0,13080.0,54,U2OS_WT_24h_BR2,0.1139908256880734,U2OS,WT,24h,BR2,U2OS_WT
GFP_BAR_DSBR_2,4.0,1408.0,0.0,13080.0,55,U2OS_WT_24h_BR2,0.10764525993883792,U2OS,WT,24h,BR2,U2OS_WT
GFP_BAR_DSBR_2,4.0,1194.0,1.0,13080.0,56,U2OS_WT_24h_BR2,0.09128440366972478,U2OS,WT,24h,BR2,U2OS_WT
GFP_BAR_DSBR_2,10.0,1109.0,0.0,13080.0,57,U2OS_WT_24h_BR2,0.08478593272171253,U2OS,WT,24h,BR2,U2OS_WT
GFP_BAR_DSBR_2,4.0,884.0,0.0,13080.0,58,U2OS_WT_24h_BR2,0.06758409785932722,U2OS,WT,24h,BR2,U2OS_WT
GFP_BAR_DSBR_2,2.0,773.0,0.0,13080.0,59,U2OS_WT_24h_BR2,0.059097859327217124,U2OS,WT,24h,BR2,U2OS_WT
GFP_BAR_DSBR_2,9.0,698.0,0.0,13080.0,60,U2OS_WT_24h_BR2,0.05336391437308868,U2OS,WT,24h,BR2,U2OS_WT
GFP_BAR_DSBR_2,12.0,617.0,0.0,13080.0,61,U2OS_WT_24h_BR2,0.04717125382262997,U2OS,WT,24h,BR2,U2OS_WT
GFP_BAR_DSBR_2,4.0,500.0,0.0,13080.0,62,U2OS_WT_24h_BR2,0.0382262996941896,U2OS,WT,24h,BR2,U2OS_WT
GFP_BAR_DSBR_2,2.0,354.0,0.0,13080.0,63,U2OS_WT_24h_BR2,0.02706422018348624,U2OS,WT,24h,BR2,U2OS_WT
GFP_BAR_DSBR_2,6.0,307.0,0.0,13080.0,64,U2OS_WT_24h_BR2,0.023470948012232415,U2OS,WT,24h,BR2,U2OS_WT
GFP_BAR_DSBR_2,0.0,134.0,0.0,13080.0,65,U2OS_WT_24h_BR2,0.010244648318042813,U2OS,WT,24h,BR2,U2OS_WT
GFP_BAR_DSBR_2,5.0,15.0,0.0,13080.0,66,U2OS_WT_24h_BR2,0.0011467889908256881,U2OS,WT,24h,BR2,U2OS_WT
GFP_BAR_DSBR_2,0.0,0.0,0.0,13080.0,67,U2OS_WT_24h_BR2,0.0,U2OS,WT,24h,BR2,U2OS_WT
GFP_BAR_DSBR_2,0.0,0.0,0.0,13080.0,68,U2OS_WT_24h_BR2,0.0,U2OS,WT,24h,BR2,U2OS_WT
GFP_BAR_DSBR_2,0.0,0.0,0.0,13080.0,69,U2OS_WT_24h_BR2,0.0,U2OS,WT,24h,BR2,U2OS_WT
GFP_BAR_DSBR_2,0.0,0.0,0.0,13080.0,70,U2OS_WT_24h_BR2,0.0,U2OS,WT,24h,BR2,U2OS_WT
GFP_BAR_DSBR_2,0.0,0.0,0.0,13080.0,71,U2OS_WT_24h_BR2,0.0,U2OS,WT,24h,BR2,U2OS_WT
GFP_BAR_DSBR_2,0.0,0.0,7.0,13080.0,72,U2OS_WT_24h_BR2,0.0,U2OS,WT,24h,BR2,U2OS_WT
GFP_BAR_DSBR_2,2.0,0.0,0.0,13080.0,73,U2OS_WT_24h_BR2,0.0,U2OS,WT,24h,BR2,U2OS_WT
GFP_BAR_DSBR_2,27.0,8.0,0.0,13080.0,74,U2OS_WT_24h_BR2,0.0006116207951070336,U2OS,WT,24h,BR2,U2OS_WT
GFP_BAR_DSBR_2,3.0,0.0,0.0,13080.0,75,U2OS_WT_24h_BR2,0.0,U2OS,WT,24h,BR2,U2OS_WT
GFP_BAR_DSBR_2,3.0,0.0,0.0,13080.0,76,U2OS_WT_24h_BR2,0.0,U2OS,WT,24h,BR2,U2OS_WT
GFP_BAR_DSBR_2,3.0,0.0,0.0,13080.0,77,U2OS_WT_24h_BR2,0.0,U2OS,WT,24h,BR2,U2OS_WT
GFP_BAR_DSBR_2,3.0,0.0,0.0,13080.0,78,U2OS_WT_24h_BR2,0.0,U2OS,WT,24h,BR2,U2OS_WT
GFP_BAR_DSBR_2,4.0,0.0,0.0,13080.0,79,U2OS_WT_24h_BR2,0.0,U2OS,WT,24h,BR2,U2OS_WT
GFP_BAR_DSBR_2,8.0,0.0,0.0,13080.0,80,U2OS_WT_24h_BR2,0.0,U2OS,WT,24h,BR2,U2OS_WT
GFP_BAR_DSBR_2,1.0,0.0,0.0,13080.0,81,U2OS_WT_24h_BR2,0.0,U2OS,WT,24h,BR2,U2OS_WT
GFP_BAR_DSBR_2,2.0,0.0,0.0,13080.0,82,U2OS_WT_24h_BR2,0.0,U2OS,WT,24h,BR2,U2OS_WT
GFP_BAR_DSBR_2,0.0,0.0,0.0,13080.0,83,U2OS_WT_24h_BR2,0.0,U2OS,WT,24h,BR2,U2OS_WT
GFP_BAR_DSBR_2,6.0,0.0,0.0,13080.0,84,U2OS_WT_24h_BR2,0.0,U2OS,WT,24h,BR2,U2OS_WT
GFP_BAR_DSBR_2,1.0,0.0,0.0,13080.0,85,U2OS_WT_24h_BR2,0.0,U2OS,WT,24h,BR2,U2OS_WT
GFP_BAR_DSBR_2,2.0,0.0,0.0,13080.0,86,U2OS_WT_24h_BR2,0.0,U2OS,WT,24h,BR2,U2OS_WT
GFP_BAR_DSBR_2,1.0,0.0,0.0,13080.0,87,U2OS_WT_24h_BR2,0.0,U2OS,WT,24h,BR2,U2OS_WT
GFP_BAR_DSBR_2,2.0,0.0,0.0,13080.0,88,U2OS_WT_24h_BR2,0.0,U2OS,WT,24h,BR2,U2OS_WT
GFP_BAR_DSBR_2,4.0,0.0,0.0,13080.0,89,U2OS_WT_24h_BR2,0.0,U2OS,WT,24h,BR2,U2OS_WT
GFP_BAR_DSBR_2,2.0,0.0,0.0,13080.0,90,U2OS_WT_24h_BR2,0.0,U2OS,WT,24h,BR2,U2OS_WT
GFP_BAR_DSBR_2,5.0,0.0,0.0,13080.0,91,U2OS_WT_24h_BR2,0.0,U2OS,WT,24h,BR2,U2OS_WT
GFP_BAR_DSBR_2,4.0,0.0,0.0,13080.0,92,U2OS_WT_24h_BR2,0.0,U2OS,WT,24h,BR2,U2OS_WT
GFP_BAR_DSBR_2,3.0,0.0,0.0,13080.0,93,U2OS_WT_24h_BR2,0.0,U2OS,WT,24h,BR2,U2OS_WT
GFP_BAR_DSBR_2,3.0,0.0,0.0,13080.0,94,U2OS_WT_24h_BR2,0.0,U2OS,WT,24h,BR2,U2OS_WT
GFP_BAR_DSBR_2,2.0,0.0,0.0,13080.0,95,U2OS_WT_24h_BR2,0.0,U2OS,WT,24h,BR2,U2OS_WT
GFP_BAR_DSBR_2,2.0,0.0,0.0,15195.0,1,U2OS_WT_1h_BR3,0.0,U2OS,WT,1h,BR3,U2OS_WT
GFP_BAR_DSBR_2,2.0,0.0,0.0,15195.0,2,U2OS_WT_1h_BR3,0.0,U2OS,WT,1h,BR3,U2OS_WT
GFP_BAR_DSBR_2,1.0,0.0,0.0,15195.0,3,U2OS_WT_1h_BR3,0.0,U2OS,WT,1h,BR3,U2OS_WT
GFP_BAR_DSBR_2,2.0,0.0,0.0,15195.0,4,U2OS_WT_1h_BR3,0.0,U2OS,WT,1h,BR3,U2OS_WT
GFP_BAR_DSBR_2,1.0,0.0,0.0,15195.0,5,U2OS_WT_1h_BR3,0.0,U2OS,WT,1h,BR3,U2OS_WT
GFP_BAR_DSBR_2,1.0,0.0,0.0,15195.0,6,U2OS_WT_1h_BR3,0.0,U2OS,WT,1h,BR3,U2OS_WT
GFP_BAR_DSBR_2,1.0,0.0,0.0,15195.0,7,U2OS_WT_1h_BR3,0.0,U2OS,WT,1h,BR3,U2OS_WT
GFP_BAR_DSBR_2,3.0,0.0,0.0,15195.0,8,U2OS_WT_1h_BR3,0.0,U2OS,WT,1h,BR3,U2OS_WT
GFP_BAR_DSBR_2,1.0,0.0,0.0,15195.0,9,U2OS_WT_1h_BR3,0.0,U2OS,WT,1h,BR3,U2OS_WT
GFP_BAR_DSBR_2,1.0,0.0,0.0,15195.0,10,U2OS_WT_1h_BR3,0.0,U2OS,WT,1h,BR3,U2OS_WT
GFP_BAR_DSBR_2,6.0,0.0,0.0,15195.0,11,U2OS_WT_1h_BR3,0.0,U2OS,WT,1h,BR3,U2OS_WT
GFP_BAR_DSBR_2,2.0,0.0,0.0,15195.0,12,U2OS_WT_1h_BR3,0.0,U2OS,WT,1h,BR3,U2OS_WT
GFP_BAR_DSBR_2,2.0,0.0,0.0,15195.0,13,U2OS_WT_1h_BR3,0.0,U2OS,WT,1h,BR3,U2OS_WT
GFP_BAR_DSBR_2,1.0,0.0,0.0,15195.0,14,U2OS_WT_1h_BR3,0.0,U2OS,WT,1h,BR3,U2OS_WT
GFP_BAR_DSBR_2,5.0,0.0,0.0,15195.0,15,U2OS_WT_1h_BR3,0.0,U2OS,WT,1h,BR3,U2OS_WT
GFP_BAR_DSBR_2,6.0,1.0,0.0,15195.0,16,U2OS_WT_1h_BR3,6.581112207963146e-05,U2OS,WT,1h,BR3,U2OS_WT
GFP_BAR_DSBR_2,4.0,1.0,0.0,15195.0,17,U2OS_WT_1h_BR3,6.581112207963146e-05,U2OS,WT,1h,BR3,U2OS_WT
GFP_BAR_DSBR_2,5.0,4.0,0.0,15195.0,18,U2OS_WT_1h_BR3,0.00026324448831852585,U2OS,WT,1h,BR3,U2OS_WT
GFP_BAR_DSBR_2,0.0,7.0,0.0,15195.0,19,U2OS_WT_1h_BR3,0.0004606778545574202,U2OS,WT,1h,BR3,U2OS_WT
GFP_BAR_DSBR_2,0.0,12.0,0.0,15195.0,20,U2OS_WT_1h_BR3,0.0007897334649555774,U2OS,WT,1h,BR3,U2OS_WT
GFP_BAR_DSBR_2,4.0,17.0,0.0,15195.0,21,U2OS_WT_1h_BR3,0.0011187890753537348,U2OS,WT,1h,BR3,U2OS_WT
GFP_BAR_DSBR_2,1.0,19.0,0.0,15195.0,22,U2OS_WT_1h_BR3,0.0012504113195129978,U2OS,WT,1h,BR3,U2OS_WT
GFP_BAR_DSBR_2,5.0,20.0,0.0,15195.0,23,U2OS_WT_1h_BR3,0.0013162224415926291,U2OS,WT,1h,BR3,U2OS_WT
GFP_BAR_DSBR_2,2.0,24.0,0.0,15195.0,24,U2OS_WT_1h_BR3,0.0015794669299111549,U2OS,WT,1h,BR3,U2OS_WT
GFP_BAR_DSBR_2,3.0,33.0,0.0,15195.0,25,U2OS_WT_1h_BR3,0.002171767028627838,U2OS,WT,1h,BR3,U2OS_WT
GFP_BAR_DSBR_2,4.0,37.0,0.0,15195.0,26,U2OS_WT_1h_BR3,0.002435011516946364,U2OS,WT,1h,BR3,U2OS_WT
GFP_BAR_DSBR_2,3.0,41.0,0.0,15195.0,27,U2OS_WT_1h_BR3,0.0026982560052648897,U2OS,WT,1h,BR3,U2OS_WT
GFP_BAR_DSBR_2,4.0,45.0,0.0,15195.0,28,U2OS_WT_1h_BR3,0.0029615004935834156,U2OS,WT,1h,BR3,U2OS_WT
GFP_BAR_DSBR_2,0.0,52.0,0.0,15195.0,29,U2OS_WT_1h_BR3,0.0034221783481408357,U2OS,WT,1h,BR3,U2OS_WT
GFP_BAR_DSBR_2,1.0,57.0,0.0,15195.0,30,U2OS_WT_1h_BR3,0.003751233958538993,U2OS,WT,1h,BR3,U2OS_WT
GFP_BAR_DSBR_2,5.0,61.0,0.0,15195.0,31,U2OS_WT_1h_BR3,0.004014478446857519,U2OS,WT,1h,BR3,U2OS_WT
GFP_BAR_DSBR_2,8.0,61.0,0.0,15195.0,32,U2OS_WT_1h_BR3,0.004014478446857519,U2OS,WT,1h,BR3,U2OS_WT
GFP_BAR_DSBR_2,1.0,66.0,0.0,15195.0,33,U2OS_WT_1h_BR3,0.004343534057255676,U2OS,WT,1h,BR3,U2OS_WT
GFP_BAR_DSBR_2,4.0,87.0,0.0,15195.0,34,U2OS_WT_1h_BR3,0.005725567620927937,U2OS,WT,1h,BR3,U2OS_WT
GFP_BAR_DSBR_2,8.0,128.0,0.0,15195.0,35,U2OS_WT_1h_BR3,0.008423823626192827,U2OS,WT,1h,BR3,U2OS_WT
GFP_BAR_DSBR_2,4.0,133.0,0.0,15195.0,36,U2OS_WT_1h_BR3,0.008752879236590985,U2OS,WT,1h,BR3,U2OS_WT
GFP_BAR_DSBR_2,3.0,135.0,0.0,15195.0,37,U2OS_WT_1h_BR3,0.008884501480750246,U2OS,WT,1h,BR3,U2OS_WT
GFP_BAR_DSBR_2,6.0,146.0,0.0,15195.0,38,U2OS_WT_1h_BR3,0.009608423823626193,U2OS,WT,1h,BR3,U2OS_WT
GFP_BAR_DSBR_2,6.0,165.0,0.0,15195.0,39,U2OS_WT_1h_BR3,0.01085883514313919,U2OS,WT,1h,BR3,U2OS_WT
GFP_BAR_DSBR_2,3.0,169.0,0.0,15195.0,40,U2OS_WT_1h_BR3,0.011122079631457716,U2OS,WT,1h,BR3,U2OS_WT
GFP_BAR_DSBR_2,5.0,199.0,0.0,15195.0,41,U2OS_WT_1h_BR3,0.01309641329384666,U2OS,WT,1h,BR3,U2OS_WT
GFP_BAR_DSBR_2,5.0,199.0,0.0,15195.0,42,U2OS_WT_1h_BR3,0.01309641329384666,U2OS,WT,1h,BR3,U2OS_WT
GFP_BAR_DSBR_2,4.0,272.0,8.0,15195.0,43,U2OS_WT_1h_BR3,0.017900625205659756,U2OS,WT,1h,BR3,U2OS_WT
GFP_BAR_DSBR_2,3.0,279.0,11.0,15195.0,44,U2OS_WT_1h_BR3,0.018361303060217177,U2OS,WT,1h,BR3,U2OS_WT
GFP_BAR_DSBR_2,4.0,219.0,0.0,15195.0,45,U2OS_WT_1h_BR3,0.01441263573543929,U2OS,WT,1h,BR3,U2OS_WT
GFP_BAR_DSBR_2,2.0,206.0,0.0,15195.0,46,U2OS_WT_1h_BR3,0.013557091148404081,U2OS,WT,1h,BR3,U2OS_WT
GFP_BAR_DSBR_2,1.0,194.0,0.0,15195.0,47,U2OS_WT_1h_BR3,0.012767357683448503,U2OS,WT,1h,BR3,U2OS_WT
GFP_BAR_DSBR_2,3.0,144.0,3.0,15195.0,48,U2OS_WT_1h_BR3,0.00947680157946693,U2OS,WT,1h,BR3,U2OS_WT
GFP_BAR_DSBR_2,8.0,109.0,0.0,15195.0,49,U2OS_WT_1h_BR3,0.007173412306679829,U2OS,WT,1h,BR3,U2OS_WT
GFP_BAR_DSBR_2,4.0,89.0,0.0,15195.0,50,U2OS_WT_1h_BR3,0.005857189865087199,U2OS,WT,1h,BR3,U2OS_WT
GFP_BAR_DSBR_2,1.0,86.0,0.0,15195.0,51,U2OS_WT_1h_BR3,0.005659756498848306,U2OS,WT,1h,BR3,U2OS_WT
GFP_BAR_DSBR_2,2.0,83.0,0.0,15195.0,52,U2OS_WT_1h_BR3,0.005462323132609411,U2OS,WT,1h,BR3,U2OS_WT
GFP_BAR_DSBR_2,6.0,76.0,0.0,15195.0,53,U2OS_WT_1h_BR3,0.005001645278051991,U2OS,WT,1h,BR3,U2OS_WT
GFP_BAR_DSBR_2,3.0,69.0,0.0,15195.0,54,U2OS_WT_1h_BR3,0.004540967423494571,U2OS,WT,1h,BR3,U2OS_WT
GFP_BAR_DSBR_2,3.0,62.0,0.0,15195.0,55,U2OS_WT_1h_BR3,0.00408028956893715,U2OS,WT,1h,BR3,U2OS_WT
GFP_BAR_DSBR_2,1.0,52.0,0.0,15195.0,56,U2OS_WT_1h_BR3,0.0034221783481408357,U2OS,WT,1h,BR3,U2OS_WT
GFP_BAR_DSBR_2,8.0,43.0,0.0,15195.0,57,U2OS_WT_1h_BR3,0.002829878249424153,U2OS,WT,1h,BR3,U2OS_WT
GFP_BAR_DSBR_2,9.0,31.0,0.0,15195.0,58,U2OS_WT_1h_BR3,0.002040144784468575,U2OS,WT,1h,BR3,U2OS_WT
GFP_BAR_DSBR_2,4.0,30.0,0.0,15195.0,59,U2OS_WT_1h_BR3,0.0019743336623889436,U2OS,WT,1h,BR3,U2OS_WT
GFP_BAR_DSBR_2,3.0,27.0,0.0,15195.0,60,U2OS_WT_1h_BR3,0.0017769002961500495,U2OS,WT,1h,BR3,U2OS_WT
GFP_BAR_DSBR_2,5.0,26.0,0.0,15195.0,61,U2OS_WT_1h_BR3,0.0017110891740704179,U2OS,WT,1h,BR3,U2OS_WT
GFP_BAR_DSBR_2,2.0,26.0,0.0,15195.0,62,U2OS_WT_1h_BR3,0.0017110891740704179,U2OS,WT,1h,BR3,U2OS_WT
GFP_BAR_DSBR_2,3.0,12.0,0.0,15195.0,63,U2OS_WT_1h_BR3,0.0007897334649555774,U2OS,WT,1h,BR3,U2OS_WT
GFP_BAR_DSBR_2,2.0,12.0,0.0,15195.0,64,U2OS_WT_1h_BR3,0.0007897334649555774,U2OS,WT,1h,BR3,U2OS_WT
GFP_BAR_DSBR_2,6.0,5.0,0.0,15195.0,65,U2OS_WT_1h_BR3,0.0003290556103981573,U2OS,WT,1h,BR3,U2OS_WT
GFP_BAR_DSBR_2,3.0,0.0,0.0,15195.0,66,U2OS_WT_1h_BR3,0.0,U2OS,WT,1h,BR3,U2OS_WT
GFP_BAR_DSBR_2,0.0,0.0,0.0,15195.0,67,U2OS_WT_1h_BR3,0.0,U2OS,WT,1h,BR3,U2OS_WT
GFP_BAR_DSBR_2,0.0,0.0,0.0,15195.0,68,U2OS_WT_1h_BR3,0.0,U2OS,WT,1h,BR3,U2OS_WT
GFP_BAR_DSBR_2,0.0,0.0,0.0,15195.0,69,U2OS_WT_1h_BR3,0.0,U2OS,WT,1h,BR3,U2OS_WT
GFP_BAR_DSBR_2,0.0,0.0,0.0,15195.0,70,U2OS_WT_1h_BR3,0.0,U2OS,WT,1h,BR3,U2OS_WT
GFP_BAR_DSBR_2,0.0,0.0,0.0,15195.0,71,U2OS_WT_1h_BR3,0.0,U2OS,WT,1h,BR3,U2OS_WT
GFP_BAR_DSBR_2,0.0,0.0,14.0,15195.0,72,U2OS_WT_1h_BR3,0.0,U2OS,WT,1h,BR3,U2OS_WT
GFP_BAR_DSBR_2,3.0,1.0,1.0,15195.0,73,U2OS_WT_1h_BR3,6.581112207963146e-05,U2OS,WT,1h,BR3,U2OS_WT
GFP_BAR_DSBR_2,28.0,15.0,0.0,15195.0,74,U2OS_WT_1h_BR3,0.0009871668311944718,U2OS,WT,1h,BR3,U2OS_WT
GFP_BAR_DSBR_2,4.0,0.0,1.0,15195.0,75,U2OS_WT_1h_BR3,0.0,U2OS,WT,1h,BR3,U2OS_WT
GFP_BAR_DSBR_2,5.0,0.0,0.0,15195.0,76,U2OS_WT_1h_BR3,0.0,U2OS,WT,1h,BR3,U2OS_WT
GFP_BAR_DSBR_2,6.0,0.0,0.0,15195.0,77,U2OS_WT_1h_BR3,0.0,U2OS,WT,1h,BR3,U2OS_WT
GFP_BAR_DSBR_2,1.0,0.0,0.0,15195.0,78,U2OS_WT_1h_BR3,0.0,U2OS,WT,1h,BR3,U2OS_WT
GFP_BAR_DSBR_2,3.0,0.0,0.0,15195.0,79,U2OS_WT_1h_BR3,0.0,U2OS,WT,1h,BR3,U2OS_WT
GFP_BAR_DSBR_2,10.0,0.0,0.0,15195.0,80,U2OS_WT_1h_BR3,0.0,U2OS,WT,1h,BR3,U2OS_WT
GFP_BAR_DSBR_2,0.0,0.0,0.0,15195.0,81,U2OS_WT_1h_BR3,0.0,U2OS,WT,1h,BR3,U2OS_WT
GFP_BAR_DSBR_2,2.0,0.0,0.0,15195.0,82,U2OS_WT_1h_BR3,0.0,U2OS,WT,1h,BR3,U2OS_WT
GFP_BAR_DSBR_2,2.0,0.0,0.0,15195.0,83,U2OS_WT_1h_BR3,0.0,U2OS,WT,1h,BR3,U2OS_WT
GFP_BAR_DSBR_2,5.0,0.0,0.0,15195.0,84,U2OS_WT_1h_BR3,0.0,U2OS,WT,1h,BR3,U2OS_WT
GFP_BAR_DSBR_2,0.0,0.0,0.0,15195.0,85,U2OS_WT_1h_BR3,0.0,U2OS,WT,1h,BR3,U2OS_WT
GFP_BAR_DSBR_2,7.0,0.0,0.0,15195.0,86,U2OS_WT_1h_BR3,0.0,U2OS,WT,1h,BR3,U2OS_WT
GFP_BAR_DSBR_2,1.0,0.0,0.0,15195.0,87,U2OS_WT_1h_BR3,0.0,U2OS,WT,1h,BR3,U2OS_WT
GFP_BAR_DSBR_2,3.0,0.0,0.0,15195.0,88,U2OS_WT_1h_BR3,0.0,U2OS,WT,1h,BR3,U2OS_WT
GFP_BAR_DSBR_2,3.0,0.0,0.0,15195.0,89,U2OS_WT_1h_BR3,0.0,U2OS,WT,1h,BR3,U2OS_WT
GFP_BAR_DSBR_2,2.0,0.0,0.0,15195.0,90,U2OS_WT_1h_BR3,0.0,U2OS,WT,1h,BR3,U2OS_WT
GFP_BAR_DSBR_2,5.0,0.0,0.0,15195.0,91,U2OS_WT_1h_BR3,0.0,U2OS,WT,1h,BR3,U2OS_WT
GFP_BAR_DSBR_2,1.0,0.0,0.0,15195.0,92,U2OS_WT_1h_BR3,0.0,U2OS,WT,1h,BR3,U2OS_WT
GFP_BAR_DSBR_2,4.0,0.0,0.0,15195.0,93,U2OS_WT_1h_BR3,0.0,U2OS,WT,1h,BR3,U2OS_WT
GFP_BAR_DSBR_2,1.0,0.0,0.0,15195.0,94,U2OS_WT_1h_BR3,0.0,U2OS,WT,1h,BR3,U2OS_WT
GFP_BAR_DSBR_2,5.0,0.0,0.0,15195.0,95,U2OS_WT_1h_BR3,0.0,U2OS,WT,1h,BR3,U2OS_WT
GFP_BAR_DSBR_2,3.0,0.0,0.0,21468.0,1,U2OS_WT_2h_BR3,0.0,U2OS,WT,2h,BR3,U2OS_WT
GFP_BAR_DSBR_2,7.0,0.0,0.0,21468.0,2,U2OS_WT_2h_BR3,0.0,U2OS,WT,2h,BR3,U2OS_WT
GFP_BAR_DSBR_2,2.0,0.0,0.0,21468.0,3,U2OS_WT_2h_BR3,0.0,U2OS,WT,2h,BR3,U2OS_WT
GFP_BAR_DSBR_2,3.0,0.0,0.0,21468.0,4,U2OS_WT_2h_BR3,0.0,U2OS,WT,2h,BR3,U2OS_WT
GFP_BAR_DSBR_2,4.0,0.0,0.0,21468.0,5,U2OS_WT_2h_BR3,0.0,U2OS,WT,2h,BR3,U2OS_WT
GFP_BAR_DSBR_2,1.0,0.0,0.0,21468.0,6,U2OS_WT_2h_BR3,0.0,U2OS,WT,2h,BR3,U2OS_WT
GFP_BAR_DSBR_2,3.0,0.0,0.0,21468.0,7,U2OS_WT_2h_BR3,0.0,U2OS,WT,2h,BR3,U2OS_WT
GFP_BAR_DSBR_2,5.0,0.0,0.0,21468.0,8,U2OS_WT_2h_BR3,0.0,U2OS,WT,2h,BR3,U2OS_WT
GFP_BAR_DSBR_2,2.0,0.0,0.0,21468.0,9,U2OS_WT_2h_BR3,0.0,U2OS,WT,2h,BR3,U2OS_WT
GFP_BAR_DSBR_2,4.0,0.0,0.0,21468.0,10,U2OS_WT_2h_BR3,0.0,U2OS,WT,2h,BR3,U2OS_WT
GFP_BAR_DSBR_2,1.0,0.0,0.0,21468.0,11,U2OS_WT_2h_BR3,0.0,U2OS,WT,2h,BR3,U2OS_WT
GFP_BAR_DSBR_2,2.0,0.0,0.0,21468.0,12,U2OS_WT_2h_BR3,0.0,U2OS,WT,2h,BR3,U2OS_WT
GFP_BAR_DSBR_2,2.0,0.0,0.0,21468.0,13,U2OS_WT_2h_BR3,0.0,U2OS,WT,2h,BR3,U2OS_WT
GFP_BAR_DSBR_2,3.0,0.0,0.0,21468.0,14,U2OS_WT_2h_BR3,0.0,U2OS,WT,2h,BR3,U2OS_WT
GFP_BAR_DSBR_2,10.0,0.0,0.0,21468.0,15,U2OS_WT_2h_BR3,0.0,U2OS,WT,2h,BR3,U2OS_WT
GFP_BAR_DSBR_2,4.0,13.0,0.0,21468.0,16,U2OS_WT_2h_BR3,0.0006055524501583753,U2OS,WT,2h,BR3,U2OS_WT
GFP_BAR_DSBR_2,6.0,16.0,0.0,21468.0,17,U2OS_WT_2h_BR3,0.0007452953232718465,U2OS,WT,2h,BR3,U2OS_WT
GFP_BAR_DSBR_2,19.0,34.0,0.0,21468.0,18,U2OS_WT_2h_BR3,0.0015837525619526738,U2OS,WT,2h,BR3,U2OS_WT
GFP_BAR_DSBR_2,2.0,37.0,0.0,21468.0,19,U2OS_WT_2h_BR3,0.001723495435066145,U2OS,WT,2h,BR3,U2OS_WT
GFP_BAR_DSBR_2,3.0,63.0,0.0,21468.0,20,U2OS_WT_2h_BR3,0.0029346003353828954,U2OS,WT,2h,BR3,U2OS_WT
GFP_BAR_DSBR_2,9.0,99.0,0.0,21468.0,21,U2OS_WT_2h_BR3,0.00461151481274455,U2OS,WT,2h,BR3,U2OS_WT
GFP_BAR_DSBR_2,0.0,120.0,0.0,21468.0,22,U2OS_WT_2h_BR3,0.005589714924538848,U2OS,WT,2h,BR3,U2OS_WT
GFP_BAR_DSBR_2,5.0,137.0,0.0,21468.0,23,U2OS_WT_2h_BR3,0.006381591205515185,U2OS,WT,2h,BR3,U2OS_WT
GFP_BAR_DSBR_2,5.0,163.0,0.0,21468.0,24,U2OS_WT_2h_BR3,0.007592696105831936,U2OS,WT,2h,BR3,U2OS_WT
GFP_BAR_DSBR_2,5.0,192.0,0.0,21468.0,25,U2OS_WT_2h_BR3,0.008943543879262158,U2OS,WT,2h,BR3,U2OS_WT
GFP_BAR_DSBR_2,11.0,220.0,0.0,21468.0,26,U2OS_WT_2h_BR3,0.01024781069498789,U2OS,WT,2h,BR3,U2OS_WT
GFP_BAR_DSBR_2,4.0,239.0,0.0,21468.0,27,U2OS_WT_2h_BR3,0.011132848891373207,U2OS,WT,2h,BR3,U2OS_WT
GFP_BAR_DSBR_2,12.0,263.0,0.0,21468.0,28,U2OS_WT_2h_BR3,0.012250791876280977,U2OS,WT,2h,BR3,U2OS_WT
GFP_BAR_DSBR_2,1.0,287.0,0.0,21468.0,29,U2OS_WT_2h_BR3,0.013368734861188745,U2OS,WT,2h,BR3,U2OS_WT
GFP_BAR_DSBR_2,3.0,310.0,0.0,21468.0,30,U2OS_WT_2h_BR3,0.014440096888392026,U2OS,WT,2h,BR3,U2OS_WT
GFP_BAR_DSBR_2,5.0,335.0,0.0,21468.0,31,U2OS_WT_2h_BR3,0.015604620831004286,U2OS,WT,2h,BR3,U2OS_WT
GFP_BAR_DSBR_2,9.0,339.0,0.0,21468.0,32,U2OS_WT_2h_BR3,0.015790944661822248,U2OS,WT,2h,BR3,U2OS_WT
GFP_BAR_DSBR_2,2.0,368.0,0.0,21468.0,33,U2OS_WT_2h_BR3,0.01714179243525247,U2OS,WT,2h,BR3,U2OS_WT
GFP_BAR_DSBR_2,4.0,476.0,3.0,21468.0,34,U2OS_WT_2h_BR3,0.02217253586733743,U2OS,WT,2h,BR3,U2OS_WT
GFP_BAR_DSBR_2,19.0,632.0,0.0,21468.0,35,U2OS_WT_2h_BR3,0.029439165269237934,U2OS,WT,2h,BR3,U2OS_WT
GFP_BAR_DSBR_2,7.0,649.0,0.0,21468.0,36,U2OS_WT_2h_BR3,0.030231041550214274,U2OS,WT,2h,BR3,U2OS_WT
GFP_BAR_DSBR_2,2.0,661.0,0.0,21468.0,37,U2OS_WT_2h_BR3,0.03079001304266816,U2OS,WT,2h,BR3,U2OS_WT
GFP_BAR_DSBR_2,6.0,705.0,0.0,21468.0,38,U2OS_WT_2h_BR3,0.032839575181665734,U2OS,WT,2h,BR3,U2OS_WT
GFP_BAR_DSBR_2,3.0,785.0,0.0,21468.0,39,U2OS_WT_2h_BR3,0.03656605179802497,U2OS,WT,2h,BR3,U2OS_WT
GFP_BAR_DSBR_2,2.0,802.0,0.0,21468.0,40,U2OS_WT_2h_BR3,0.037357928079001304,U2OS,WT,2h,BR3,U2OS_WT
GFP_BAR_DSBR_2,5.0,890.0,0.0,21468.0,41,U2OS_WT_2h_BR3,0.04145705235699646,U2OS,WT,2h,BR3,U2OS_WT
GFP_BAR_DSBR_2,2.0,889.0,1.0,21468.0,42,U2OS_WT_2h_BR3,0.04141047139929197,U2OS,WT,2h,BR3,U2OS_WT
GFP_BAR_DSBR_2,5.0,1077.0,9.0,21468.0,43,U2OS_WT_2h_BR3,0.05016769144773617,U2OS,WT,2h,BR3,U2OS_WT
GFP_BAR_DSBR_2,8.0,1104.0,30.0,21468.0,44,U2OS_WT_2h_BR3,0.05142537730575741,U2OS,WT,2h,BR3,U2OS_WT
GFP_BAR_DSBR_2,5.0,897.0,0.0,21468.0,45,U2OS_WT_2h_BR3,0.041783119060927895,U2OS,WT,2h,BR3,U2OS_WT
GFP_BAR_DSBR_2,2.0,833.0,0.0,21468.0,46,U2OS_WT_2h_BR3,0.03880193776784051,U2OS,WT,2h,BR3,U2OS_WT
GFP_BAR_DSBR_2,4.0,769.0,0.0,21468.0,47,U2OS_WT_2h_BR3,0.03582075647475312,U2OS,WT,2h,BR3,U2OS_WT
GFP_BAR_DSBR_2,5.0,609.0,0.0,21468.0,48,U2OS_WT_2h_BR3,0.028367803242034657,U2OS,WT,2h,BR3,U2OS_WT
GFP_BAR_DSBR_2,10.0,464.0,0.0,21468.0,49,U2OS_WT_2h_BR3,0.021613564374883546,U2OS,WT,2h,BR3,U2OS_WT
GFP_BAR_DSBR_2,12.0,402.0,0.0,21468.0,50,U2OS_WT_2h_BR3,0.01872554499720514,U2OS,WT,2h,BR3,U2OS_WT
GFP_BAR_DSBR_2,7.0,379.0,0.0,21468.0,51,U2OS_WT_2h_BR3,0.017654182970001864,U2OS,WT,2h,BR3,U2OS_WT
GFP_BAR_DSBR_2,2.0,370.0,0.0,21468.0,52,U2OS_WT_2h_BR3,0.017234954350661448,U2OS,WT,2h,BR3,U2OS_WT
GFP_BAR_DSBR_2,9.0,356.0,0.0,21468.0,53,U2OS_WT_2h_BR3,0.016582820942798584,U2OS,WT,2h,BR3,U2OS_WT
GFP_BAR_DSBR_2,7.0,346.0,0.0,21468.0,54,U2OS_WT_2h_BR3,0.01611701136575368,U2OS,WT,2h,BR3,U2OS_WT
GFP_BAR_DSBR_2,2.0,323.0,0.0,21468.0,55,U2OS_WT_2h_BR3,0.0150456493385504,U2OS,WT,2h,BR3,U2OS_WT
GFP_BAR_DSBR_2,5.0,263.0,1.0,21468.0,56,U2OS_WT_2h_BR3,0.012250791876280977,U2OS,WT,2h,BR3,U2OS_WT
GFP_BAR_DSBR_2,11.0,237.0,0.0,21468.0,57,U2OS_WT_2h_BR3,0.011039686975964226,U2OS,WT,2h,BR3,U2OS_WT
GFP_BAR_DSBR_2,23.0,190.0,0.0,21468.0,58,U2OS_WT_2h_BR3,0.008850381963853177,U2OS,WT,2h,BR3,U2OS_WT
GFP_BAR_DSBR_2,2.0,168.0,0.0,21468.0,59,U2OS_WT_2h_BR3,0.007825600894354388,U2OS,WT,2h,BR3,U2OS_WT
GFP_BAR_DSBR_2,7.0,155.0,0.0,21468.0,60,U2OS_WT_2h_BR3,0.007220048444196013,U2OS,WT,2h,BR3,U2OS_WT
GFP_BAR_DSBR_2,10.0,142.0,0.0,21468.0,61,U2OS_WT_2h_BR3,0.0066144959940376375,U2OS,WT,2h,BR3,U2OS_WT
GFP_BAR_DSBR_2,4.0,121.0,0.0,21468.0,62,U2OS_WT_2h_BR3,0.005636295882243339,U2OS,WT,2h,BR3,U2OS_WT
GFP_BAR_DSBR_2,7.0,75.0,0.0,21468.0,63,U2OS_WT_2h_BR3,0.0034935718278367805,U2OS,WT,2h,BR3,U2OS_WT
GFP_BAR_DSBR_2,3.0,59.0,0.0,21468.0,64,U2OS_WT_2h_BR3,0.0027482765045649337,U2OS,WT,2h,BR3,U2OS_WT
GFP_BAR_DSBR_2,2.0,30.0,0.0,21468.0,65,U2OS_WT_2h_BR3,0.001397428731134712,U2OS,WT,2h,BR3,U2OS_WT
GFP_BAR_DSBR_2,8.0,4.0,0.0,21468.0,66,U2OS_WT_2h_BR3,0.0001863238308179616,U2OS,WT,2h,BR3,U2OS_WT
GFP_BAR_DSBR_2,0.0,0.0,0.0,21468.0,67,U2OS_WT_2h_BR3,0.0,U2OS,WT,2h,BR3,U2OS_WT
GFP_BAR_DSBR_2,0.0,0.0,0.0,21468.0,68,U2OS_WT_2h_BR3,0.0,U2OS,WT,2h,BR3,U2OS_WT
GFP_BAR_DSBR_2,0.0,0.0,0.0,21468.0,69,U2OS_WT_2h_BR3,0.0,U2OS,WT,2h,BR3,U2OS_WT
GFP_BAR_DSBR_2,0.0,0.0,0.0,21468.0,70,U2OS_WT_2h_BR3,0.0,U2OS,WT,2h,BR3,U2OS_WT
GFP_BAR_DSBR_2,0.0,0.0,0.0,21468.0,71,U2OS_WT_2h_BR3,0.0,U2OS,WT,2h,BR3,U2OS_WT
GFP_BAR_DSBR_2,0.0,0.0,22.0,21468.0,72,U2OS_WT_2h_BR3,0.0,U2OS,WT,2h,BR3,U2OS_WT
GFP_BAR_DSBR_2,6.0,0.0,4.0,21468.0,73,U2OS_WT_2h_BR3,0.0,U2OS,WT,2h,BR3,U2OS_WT
GFP_BAR_DSBR_2,42.0,24.0,0.0,21468.0,74,U2OS_WT_2h_BR3,0.0011179429849077697,U2OS,WT,2h,BR3,U2OS_WT
GFP_BAR_DSBR_2,11.0,0.0,0.0,21468.0,75,U2OS_WT_2h_BR3,0.0,U2OS,WT,2h,BR3,U2OS_WT
GFP_BAR_DSBR_2,5.0,0.0,0.0,21468.0,76,U2OS_WT_2h_BR3,0.0,U2OS,WT,2h,BR3,U2OS_WT
GFP_BAR_DSBR_2,4.0,0.0,0.0,21468.0,77,U2OS_WT_2h_BR3,0.0,U2OS,WT,2h,BR3,U2OS_WT
GFP_BAR_DSBR_2,5.0,0.0,0.0,21468.0,78,U2OS_WT_2h_BR3,0.0,U2OS,WT,2h,BR3,U2OS_WT
GFP_BAR_DSBR_2,0.0,0.0,0.0,21468.0,79,U2OS_WT_2h_BR3,0.0,U2OS,WT,2h,BR3,U2OS_WT
GFP_BAR_DSBR_2,4.0,0.0,0.0,21468.0,80,U2OS_WT_2h_BR3,0.0,U2OS,WT,2h,BR3,U2OS_WT
GFP_BAR_DSBR_2,0.0,0.0,0.0,21468.0,81,U2OS_WT_2h_BR3,0.0,U2OS,WT,2h,BR3,U2OS_WT
GFP_BAR_DSBR_2,3.0,0.0,0.0,21468.0,82,U2OS_WT_2h_BR3,0.0,U2OS,WT,2h,BR3,U2OS_WT
GFP_BAR_DSBR_2,1.0,0.0,0.0,21468.0,83,U2OS_WT_2h_BR3,0.0,U2OS,WT,2h,BR3,U2OS_WT
GFP_BAR_DSBR_2,8.0,0.0,0.0,21468.0,84,U2OS_WT_2h_BR3,0.0,U2OS,WT,2h,BR3,U2OS_WT
GFP_BAR_DSBR_2,1.0,0.0,0.0,21468.0,85,U2OS_WT_2h_BR3,0.0,U2OS,WT,2h,BR3,U2OS_WT
GFP_BAR_DSBR_2,5.0,0.0,0.0,21468.0,86,U2OS_WT_2h_BR3,0.0,U2OS,WT,2h,BR3,U2OS_WT
GFP_BAR_DSBR_2,1.0,0.0,0.0,21468.0,87,U2OS_WT_2h_BR3,0.0,U2OS,WT,2h,BR3,U2OS_WT
GFP_BAR_DSBR_2,1.0,0.0,0.0,21468.0,88,U2OS_WT_2h_BR3,0.0,U2OS,WT,2h,BR3,U2OS_WT
GFP_BAR_DSBR_2,6.0,0.0,0.0,21468.0,89,U2OS_WT_2h_BR3,0.0,U2OS,WT,2h,BR3,U2OS_WT
GFP_BAR_DSBR_2,3.0,0.0,0.0,21468.0,90,U2OS_WT_2h_BR3,0.0,U2OS,WT,2h,BR3,U2OS_WT
GFP_BAR_DSBR_2,1.0,0.0,0.0,21468.0,91,U2OS_WT_2h_BR3,0.0,U2OS,WT,2h,BR3,U2OS_WT
GFP_BAR_DSBR_2,3.0,0.0,0.0,21468.0,92,U2OS_WT_2h_BR3,0.0,U2OS,WT,2h,BR3,U2OS_WT
GFP_BAR_DSBR_2,5.0,0.0,0.0,21468.0,93,U2OS_WT_2h_BR3,0.0,U2OS,WT,2h,BR3,U2OS_WT
GFP_BAR_DSBR_2,8.0,0.0,0.0,21468.0,94,U2OS_WT_2h_BR3,0.0,U2OS,WT,2h,BR3,U2OS_WT
GFP_BAR_DSBR_2,4.0,0.0,0.0,21468.0,95,U2OS_WT_2h_BR3,0.0,U2OS,WT,2h,BR3,U2OS_WT
GFP_BAR_DSBR_2,11.0,0.0,0.0,26729.0,1,U2OS_WT_4h_BR3,0.0,U2OS,WT,4h,BR3,U2OS_WT
GFP_BAR_DSBR_2,5.0,0.0,0.0,26729.0,2,U2OS_WT_4h_BR3,0.0,U2OS,WT,4h,BR3,U2OS_WT
GFP_BAR_DSBR_2,1.0,0.0,0.0,26729.0,3,U2OS_WT_4h_BR3,0.0,U2OS,WT,4h,BR3,U2OS_WT
GFP_BAR_DSBR_2,4.0,0.0,0.0,26729.0,4,U2OS_WT_4h_BR3,0.0,U2OS,WT,4h,BR3,U2OS_WT
GFP_BAR_DSBR_2,5.0,0.0,0.0,26729.0,5,U2OS_WT_4h_BR3,0.0,U2OS,WT,4h,BR3,U2OS_WT
GFP_BAR_DSBR_2,4.0,0.0,0.0,26729.0,6,U2OS_WT_4h_BR3,0.0,U2OS,WT,4h,BR3,U2OS_WT
GFP_BAR_DSBR_2,7.0,0.0,0.0,26729.0,7,U2OS_WT_4h_BR3,0.0,U2OS,WT,4h,BR3,U2OS_WT
GFP_BAR_DSBR_2,8.0,0.0,0.0,26729.0,8,U2OS_WT_4h_BR3,0.0,U2OS,WT,4h,BR3,U2OS_WT
GFP_BAR_DSBR_2,7.0,0.0,0.0,26729.0,9,U2OS_WT_4h_BR3,0.0,U2OS,WT,4h,BR3,U2OS_WT
GFP_BAR_DSBR_2,2.0,0.0,0.0,26729.0,10,U2OS_WT_4h_BR3,0.0,U2OS,WT,4h,BR3,U2OS_WT
GFP_BAR_DSBR_2,7.0,0.0,0.0,26729.0,11,U2OS_WT_4h_BR3,0.0,U2OS,WT,4h,BR3,U2OS_WT
GFP_BAR_DSBR_2,3.0,0.0,0.0,26729.0,12,U2OS_WT_4h_BR3,0.0,U2OS,WT,4h,BR3,U2OS_WT
GFP_BAR_DSBR_2,3.0,0.0,0.0,26729.0,13,U2OS_WT_4h_BR3,0.0,U2OS,WT,4h,BR3,U2OS_WT
GFP_BAR_DSBR_2,7.0,0.0,0.0,26729.0,14,U2OS_WT_4h_BR3,0.0,U2OS,WT,4h,BR3,U2OS_WT
GFP_BAR_DSBR_2,21.0,0.0,0.0,26729.0,15,U2OS_WT_4h_BR3,0.0,U2OS,WT,4h,BR3,U2OS_WT
GFP_BAR_DSBR_2,3.0,11.0,0.0,26729.0,16,U2OS_WT_4h_BR3,0.00041153802985521344,U2OS,WT,4h,BR3,U2OS_WT
GFP_BAR_DSBR_2,9.0,23.0,0.0,26729.0,17,U2OS_WT_4h_BR3,0.0008604886078790826,U2OS,WT,4h,BR3,U2OS_WT
GFP_BAR_DSBR_2,15.0,73.0,0.0,26729.0,18,U2OS_WT_4h_BR3,0.002731116016311871,U2OS,WT,4h,BR3,U2OS_WT
GFP_BAR_DSBR_2,10.0,94.0,0.0,26729.0,19,U2OS_WT_4h_BR3,0.003516779527853642,U2OS,WT,4h,BR3,U2OS_WT
GFP_BAR_DSBR_2,10.0,138.0,0.0,26729.0,20,U2OS_WT_4h_BR3,0.005162931647274496,U2OS,WT,4h,BR3,U2OS_WT
GFP_BAR_DSBR_2,7.0,185.0,0.0,26729.0,21,U2OS_WT_4h_BR3,0.006921321411201317,U2OS,WT,4h,BR3,U2OS_WT
GFP_BAR_DSBR_2,4.0,276.0,0.0,26729.0,22,U2OS_WT_4h_BR3,0.010325863294548992,U2OS,WT,4h,BR3,U2OS_WT
GFP_BAR_DSBR_2,11.0,309.0,0.0,26729.0,23,U2OS_WT_4h_BR3,0.011560477384114632,U2OS,WT,4h,BR3,U2OS_WT
GFP_BAR_DSBR_2,3.0,359.0,0.0,26729.0,24,U2OS_WT_4h_BR3,0.013431104792547421,U2OS,WT,4h,BR3,U2OS_WT
GFP_BAR_DSBR_2,2.0,422.0,0.0,26729.0,25,U2OS_WT_4h_BR3,0.015788095327172735,U2OS,WT,4h,BR3,U2OS_WT
GFP_BAR_DSBR_2,13.0,514.0,0.0,26729.0,26,U2OS_WT_4h_BR3,0.019230049758689065,U2OS,WT,4h,BR3,U2OS_WT
GFP_BAR_DSBR_2,7.0,561.0,0.0,26729.0,27,U2OS_WT_4h_BR3,0.020988439522615886,U2OS,WT,4h,BR3,U2OS_WT
GFP_BAR_DSBR_2,13.0,615.0,0.0,26729.0,28,U2OS_WT_4h_BR3,0.023008717123723297,U2OS,WT,4h,BR3,U2OS_WT
GFP_BAR_DSBR_2,6.0,670.0,0.0,26729.0,29,U2OS_WT_4h_BR3,0.025066407272999365,U2OS,WT,4h,BR3,U2OS_WT
GFP_BAR_DSBR_2,5.0,736.0,0.0,26729.0,30,U2OS_WT_4h_BR3,0.027535635452130645,U2OS,WT,4h,BR3,U2OS_WT
GFP_BAR_DSBR_2,5.0,810.0,0.0,26729.0,31,U2OS_WT_4h_BR3,0.030304164016611172,U2OS,WT,4h,BR3,U2OS_WT
GFP_BAR_DSBR_2,5.0,826.0,0.0,26729.0,32,U2OS_WT_4h_BR3,0.030902764787309665,U2OS,WT,4h,BR3,U2OS_WT
GFP_BAR_DSBR_2,9.0,890.0,0.0,26729.0,33,U2OS_WT_4h_BR3,0.03329716787010363,U2OS,WT,4h,BR3,U2OS_WT
GFP_BAR_DSBR_2,6.0,1114.0,2.0,26729.0,34,U2OS_WT_4h_BR3,0.041677578659882523,U2OS,WT,4h,BR3,U2OS_WT
GFP_BAR_DSBR_2,20.0,1398.0,0.0,26729.0,35,U2OS_WT_4h_BR3,0.052302742339780765,U2OS,WT,4h,BR3,U2OS_WT
GFP_BAR_DSBR_2,5.0,1441.0,0.0,26729.0,36,U2OS_WT_4h_BR3,0.05391148191103296,U2OS,WT,4h,BR3,U2OS_WT
GFP_BAR_DSBR_2,6.0,1474.0,0.0,26729.0,37,U2OS_WT_4h_BR3,0.0551460960005986,U2OS,WT,4h,BR3,U2OS_WT
GFP_BAR_DSBR_2,3.0,1576.0,0.0,26729.0,38,U2OS_WT_4h_BR3,0.05896217591380149,U2OS,WT,4h,BR3,U2OS_WT
GFP_BAR_DSBR_2,5.0,1744.0,0.0,26729.0,39,U2OS_WT_4h_BR3,0.06524748400613566,U2OS,WT,4h,BR3,U2OS_WT
GFP_BAR_DSBR_2,8.0,1810.0,0.0,26729.0,40,U2OS_WT_4h_BR3,0.06771671218526694,U2OS,WT,4h,BR3,U2OS_WT
GFP_BAR_DSBR_2,8.0,1963.0,0.0,26729.0,41,U2OS_WT_4h_BR3,0.07344083205507126,U2OS,WT,4h,BR3,U2OS_WT
GFP_BAR_DSBR_2,7.0,1976.0,2.0,26729.0,42,U2OS_WT_4h_BR3,0.0739271951812638,U2OS,WT,4h,BR3,U2OS_WT
GFP_BAR_DSBR_2,6.0,2357.0,14.0,26729.0,43,U2OS_WT_4h_BR3,0.08818137603352165,U2OS,WT,4h,BR3,U2OS_WT
GFP_BAR_DSBR_2,27.0,2437.0,41.0,26729.0,44,U2OS_WT_4h_BR3,0.0911743798870141,U2OS,WT,4h,BR3,U2OS_WT
GFP_BAR_DSBR_2,17.0,2052.0,0.0,26729.0,45,U2OS_WT_4h_BR3,0.07677054884208163,U2OS,WT,4h,BR3,U2OS_WT
GFP_BAR_DSBR_2,10.0,1899.0,0.0,26729.0,46,U2OS_WT_4h_BR3,0.0710464289722773,U2OS,WT,4h,BR3,U2OS_WT
GFP_BAR_DSBR_2,3.0,1753.0,1.0,26729.0,47,U2OS_WT_4h_BR3,0.06558419693965356,U2OS,WT,4h,BR3,U2OS_WT
GFP_BAR_DSBR_2,8.0,1426.0,6.0,26729.0,48,U2OS_WT_4h_BR3,0.05335029368850312,U2OS,WT,4h,BR3,U2OS_WT
GFP_BAR_DSBR_2,23.0,1164.0,0.0,26729.0,49,U2OS_WT_4h_BR3,0.04354820606831531,U2OS,WT,4h,BR3,U2OS_WT
GFP_BAR_DSBR_2,6.0,1017.0,0.0,26729.0,50,U2OS_WT_4h_BR3,0.03804856148752291,U2OS,WT,4h,BR3,U2OS_WT
GFP_BAR_DSBR_2,6.0,972.0,0.0,26729.0,51,U2OS_WT_4h_BR3,0.0363649968199334,U2OS,WT,4h,BR3,U2OS_WT
GFP_BAR_DSBR_2,6.0,951.0,0.0,26729.0,52,U2OS_WT_4h_BR3,0.035579333308391636,U2OS,WT,4h,BR3,U2OS_WT
GFP_BAR_DSBR_2,14.0,905.0,1.0,26729.0,53,U2OS_WT_4h_BR3,0.03385835609263347,U2OS,WT,4h,BR3,U2OS_WT
GFP_BAR_DSBR_2,3.0,866.0,0.0,26729.0,54,U2OS_WT_4h_BR3,0.032399266714055894,U2OS,WT,4h,BR3,U2OS_WT
GFP_BAR_DSBR_2,6.0,804.0,0.0,26729.0,55,U2OS_WT_4h_BR3,0.030079688727599238,U2OS,WT,4h,BR3,U2OS_WT
GFP_BAR_DSBR_2,9.0,668.0,1.0,26729.0,56,U2OS_WT_4h_BR3,0.02499158217666205,U2OS,WT,4h,BR3,U2OS_WT
GFP_BAR_DSBR_2,11.0,614.0,0.0,26729.0,57,U2OS_WT_4h_BR3,0.02297130457555464,U2OS,WT,4h,BR3,U2OS_WT
GFP_BAR_DSBR_2,12.0,455.0,0.0,26729.0,58,U2OS_WT_4h_BR3,0.017022709416738373,U2OS,WT,4h,BR3,U2OS_WT
GFP_BAR_DSBR_2,6.0,396.0,0.0,26729.0,59,U2OS_WT_4h_BR3,0.014815369074787683,U2OS,WT,4h,BR3,U2OS_WT
GFP_BAR_DSBR_2,5.0,346.0,0.0,26729.0,60,U2OS_WT_4h_BR3,0.012944741666354896,U2OS,WT,4h,BR3,U2OS_WT
GFP_BAR_DSBR_2,9.0,293.0,0.0,26729.0,61,U2OS_WT_4h_BR3,0.01096187661341614,U2OS,WT,4h,BR3,U2OS_WT
GFP_BAR_DSBR_2,7.0,241.0,0.0,26729.0,62,U2OS_WT_4h_BR3,0.00901642410864604,U2OS,WT,4h,BR3,U2OS_WT
GFP_BAR_DSBR_2,3.0,155.0,0.0,26729.0,63,U2OS_WT_4h_BR3,0.005798944966141644,U2OS,WT,4h,BR3,U2OS_WT
GFP_BAR_DSBR_2,9.0,114.0,0.0,26729.0,64,U2OS_WT_4h_BR3,0.004265030491226758,U2OS,WT,4h,BR3,U2OS_WT
GFP_BAR_DSBR_2,2.0,64.0,0.0,26729.0,65,U2OS_WT_4h_BR3,0.002394403082793969,U2OS,WT,4h,BR3,U2OS_WT
GFP_BAR_DSBR_2,10.0,8.0,0.0,26729.0,66,U2OS_WT_4h_BR3,0.0002993003853492461,U2OS,WT,4h,BR3,U2OS_WT
GFP_BAR_DSBR_2,0.0,0.0,0.0,26729.0,67,U2OS_WT_4h_BR3,0.0,U2OS,WT,4h,BR3,U2OS_WT
GFP_BAR_DSBR_2,0.0,0.0,0.0,26729.0,68,U2OS_WT_4h_BR3,0.0,U2OS,WT,4h,BR3,U2OS_WT
GFP_BAR_DSBR_2,0.0,0.0,0.0,26729.0,69,U2OS_WT_4h_BR3,0.0,U2OS,WT,4h,BR3,U2OS_WT
GFP_BAR_DSBR_2,0.0,0.0,0.0,26729.0,70,U2OS_WT_4h_BR3,0.0,U2OS,WT,4h,BR3,U2OS_WT
GFP_BAR_DSBR_2,0.0,0.0,0.0,26729.0,71,U2OS_WT_4h_BR3,0.0,U2OS,WT,4h,BR3,U2OS_WT
GFP_BAR_DSBR_2,0.0,0.0,24.0,26729.0,72,U2OS_WT_4h_BR3,0.0,U2OS,WT,4h,BR3,U2OS_WT
GFP_BAR_DSBR_2,11.0,0.0,1.0,26729.0,73,U2OS_WT_4h_BR3,0.0,U2OS,WT,4h,BR3,U2OS_WT
GFP_BAR_DSBR_2,49.0,23.0,4.0,26729.0,74,U2OS_WT_4h_BR3,0.0008604886078790826,U2OS,WT,4h,BR3,U2OS_WT
GFP_BAR_DSBR_2,7.0,0.0,0.0,26729.0,75,U2OS_WT_4h_BR3,0.0,U2OS,WT,4h,BR3,U2OS_WT
GFP_BAR_DSBR_2,5.0,0.0,0.0,26729.0,76,U2OS_WT_4h_BR3,0.0,U2OS,WT,4h,BR3,U2OS_WT
GFP_BAR_DSBR_2,3.0,0.0,0.0,26729.0,77,U2OS_WT_4h_BR3,0.0,U2OS,WT,4h,BR3,U2OS_WT
GFP_BAR_DSBR_2,9.0,0.0,0.0,26729.0,78,U2OS_WT_4h_BR3,0.0,U2OS,WT,4h,BR3,U2OS_WT
GFP_BAR_DSBR_2,5.0,0.0,0.0,26729.0,79,U2OS_WT_4h_BR3,0.0,U2OS,WT,4h,BR3,U2OS_WT
GFP_BAR_DSBR_2,10.0,0.0,0.0,26729.0,80,U2OS_WT_4h_BR3,0.0,U2OS,WT,4h,BR3,U2OS_WT
GFP_BAR_DSBR_2,5.0,0.0,0.0,26729.0,81,U2OS_WT_4h_BR3,0.0,U2OS,WT,4h,BR3,U2OS_WT
GFP_BAR_DSBR_2,1.0,0.0,0.0,26729.0,82,U2OS_WT_4h_BR3,0.0,U2OS,WT,4h,BR3,U2OS_WT
GFP_BAR_DSBR_2,2.0,0.0,0.0,26729.0,83,U2OS_WT_4h_BR3,0.0,U2OS,WT,4h,BR3,U2OS_WT
GFP_BAR_DSBR_2,10.0,0.0,0.0,26729.0,84,U2OS_WT_4h_BR3,0.0,U2OS,WT,4h,BR3,U2OS_WT
GFP_BAR_DSBR_2,2.0,0.0,0.0,26729.0,85,U2OS_WT_4h_BR3,0.0,U2OS,WT,4h,BR3,U2OS_WT
GFP_BAR_DSBR_2,7.0,0.0,0.0,26729.0,86,U2OS_WT_4h_BR3,0.0,U2OS,WT,4h,BR3,U2OS_WT
GFP_BAR_DSBR_2,2.0,0.0,0.0,26729.0,87,U2OS_WT_4h_BR3,0.0,U2OS,WT,4h,BR3,U2OS_WT
GFP_BAR_DSBR_2,8.0,0.0,0.0,26729.0,88,U2OS_WT_4h_BR3,0.0,U2OS,WT,4h,BR3,U2OS_WT
GFP_BAR_DSBR_2,7.0,0.0,0.0,26729.0,89,U2OS_WT_4h_BR3,0.0,U2OS,WT,4h,BR3,U2OS_WT
GFP_BAR_DSBR_2,7.0,0.0,0.0,26729.0,90,U2OS_WT_4h_BR3,0.0,U2OS,WT,4h,BR3,U2OS_WT
GFP_BAR_DSBR_2,1.0,0.0,0.0,26729.0,91,U2OS_WT_4h_BR3,0.0,U2OS,WT,4h,BR3,U2OS_WT
GFP_BAR_DSBR_2,3.0,0.0,0.0,26729.0,92,U2OS_WT_4h_BR3,0.0,U2OS,WT,4h,BR3,U2OS_WT
GFP_BAR_DSBR_2,7.0,0.0,0.0,26729.0,93,U2OS_WT_4h_BR3,0.0,U2OS,WT,4h,BR3,U2OS_WT
GFP_BAR_DSBR_2,6.0,0.0,0.0,26729.0,94,U2OS_WT_4h_BR3,0.0,U2OS,WT,4h,BR3,U2OS_WT
GFP_BAR_DSBR_2,4.0,0.0,0.0,26729.0,95,U2OS_WT_4h_BR3,0.0,U2OS,WT,4h,BR3,U2OS_WT
GFP_BAR_DSBR_2,3.0,0.0,0.0,10888.0,1,U2OS_WT_24h_BR3,0.0,U2OS,WT,24h,BR3,U2OS_WT
GFP_BAR_DSBR_2,7.0,0.0,0.0,10888.0,2,U2OS_WT_24h_BR3,0.0,U2OS,WT,24h,BR3,U2OS_WT
GFP_BAR_DSBR_2,3.0,0.0,0.0,10888.0,3,U2OS_WT_24h_BR3,0.0,U2OS,WT,24h,BR3,U2OS_WT
GFP_BAR_DSBR_2,3.0,0.0,0.0,10888.0,4,U2OS_WT_24h_BR3,0.0,U2OS,WT,24h,BR3,U2OS_WT
GFP_BAR_DSBR_2,1.0,0.0,0.0,10888.0,5,U2OS_WT_24h_BR3,0.0,U2OS,WT,24h,BR3,U2OS_WT
GFP_BAR_DSBR_2,0.0,0.0,0.0,10888.0,6,U2OS_WT_24h_BR3,0.0,U2OS,WT,24h,BR3,U2OS_WT
GFP_BAR_DSBR_2,0.0,0.0,0.0,10888.0,7,U2OS_WT_24h_BR3,0.0,U2OS,WT,24h,BR3,U2OS_WT
GFP_BAR_DSBR_2,2.0,0.0,0.0,10888.0,8,U2OS_WT_24h_BR3,0.0,U2OS,WT,24h,BR3,U2OS_WT
GFP_BAR_DSBR_2,1.0,0.0,0.0,10888.0,9,U2OS_WT_24h_BR3,0.0,U2OS,WT,24h,BR3,U2OS_WT
GFP_BAR_DSBR_2,1.0,0.0,0.0,10888.0,10,U2OS_WT_24h_BR3,0.0,U2OS,WT,24h,BR3,U2OS_WT
GFP_BAR_DSBR_2,2.0,0.0,0.0,10888.0,11,U2OS_WT_24h_BR3,0.0,U2OS,WT,24h,BR3,U2OS_WT
GFP_BAR_DSBR_2,0.0,0.0,0.0,10888.0,12,U2OS_WT_24h_BR3,0.0,U2OS,WT,24h,BR3,U2OS_WT
GFP_BAR_DSBR_2,3.0,0.0,0.0,10888.0,13,U2OS_WT_24h_BR3,0.0,U2OS,WT,24h,BR3,U2OS_WT
GFP_BAR_DSBR_2,2.0,0.0,0.0,10888.0,14,U2OS_WT_24h_BR3,0.0,U2OS,WT,24h,BR3,U2OS_WT
GFP_BAR_DSBR_2,5.0,0.0,0.0,10888.0,15,U2OS_WT_24h_BR3,0.0,U2OS,WT,24h,BR3,U2OS_WT
GFP_BAR_DSBR_2,3.0,20.0,0.0,10888.0,16,U2OS_WT_24h_BR3,0.0018368846436443791,U2OS,WT,24h,BR3,U2OS_WT
GFP_BAR_DSBR_2,2.0,39.0,0.0,10888.0,17,U2OS_WT_24h_BR3,0.0035819250551065392,U2OS,WT,24h,BR3,U2OS_WT
GFP_BAR_DSBR_2,4.0,120.0,0.0,10888.0,18,U2OS_WT_24h_BR3,0.011021307861866276,U2OS,WT,24h,BR3,U2OS_WT
GFP_BAR_DSBR_2,2.0,152.0,0.0,10888.0,19,U2OS_WT_24h_BR3,0.013960323291697281,U2OS,WT,24h,BR3,U2OS_WT
GFP_BAR_DSBR_2,2.0,233.0,0.0,10888.0,20,U2OS_WT_24h_BR3,0.021399706098457018,U2OS,WT,24h,BR3,U2OS_WT
GFP_BAR_DSBR_2,5.0,314.0,0.0,10888.0,21,U2OS_WT_24h_BR3,0.02883908890521675,U2OS,WT,24h,BR3,U2OS_WT
GFP_BAR_DSBR_2,2.0,416.0,0.0,10888.0,22,U2OS_WT_24h_BR3,0.03820720058780309,U2OS,WT,24h,BR3,U2OS_WT
GFP_BAR_DSBR_2,2.0,479.0,0.0,10888.0,23,U2OS_WT_24h_BR3,0.043993387215282884,U2OS,WT,24h,BR3,U2OS_WT
GFP_BAR_DSBR_2,3.0,543.0,0.0,10888.0,24,U2OS_WT_24h_BR3,0.04987141807494489,U2OS,WT,24h,BR3,U2OS_WT
GFP_BAR_DSBR_2,2.0,627.0,0.0,10888.0,25,U2OS_WT_24h_BR3,0.057586333578251284,U2OS,WT,24h,BR3,U2OS_WT
GFP_BAR_DSBR_2,1.0,708.0,0.0,10888.0,26,U2OS_WT_24h_BR3,0.06502571638501102,U2OS,WT,24h,BR3,U2OS_WT
GFP_BAR_DSBR_2,2.0,758.0,0.0,10888.0,27,U2OS_WT_24h_BR3,0.06961792799412198,U2OS,WT,24h,BR3,U2OS_WT
GFP_BAR_DSBR_2,4.0,820.0,0.0,10888.0,28,U2OS_WT_24h_BR3,0.07531227038941954,U2OS,WT,24h,BR3,U2OS_WT
GFP_BAR_DSBR_2,1.0,865.0,0.0,10888.0,29,U2OS_WT_24h_BR3,0.0794452608376194,U2OS,WT,24h,BR3,U2OS_WT
GFP_BAR_DSBR_2,5.0,918.0,0.0,10888.0,30,U2OS_WT_24h_BR3,0.084313005143277,U2OS,WT,24h,BR3,U2OS_WT
GFP_BAR_DSBR_2,1.0,995.0,0.0,10888.0,31,U2OS_WT_24h_BR3,0.09138501102130786,U2OS,WT,24h,BR3,U2OS_WT
GFP_BAR_DSBR_2,3.0,1014.0,0.0,10888.0,32,U2OS_WT_24h_BR3,0.09313005143277002,U2OS,WT,24h,BR3,U2OS_WT
GFP_BAR_DSBR_2,2.0,1085.0,0.0,10888.0,33,U2OS_WT_24h_BR3,0.09965099191770757,U2OS,WT,24h,BR3,U2OS_WT
GFP_BAR_DSBR_2,5.0,1305.0,0.0,10888.0,34,U2OS_WT_24h_BR3,0.11985672299779573,U2OS,WT,24h,BR3,U2OS_WT
GFP_BAR_DSBR_2,9.0,1644.0,0.0,10888.0,35,U2OS_WT_24h_BR3,0.15099191770756795,U2OS,WT,24h,BR3,U2OS_WT
GFP_BAR_DSBR_2,2.0,1667.0,0.0,10888.0,36,U2OS_WT_24h_BR3,0.153104335047759,U2OS,WT,24h,BR3,U2OS_WT
GFP_BAR_DSBR_2,4.0,1695.0,0.0,10888.0,37,U2OS_WT_24h_BR3,0.15567597354886112,U2OS,WT,24h,BR3,U2OS_WT
GFP_BAR_DSBR_2,2.0,1778.0,0.0,10888.0,38,U2OS_WT_24h_BR3,0.1632990448199853,U2OS,WT,24h,BR3,U2OS_WT
GFP_BAR_DSBR_2,3.0,1911.0,0.0,10888.0,39,U2OS_WT_24h_BR3,0.17551432770022043,U2OS,WT,24h,BR3,U2OS_WT
GFP_BAR_DSBR_2,2.0,1970.0,0.0,10888.0,40,U2OS_WT_24h_BR3,0.18093313739897135,U2OS,WT,24h,BR3,U2OS_WT
GFP_BAR_DSBR_2,2.0,2091.0,0.0,10888.0,41,U2OS_WT_24h_BR3,0.19204628949301983,U2OS,WT,24h,BR3,U2OS_WT
GFP_BAR_DSBR_2,2.0,2109.0,0.0,10888.0,42,U2OS_WT_24h_BR3,0.19369948567229978,U2OS,WT,24h,BR3,U2OS_WT
GFP_BAR_DSBR_2,1.0,2363.0,4.0,10888.0,43,U2OS_WT_24h_BR3,0.21702792064658338,U2OS,WT,24h,BR3,U2OS_WT
GFP_BAR_DSBR_2,4.0,2455.0,33.0,10888.0,44,U2OS_WT_24h_BR3,0.22547759000734754,U2OS,WT,24h,BR3,U2OS_WT
GFP_BAR_DSBR_2,1.0,2165.0,1.0,10888.0,45,U2OS_WT_24h_BR3,0.19884276267450404,U2OS,WT,24h,BR3,U2OS_WT
GFP_BAR_DSBR_2,2.0,2040.0,0.0,10888.0,46,U2OS_WT_24h_BR3,0.18736223365172666,U2OS,WT,24h,BR3,U2OS_WT
GFP_BAR_DSBR_2,7.0,1921.0,0.0,10888.0,47,U2OS_WT_24h_BR3,0.1764327700220426,U2OS,WT,24h,BR3,U2OS_WT
GFP_BAR_DSBR_2,4.0,1652.0,0.0,10888.0,48,U2OS_WT_24h_BR3,0.15172667156502573,U2OS,WT,24h,BR3,U2OS_WT
GFP_BAR_DSBR_2,10.0,1331.0,1.0,10888.0,49,U2OS_WT_24h_BR3,0.12224467303453343,U2OS,WT,24h,BR3,U2OS_WT
GFP_BAR_DSBR_2,6.0,1179.0,0.0,10888.0,50,U2OS_WT_24h_BR3,0.10828434974283616,U2OS,WT,24h,BR3,U2OS_WT
GFP_BAR_DSBR_2,2.0,1128.0,0.0,10888.0,51,U2OS_WT_24h_BR3,0.10360029390154299,U2OS,WT,24h,BR3,U2OS_WT
GFP_BAR_DSBR_2,1.0,1108.0,0.0,10888.0,52,U2OS_WT_24h_BR3,0.1017634092578986,U2OS,WT,24h,BR3,U2OS_WT
GFP_BAR_DSBR_2,0.0,1063.0,0.0,10888.0,53,U2OS_WT_24h_BR3,0.09763041880969875,U2OS,WT,24h,BR3,U2OS_WT
GFP_BAR_DSBR_2,2.0,1027.0,0.0,10888.0,54,U2OS_WT_24h_BR3,0.09432402645113887,U2OS,WT,24h,BR3,U2OS_WT
GFP_BAR_DSBR_2,3.0,967.0,0.0,10888.0,55,U2OS_WT_24h_BR3,0.08881337252020573,U2OS,WT,24h,BR3,U2OS_WT
GFP_BAR_DSBR_2,3.0,822.0,0.0,10888.0,56,U2OS_WT_24h_BR3,0.07549595885378398,U2OS,WT,24h,BR3,U2OS_WT
GFP_BAR_DSBR_2,4.0,756.0,0.0,10888.0,57,U2OS_WT_24h_BR3,0.06943423952975752,U2OS,WT,24h,BR3,U2OS_WT
GFP_BAR_DSBR_2,8.0,588.0,0.0,10888.0,58,U2OS_WT_24h_BR3,0.05400440852314475,U2OS,WT,24h,BR3,U2OS_WT
GFP_BAR_DSBR_2,2.0,521.0,0.0,10888.0,59,U2OS_WT_24h_BR3,0.047850844966936076,U2OS,WT,24h,BR3,U2OS_WT
GFP_BAR_DSBR_2,4.0,467.0,0.0,10888.0,60,U2OS_WT_24h_BR3,0.042891256429096254,U2OS,WT,24h,BR3,U2OS_WT
GFP_BAR_DSBR_2,5.0,411.0,0.0,10888.0,61,U2OS_WT_24h_BR3,0.03774797942689199,U2OS,WT,24h,BR3,U2OS_WT
GFP_BAR_DSBR_2,5.0,356.0,0.0,10888.0,62,U2OS_WT_24h_BR3,0.03269654665686995,U2OS,WT,24h,BR3,U2OS_WT
GFP_BAR_DSBR_2,6.0,255.0,0.0,10888.0,63,U2OS_WT_24h_BR3,0.023420279206465833,U2OS,WT,24h,BR3,U2OS_WT
GFP_BAR_DSBR_2,5.0,199.0,0.0,10888.0,64,U2OS_WT_24h_BR3,0.018277002204261573,U2OS,WT,24h,BR3,U2OS_WT
GFP_BAR_DSBR_2,6.0,118.0,0.0,10888.0,65,U2OS_WT_24h_BR3,0.010837619397501837,U2OS,WT,24h,BR3,U2OS_WT
GFP_BAR_DSBR_2,3.0,21.0,0.0,10888.0,66,U2OS_WT_24h_BR3,0.001928728875826598,U2OS,WT,24h,BR3,U2OS_WT
GFP_BAR_DSBR_2,0.0,0.0,0.0,10888.0,67,U2OS_WT_24h_BR3,0.0,U2OS,WT,24h,BR3,U2OS_WT
GFP_BAR_DSBR_2,0.0,0.0,0.0,10888.0,68,U2OS_WT_24h_BR3,0.0,U2OS,WT,24h,BR3,U2OS_WT
GFP_BAR_DSBR_2,0.0,0.0,0.0,10888.0,69,U2OS_WT_24h_BR3,0.0,U2OS,WT,24h,BR3,U2OS_WT
GFP_BAR_DSBR_2,0.0,0.0,0.0,10888.0,70,U2OS_WT_24h_BR3,0.0,U2OS,WT,24h,BR3,U2OS_WT
GFP_BAR_DSBR_2,0.0,0.0,0.0,10888.0,71,U2OS_WT_24h_BR3,0.0,U2OS,WT,24h,BR3,U2OS_WT
GFP_BAR_DSBR_2,0.0,0.0,10.0,10888.0,72,U2OS_WT_24h_BR3,0.0,U2OS,WT,24h,BR3,U2OS_WT
GFP_BAR_DSBR_2,3.0,0.0,0.0,10888.0,73,U2OS_WT_24h_BR3,0.0,U2OS,WT,24h,BR3,U2OS_WT
GFP_BAR_DSBR_2,17.0,6.0,0.0,10888.0,74,U2OS_WT_24h_BR3,0.0005510653930933138,U2OS,WT,24h,BR3,U2OS_WT
GFP_BAR_DSBR_2,3.0,0.0,0.0,10888.0,75,U2OS_WT_24h_BR3,0.0,U2OS,WT,24h,BR3,U2OS_WT
GFP_BAR_DSBR_2,2.0,0.0,0.0,10888.0,76,U2OS_WT_24h_BR3,0.0,U2OS,WT,24h,BR3,U2OS_WT
GFP_BAR_DSBR_2,4.0,0.0,0.0,10888.0,77,U2OS_WT_24h_BR3,0.0,U2OS,WT,24h,BR3,U2OS_WT
GFP_BAR_DSBR_2,1.0,0.0,0.0,10888.0,78,U2OS_WT_24h_BR3,0.0,U2OS,WT,24h,BR3,U2OS_WT
GFP_BAR_DSBR_2,3.0,0.0,0.0,10888.0,79,U2OS_WT_24h_BR3,0.0,U2OS,WT,24h,BR3,U2OS_WT
GFP_BAR_DSBR_2,5.0,0.0,0.0,10888.0,80,U2OS_WT_24h_BR3,0.0,U2OS,WT,24h,BR3,U2OS_WT
GFP_BAR_DSBR_2,0.0,0.0,0.0,10888.0,81,U2OS_WT_24h_BR3,0.0,U2OS,WT,24h,BR3,U2OS_WT
GFP_BAR_DSBR_2,2.0,0.0,0.0,10888.0,82,U2OS_WT_24h_BR3,0.0,U2OS,WT,24h,BR3,U2OS_WT
GFP_BAR_DSBR_2,4.0,0.0,0.0,10888.0,83,U2OS_WT_24h_BR3,0.0,U2OS,WT,24h,BR3,U2OS_WT
GFP_BAR_DSBR_2,0.0,0.0,0.0,10888.0,84,U2OS_WT_24h_BR3,0.0,U2OS,WT,24h,BR3,U2OS_WT
GFP_BAR_DSBR_2,2.0,0.0,0.0,10888.0,85,U2OS_WT_24h_BR3,0.0,U2OS,WT,24h,BR3,U2OS_WT
GFP_BAR_DSBR_2,2.0,0.0,0.0,10888.0,86,U2OS_WT_24h_BR3,0.0,U2OS,WT,24h,BR3,U2OS_WT
GFP_BAR_DSBR_2,1.0,0.0,0.0,10888.0,87,U2OS_WT_24h_BR3,0.0,U2OS,WT,24h,BR3,U2OS_WT
GFP_BAR_DSBR_2,3.0,0.0,0.0,10888.0,88,U2OS_WT_24h_BR3,0.0,U2OS,WT,24h,BR3,U2OS_WT
GFP_BAR_DSBR_2,2.0,0.0,0.0,10888.0,89,U2OS_WT_24h_BR3,0.0,U2OS,WT,24h,BR3,U2OS_WT
GFP_BAR_DSBR_2,3.0,0.0,0.0,10888.0,90,U2OS_WT_24h_BR3,0.0,U2OS,WT,24h,BR3,U2OS_WT
GFP_BAR_DSBR_2,3.0,0.0,0.0,10888.0,91,U2OS_WT_24h_BR3,0.0,U2OS,WT,24h,BR3,U2OS_WT
GFP_BAR_DSBR_2,1.0,0.0,0.0,10888.0,92,U2OS_WT_24h_BR3,0.0,U2OS,WT,24h,BR3,U2OS_WT
GFP_BAR_DSBR_2,3.0,0.0,0.0,10888.0,93,U2OS_WT_24h_BR3,0.0,U2OS,WT,24h,BR3,U2OS_WT
GFP_BAR_DSBR_2,0.0,0.0,0.0,10888.0,94,U2OS_WT_24h_BR3,0.0,U2OS,WT,24h,BR3,U2OS_WT
GFP_BAR_DSBR_2,4.0,0.0,0.0,10888.0,95,U2OS_WT_24h_BR3,0.0,U2OS,WT,24h,BR3,U2OS_WT
GFP_BAR_DSBR_2,6.0,0.0,0.0,12354.0,1,U2OS_WT_1h_BR4,0.0,U2OS,WT,1h,BR4,U2OS_WT
GFP_BAR_DSBR_2,2.0,0.0,0.0,12354.0,2,U2OS_WT_1h_BR4,0.0,U2OS,WT,1h,BR4,U2OS_WT
GFP_BAR_DSBR_2,3.0,0.0,0.0,12354.0,3,U2OS_WT_1h_BR4,0.0,U2OS,WT,1h,BR4,U2OS_WT
GFP_BAR_DSBR_2,1.0,0.0,0.0,12354.0,4,U2OS_WT_1h_BR4,0.0,U2OS,WT,1h,BR4,U2OS_WT
GFP_BAR_DSBR_2,0.0,0.0,0.0,12354.0,5,U2OS_WT_1h_BR4,0.0,U2OS,WT,1h,BR4,U2OS_WT
GFP_BAR_DSBR_2,0.0,0.0,0.0,12354.0,6,U2OS_WT_1h_BR4,0.0,U2OS,WT,1h,BR4,U2OS_WT
GFP_BAR_DSBR_2,1.0,0.0,0.0,12354.0,7,U2OS_WT_1h_BR4,0.0,U2OS,WT,1h,BR4,U2OS_WT
GFP_BAR_DSBR_2,2.0,0.0,0.0,12354.0,8,U2OS_WT_1h_BR4,0.0,U2OS,WT,1h,BR4,U2OS_WT
GFP_BAR_DSBR_2,2.0,0.0,0.0,12354.0,9,U2OS_WT_1h_BR4,0.0,U2OS,WT,1h,BR4,U2OS_WT
GFP_BAR_DSBR_2,3.0,0.0,0.0,12354.0,10,U2OS_WT_1h_BR4,0.0,U2OS,WT,1h,BR4,U2OS_WT
GFP_BAR_DSBR_2,3.0,0.0,0.0,12354.0,11,U2OS_WT_1h_BR4,0.0,U2OS,WT,1h,BR4,U2OS_WT
GFP_BAR_DSBR_2,0.0,0.0,0.0,12354.0,12,U2OS_WT_1h_BR4,0.0,U2OS,WT,1h,BR4,U2OS_WT
GFP_BAR_DSBR_2,3.0,0.0,0.0,12354.0,13,U2OS_WT_1h_BR4,0.0,U2OS,WT,1h,BR4,U2OS_WT
GFP_BAR_DSBR_2,1.0,0.0,0.0,12354.0,14,U2OS_WT_1h_BR4,0.0,U2OS,WT,1h,BR4,U2OS_WT
GFP_BAR_DSBR_2,11.0,1.0,0.0,12354.0,15,U2OS_WT_1h_BR4,8.094544277157196e-05,U2OS,WT,1h,BR4,U2OS_WT
GFP_BAR_DSBR_2,1.0,4.0,0.0,12354.0,16,U2OS_WT_1h_BR4,0.00032378177108628785,U2OS,WT,1h,BR4,U2OS_WT
GFP_BAR_DSBR_2,4.0,6.0,0.0,12354.0,17,U2OS_WT_1h_BR4,0.00048567265662943174,U2OS,WT,1h,BR4,U2OS_WT
GFP_BAR_DSBR_2,9.0,9.0,0.0,12354.0,18,U2OS_WT_1h_BR4,0.0007285089849441476,U2OS,WT,1h,BR4,U2OS_WT
GFP_BAR_DSBR_2,4.0,13.0,0.0,12354.0,19,U2OS_WT_1h_BR4,0.0010522907560304355,U2OS,WT,1h,BR4,U2OS_WT
GFP_BAR_DSBR_2,1.0,13.0,0.0,12354.0,20,U2OS_WT_1h_BR4,0.0010522907560304355,U2OS,WT,1h,BR4,U2OS_WT
GFP_BAR_DSBR_2,6.0,20.0,0.0,12354.0,21,U2OS_WT_1h_BR4,0.0016189088554314393,U2OS,WT,1h,BR4,U2OS_WT
GFP_BAR_DSBR_2,1.0,22.0,0.0,12354.0,22,U2OS_WT_1h_BR4,0.0017807997409745831,U2OS,WT,1h,BR4,U2OS_WT
GFP_BAR_DSBR_2,4.0,24.0,0.0,12354.0,23,U2OS_WT_1h_BR4,0.001942690626517727,U2OS,WT,1h,BR4,U2OS_WT
GFP_BAR_DSBR_2,1.0,27.0,0.0,12354.0,24,U2OS_WT_1h_BR4,0.002185526954832443,U2OS,WT,1h,BR4,U2OS_WT
GFP_BAR_DSBR_2,0.0,34.0,0.0,12354.0,25,U2OS_WT_1h_BR4,0.002752145054233447,U2OS,WT,1h,BR4,U2OS_WT
GFP_BAR_DSBR_2,6.0,36.0,0.0,12354.0,26,U2OS_WT_1h_BR4,0.0029140359397765905,U2OS,WT,1h,BR4,U2OS_WT
GFP_BAR_DSBR_2,4.0,37.0,0.0,12354.0,27,U2OS_WT_1h_BR4,0.0029949813825481627,U2OS,WT,1h,BR4,U2OS_WT
GFP_BAR_DSBR_2,2.0,42.0,0.0,12354.0,28,U2OS_WT_1h_BR4,0.003399708596406022,U2OS,WT,1h,BR4,U2OS_WT
GFP_BAR_DSBR_2,4.0,43.0,0.0,12354.0,29,U2OS_WT_1h_BR4,0.0034806540391775945,U2OS,WT,1h,BR4,U2OS_WT
GFP_BAR_DSBR_2,5.0,48.0,0.0,12354.0,30,U2OS_WT_1h_BR4,0.003885381253035454,U2OS,WT,1h,BR4,U2OS_WT
GFP_BAR_DSBR_2,2.0,57.0,0.0,12354.0,31,U2OS_WT_1h_BR4,0.004613890237979602,U2OS,WT,1h,BR4,U2OS_WT
GFP_BAR_DSBR_2,7.0,57.0,0.0,12354.0,32,U2OS_WT_1h_BR4,0.004613890237979602,U2OS,WT,1h,BR4,U2OS_WT
GFP_BAR_DSBR_2,7.0,63.0,0.0,12354.0,33,U2OS_WT_1h_BR4,0.005099562894609034,U2OS,WT,1h,BR4,U2OS_WT
GFP_BAR_DSBR_2,1.0,80.0,3.0,12354.0,34,U2OS_WT_1h_BR4,0.006475635421725757,U2OS,WT,1h,BR4,U2OS_WT
GFP_BAR_DSBR_2,7.0,104.0,0.0,12354.0,35,U2OS_WT_1h_BR4,0.008418326048243484,U2OS,WT,1h,BR4,U2OS_WT
GFP_BAR_DSBR_2,4.0,111.0,0.0,12354.0,36,U2OS_WT_1h_BR4,0.008984944147644487,U2OS,WT,1h,BR4,U2OS_WT
GFP_BAR_DSBR_2,2.0,112.0,0.0,12354.0,37,U2OS_WT_1h_BR4,0.00906588959041606,U2OS,WT,1h,BR4,U2OS_WT
GFP_BAR_DSBR_2,4.0,125.0,0.0,12354.0,38,U2OS_WT_1h_BR4,0.010118180346446496,U2OS,WT,1h,BR4,U2OS_WT
GFP_BAR_DSBR_2,4.0,148.0,0.0,12354.0,39,U2OS_WT_1h_BR4,0.01197992553019265,U2OS,WT,1h,BR4,U2OS_WT
GFP_BAR_DSBR_2,2.0,155.0,1.0,12354.0,40,U2OS_WT_1h_BR4,0.012546543629593654,U2OS,WT,1h,BR4,U2OS_WT
GFP_BAR_DSBR_2,2.0,193.0,0.0,12354.0,41,U2OS_WT_1h_BR4,0.015622470454913388,U2OS,WT,1h,BR4,U2OS_WT
GFP_BAR_DSBR_2,0.0,196.0,3.0,12354.0,42,U2OS_WT_1h_BR4,0.015865306783228103,U2OS,WT,1h,BR4,U2OS_WT
GFP_BAR_DSBR_2,0.0,289.0,13.0,12354.0,43,U2OS_WT_1h_BR4,0.023393232960984296,U2OS,WT,1h,BR4,U2OS_WT
GFP_BAR_DSBR_2,7.0,269.0,29.0,12354.0,44,U2OS_WT_1h_BR4,0.021774324105552856,U2OS,WT,1h,BR4,U2OS_WT
GFP_BAR_DSBR_2,5.0,174.0,0.0,12354.0,45,U2OS_WT_1h_BR4,0.014084507042253521,U2OS,WT,1h,BR4,U2OS_WT
GFP_BAR_DSBR_2,2.0,148.0,0.0,12354.0,46,U2OS_WT_1h_BR4,0.01197992553019265,U2OS,WT,1h,BR4,U2OS_WT
GFP_BAR_DSBR_2,4.0,125.0,0.0,12354.0,47,U2OS_WT_1h_BR4,0.010118180346446496,U2OS,WT,1h,BR4,U2OS_WT
GFP_BAR_DSBR_2,2.0,92.0,1.0,12354.0,48,U2OS_WT_1h_BR4,0.007446980734984621,U2OS,WT,1h,BR4,U2OS_WT
GFP_BAR_DSBR_2,5.0,76.0,0.0,12354.0,49,U2OS_WT_1h_BR4,0.006151853650639469,U2OS,WT,1h,BR4,U2OS_WT
GFP_BAR_DSBR_2,4.0,71.0,0.0,12354.0,50,U2OS_WT_1h_BR4,0.005747126436781609,U2OS,WT,1h,BR4,U2OS_WT
GFP_BAR_DSBR_2,4.0,69.0,0.0,12354.0,51,U2OS_WT_1h_BR4,0.0055852355512384655,U2OS,WT,1h,BR4,U2OS_WT
GFP_BAR_DSBR_2,7.0,68.0,0.0,12354.0,52,U2OS_WT_1h_BR4,0.005504290108466894,U2OS,WT,1h,BR4,U2OS_WT
GFP_BAR_DSBR_2,2.0,64.0,0.0,12354.0,53,U2OS_WT_1h_BR4,0.0051805083373806056,U2OS,WT,1h,BR4,U2OS_WT
GFP_BAR_DSBR_2,2.0,61.0,0.0,12354.0,54,U2OS_WT_1h_BR4,0.004937672009065889,U2OS,WT,1h,BR4,U2OS_WT
GFP_BAR_DSBR_2,0.0,56.0,0.0,12354.0,55,U2OS_WT_1h_BR4,0.00453294479520803,U2OS,WT,1h,BR4,U2OS_WT
GFP_BAR_DSBR_2,1.0,50.0,0.0,12354.0,56,U2OS_WT_1h_BR4,0.0040472721385785984,U2OS,WT,1h,BR4,U2OS_WT
GFP_BAR_DSBR_2,1.0,45.0,0.0,12354.0,57,U2OS_WT_1h_BR4,0.003642544924720738,U2OS,WT,1h,BR4,U2OS_WT
GFP_BAR_DSBR_2,2.0,40.0,0.0,12354.0,58,U2OS_WT_1h_BR4,0.0032378177108628786,U2OS,WT,1h,BR4,U2OS_WT
GFP_BAR_DSBR_2,5.0,38.0,0.0,12354.0,59,U2OS_WT_1h_BR4,0.0030759268253197345,U2OS,WT,1h,BR4,U2OS_WT
GFP_BAR_DSBR_2,3.0,34.0,0.0,12354.0,60,U2OS_WT_1h_BR4,0.002752145054233447,U2OS,WT,1h,BR4,U2OS_WT
GFP_BAR_DSBR_2,3.0,27.0,0.0,12354.0,61,U2OS_WT_1h_BR4,0.002185526954832443,U2OS,WT,1h,BR4,U2OS_WT
GFP_BAR_DSBR_2,4.0,21.0,0.0,12354.0,62,U2OS_WT_1h_BR4,0.001699854298203011,U2OS,WT,1h,BR4,U2OS_WT
GFP_BAR_DSBR_2,6.0,12.0,0.0,12354.0,63,U2OS_WT_1h_BR4,0.0009713453132588635,U2OS,WT,1h,BR4,U2OS_WT
GFP_BAR_DSBR_2,1.0,8.0,0.0,12354.0,64,U2OS_WT_1h_BR4,0.0006475635421725757,U2OS,WT,1h,BR4,U2OS_WT
GFP_BAR_DSBR_2,3.0,5.0,0.0,12354.0,65,U2OS_WT_1h_BR4,0.0004047272138578598,U2OS,WT,1h,BR4,U2OS_WT
GFP_BAR_DSBR_2,2.0,4.0,1.0,12354.0,66,U2OS_WT_1h_BR4,0.00032378177108628785,U2OS,WT,1h,BR4,U2OS_WT
GFP_BAR_DSBR_2,0.0,0.0,0.0,12354.0,67,U2OS_WT_1h_BR4,0.0,U2OS,WT,1h,BR4,U2OS_WT
GFP_BAR_DSBR_2,0.0,0.0,0.0,12354.0,68,U2OS_WT_1h_BR4,0.0,U2OS,WT,1h,BR4,U2OS_WT
GFP_BAR_DSBR_2,0.0,0.0,0.0,12354.0,69,U2OS_WT_1h_BR4,0.0,U2OS,WT,1h,BR4,U2OS_WT
GFP_BAR_DSBR_2,0.0,0.0,0.0,12354.0,70,U2OS_WT_1h_BR4,0.0,U2OS,WT,1h,BR4,U2OS_WT
GFP_BAR_DSBR_2,0.0,0.0,0.0,12354.0,71,U2OS_WT_1h_BR4,0.0,U2OS,WT,1h,BR4,U2OS_WT
GFP_BAR_DSBR_2,0.0,0.0,12.0,12354.0,72,U2OS_WT_1h_BR4,0.0,U2OS,WT,1h,BR4,U2OS_WT
GFP_BAR_DSBR_2,2.0,0.0,0.0,12354.0,73,U2OS_WT_1h_BR4,0.0,U2OS,WT,1h,BR4,U2OS_WT
GFP_BAR_DSBR_2,25.0,15.0,2.0,12354.0,74,U2OS_WT_1h_BR4,0.0012141816415735794,U2OS,WT,1h,BR4,U2OS_WT
GFP_BAR_DSBR_2,3.0,0.0,0.0,12354.0,75,U2OS_WT_1h_BR4,0.0,U2OS,WT,1h,BR4,U2OS_WT
GFP_BAR_DSBR_2,5.0,0.0,0.0,12354.0,76,U2OS_WT_1h_BR4,0.0,U2OS,WT,1h,BR4,U2OS_WT
GFP_BAR_DSBR_2,2.0,0.0,0.0,12354.0,77,U2OS_WT_1h_BR4,0.0,U2OS,WT,1h,BR4,U2OS_WT
GFP_BAR_DSBR_2,2.0,0.0,0.0,12354.0,78,U2OS_WT_1h_BR4,0.0,U2OS,WT,1h,BR4,U2OS_WT
GFP_BAR_DSBR_2,4.0,0.0,0.0,12354.0,79,U2OS_WT_1h_BR4,0.0,U2OS,WT,1h,BR4,U2OS_WT
GFP_BAR_DSBR_2,2.0,0.0,0.0,12354.0,80,U2OS_WT_1h_BR4,0.0,U2OS,WT,1h,BR4,U2OS_WT
GFP_BAR_DSBR_2,3.0,0.0,0.0,12354.0,81,U2OS_WT_1h_BR4,0.0,U2OS,WT,1h,BR4,U2OS_WT
GFP_BAR_DSBR_2,3.0,0.0,0.0,12354.0,82,U2OS_WT_1h_BR4,0.0,U2OS,WT,1h,BR4,U2OS_WT
GFP_BAR_DSBR_2,1.0,0.0,0.0,12354.0,83,U2OS_WT_1h_BR4,0.0,U2OS,WT,1h,BR4,U2OS_WT
GFP_BAR_DSBR_2,5.0,0.0,0.0,12354.0,84,U2OS_WT_1h_BR4,0.0,U2OS,WT,1h,BR4,U2OS_WT
GFP_BAR_DSBR_2,0.0,0.0,0.0,12354.0,85,U2OS_WT_1h_BR4,0.0,U2OS,WT,1h,BR4,U2OS_WT
GFP_BAR_DSBR_2,2.0,0.0,0.0,12354.0,86,U2OS_WT_1h_BR4,0.0,U2OS,WT,1h,BR4,U2OS_WT
GFP_BAR_DSBR_2,1.0,0.0,0.0,12354.0,87,U2OS_WT_1h_BR4,0.0,U2OS,WT,1h,BR4,U2OS_WT
GFP_BAR_DSBR_2,7.0,0.0,0.0,12354.0,88,U2OS_WT_1h_BR4,0.0,U2OS,WT,1h,BR4,U2OS_WT
GFP_BAR_DSBR_2,7.0,0.0,0.0,12354.0,89,U2OS_WT_1h_BR4,0.0,U2OS,WT,1h,BR4,U2OS_WT
GFP_BAR_DSBR_2,5.0,0.0,0.0,12354.0,90,U2OS_WT_1h_BR4,0.0,U2OS,WT,1h,BR4,U2OS_WT
GFP_BAR_DSBR_2,1.0,0.0,0.0,12354.0,91,U2OS_WT_1h_BR4,0.0,U2OS,WT,1h,BR4,U2OS_WT
GFP_BAR_DSBR_2,1.0,0.0,0.0,12354.0,92,U2OS_WT_1h_BR4,0.0,U2OS,WT,1h,BR4,U2OS_WT
GFP_BAR_DSBR_2,0.0,0.0,0.0,12354.0,93,U2OS_WT_1h_BR4,0.0,U2OS,WT,1h,BR4,U2OS_WT
GFP_BAR_DSBR_2,5.0,0.0,0.0,12354.0,94,U2OS_WT_1h_BR4,0.0,U2OS,WT,1h,BR4,U2OS_WT
GFP_BAR_DSBR_2,2.0,0.0,0.0,12354.0,95,U2OS_WT_1h_BR4,0.0,U2OS,WT,1h,BR4,U2OS_WT
GFP_BAR_DSBR_2,7.0,0.0,0.0,34178.0,1,U2OS_WT_2h_BR4,0.0,U2OS,WT,2h,BR4,U2OS_WT
GFP_BAR_DSBR_2,4.0,0.0,0.0,34178.0,2,U2OS_WT_2h_BR4,0.0,U2OS,WT,2h,BR4,U2OS_WT
GFP_BAR_DSBR_2,4.0,0.0,0.0,34178.0,3,U2OS_WT_2h_BR4,0.0,U2OS,WT,2h,BR4,U2OS_WT
GFP_BAR_DSBR_2,6.0,0.0,0.0,34178.0,4,U2OS_WT_2h_BR4,0.0,U2OS,WT,2h,BR4,U2OS_WT
GFP_BAR_DSBR_2,9.0,0.0,0.0,34178.0,5,U2OS_WT_2h_BR4,0.0,U2OS,WT,2h,BR4,U2OS_WT
GFP_BAR_DSBR_2,5.0,0.0,0.0,34178.0,6,U2OS_WT_2h_BR4,0.0,U2OS,WT,2h,BR4,U2OS_WT
GFP_BAR_DSBR_2,4.0,0.0,0.0,34178.0,7,U2OS_WT_2h_BR4,0.0,U2OS,WT,2h,BR4,U2OS_WT
GFP_BAR_DSBR_2,8.0,0.0,0.0,34178.0,8,U2OS_WT_2h_BR4,0.0,U2OS,WT,2h,BR4,U2OS_WT
GFP_BAR_DSBR_2,3.0,0.0,0.0,34178.0,9,U2OS_WT_2h_BR4,0.0,U2OS,WT,2h,BR4,U2OS_WT
GFP_BAR_DSBR_2,7.0,0.0,0.0,34178.0,10,U2OS_WT_2h_BR4,0.0,U2OS,WT,2h,BR4,U2OS_WT
GFP_BAR_DSBR_2,11.0,0.0,0.0,34178.0,11,U2OS_WT_2h_BR4,0.0,U2OS,WT,2h,BR4,U2OS_WT
GFP_BAR_DSBR_2,6.0,0.0,0.0,34178.0,12,U2OS_WT_2h_BR4,0.0,U2OS,WT,2h,BR4,U2OS_WT
GFP_BAR_DSBR_2,8.0,0.0,0.0,34178.0,13,U2OS_WT_2h_BR4,0.0,U2OS,WT,2h,BR4,U2OS_WT
GFP_BAR_DSBR_2,7.0,0.0,0.0,34178.0,14,U2OS_WT_2h_BR4,0.0,U2OS,WT,2h,BR4,U2OS_WT
GFP_BAR_DSBR_2,18.0,1.0,0.0,34178.0,15,U2OS_WT_2h_BR4,2.925858739540055e-05,U2OS,WT,2h,BR4,U2OS_WT
GFP_BAR_DSBR_2,3.0,24.0,0.0,34178.0,16,U2OS_WT_2h_BR4,0.0007022060974896132,U2OS,WT,2h,BR4,U2OS_WT
GFP_BAR_DSBR_2,11.0,37.0,0.0,34178.0,17,U2OS_WT_2h_BR4,0.0010825677336298203,U2OS,WT,2h,BR4,U2OS_WT
GFP_BAR_DSBR_2,15.0,69.0,0.0,34178.0,18,U2OS_WT_2h_BR4,0.002018842530282638,U2OS,WT,2h,BR4,U2OS_WT
GFP_BAR_DSBR_2,7.0,78.0,0.0,34178.0,19,U2OS_WT_2h_BR4,0.0022821698168412428,U2OS,WT,2h,BR4,U2OS_WT
GFP_BAR_DSBR_2,4.0,108.0,0.0,34178.0,20,U2OS_WT_2h_BR4,0.0031599274387032594,U2OS,WT,2h,BR4,U2OS_WT
GFP_BAR_DSBR_2,11.0,152.0,0.0,34178.0,21,U2OS_WT_2h_BR4,0.004447305284100884,U2OS,WT,2h,BR4,U2OS_WT
GFP_BAR_DSBR_2,7.0,203.0,0.0,34178.0,22,U2OS_WT_2h_BR4,0.005939493241266311,U2OS,WT,2h,BR4,U2OS_WT
GFP_BAR_DSBR_2,14.0,220.0,0.0,34178.0,23,U2OS_WT_2h_BR4,0.006436889226988121,U2OS,WT,2h,BR4,U2OS_WT
GFP_BAR_DSBR_2,10.0,262.0,0.0,34178.0,24,U2OS_WT_2h_BR4,0.007665749897594944,U2OS,WT,2h,BR4,U2OS_WT
GFP_BAR_DSBR_2,8.0,305.0,0.0,34178.0,25,U2OS_WT_2h_BR4,0.008923869155597168,U2OS,WT,2h,BR4,U2OS_WT
GFP_BAR_DSBR_2,15.0,356.0,0.0,34178.0,26,U2OS_WT_2h_BR4,0.010416057112762596,U2OS,WT,2h,BR4,U2OS_WT
GFP_BAR_DSBR_2,7.0,383.0,0.0,34178.0,27,U2OS_WT_2h_BR4,0.01120603897243841,U2OS,WT,2h,BR4,U2OS_WT
GFP_BAR_DSBR_2,17.0,407.0,0.0,34178.0,28,U2OS_WT_2h_BR4,0.011908245069928023,U2OS,WT,2h,BR4,U2OS_WT
GFP_BAR_DSBR_2,8.0,446.0,0.0,34178.0,29,U2OS_WT_2h_BR4,0.013049329978348645,U2OS,WT,2h,BR4,U2OS_WT
GFP_BAR_DSBR_2,8.0,485.0,0.0,34178.0,30,U2OS_WT_2h_BR4,0.014190414886769268,U2OS,WT,2h,BR4,U2OS_WT
GFP_BAR_DSBR_2,7.0,559.0,0.0,34178.0,31,U2OS_WT_2h_BR4,0.016355550354028907,U2OS,WT,2h,BR4,U2OS_WT
GFP_BAR_DSBR_2,7.0,569.0,0.0,34178.0,32,U2OS_WT_2h_BR4,0.016648136227982915,U2OS,WT,2h,BR4,U2OS_WT
GFP_BAR_DSBR_2,14.0,608.0,0.0,34178.0,33,U2OS_WT_2h_BR4,0.017789221136403535,U2OS,WT,2h,BR4,U2OS_WT
GFP_BAR_DSBR_2,13.0,795.0,1.0,34178.0,34,U2OS_WT_2h_BR4,0.023260576979343438,U2OS,WT,2h,BR4,U2OS_WT
GFP_BAR_DSBR_2,27.0,1052.0,0.0,34178.0,35,U2OS_WT_2h_BR4,0.030780033939961378,U2OS,WT,2h,BR4,U2OS_WT
GFP_BAR_DSBR_2,4.0,1092.0,0.0,34178.0,36,U2OS_WT_2h_BR4,0.0319503774357774,U2OS,WT,2h,BR4,U2OS_WT
GFP_BAR_DSBR_2,9.0,1111.0,0.0,34178.0,37,U2OS_WT_2h_BR4,0.03250629059629001,U2OS,WT,2h,BR4,U2OS_WT
GFP_BAR_DSBR_2,11.0,1228.0,0.0,34178.0,38,U2OS_WT_2h_BR4,0.035929545321551876,U2OS,WT,2h,BR4,U2OS_WT
GFP_BAR_DSBR_2,14.0,1401.0,0.0,34178.0,39,U2OS_WT_2h_BR4,0.04099128094095617,U2OS,WT,2h,BR4,U2OS_WT
GFP_BAR_DSBR_2,11.0,1456.0,0.0,34178.0,40,U2OS_WT_2h_BR4,0.0426005032477032,U2OS,WT,2h,BR4,U2OS_WT
GFP_BAR_DSBR_2,7.0,1668.0,0.0,34178.0,41,U2OS_WT_2h_BR4,0.04880332377552812,U2OS,WT,2h,BR4,U2OS_WT
GFP_BAR_DSBR_2,8.0,1671.0,1.0,34178.0,42,U2OS_WT_2h_BR4,0.04889109953771432,U2OS,WT,2h,BR4,U2OS_WT
GFP_BAR_DSBR_2,6.0,2060.0,18.0,34178.0,43,U2OS_WT_2h_BR4,0.060272690034525137,U2OS,WT,2h,BR4,U2OS_WT
GFP_BAR_DSBR_2,28.0,2080.0,63.0,34178.0,44,U2OS_WT_2h_BR4,0.060857861782433145,U2OS,WT,2h,BR4,U2OS_WT
GFP_BAR_DSBR_2,12.0,1534.0,0.0,34178.0,45,U2OS_WT_2h_BR4,0.044882673064544444,U2OS,WT,2h,BR4,U2OS_WT
GFP_BAR_DSBR_2,4.0,1388.0,0.0,34178.0,46,U2OS_WT_2h_BR4,0.040610919304815966,U2OS,WT,2h,BR4,U2OS_WT
GFP_BAR_DSBR_2,13.0,1257.0,0.0,34178.0,47,U2OS_WT_2h_BR4,0.03677804435601849,U2OS,WT,2h,BR4,U2OS_WT
GFP_BAR_DSBR_2,2.0,1010.0,2.0,34178.0,48,U2OS_WT_2h_BR4,0.029551173269354556,U2OS,WT,2h,BR4,U2OS_WT
GFP_BAR_DSBR_2,18.0,778.0,0.0,34178.0,49,U2OS_WT_2h_BR4,0.022763180993621627,U2OS,WT,2h,BR4,U2OS_WT
GFP_BAR_DSBR_2,8.0,691.0,0.0,34178.0,50,U2OS_WT_2h_BR4,0.02021768389022178,U2OS,WT,2h,BR4,U2OS_WT
GFP_BAR_DSBR_2,10.0,662.0,0.0,34178.0,51,U2OS_WT_2h_BR4,0.019369184855755166,U2OS,WT,2h,BR4,U2OS_WT
GFP_BAR_DSBR_2,6.0,647.0,0.0,34178.0,52,U2OS_WT_2h_BR4,0.018930306044824156,U2OS,WT,2h,BR4,U2OS_WT
GFP_BAR_DSBR_2,9.0,611.0,0.0,34178.0,53,U2OS_WT_2h_BR4,0.017876996898589737,U2OS,WT,2h,BR4,U2OS_WT
GFP_BAR_DSBR_2,8.0,586.0,0.0,34178.0,54,U2OS_WT_2h_BR4,0.017145532213704722,U2OS,WT,2h,BR4,U2OS_WT
GFP_BAR_DSBR_2,7.0,547.0,0.0,34178.0,55,U2OS_WT_2h_BR4,0.0160044473052841,U2OS,WT,2h,BR4,U2OS_WT
GFP_BAR_DSBR_2,12.0,437.0,1.0,34178.0,56,U2OS_WT_2h_BR4,0.01278600269179004,U2OS,WT,2h,BR4,U2OS_WT
GFP_BAR_DSBR_2,16.0,389.0,0.0,34178.0,57,U2OS_WT_2h_BR4,0.011381590496810813,U2OS,WT,2h,BR4,U2OS_WT
GFP_BAR_DSBR_2,10.0,283.0,0.0,34178.0,58,U2OS_WT_2h_BR4,0.008280180232898355,U2OS,WT,2h,BR4,U2OS_WT
GFP_BAR_DSBR_2,10.0,270.0,0.0,34178.0,59,U2OS_WT_2h_BR4,0.00789981859675815,U2OS,WT,2h,BR4,U2OS_WT
GFP_BAR_DSBR_2,2.0,234.0,0.0,34178.0,60,U2OS_WT_2h_BR4,0.006846509450523728,U2OS,WT,2h,BR4,U2OS_WT
GFP_BAR_DSBR_2,12.0,205.0,0.0,34178.0,61,U2OS_WT_2h_BR4,0.005998010416057113,U2OS,WT,2h,BR4,U2OS_WT
GFP_BAR_DSBR_2,6.0,176.0,0.0,34178.0,62,U2OS_WT_2h_BR4,0.005149511381590497,U2OS,WT,2h,BR4,U2OS_WT
GFP_BAR_DSBR_2,10.0,124.0,0.0,34178.0,63,U2OS_WT_2h_BR4,0.003628064837029668,U2OS,WT,2h,BR4,U2OS_WT
GFP_BAR_DSBR_2,6.0,97.0,0.0,34178.0,64,U2OS_WT_2h_BR4,0.0028380829773538532,U2OS,WT,2h,BR4,U2OS_WT
GFP_BAR_DSBR_2,6.0,59.0,0.0,34178.0,65,U2OS_WT_2h_BR4,0.0017262566563286325,U2OS,WT,2h,BR4,U2OS_WT
GFP_BAR_DSBR_2,8.0,15.0,0.0,34178.0,66,U2OS_WT_2h_BR4,0.00043887881093100824,U2OS,WT,2h,BR4,U2OS_WT
GFP_BAR_DSBR_2,0.0,0.0,0.0,34178.0,67,U2OS_WT_2h_BR4,0.0,U2OS,WT,2h,BR4,U2OS_WT
GFP_BAR_DSBR_2,0.0,0.0,0.0,34178.0,68,U2OS_WT_2h_BR4,0.0,U2OS,WT,2h,BR4,U2OS_WT
GFP_BAR_DSBR_2,0.0,0.0,0.0,34178.0,69,U2OS_WT_2h_BR4,0.0,U2OS,WT,2h,BR4,U2OS_WT
GFP_BAR_DSBR_2,0.0,0.0,0.0,34178.0,70,U2OS_WT_2h_BR4,0.0,U2OS,WT,2h,BR4,U2OS_WT
GFP_BAR_DSBR_2,0.0,0.0,0.0,34178.0,71,U2OS_WT_2h_BR4,0.0,U2OS,WT,2h,BR4,U2OS_WT
GFP_BAR_DSBR_2,0.0,0.0,18.0,34178.0,72,U2OS_WT_2h_BR4,0.0,U2OS,WT,2h,BR4,U2OS_WT
GFP_BAR_DSBR_2,6.0,0.0,2.0,34178.0,73,U2OS_WT_2h_BR4,0.0,U2OS,WT,2h,BR4,U2OS_WT
GFP_BAR_DSBR_2,47.0,31.0,4.0,34178.0,74,U2OS_WT_2h_BR4,0.000907016209257417,U2OS,WT,2h,BR4,U2OS_WT
GFP_BAR_DSBR_2,18.0,0.0,0.0,34178.0,75,U2OS_WT_2h_BR4,0.0,U2OS,WT,2h,BR4,U2OS_WT
GFP_BAR_DSBR_2,7.0,0.0,0.0,34178.0,76,U2OS_WT_2h_BR4,0.0,U2OS,WT,2h,BR4,U2OS_WT
GFP_BAR_DSBR_2,7.0,0.0,0.0,34178.0,77,U2OS_WT_2h_BR4,0.0,U2OS,WT,2h,BR4,U2OS_WT
GFP_BAR_DSBR_2,10.0,0.0,0.0,34178.0,78,U2OS_WT_2h_BR4,0.0,U2OS,WT,2h,BR4,U2OS_WT
GFP_BAR_DSBR_2,3.0,0.0,0.0,34178.0,79,U2OS_WT_2h_BR4,0.0,U2OS,WT,2h,BR4,U2OS_WT
GFP_BAR_DSBR_2,13.0,0.0,0.0,34178.0,80,U2OS_WT_2h_BR4,0.0,U2OS,WT,2h,BR4,U2OS_WT
GFP_BAR_DSBR_2,6.0,0.0,0.0,34178.0,81,U2OS_WT_2h_BR4,0.0,U2OS,WT,2h,BR4,U2OS_WT
GFP_BAR_DSBR_2,12.0,0.0,0.0,34178.0,82,U2OS_WT_2h_BR4,0.0,U2OS,WT,2h,BR4,U2OS_WT
GFP_BAR_DSBR_2,1.0,0.0,0.0,34178.0,83,U2OS_WT_2h_BR4,0.0,U2OS,WT,2h,BR4,U2OS_WT
GFP_BAR_DSBR_2,9.0,0.0,0.0,34178.0,84,U2OS_WT_2h_BR4,0.0,U2OS,WT,2h,BR4,U2OS_WT
GFP_BAR_DSBR_2,1.0,0.0,0.0,34178.0,85,U2OS_WT_2h_BR4,0.0,U2OS,WT,2h,BR4,U2OS_WT
GFP_BAR_DSBR_2,8.0,0.0,0.0,34178.0,86,U2OS_WT_2h_BR4,0.0,U2OS,WT,2h,BR4,U2OS_WT
GFP_BAR_DSBR_2,9.0,0.0,0.0,34178.0,87,U2OS_WT_2h_BR4,0.0,U2OS,WT,2h,BR4,U2OS_WT
GFP_BAR_DSBR_2,5.0,0.0,0.0,34178.0,88,U2OS_WT_2h_BR4,0.0,U2OS,WT,2h,BR4,U2OS_WT
GFP_BAR_DSBR_2,4.0,0.0,0.0,34178.0,89,U2OS_WT_2h_BR4,0.0,U2OS,WT,2h,BR4,U2OS_WT
GFP_BAR_DSBR_2,10.0,0.0,0.0,34178.0,90,U2OS_WT_2h_BR4,0.0,U2OS,WT,2h,BR4,U2OS_WT
GFP_BAR_DSBR_2,4.0,0.0,0.0,34178.0,91,U2OS_WT_2h_BR4,0.0,U2OS,WT,2h,BR4,U2OS_WT
GFP_BAR_DSBR_2,3.0,0.0,0.0,34178.0,92,U2OS_WT_2h_BR4,0.0,U2OS,WT,2h,BR4,U2OS_WT
GFP_BAR_DSBR_2,4.0,0.0,0.0,34178.0,93,U2OS_WT_2h_BR4,0.0,U2OS,WT,2h,BR4,U2OS_WT
GFP_BAR_DSBR_2,6.0,0.0,0.0,34178.0,94,U2OS_WT_2h_BR4,0.0,U2OS,WT,2h,BR4,U2OS_WT
GFP_BAR_DSBR_2,5.0,0.0,0.0,34178.0,95,U2OS_WT_2h_BR4,0.0,U2OS,WT,2h,BR4,U2OS_WT
GFP_BAR_DSBR_2,11.0,0.0,0.0,30536.0,1,U2OS_WT_4h_BR4,0.0,U2OS,WT,4h,BR4,U2OS_WT
GFP_BAR_DSBR_2,7.0,0.0,0.0,30536.0,2,U2OS_WT_4h_BR4,0.0,U2OS,WT,4h,BR4,U2OS_WT
GFP_BAR_DSBR_2,6.0,0.0,0.0,30536.0,3,U2OS_WT_4h_BR4,0.0,U2OS,WT,4h,BR4,U2OS_WT
GFP_BAR_DSBR_2,8.0,0.0,0.0,30536.0,4,U2OS_WT_4h_BR4,0.0,U2OS,WT,4h,BR4,U2OS_WT
GFP_BAR_DSBR_2,11.0,0.0,0.0,30536.0,5,U2OS_WT_4h_BR4,0.0,U2OS,WT,4h,BR4,U2OS_WT
GFP_BAR_DSBR_2,6.0,0.0,0.0,30536.0,6,U2OS_WT_4h_BR4,0.0,U2OS,WT,4h,BR4,U2OS_WT
GFP_BAR_DSBR_2,6.0,0.0,0.0,30536.0,7,U2OS_WT_4h_BR4,0.0,U2OS,WT,4h,BR4,U2OS_WT
GFP_BAR_DSBR_2,8.0,0.0,0.0,30536.0,8,U2OS_WT_4h_BR4,0.0,U2OS,WT,4h,BR4,U2OS_WT
GFP_BAR_DSBR_2,5.0,0.0,0.0,30536.0,9,U2OS_WT_4h_BR4,0.0,U2OS,WT,4h,BR4,U2OS_WT
GFP_BAR_DSBR_2,4.0,0.0,0.0,30536.0,10,U2OS_WT_4h_BR4,0.0,U2OS,WT,4h,BR4,U2OS_WT
GFP_BAR_DSBR_2,8.0,0.0,0.0,30536.0,11,U2OS_WT_4h_BR4,0.0,U2OS,WT,4h,BR4,U2OS_WT
GFP_BAR_DSBR_2,8.0,0.0,0.0,30536.0,12,U2OS_WT_4h_BR4,0.0,U2OS,WT,4h,BR4,U2OS_WT
GFP_BAR_DSBR_2,7.0,0.0,0.0,30536.0,13,U2OS_WT_4h_BR4,0.0,U2OS,WT,4h,BR4,U2OS_WT
GFP_BAR_DSBR_2,7.0,0.0,0.0,30536.0,14,U2OS_WT_4h_BR4,0.0,U2OS,WT,4h,BR4,U2OS_WT
GFP_BAR_DSBR_2,16.0,0.0,1.0,30536.0,15,U2OS_WT_4h_BR4,0.0,U2OS,WT,4h,BR4,U2OS_WT
GFP_BAR_DSBR_2,8.0,21.0,0.0,30536.0,16,U2OS_WT_4h_BR4,0.0006877128635053707,U2OS,WT,4h,BR4,U2OS_WT
GFP_BAR_DSBR_2,5.0,36.0,0.0,30536.0,17,U2OS_WT_4h_BR4,0.0011789363374377785,U2OS,WT,4h,BR4,U2OS_WT
GFP_BAR_DSBR_2,23.0,80.0,0.0,30536.0,18,U2OS_WT_4h_BR4,0.0026198585276395073,U2OS,WT,4h,BR4,U2OS_WT
GFP_BAR_DSBR_2,10.0,91.0,0.0,30536.0,19,U2OS_WT_4h_BR4,0.0029800890751899398,U2OS,WT,4h,BR4,U2OS_WT
GFP_BAR_DSBR_2,9.0,142.0,0.0,30536.0,20,U2OS_WT_4h_BR4,0.004650248886560126,U2OS,WT,4h,BR4,U2OS_WT
GFP_BAR_DSBR_2,11.0,219.0,0.0,30536.0,21,U2OS_WT_4h_BR4,0.007171862719413152,U2OS,WT,4h,BR4,U2OS_WT
GFP_BAR_DSBR_2,5.0,295.0,0.0,30536.0,22,U2OS_WT_4h_BR4,0.009660728320670683,U2OS,WT,4h,BR4,U2OS_WT
GFP_BAR_DSBR_2,7.0,321.0,0.0,30536.0,23,U2OS_WT_4h_BR4,0.010512182342153524,U2OS,WT,4h,BR4,U2OS_WT
GFP_BAR_DSBR_2,2.0,365.0,0.0,30536.0,24,U2OS_WT_4h_BR4,0.011953104532355253,U2OS,WT,4h,BR4,U2OS_WT
GFP_BAR_DSBR_2,3.0,438.0,0.0,30536.0,25,U2OS_WT_4h_BR4,0.014343725438826303,U2OS,WT,4h,BR4,U2OS_WT
GFP_BAR_DSBR_2,12.0,527.0,0.0,30536.0,26,U2OS_WT_4h_BR4,0.017258318050825255,U2OS,WT,4h,BR4,U2OS_WT
GFP_BAR_DSBR_2,9.0,565.0,1.0,30536.0,27,U2OS_WT_4h_BR4,0.01850275085145402,U2OS,WT,4h,BR4,U2OS_WT
GFP_BAR_DSBR_2,10.0,609.0,0.0,30536.0,28,U2OS_WT_4h_BR4,0.01994367304165575,U2OS,WT,4h,BR4,U2OS_WT
GFP_BAR_DSBR_2,3.0,682.0,0.0,30536.0,29,U2OS_WT_4h_BR4,0.0223342939481268,U2OS,WT,4h,BR4,U2OS_WT
GFP_BAR_DSBR_2,10.0,757.0,0.0,30536.0,30,U2OS_WT_4h_BR4,0.02479041131778884,U2OS,WT,4h,BR4,U2OS_WT
GFP_BAR_DSBR_2,2.0,835.0,0.0,30536.0,31,U2OS_WT_4h_BR4,0.02734477338223736,U2OS,WT,4h,BR4,U2OS_WT
GFP_BAR_DSBR_2,6.0,848.0,0.0,30536.0,32,U2OS_WT_4h_BR4,0.027770500392978778,U2OS,WT,4h,BR4,U2OS_WT
GFP_BAR_DSBR_2,8.0,909.0,0.0,30536.0,33,U2OS_WT_4h_BR4,0.029768142520303905,U2OS,WT,4h,BR4,U2OS_WT
GFP_BAR_DSBR_2,7.0,1103.0,0.0,30536.0,34,U2OS_WT_4h_BR4,0.03612129944982971,U2OS,WT,4h,BR4,U2OS_WT
GFP_BAR_DSBR_2,18.0,1454.0,0.0,30536.0,35,U2OS_WT_4h_BR4,0.047615928739848046,U2OS,WT,4h,BR4,U2OS_WT
GFP_BAR_DSBR_2,9.0,1495.0,0.0,30536.0,36,U2OS_WT_4h_BR4,0.0489586062352633,U2OS,WT,4h,BR4,U2OS_WT
GFP_BAR_DSBR_2,8.0,1520.0,0.0,30536.0,37,U2OS_WT_4h_BR4,0.04977731202515064,U2OS,WT,4h,BR4,U2OS_WT
GFP_BAR_DSBR_2,11.0,1655.0,0.0,30536.0,38,U2OS_WT_4h_BR4,0.05419832329054231,U2OS,WT,4h,BR4,U2OS_WT
GFP_BAR_DSBR_2,10.0,1863.0,0.0,30536.0,39,U2OS_WT_4h_BR4,0.06100995546240503,U2OS,WT,4h,BR4,U2OS_WT
GFP_BAR_DSBR_2,9.0,1916.0,1.0,30536.0,40,U2OS_WT_4h_BR4,0.0627456117369662,U2OS,WT,4h,BR4,U2OS_WT
GFP_BAR_DSBR_2,10.0,2177.0,1.0,30536.0,41,U2OS_WT_4h_BR4,0.0712929001833901,U2OS,WT,4h,BR4,U2OS_WT
GFP_BAR_DSBR_2,9.0,2185.0,1.0,30536.0,42,U2OS_WT_4h_BR4,0.07155488603615405,U2OS,WT,4h,BR4,U2OS_WT
GFP_BAR_DSBR_2,11.0,2575.0,19.0,30536.0,43,U2OS_WT_4h_BR4,0.08432669635839665,U2OS,WT,4h,BR4,U2OS_WT
GFP_BAR_DSBR_2,31.0,2651.0,62.0,30536.0,44,U2OS_WT_4h_BR4,0.08681556195965417,U2OS,WT,4h,BR4,U2OS_WT
GFP_BAR_DSBR_2,11.0,2028.0,2.0,30536.0,45,U2OS_WT_4h_BR4,0.06641341367566152,U2OS,WT,4h,BR4,U2OS_WT
GFP_BAR_DSBR_2,8.0,1867.0,0.0,30536.0,46,U2OS_WT_4h_BR4,0.061140948388787,U2OS,WT,4h,BR4,U2OS_WT
GFP_BAR_DSBR_2,14.0,1703.0,0.0,30536.0,47,U2OS_WT_4h_BR4,0.05577023840712601,U2OS,WT,4h,BR4,U2OS_WT
GFP_BAR_DSBR_2,8.0,1426.0,3.0,30536.0,48,U2OS_WT_4h_BR4,0.04669897825517422,U2OS,WT,4h,BR4,U2OS_WT
GFP_BAR_DSBR_2,22.0,1126.0,0.0,30536.0,49,U2OS_WT_4h_BR4,0.036874508776526066,U2OS,WT,4h,BR4,U2OS_WT
GFP_BAR_DSBR_2,13.0,1004.0,0.0,30536.0,50,U2OS_WT_4h_BR4,0.03287922452187582,U2OS,WT,4h,BR4,U2OS_WT
GFP_BAR_DSBR_2,5.0,962.0,0.0,30536.0,51,U2OS_WT_4h_BR4,0.031503798794865076,U2OS,WT,4h,BR4,U2OS_WT
GFP_BAR_DSBR_2,7.0,944.0,0.0,30536.0,52,U2OS_WT_4h_BR4,0.030914330626146187,U2OS,WT,4h,BR4,U2OS_WT
GFP_BAR_DSBR_2,16.0,901.0,0.0,30536.0,53,U2OS_WT_4h_BR4,0.029506156667539953,U2OS,WT,4h,BR4,U2OS_WT
GFP_BAR_DSBR_2,8.0,872.0,1.0,30536.0,54,U2OS_WT_4h_BR4,0.028556457951270632,U2OS,WT,4h,BR4,U2OS_WT
GFP_BAR_DSBR_2,9.0,815.0,0.0,30536.0,55,U2OS_WT_4h_BR4,0.026689808750327483,U2OS,WT,4h,BR4,U2OS_WT
GFP_BAR_DSBR_2,11.0,688.0,3.0,30536.0,56,U2OS_WT_4h_BR4,0.022530783337699763,U2OS,WT,4h,BR4,U2OS_WT
GFP_BAR_DSBR_2,19.0,621.0,0.0,30536.0,57,U2OS_WT_4h_BR4,0.020336651820801677,U2OS,WT,4h,BR4,U2OS_WT
GFP_BAR_DSBR_2,10.0,450.0,0.0,30536.0,58,U2OS_WT_4h_BR4,0.01473670421797223,U2OS,WT,4h,BR4,U2OS_WT
GFP_BAR_DSBR_2,6.0,395.0,0.0,30536.0,59,U2OS_WT_4h_BR4,0.012935551480220069,U2OS,WT,4h,BR4,U2OS_WT
GFP_BAR_DSBR_2,4.0,348.0,0.0,30536.0,60,U2OS_WT_4h_BR4,0.011396384595231858,U2OS,WT,4h,BR4,U2OS_WT
GFP_BAR_DSBR_2,15.0,288.0,0.0,30536.0,61,U2OS_WT_4h_BR4,0.009431490699502228,U2OS,WT,4h,BR4,U2OS_WT
GFP_BAR_DSBR_2,11.0,248.0,0.0,30536.0,62,U2OS_WT_4h_BR4,0.008121561435682474,U2OS,WT,4h,BR4,U2OS_WT
GFP_BAR_DSBR_2,8.0,180.0,0.0,30536.0,63,U2OS_WT_4h_BR4,0.005894681687188891,U2OS,WT,4h,BR4,U2OS_WT
GFP_BAR_DSBR_2,12.0,145.0,0.0,30536.0,64,U2OS_WT_4h_BR4,0.0047484935813466075,U2OS,WT,4h,BR4,U2OS_WT
GFP_BAR_DSBR_2,9.0,87.0,0.0,30536.0,65,U2OS_WT_4h_BR4,0.0028490961488079644,U2OS,WT,4h,BR4,U2OS_WT
GFP_BAR_DSBR_2,13.0,21.0,0.0,30536.0,66,U2OS_WT_4h_BR4,0.0006877128635053707,U2OS,WT,4h,BR4,U2OS_WT
GFP_BAR_DSBR_2,0.0,0.0,0.0,30536.0,67,U2OS_WT_4h_BR4,0.0,U2OS,WT,4h,BR4,U2OS_WT
GFP_BAR_DSBR_2,0.0,0.0,0.0,30536.0,68,U2OS_WT_4h_BR4,0.0,U2OS,WT,4h,BR4,U2OS_WT
GFP_BAR_DSBR_2,0.0,0.0,0.0,30536.0,69,U2OS_WT_4h_BR4,0.0,U2OS,WT,4h,BR4,U2OS_WT
GFP_BAR_DSBR_2,0.0,0.0,0.0,30536.0,70,U2OS_WT_4h_BR4,0.0,U2OS,WT,4h,BR4,U2OS_WT
GFP_BAR_DSBR_2,0.0,0.0,0.0,30536.0,71,U2OS_WT_4h_BR4,0.0,U2OS,WT,4h,BR4,U2OS_WT
GFP_BAR_DSBR_2,0.0,0.0,16.0,30536.0,72,U2OS_WT_4h_BR4,0.0,U2OS,WT,4h,BR4,U2OS_WT
GFP_BAR_DSBR_2,9.0,0.0,1.0,30536.0,73,U2OS_WT_4h_BR4,0.0,U2OS,WT,4h,BR4,U2OS_WT
GFP_BAR_DSBR_2,64.0,22.0,3.0,30536.0,74,U2OS_WT_4h_BR4,0.0007204610951008645,U2OS,WT,4h,BR4,U2OS_WT
GFP_BAR_DSBR_2,13.0,0.0,0.0,30536.0,75,U2OS_WT_4h_BR4,0.0,U2OS,WT,4h,BR4,U2OS_WT
GFP_BAR_DSBR_2,8.0,0.0,0.0,30536.0,76,U2OS_WT_4h_BR4,0.0,U2OS,WT,4h,BR4,U2OS_WT
GFP_BAR_DSBR_2,5.0,0.0,0.0,30536.0,77,U2OS_WT_4h_BR4,0.0,U2OS,WT,4h,BR4,U2OS_WT
GFP_BAR_DSBR_2,5.0,0.0,0.0,30536.0,78,U2OS_WT_4h_BR4,0.0,U2OS,WT,4h,BR4,U2OS_WT
GFP_BAR_DSBR_2,3.0,0.0,0.0,30536.0,79,U2OS_WT_4h_BR4,0.0,U2OS,WT,4h,BR4,U2OS_WT
GFP_BAR_DSBR_2,14.0,0.0,0.0,30536.0,80,U2OS_WT_4h_BR4,0.0,U2OS,WT,4h,BR4,U2OS_WT
GFP_BAR_DSBR_2,4.0,0.0,0.0,30536.0,81,U2OS_WT_4h_BR4,0.0,U2OS,WT,4h,BR4,U2OS_WT
GFP_BAR_DSBR_2,7.0,0.0,0.0,30536.0,82,U2OS_WT_4h_BR4,0.0,U2OS,WT,4h,BR4,U2OS_WT
GFP_BAR_DSBR_2,4.0,0.0,0.0,30536.0,83,U2OS_WT_4h_BR4,0.0,U2OS,WT,4h,BR4,U2OS_WT
GFP_BAR_DSBR_2,6.0,0.0,0.0,30536.0,84,U2OS_WT_4h_BR4,0.0,U2OS,WT,4h,BR4,U2OS_WT
GFP_BAR_DSBR_2,5.0,0.0,0.0,30536.0,85,U2OS_WT_4h_BR4,0.0,U2OS,WT,4h,BR4,U2OS_WT
GFP_BAR_DSBR_2,8.0,0.0,0.0,30536.0,86,U2OS_WT_4h_BR4,0.0,U2OS,WT,4h,BR4,U2OS_WT
GFP_BAR_DSBR_2,12.0,0.0,0.0,30536.0,87,U2OS_WT_4h_BR4,0.0,U2OS,WT,4h,BR4,U2OS_WT
GFP_BAR_DSBR_2,4.0,0.0,0.0,30536.0,88,U2OS_WT_4h_BR4,0.0,U2OS,WT,4h,BR4,U2OS_WT
GFP_BAR_DSBR_2,12.0,0.0,0.0,30536.0,89,U2OS_WT_4h_BR4,0.0,U2OS,WT,4h,BR4,U2OS_WT
GFP_BAR_DSBR_2,7.0,0.0,0.0,30536.0,90,U2OS_WT_4h_BR4,0.0,U2OS,WT,4h,BR4,U2OS_WT
GFP_BAR_DSBR_2,8.0,0.0,0.0,30536.0,91,U2OS_WT_4h_BR4,0.0,U2OS,WT,4h,BR4,U2OS_WT
GFP_BAR_DSBR_2,2.0,0.0,0.0,30536.0,92,U2OS_WT_4h_BR4,0.0,U2OS,WT,4h,BR4,U2OS_WT
GFP_BAR_DSBR_2,6.0,0.0,0.0,30536.0,93,U2OS_WT_4h_BR4,0.0,U2OS,WT,4h,BR4,U2OS_WT
GFP_BAR_DSBR_2,7.0,0.0,0.0,30536.0,94,U2OS_WT_4h_BR4,0.0,U2OS,WT,4h,BR4,U2OS_WT
GFP_BAR_DSBR_2,4.0,0.0,0.0,30536.0,95,U2OS_WT_4h_BR4,0.0,U2OS,WT,4h,BR4,U2OS_WT
GFP_BAR_DSBR_2,4.0,0.0,0.0,15110.0,1,U2OS_WT_24h_BR4,0.0,U2OS,WT,24h,BR4,U2OS_WT
GFP_BAR_DSBR_2,4.0,0.0,0.0,15110.0,2,U2OS_WT_24h_BR4,0.0,U2OS,WT,24h,BR4,U2OS_WT
GFP_BAR_DSBR_2,1.0,0.0,0.0,15110.0,3,U2OS_WT_24h_BR4,0.0,U2OS,WT,24h,BR4,U2OS_WT
GFP_BAR_DSBR_2,1.0,0.0,0.0,15110.0,4,U2OS_WT_24h_BR4,0.0,U2OS,WT,24h,BR4,U2OS_WT
GFP_BAR_DSBR_2,4.0,0.0,0.0,15110.0,5,U2OS_WT_24h_BR4,0.0,U2OS,WT,24h,BR4,U2OS_WT
GFP_BAR_DSBR_2,4.0,0.0,0.0,15110.0,6,U2OS_WT_24h_BR4,0.0,U2OS,WT,24h,BR4,U2OS_WT
GFP_BAR_DSBR_2,4.0,0.0,0.0,15110.0,7,U2OS_WT_24h_BR4,0.0,U2OS,WT,24h,BR4,U2OS_WT
GFP_BAR_DSBR_2,3.0,0.0,0.0,15110.0,8,U2OS_WT_24h_BR4,0.0,U2OS,WT,24h,BR4,U2OS_WT
GFP_BAR_DSBR_2,1.0,0.0,0.0,15110.0,9,U2OS_WT_24h_BR4,0.0,U2OS,WT,24h,BR4,U2OS_WT
GFP_BAR_DSBR_2,2.0,0.0,0.0,15110.0,10,U2OS_WT_24h_BR4,0.0,U2OS,WT,24h,BR4,U2OS_WT
GFP_BAR_DSBR_2,2.0,0.0,0.0,15110.0,11,U2OS_WT_24h_BR4,0.0,U2OS,WT,24h,BR4,U2OS_WT
GFP_BAR_DSBR_2,3.0,0.0,0.0,15110.0,12,U2OS_WT_24h_BR4,0.0,U2OS,WT,24h,BR4,U2OS_WT
GFP_BAR_DSBR_2,1.0,0.0,0.0,15110.0,13,U2OS_WT_24h_BR4,0.0,U2OS,WT,24h,BR4,U2OS_WT
GFP_BAR_DSBR_2,1.0,0.0,0.0,15110.0,14,U2OS_WT_24h_BR4,0.0,U2OS,WT,24h,BR4,U2OS_WT
GFP_BAR_DSBR_2,7.0,1.0,0.0,15110.0,15,U2OS_WT_24h_BR4,6.618133686300464e-05,U2OS,WT,24h,BR4,U2OS_WT
GFP_BAR_DSBR_2,2.0,37.0,0.0,15110.0,16,U2OS_WT_24h_BR4,0.0024487094639311716,U2OS,WT,24h,BR4,U2OS_WT
GFP_BAR_DSBR_2,6.0,52.0,0.0,15110.0,17,U2OS_WT_24h_BR4,0.0034414295168762408,U2OS,WT,24h,BR4,U2OS_WT
GFP_BAR_DSBR_2,15.0,106.0,0.0,15110.0,18,U2OS_WT_24h_BR4,0.007015221707478491,U2OS,WT,24h,BR4,U2OS_WT
GFP_BAR_DSBR_2,3.0,114.0,0.0,15110.0,19,U2OS_WT_24h_BR4,0.007544672402382528,U2OS,WT,24h,BR4,U2OS_WT
GFP_BAR_DSBR_2,2.0,154.0,0.0,15110.0,20,U2OS_WT_24h_BR4,0.010191925876902713,U2OS,WT,24h,BR4,U2OS_WT
GFP_BAR_DSBR_2,4.0,250.0,0.0,15110.0,21,U2OS_WT_24h_BR4,0.01654533421575116,U2OS,WT,24h,BR4,U2OS_WT
GFP_BAR_DSBR_2,7.0,327.0,0.0,15110.0,22,U2OS_WT_24h_BR4,0.021641297154202516,U2OS,WT,24h,BR4,U2OS_WT
GFP_BAR_DSBR_2,4.0,372.0,0.0,15110.0,23,U2OS_WT_24h_BR4,0.024619457313037725,U2OS,WT,24h,BR4,U2OS_WT
GFP_BAR_DSBR_2,5.0,430.0,0.0,15110.0,24,U2OS_WT_24h_BR4,0.028457974851091992,U2OS,WT,24h,BR4,U2OS_WT
GFP_BAR_DSBR_2,2.0,500.0,0.0,15110.0,25,U2OS_WT_24h_BR4,0.03309066843150232,U2OS,WT,24h,BR4,U2OS_WT
GFP_BAR_DSBR_2,7.0,581.0,0.0,15110.0,26,U2OS_WT_24h_BR4,0.03845135671740569,U2OS,WT,24h,BR4,U2OS_WT
GFP_BAR_DSBR_2,7.0,631.0,0.0,15110.0,27,U2OS_WT_24h_BR4,0.041760423560555926,U2OS,WT,24h,BR4,U2OS_WT
GFP_BAR_DSBR_2,5.0,669.0,0.0,15110.0,28,U2OS_WT_24h_BR4,0.0442753143613501,U2OS,WT,24h,BR4,U2OS_WT
GFP_BAR_DSBR_2,3.0,734.0,0.0,15110.0,29,U2OS_WT_24h_BR4,0.0485771012574454,U2OS,WT,24h,BR4,U2OS_WT
GFP_BAR_DSBR_2,1.0,782.0,0.0,15110.0,30,U2OS_WT_24h_BR4,0.05175380542686962,U2OS,WT,24h,BR4,U2OS_WT
GFP_BAR_DSBR_2,2.0,870.0,0.0,15110.0,31,U2OS_WT_24h_BR4,0.05757776307081403,U2OS,WT,24h,BR4,U2OS_WT
GFP_BAR_DSBR_2,3.0,880.0,0.0,15110.0,32,U2OS_WT_24h_BR4,0.05823957643944408,U2OS,WT,24h,BR4,U2OS_WT
GFP_BAR_DSBR_2,7.0,948.0,0.0,15110.0,33,U2OS_WT_24h_BR4,0.06273990734612839,U2OS,WT,24h,BR4,U2OS_WT
GFP_BAR_DSBR_2,4.0,1178.0,0.0,15110.0,34,U2OS_WT_24h_BR4,0.07796161482461945,U2OS,WT,24h,BR4,U2OS_WT
GFP_BAR_DSBR_2,9.0,1457.0,0.0,15110.0,35,U2OS_WT_24h_BR4,0.09642620780939774,U2OS,WT,24h,BR4,U2OS_WT
GFP_BAR_DSBR_2,3.0,1493.0,0.0,15110.0,36,U2OS_WT_24h_BR4,0.09880873593646591,U2OS,WT,24h,BR4,U2OS_WT
GFP_BAR_DSBR_2,4.0,1506.0,0.0,15110.0,37,U2OS_WT_24h_BR4,0.09966909331568498,U2OS,WT,24h,BR4,U2OS_WT
GFP_BAR_DSBR_2,4.0,1612.0,0.0,15110.0,38,U2OS_WT_24h_BR4,0.10668431502316347,U2OS,WT,24h,BR4,U2OS_WT
GFP_BAR_DSBR_2,3.0,1775.0,0.0,15110.0,39,U2OS_WT_24h_BR4,0.11747187293183323,U2OS,WT,24h,BR4,U2OS_WT
GFP_BAR_DSBR_2,6.0,1830.0,0.0,15110.0,40,U2OS_WT_24h_BR4,0.12111184645929848,U2OS,WT,24h,BR4,U2OS_WT
GFP_BAR_DSBR_2,2.0,2004.0,1.0,15110.0,41,U2OS_WT_24h_BR4,0.13262739907346127,U2OS,WT,24h,BR4,U2OS_WT
GFP_BAR_DSBR_2,4.0,2017.0,1.0,15110.0,42,U2OS_WT_24h_BR4,0.13348775645268035,U2OS,WT,24h,BR4,U2OS_WT
GFP_BAR_DSBR_2,8.0,2273.0,5.0,15110.0,43,U2OS_WT_24h_BR4,0.15043017868960953,U2OS,WT,24h,BR4,U2OS_WT
GFP_BAR_DSBR_2,17.0,2357.0,28.0,15110.0,44,U2OS_WT_24h_BR4,0.15598941098610192,U2OS,WT,24h,BR4,U2OS_WT
GFP_BAR_DSBR_2,6.0,1815.0,0.0,15110.0,45,U2OS_WT_24h_BR4,0.1201191264063534,U2OS,WT,24h,BR4,U2OS_WT
GFP_BAR_DSBR_2,3.0,1699.0,0.0,15110.0,46,U2OS_WT_24h_BR4,0.11244209133024487,U2OS,WT,24h,BR4,U2OS_WT
GFP_BAR_DSBR_2,5.0,1579.0,0.0,15110.0,47,U2OS_WT_24h_BR4,0.10450033090668431,U2OS,WT,24h,BR4,U2OS_WT
GFP_BAR_DSBR_2,5.0,1341.0,0.0,15110.0,48,U2OS_WT_24h_BR4,0.08874917273328921,U2OS,WT,24h,BR4,U2OS_WT
GFP_BAR_DSBR_2,14.0,1118.0,0.0,15110.0,49,U2OS_WT_24h_BR4,0.07399073461283918,U2OS,WT,24h,BR4,U2OS_WT
GFP_BAR_DSBR_2,6.0,1013.0,0.0,15110.0,50,U2OS_WT_24h_BR4,0.0670416942422237,U2OS,WT,24h,BR4,U2OS_WT
GFP_BAR_DSBR_2,4.0,983.0,0.0,15110.0,51,U2OS_WT_24h_BR4,0.06505625413633355,U2OS,WT,24h,BR4,U2OS_WT
GFP_BAR_DSBR_2,7.0,973.0,0.0,15110.0,52,U2OS_WT_24h_BR4,0.06439444076770351,U2OS,WT,24h,BR4,U2OS_WT
GFP_BAR_DSBR_2,6.0,930.0,0.0,15110.0,53,U2OS_WT_24h_BR4,0.06154864328259431,U2OS,WT,24h,BR4,U2OS_WT
GFP_BAR_DSBR_2,5.0,898.0,0.0,15110.0,54,U2OS_WT_24h_BR4,0.05943084050297816,U2OS,WT,24h,BR4,U2OS_WT
GFP_BAR_DSBR_2,5.0,836.0,0.0,15110.0,55,U2OS_WT_24h_BR4,0.05532759761747187,U2OS,WT,24h,BR4,U2OS_WT
GFP_BAR_DSBR_2,11.0,702.0,0.0,15110.0,56,U2OS_WT_24h_BR4,0.04645929847782925,U2OS,WT,24h,BR4,U2OS_WT
GFP_BAR_DSBR_2,10.0,620.0,0.0,15110.0,57,U2OS_WT_24h_BR4,0.04103242885506287,U2OS,WT,24h,BR4,U2OS_WT
GFP_BAR_DSBR_2,4.0,482.0,0.0,15110.0,58,U2OS_WT_24h_BR4,0.03189940436796823,U2OS,WT,24h,BR4,U2OS_WT
GFP_BAR_DSBR_2,3.0,430.0,0.0,15110.0,59,U2OS_WT_24h_BR4,0.028457974851091992,U2OS,WT,24h,BR4,U2OS_WT
GFP_BAR_DSBR_2,4.0,381.0,0.0,15110.0,60,U2OS_WT_24h_BR4,0.025215089344804764,U2OS,WT,24h,BR4,U2OS_WT
GFP_BAR_DSBR_2,5.0,311.0,0.0,15110.0,61,U2OS_WT_24h_BR4,0.02058239576439444,U2OS,WT,24h,BR4,U2OS_WT
GFP_BAR_DSBR_2,8.0,258.0,0.0,15110.0,62,U2OS_WT_24h_BR4,0.017074784910655196,U2OS,WT,24h,BR4,U2OS_WT
GFP_BAR_DSBR_2,5.0,188.0,0.0,15110.0,63,U2OS_WT_24h_BR4,0.01244209133024487,U2OS,WT,24h,BR4,U2OS_WT
GFP_BAR_DSBR_2,7.0,154.0,0.0,15110.0,64,U2OS_WT_24h_BR4,0.010191925876902713,U2OS,WT,24h,BR4,U2OS_WT
GFP_BAR_DSBR_2,5.0,96.0,0.0,15110.0,65,U2OS_WT_24h_BR4,0.006353408338848445,U2OS,WT,24h,BR4,U2OS_WT
GFP_BAR_DSBR_2,3.0,21.0,0.0,15110.0,66,U2OS_WT_24h_BR4,0.0013898080741230974,U2OS,WT,24h,BR4,U2OS_WT
GFP_BAR_DSBR_2,0.0,0.0,0.0,15110.0,67,U2OS_WT_24h_BR4,0.0,U2OS,WT,24h,BR4,U2OS_WT
GFP_BAR_DSBR_2,0.0,0.0,0.0,15110.0,68,U2OS_WT_24h_BR4,0.0,U2OS,WT,24h,BR4,U2OS_WT
GFP_BAR_DSBR_2,0.0,0.0,0.0,15110.0,69,U2OS_WT_24h_BR4,0.0,U2OS,WT,24h,BR4,U2OS_WT
GFP_BAR_DSBR_2,0.0,0.0,0.0,15110.0,70,U2OS_WT_24h_BR4,0.0,U2OS,WT,24h,BR4,U2OS_WT
GFP_BAR_DSBR_2,0.0,0.0,0.0,15110.0,71,U2OS_WT_24h_BR4,0.0,U2OS,WT,24h,BR4,U2OS_WT
GFP_BAR_DSBR_2,0.0,0.0,9.0,15110.0,72,U2OS_WT_24h_BR4,0.0,U2OS,WT,24h,BR4,U2OS_WT
GFP_BAR_DSBR_2,4.0,0.0,2.0,15110.0,73,U2OS_WT_24h_BR4,0.0,U2OS,WT,24h,BR4,U2OS_WT
GFP_BAR_DSBR_2,33.0,5.0,1.0,15110.0,74,U2OS_WT_24h_BR4,0.00033090668431502316,U2OS,WT,24h,BR4,U2OS_WT
GFP_BAR_DSBR_2,3.0,0.0,0.0,15110.0,75,U2OS_WT_24h_BR4,0.0,U2OS,WT,24h,BR4,U2OS_WT
GFP_BAR_DSBR_2,1.0,0.0,0.0,15110.0,76,U2OS_WT_24h_BR4,0.0,U2OS,WT,24h,BR4,U2OS_WT
GFP_BAR_DSBR_2,2.0,0.0,0.0,15110.0,77,U2OS_WT_24h_BR4,0.0,U2OS,WT,24h,BR4,U2OS_WT
GFP_BAR_DSBR_2,4.0,0.0,0.0,15110.0,78,U2OS_WT_24h_BR4,0.0,U2OS,WT,24h,BR4,U2OS_WT
GFP_BAR_DSBR_2,3.0,0.0,0.0,15110.0,79,U2OS_WT_24h_BR4,0.0,U2OS,WT,24h,BR4,U2OS_WT
GFP_BAR_DSBR_2,4.0,0.0,0.0,15110.0,80,U2OS_WT_24h_BR4,0.0,U2OS,WT,24h,BR4,U2OS_WT
GFP_BAR_DSBR_2,2.0,0.0,0.0,15110.0,81,U2OS_WT_24h_BR4,0.0,U2OS,WT,24h,BR4,U2OS_WT
GFP_BAR_DSBR_2,3.0,0.0,0.0,15110.0,82,U2OS_WT_24h_BR4,0.0,U2OS,WT,24h,BR4,U2OS_WT
GFP_BAR_DSBR_2,1.0,0.0,0.0,15110.0,83,U2OS_WT_24h_BR4,0.0,U2OS,WT,24h,BR4,U2OS_WT
GFP_BAR_DSBR_2,7.0,0.0,0.0,15110.0,84,U2OS_WT_24h_BR4,0.0,U2OS,WT,24h,BR4,U2OS_WT
GFP_BAR_DSBR_2,4.0,0.0,0.0,15110.0,85,U2OS_WT_24h_BR4,0.0,U2OS,WT,24h,BR4,U2OS_WT
GFP_BAR_DSBR_2,2.0,0.0,0.0,15110.0,86,U2OS_WT_24h_BR4,0.0,U2OS,WT,24h,BR4,U2OS_WT
GFP_BAR_DSBR_2,5.0,0.0,0.0,15110.0,87,U2OS_WT_24h_BR4,0.0,U2OS,WT,24h,BR4,U2OS_WT
GFP_BAR_DSBR_2,3.0,0.0,0.0,15110.0,88,U2OS_WT_24h_BR4,0.0,U2OS,WT,24h,BR4,U2OS_WT
GFP_BAR_DSBR_2,5.0,0.0,0.0,15110.0,89,U2OS_WT_24h_BR4,0.0,U2OS,WT,24h,BR4,U2OS_WT
GFP_BAR_DSBR_2,1.0,0.0,0.0,15110.0,90,U2OS_WT_24h_BR4,0.0,U2OS,WT,24h,BR4,U2OS_WT
GFP_BAR_DSBR_2,3.0,0.0,0.0,15110.0,91,U2OS_WT_24h_BR4,0.0,U2OS,WT,24h,BR4,U2OS_WT
GFP_BAR_DSBR_2,3.0,0.0,0.0,15110.0,92,U2OS_WT_24h_BR4,0.0,U2OS,WT,24h,BR4,U2OS_WT
GFP_BAR_DSBR_2,1.0,0.0,0.0,15110.0,93,U2OS_WT_24h_BR4,0.0,U2OS,WT,24h,BR4,U2OS_WT
GFP_BAR_DSBR_2,3.0,0.0,0.0,15110.0,94,U2OS_WT_24h_BR4,0.0,U2OS,WT,24h,BR4,U2OS_WT
GFP_BAR_DSBR_2,7.0,0.0,0.0,15110.0,95,U2OS_WT_24h_BR4,0.0,U2OS,WT,24h,BR4,U2OS_WT
GFP_BAR_DSBR_2,1.0,0.0,0.0,1369.0,1,HAP1_WT_1h_BR1,0.0,HAP1,WT,1h,BR1,HAP1_WT
GFP_BAR_DSBR_2,1.0,0.0,0.0,1369.0,2,HAP1_WT_1h_BR1,0.0,HAP1,WT,1h,BR1,HAP1_WT
GFP_BAR_DSBR_2,0.0,0.0,0.0,1369.0,3,HAP1_WT_1h_BR1,0.0,HAP1,WT,1h,BR1,HAP1_WT
GFP_BAR_DSBR_2,0.0,0.0,0.0,1369.0,4,HAP1_WT_1h_BR1,0.0,HAP1,WT,1h,BR1,HAP1_WT
GFP_BAR_DSBR_2,0.0,0.0,0.0,1369.0,5,HAP1_WT_1h_BR1,0.0,HAP1,WT,1h,BR1,HAP1_WT
GFP_BAR_DSBR_2,0.0,0.0,0.0,1369.0,6,HAP1_WT_1h_BR1,0.0,HAP1,WT,1h,BR1,HAP1_WT
GFP_BAR_DSBR_2,0.0,0.0,0.0,1369.0,7,HAP1_WT_1h_BR1,0.0,HAP1,WT,1h,BR1,HAP1_WT
GFP_BAR_DSBR_2,1.0,0.0,0.0,1369.0,8,HAP1_WT_1h_BR1,0.0,HAP1,WT,1h,BR1,HAP1_WT
GFP_BAR_DSBR_2,0.0,0.0,0.0,1369.0,9,HAP1_WT_1h_BR1,0.0,HAP1,WT,1h,BR1,HAP1_WT
GFP_BAR_DSBR_2,0.0,0.0,0.0,1369.0,10,HAP1_WT_1h_BR1,0.0,HAP1,WT,1h,BR1,HAP1_WT
GFP_BAR_DSBR_2,0.0,0.0,0.0,1369.0,11,HAP1_WT_1h_BR1,0.0,HAP1,WT,1h,BR1,HAP1_WT
GFP_BAR_DSBR_2,0.0,0.0,0.0,1369.0,12,HAP1_WT_1h_BR1,0.0,HAP1,WT,1h,BR1,HAP1_WT
GFP_BAR_DSBR_2,0.0,0.0,0.0,1369.0,13,HAP1_WT_1h_BR1,0.0,HAP1,WT,1h,BR1,HAP1_WT
GFP_BAR_DSBR_2,0.0,0.0,0.0,1369.0,14,HAP1_WT_1h_BR1,0.0,HAP1,WT,1h,BR1,HAP1_WT
GFP_BAR_DSBR_2,0.0,0.0,0.0,1369.0,15,HAP1_WT_1h_BR1,0.0,HAP1,WT,1h,BR1,HAP1_WT
GFP_BAR_DSBR_2,1.0,0.0,0.0,1369.0,16,HAP1_WT_1h_BR1,0.0,HAP1,WT,1h,BR1,HAP1_WT
GFP_BAR_DSBR_2,0.0,0.0,0.0,1369.0,17,HAP1_WT_1h_BR1,0.0,HAP1,WT,1h,BR1,HAP1_WT
GFP_BAR_DSBR_2,0.0,0.0,0.0,1369.0,18,HAP1_WT_1h_BR1,0.0,HAP1,WT,1h,BR1,HAP1_WT
GFP_BAR_DSBR_2,0.0,0.0,0.0,1369.0,19,HAP1_WT_1h_BR1,0.0,HAP1,WT,1h,BR1,HAP1_WT
GFP_BAR_DSBR_2,0.0,0.0,0.0,1369.0,20,HAP1_WT_1h_BR1,0.0,HAP1,WT,1h,BR1,HAP1_WT
GFP_BAR_DSBR_2,0.0,0.0,0.0,1369.0,21,HAP1_WT_1h_BR1,0.0,HAP1,WT,1h,BR1,HAP1_WT
GFP_BAR_DSBR_2,0.0,0.0,0.0,1369.0,22,HAP1_WT_1h_BR1,0.0,HAP1,WT,1h,BR1,HAP1_WT
GFP_BAR_DSBR_2,0.0,0.0,0.0,1369.0,23,HAP1_WT_1h_BR1,0.0,HAP1,WT,1h,BR1,HAP1_WT
GFP_BAR_DSBR_2,0.0,0.0,0.0,1369.0,24,HAP1_WT_1h_BR1,0.0,HAP1,WT,1h,BR1,HAP1_WT
GFP_BAR_DSBR_2,0.0,0.0,0.0,1369.0,25,HAP1_WT_1h_BR1,0.0,HAP1,WT,1h,BR1,HAP1_WT
GFP_BAR_DSBR_2,1.0,0.0,0.0,1369.0,26,HAP1_WT_1h_BR1,0.0,HAP1,WT,1h,BR1,HAP1_WT
GFP_BAR_DSBR_2,0.0,0.0,0.0,1369.0,27,HAP1_WT_1h_BR1,0.0,HAP1,WT,1h,BR1,HAP1_WT
GFP_BAR_DSBR_2,0.0,0.0,0.0,1369.0,28,HAP1_WT_1h_BR1,0.0,HAP1,WT,1h,BR1,HAP1_WT
GFP_BAR_DSBR_2,0.0,0.0,0.0,1369.0,29,HAP1_WT_1h_BR1,0.0,HAP1,WT,1h,BR1,HAP1_WT
GFP_BAR_DSBR_2,0.0,0.0,0.0,1369.0,30,HAP1_WT_1h_BR1,0.0,HAP1,WT,1h,BR1,HAP1_WT
GFP_BAR_DSBR_2,0.0,0.0,0.0,1369.0,31,HAP1_WT_1h_BR1,0.0,HAP1,WT,1h,BR1,HAP1_WT
GFP_BAR_DSBR_2,0.0,0.0,0.0,1369.0,32,HAP1_WT_1h_BR1,0.0,HAP1,WT,1h,BR1,HAP1_WT
GFP_BAR_DSBR_2,0.0,2.0,0.0,1369.0,33,HAP1_WT_1h_BR1,0.0014609203798392988,HAP1,WT,1h,BR1,HAP1_WT
GFP_BAR_DSBR_2,0.0,2.0,0.0,1369.0,34,HAP1_WT_1h_BR1,0.0014609203798392988,HAP1,WT,1h,BR1,HAP1_WT
GFP_BAR_DSBR_2,0.0,2.0,0.0,1369.0,35,HAP1_WT_1h_BR1,0.0014609203798392988,HAP1,WT,1h,BR1,HAP1_WT
GFP_BAR_DSBR_2,0.0,2.0,0.0,1369.0,36,HAP1_WT_1h_BR1,0.0014609203798392988,HAP1,WT,1h,BR1,HAP1_WT
GFP_BAR_DSBR_2,0.0,2.0,0.0,1369.0,37,HAP1_WT_1h_BR1,0.0014609203798392988,HAP1,WT,1h,BR1,HAP1_WT
GFP_BAR_DSBR_2,0.0,2.0,0.0,1369.0,38,HAP1_WT_1h_BR1,0.0014609203798392988,HAP1,WT,1h,BR1,HAP1_WT
GFP_BAR_DSBR_2,0.0,3.0,0.0,1369.0,39,HAP1_WT_1h_BR1,0.002191380569758948,HAP1,WT,1h,BR1,HAP1_WT
GFP_BAR_DSBR_2,1.0,3.0,0.0,1369.0,40,HAP1_WT_1h_BR1,0.002191380569758948,HAP1,WT,1h,BR1,HAP1_WT
GFP_BAR_DSBR_2,1.0,5.0,0.0,1369.0,41,HAP1_WT_1h_BR1,0.003652300949598247,HAP1,WT,1h,BR1,HAP1_WT
GFP_BAR_DSBR_2,0.0,5.0,0.0,1369.0,42,HAP1_WT_1h_BR1,0.003652300949598247,HAP1,WT,1h,BR1,HAP1_WT
GFP_BAR_DSBR_2,0.0,12.0,3.0,1369.0,43,HAP1_WT_1h_BR1,0.008765522279035792,HAP1,WT,1h,BR1,HAP1_WT
GFP_BAR_DSBR_2,0.0,12.0,1.0,1369.0,44,HAP1_WT_1h_BR1,0.008765522279035792,HAP1,WT,1h,BR1,HAP1_WT
GFP_BAR_DSBR_2,0.0,3.0,0.0,1369.0,45,HAP1_WT_1h_BR1,0.002191380569758948,HAP1,WT,1h,BR1,HAP1_WT
GFP_BAR_DSBR_2,0.0,3.0,0.0,1369.0,46,HAP1_WT_1h_BR1,0.002191380569758948,HAP1,WT,1h,BR1,HAP1_WT
GFP_BAR_DSBR_2,1.0,3.0,0.0,1369.0,47,HAP1_WT_1h_BR1,0.002191380569758948,HAP1,WT,1h,BR1,HAP1_WT
GFP_BAR_DSBR_2,0.0,3.0,0.0,1369.0,48,HAP1_WT_1h_BR1,0.002191380569758948,HAP1,WT,1h,BR1,HAP1_WT
GFP_BAR_DSBR_2,0.0,3.0,0.0,1369.0,49,HAP1_WT_1h_BR1,0.002191380569758948,HAP1,WT,1h,BR1,HAP1_WT
GFP_BAR_DSBR_2,0.0,3.0,0.0,1369.0,50,HAP1_WT_1h_BR1,0.002191380569758948,HAP1,WT,1h,BR1,HAP1_WT
GFP_BAR_DSBR_2,0.0,2.0,0.0,1369.0,51,HAP1_WT_1h_BR1,0.0014609203798392988,HAP1,WT,1h,BR1,HAP1_WT
GFP_BAR_DSBR_2,0.0,2.0,0.0,1369.0,52,HAP1_WT_1h_BR1,0.0014609203798392988,HAP1,WT,1h,BR1,HAP1_WT
GFP_BAR_DSBR_2,0.0,2.0,0.0,1369.0,53,HAP1_WT_1h_BR1,0.0014609203798392988,HAP1,WT,1h,BR1,HAP1_WT
GFP_BAR_DSBR_2,0.0,2.0,0.0,1369.0,54,HAP1_WT_1h_BR1,0.0014609203798392988,HAP1,WT,1h,BR1,HAP1_WT
GFP_BAR_DSBR_2,0.0,2.0,0.0,1369.0,55,HAP1_WT_1h_BR1,0.0014609203798392988,HAP1,WT,1h,BR1,HAP1_WT
GFP_BAR_DSBR_2,0.0,2.0,0.0,1369.0,56,HAP1_WT_1h_BR1,0.0014609203798392988,HAP1,WT,1h,BR1,HAP1_WT
GFP_BAR_DSBR_2,0.0,2.0,0.0,1369.0,57,HAP1_WT_1h_BR1,0.0014609203798392988,HAP1,WT,1h,BR1,HAP1_WT
GFP_BAR_DSBR_2,0.0,0.0,0.0,1369.0,58,HAP1_WT_1h_BR1,0.0,HAP1,WT,1h,BR1,HAP1_WT
GFP_BAR_DSBR_2,0.0,0.0,0.0,1369.0,59,HAP1_WT_1h_BR1,0.0,HAP1,WT,1h,BR1,HAP1_WT
GFP_BAR_DSBR_2,0.0,0.0,0.0,1369.0,60,HAP1_WT_1h_BR1,0.0,HAP1,WT,1h,BR1,HAP1_WT
GFP_BAR_DSBR_2,0.0,0.0,0.0,1369.0,61,HAP1_WT_1h_BR1,0.0,HAP1,WT,1h,BR1,HAP1_WT
GFP_BAR_DSBR_2,0.0,0.0,0.0,1369.0,62,HAP1_WT_1h_BR1,0.0,HAP1,WT,1h,BR1,HAP1_WT
GFP_BAR_DSBR_2,0.0,0.0,0.0,1369.0,63,HAP1_WT_1h_BR1,0.0,HAP1,WT,1h,BR1,HAP1_WT
GFP_BAR_DSBR_2,0.0,0.0,0.0,1369.0,64,HAP1_WT_1h_BR1,0.0,HAP1,WT,1h,BR1,HAP1_WT
GFP_BAR_DSBR_2,0.0,0.0,0.0,1369.0,65,HAP1_WT_1h_BR1,0.0,HAP1,WT,1h,BR1,HAP1_WT
GFP_BAR_DSBR_2,0.0,0.0,0.0,1369.0,66,HAP1_WT_1h_BR1,0.0,HAP1,WT,1h,BR1,HAP1_WT
GFP_BAR_DSBR_2,0.0,0.0,0.0,1369.0,67,HAP1_WT_1h_BR1,0.0,HAP1,WT,1h,BR1,HAP1_WT
GFP_BAR_DSBR_2,0.0,0.0,0.0,1369.0,68,HAP1_WT_1h_BR1,0.0,HAP1,WT,1h,BR1,HAP1_WT
GFP_BAR_DSBR_2,0.0,0.0,0.0,1369.0,69,HAP1_WT_1h_BR1,0.0,HAP1,WT,1h,BR1,HAP1_WT
GFP_BAR_DSBR_2,0.0,0.0,0.0,1369.0,70,HAP1_WT_1h_BR1,0.0,HAP1,WT,1h,BR1,HAP1_WT
GFP_BAR_DSBR_2,0.0,0.0,0.0,1369.0,71,HAP1_WT_1h_BR1,0.0,HAP1,WT,1h,BR1,HAP1_WT
GFP_BAR_DSBR_2,0.0,0.0,0.0,1369.0,72,HAP1_WT_1h_BR1,0.0,HAP1,WT,1h,BR1,HAP1_WT
GFP_BAR_DSBR_2,0.0,0.0,0.0,1369.0,73,HAP1_WT_1h_BR1,0.0,HAP1,WT,1h,BR1,HAP1_WT
GFP_BAR_DSBR_2,3.0,1.0,0.0,1369.0,74,HAP1_WT_1h_BR1,0.0007304601899196494,HAP1,WT,1h,BR1,HAP1_WT
GFP_BAR_DSBR_2,0.0,0.0,0.0,1369.0,75,HAP1_WT_1h_BR1,0.0,HAP1,WT,1h,BR1,HAP1_WT
GFP_BAR_DSBR_2,0.0,0.0,0.0,1369.0,76,HAP1_WT_1h_BR1,0.0,HAP1,WT,1h,BR1,HAP1_WT
GFP_BAR_DSBR_2,0.0,0.0,0.0,1369.0,77,HAP1_WT_1h_BR1,0.0,HAP1,WT,1h,BR1,HAP1_WT
GFP_BAR_DSBR_2,0.0,0.0,0.0,1369.0,78,HAP1_WT_1h_BR1,0.0,HAP1,WT,1h,BR1,HAP1_WT
GFP_BAR_DSBR_2,0.0,0.0,0.0,1369.0,79,HAP1_WT_1h_BR1,0.0,HAP1,WT,1h,BR1,HAP1_WT
GFP_BAR_DSBR_2,0.0,0.0,0.0,1369.0,80,HAP1_WT_1h_BR1,0.0,HAP1,WT,1h,BR1,HAP1_WT
GFP_BAR_DSBR_2,1.0,0.0,0.0,1369.0,81,HAP1_WT_1h_BR1,0.0,HAP1,WT,1h,BR1,HAP1_WT
GFP_BAR_DSBR_2,0.0,0.0,0.0,1369.0,82,HAP1_WT_1h_BR1,0.0,HAP1,WT,1h,BR1,HAP1_WT
GFP_BAR_DSBR_2,0.0,0.0,0.0,1369.0,83,HAP1_WT_1h_BR1,0.0,HAP1,WT,1h,BR1,HAP1_WT
GFP_BAR_DSBR_2,0.0,0.0,0.0,1369.0,84,HAP1_WT_1h_BR1,0.0,HAP1,WT,1h,BR1,HAP1_WT
GFP_BAR_DSBR_2,0.0,0.0,0.0,1369.0,85,HAP1_WT_1h_BR1,0.0,HAP1,WT,1h,BR1,HAP1_WT
GFP_BAR_DSBR_2,0.0,0.0,0.0,1369.0,86,HAP1_WT_1h_BR1,0.0,HAP1,WT,1h,BR1,HAP1_WT
GFP_BAR_DSBR_2,0.0,0.0,0.0,1369.0,87,HAP1_WT_1h_BR1,0.0,HAP1,WT,1h,BR1,HAP1_WT
GFP_BAR_DSBR_2,0.0,0.0,0.0,1369.0,88,HAP1_WT_1h_BR1,0.0,HAP1,WT,1h,BR1,HAP1_WT
GFP_BAR_DSBR_2,0.0,0.0,0.0,1369.0,89,HAP1_WT_1h_BR1,0.0,HAP1,WT,1h,BR1,HAP1_WT
GFP_BAR_DSBR_2,0.0,0.0,0.0,1369.0,90,HAP1_WT_1h_BR1,0.0,HAP1,WT,1h,BR1,HAP1_WT
GFP_BAR_DSBR_2,0.0,0.0,0.0,1369.0,91,HAP1_WT_1h_BR1,0.0,HAP1,WT,1h,BR1,HAP1_WT
GFP_BAR_DSBR_2,0.0,0.0,0.0,1369.0,92,HAP1_WT_1h_BR1,0.0,HAP1,WT,1h,BR1,HAP1_WT
GFP_BAR_DSBR_2,0.0,0.0,0.0,1369.0,93,HAP1_WT_1h_BR1,0.0,HAP1,WT,1h,BR1,HAP1_WT
GFP_BAR_DSBR_2,0.0,0.0,0.0,1369.0,94,HAP1_WT_1h_BR1,0.0,HAP1,WT,1h,BR1,HAP1_WT
GFP_BAR_DSBR_2,1.0,0.0,0.0,1369.0,95,HAP1_WT_1h_BR1,0.0,HAP1,WT,1h,BR1,HAP1_WT
GFP_BAR_DSBR_2,0.0,0.0,0.0,2178.0,1,HAP1_WT_2h_BR1,0.0,HAP1,WT,2h,BR1,HAP1_WT
GFP_BAR_DSBR_2,0.0,0.0,0.0,2178.0,2,HAP1_WT_2h_BR1,0.0,HAP1,WT,2h,BR1,HAP1_WT
GFP_BAR_DSBR_2,0.0,0.0,0.0,2178.0,3,HAP1_WT_2h_BR1,0.0,HAP1,WT,2h,BR1,HAP1_WT
GFP_BAR_DSBR_2,0.0,0.0,0.0,2178.0,4,HAP1_WT_2h_BR1,0.0,HAP1,WT,2h,BR1,HAP1_WT
GFP_BAR_DSBR_2,0.0,0.0,0.0,2178.0,5,HAP1_WT_2h_BR1,0.0,HAP1,WT,2h,BR1,HAP1_WT
GFP_BAR_DSBR_2,0.0,0.0,0.0,2178.0,6,HAP1_WT_2h_BR1,0.0,HAP1,WT,2h,BR1,HAP1_WT
GFP_BAR_DSBR_2,0.0,0.0,0.0,2178.0,7,HAP1_WT_2h_BR1,0.0,HAP1,WT,2h,BR1,HAP1_WT
GFP_BAR_DSBR_2,0.0,0.0,0.0,2178.0,8,HAP1_WT_2h_BR1,0.0,HAP1,WT,2h,BR1,HAP1_WT
GFP_BAR_DSBR_2,0.0,0.0,0.0,2178.0,9,HAP1_WT_2h_BR1,0.0,HAP1,WT,2h,BR1,HAP1_WT
GFP_BAR_DSBR_2,0.0,0.0,0.0,2178.0,10,HAP1_WT_2h_BR1,0.0,HAP1,WT,2h,BR1,HAP1_WT
GFP_BAR_DSBR_2,1.0,0.0,0.0,2178.0,11,HAP1_WT_2h_BR1,0.0,HAP1,WT,2h,BR1,HAP1_WT
GFP_BAR_DSBR_2,0.0,0.0,0.0,2178.0,12,HAP1_WT_2h_BR1,0.0,HAP1,WT,2h,BR1,HAP1_WT
GFP_BAR_DSBR_2,0.0,0.0,0.0,2178.0,13,HAP1_WT_2h_BR1,0.0,HAP1,WT,2h,BR1,HAP1_WT
GFP_BAR_DSBR_2,0.0,0.0,0.0,2178.0,14,HAP1_WT_2h_BR1,0.0,HAP1,WT,2h,BR1,HAP1_WT
GFP_BAR_DSBR_2,0.0,0.0,0.0,2178.0,15,HAP1_WT_2h_BR1,0.0,HAP1,WT,2h,BR1,HAP1_WT
GFP_BAR_DSBR_2,0.0,0.0,0.0,2178.0,16,HAP1_WT_2h_BR1,0.0,HAP1,WT,2h,BR1,HAP1_WT
GFP_BAR_DSBR_2,0.0,0.0,0.0,2178.0,17,HAP1_WT_2h_BR1,0.0,HAP1,WT,2h,BR1,HAP1_WT
GFP_BAR_DSBR_2,0.0,0.0,0.0,2178.0,18,HAP1_WT_2h_BR1,0.0,HAP1,WT,2h,BR1,HAP1_WT
GFP_BAR_DSBR_2,0.0,0.0,0.0,2178.0,19,HAP1_WT_2h_BR1,0.0,HAP1,WT,2h,BR1,HAP1_WT
GFP_BAR_DSBR_2,0.0,0.0,0.0,2178.0,20,HAP1_WT_2h_BR1,0.0,HAP1,WT,2h,BR1,HAP1_WT
GFP_BAR_DSBR_2,1.0,0.0,0.0,2178.0,21,HAP1_WT_2h_BR1,0.0,HAP1,WT,2h,BR1,HAP1_WT
GFP_BAR_DSBR_2,0.0,0.0,0.0,2178.0,22,HAP1_WT_2h_BR1,0.0,HAP1,WT,2h,BR1,HAP1_WT
GFP_BAR_DSBR_2,0.0,0.0,0.0,2178.0,23,HAP1_WT_2h_BR1,0.0,HAP1,WT,2h,BR1,HAP1_WT
GFP_BAR_DSBR_2,0.0,0.0,0.0,2178.0,24,HAP1_WT_2h_BR1,0.0,HAP1,WT,2h,BR1,HAP1_WT
GFP_BAR_DSBR_2,0.0,0.0,0.0,2178.0,25,HAP1_WT_2h_BR1,0.0,HAP1,WT,2h,BR1,HAP1_WT
GFP_BAR_DSBR_2,0.0,0.0,0.0,2178.0,26,HAP1_WT_2h_BR1,0.0,HAP1,WT,2h,BR1,HAP1_WT
GFP_BAR_DSBR_2,0.0,0.0,0.0,2178.0,27,HAP1_WT_2h_BR1,0.0,HAP1,WT,2h,BR1,HAP1_WT
GFP_BAR_DSBR_2,0.0,0.0,0.0,2178.0,28,HAP1_WT_2h_BR1,0.0,HAP1,WT,2h,BR1,HAP1_WT
GFP_BAR_DSBR_2,0.0,1.0,0.0,2178.0,29,HAP1_WT_2h_BR1,0.0004591368227731864,HAP1,WT,2h,BR1,HAP1_WT
GFP_BAR_DSBR_2,0.0,1.0,0.0,2178.0,30,HAP1_WT_2h_BR1,0.0004591368227731864,HAP1,WT,2h,BR1,HAP1_WT
GFP_BAR_DSBR_2,0.0,1.0,0.0,2178.0,31,HAP1_WT_2h_BR1,0.0004591368227731864,HAP1,WT,2h,BR1,HAP1_WT
GFP_BAR_DSBR_2,0.0,1.0,0.0,2178.0,32,HAP1_WT_2h_BR1,0.0004591368227731864,HAP1,WT,2h,BR1,HAP1_WT
GFP_BAR_DSBR_2,0.0,1.0,0.0,2178.0,33,HAP1_WT_2h_BR1,0.0004591368227731864,HAP1,WT,2h,BR1,HAP1_WT
GFP_BAR_DSBR_2,1.0,2.0,0.0,2178.0,34,HAP1_WT_2h_BR1,0.0009182736455463728,HAP1,WT,2h,BR1,HAP1_WT
GFP_BAR_DSBR_2,0.0,3.0,0.0,2178.0,35,HAP1_WT_2h_BR1,0.0013774104683195593,HAP1,WT,2h,BR1,HAP1_WT
GFP_BAR_DSBR_2,0.0,3.0,0.0,2178.0,36,HAP1_WT_2h_BR1,0.0013774104683195593,HAP1,WT,2h,BR1,HAP1_WT
GFP_BAR_DSBR_2,0.0,3.0,0.0,2178.0,37,HAP1_WT_2h_BR1,0.0013774104683195593,HAP1,WT,2h,BR1,HAP1_WT
GFP_BAR_DSBR_2,0.0,3.0,0.0,2178.0,38,HAP1_WT_2h_BR1,0.0013774104683195593,HAP1,WT,2h,BR1,HAP1_WT
GFP_BAR_DSBR_2,0.0,5.0,0.0,2178.0,39,HAP1_WT_2h_BR1,0.002295684113865932,HAP1,WT,2h,BR1,HAP1_WT
GFP_BAR_DSBR_2,0.0,5.0,0.0,2178.0,40,HAP1_WT_2h_BR1,0.002295684113865932,HAP1,WT,2h,BR1,HAP1_WT
GFP_BAR_DSBR_2,0.0,7.0,0.0,2178.0,41,HAP1_WT_2h_BR1,0.0032139577594123047,HAP1,WT,2h,BR1,HAP1_WT
GFP_BAR_DSBR_2,0.0,7.0,0.0,2178.0,42,HAP1_WT_2h_BR1,0.0032139577594123047,HAP1,WT,2h,BR1,HAP1_WT
GFP_BAR_DSBR_2,0.0,8.0,1.0,2178.0,43,HAP1_WT_2h_BR1,0.0036730945821854912,HAP1,WT,2h,BR1,HAP1_WT
GFP_BAR_DSBR_2,1.0,9.0,4.0,2178.0,44,HAP1_WT_2h_BR1,0.004132231404958678,HAP1,WT,2h,BR1,HAP1_WT
GFP_BAR_DSBR_2,0.0,2.0,0.0,2178.0,45,HAP1_WT_2h_BR1,0.0009182736455463728,HAP1,WT,2h,BR1,HAP1_WT
GFP_BAR_DSBR_2,0.0,1.0,0.0,2178.0,46,HAP1_WT_2h_BR1,0.0004591368227731864,HAP1,WT,2h,BR1,HAP1_WT
GFP_BAR_DSBR_2,0.0,0.0,0.0,2178.0,47,HAP1_WT_2h_BR1,0.0,HAP1,WT,2h,BR1,HAP1_WT
GFP_BAR_DSBR_2,0.0,0.0,0.0,2178.0,48,HAP1_WT_2h_BR1,0.0,HAP1,WT,2h,BR1,HAP1_WT
GFP_BAR_DSBR_2,0.0,0.0,0.0,2178.0,49,HAP1_WT_2h_BR1,0.0,HAP1,WT,2h,BR1,HAP1_WT
GFP_BAR_DSBR_2,0.0,0.0,0.0,2178.0,50,HAP1_WT_2h_BR1,0.0,HAP1,WT,2h,BR1,HAP1_WT
GFP_BAR_DSBR_2,0.0,0.0,0.0,2178.0,51,HAP1_WT_2h_BR1,0.0,HAP1,WT,2h,BR1,HAP1_WT
GFP_BAR_DSBR_2,0.0,0.0,0.0,2178.0,52,HAP1_WT_2h_BR1,0.0,HAP1,WT,2h,BR1,HAP1_WT
GFP_BAR_DSBR_2,1.0,0.0,0.0,2178.0,53,HAP1_WT_2h_BR1,0.0,HAP1,WT,2h,BR1,HAP1_WT
GFP_BAR_DSBR_2,1.0,0.0,0.0,2178.0,54,HAP1_WT_2h_BR1,0.0,HAP1,WT,2h,BR1,HAP1_WT
GFP_BAR_DSBR_2,0.0,0.0,0.0,2178.0,55,HAP1_WT_2h_BR1,0.0,HAP1,WT,2h,BR1,HAP1_WT
GFP_BAR_DSBR_2,0.0,0.0,0.0,2178.0,56,HAP1_WT_2h_BR1,0.0,HAP1,WT,2h,BR1,HAP1_WT
GFP_BAR_DSBR_2,0.0,0.0,0.0,2178.0,57,HAP1_WT_2h_BR1,0.0,HAP1,WT,2h,BR1,HAP1_WT
GFP_BAR_DSBR_2,0.0,0.0,0.0,2178.0,58,HAP1_WT_2h_BR1,0.0,HAP1,WT,2h,BR1,HAP1_WT
GFP_BAR_DSBR_2,0.0,0.0,0.0,2178.0,59,HAP1_WT_2h_BR1,0.0,HAP1,WT,2h,BR1,HAP1_WT
GFP_BAR_DSBR_2,1.0,0.0,0.0,2178.0,60,HAP1_WT_2h_BR1,0.0,HAP1,WT,2h,BR1,HAP1_WT
GFP_BAR_DSBR_2,0.0,0.0,0.0,2178.0,61,HAP1_WT_2h_BR1,0.0,HAP1,WT,2h,BR1,HAP1_WT
GFP_BAR_DSBR_2,1.0,0.0,0.0,2178.0,62,HAP1_WT_2h_BR1,0.0,HAP1,WT,2h,BR1,HAP1_WT
GFP_BAR_DSBR_2,0.0,0.0,0.0,2178.0,63,HAP1_WT_2h_BR1,0.0,HAP1,WT,2h,BR1,HAP1_WT
GFP_BAR_DSBR_2,0.0,0.0,0.0,2178.0,64,HAP1_WT_2h_BR1,0.0,HAP1,WT,2h,BR1,HAP1_WT
GFP_BAR_DSBR_2,0.0,0.0,0.0,2178.0,65,HAP1_WT_2h_BR1,0.0,HAP1,WT,2h,BR1,HAP1_WT
GFP_BAR_DSBR_2,0.0,0.0,0.0,2178.0,66,HAP1_WT_2h_BR1,0.0,HAP1,WT,2h,BR1,HAP1_WT
GFP_BAR_DSBR_2,0.0,0.0,0.0,2178.0,67,HAP1_WT_2h_BR1,0.0,HAP1,WT,2h,BR1,HAP1_WT
GFP_BAR_DSBR_2,0.0,0.0,0.0,2178.0,68,HAP1_WT_2h_BR1,0.0,HAP1,WT,2h,BR1,HAP1_WT
GFP_BAR_DSBR_2,0.0,0.0,0.0,2178.0,69,HAP1_WT_2h_BR1,0.0,HAP1,WT,2h,BR1,HAP1_WT
GFP_BAR_DSBR_2,0.0,0.0,0.0,2178.0,70,HAP1_WT_2h_BR1,0.0,HAP1,WT,2h,BR1,HAP1_WT
GFP_BAR_DSBR_2,0.0,0.0,0.0,2178.0,71,HAP1_WT_2h_BR1,0.0,HAP1,WT,2h,BR1,HAP1_WT
GFP_BAR_DSBR_2,0.0,0.0,3.0,2178.0,72,HAP1_WT_2h_BR1,0.0,HAP1,WT,2h,BR1,HAP1_WT
GFP_BAR_DSBR_2,0.0,0.0,1.0,2178.0,73,HAP1_WT_2h_BR1,0.0,HAP1,WT,2h,BR1,HAP1_WT
GFP_BAR_DSBR_2,5.0,4.0,1.0,2178.0,74,HAP1_WT_2h_BR1,0.0018365472910927456,HAP1,WT,2h,BR1,HAP1_WT
GFP_BAR_DSBR_2,0.0,0.0,0.0,2178.0,75,HAP1_WT_2h_BR1,0.0,HAP1,WT,2h,BR1,HAP1_WT
GFP_BAR_DSBR_2,0.0,0.0,0.0,2178.0,76,HAP1_WT_2h_BR1,0.0,HAP1,WT,2h,BR1,HAP1_WT
GFP_BAR_DSBR_2,0.0,0.0,0.0,2178.0,77,HAP1_WT_2h_BR1,0.0,HAP1,WT,2h,BR1,HAP1_WT
GFP_BAR_DSBR_2,0.0,0.0,0.0,2178.0,78,HAP1_WT_2h_BR1,0.0,HAP1,WT,2h,BR1,HAP1_WT
GFP_BAR_DSBR_2,0.0,0.0,0.0,2178.0,79,HAP1_WT_2h_BR1,0.0,HAP1,WT,2h,BR1,HAP1_WT
GFP_BAR_DSBR_2,2.0,0.0,0.0,2178.0,80,HAP1_WT_2h_BR1,0.0,HAP1,WT,2h,BR1,HAP1_WT
GFP_BAR_DSBR_2,0.0,0.0,0.0,2178.0,81,HAP1_WT_2h_BR1,0.0,HAP1,WT,2h,BR1,HAP1_WT
GFP_BAR_DSBR_2,0.0,0.0,0.0,2178.0,82,HAP1_WT_2h_BR1,0.0,HAP1,WT,2h,BR1,HAP1_WT
GFP_BAR_DSBR_2,0.0,0.0,0.0,2178.0,83,HAP1_WT_2h_BR1,0.0,HAP1,WT,2h,BR1,HAP1_WT
GFP_BAR_DSBR_2,0.0,0.0,0.0,2178.0,84,HAP1_WT_2h_BR1,0.0,HAP1,WT,2h,BR1,HAP1_WT
GFP_BAR_DSBR_2,0.0,0.0,0.0,2178.0,85,HAP1_WT_2h_BR1,0.0,HAP1,WT,2h,BR1,HAP1_WT
GFP_BAR_DSBR_2,1.0,0.0,0.0,2178.0,86,HAP1_WT_2h_BR1,0.0,HAP1,WT,2h,BR1,HAP1_WT
GFP_BAR_DSBR_2,0.0,0.0,0.0,2178.0,87,HAP1_WT_2h_BR1,0.0,HAP1,WT,2h,BR1,HAP1_WT
GFP_BAR_DSBR_2,0.0,0.0,0.0,2178.0,88,HAP1_WT_2h_BR1,0.0,HAP1,WT,2h,BR1,HAP1_WT
GFP_BAR_DSBR_2,2.0,0.0,0.0,2178.0,89,HAP1_WT_2h_BR1,0.0,HAP1,WT,2h,BR1,HAP1_WT
GFP_BAR_DSBR_2,0.0,0.0,0.0,2178.0,90,HAP1_WT_2h_BR1,0.0,HAP1,WT,2h,BR1,HAP1_WT
GFP_BAR_DSBR_2,0.0,0.0,0.0,2178.0,91,HAP1_WT_2h_BR1,0.0,HAP1,WT,2h,BR1,HAP1_WT
GFP_BAR_DSBR_2,0.0,0.0,0.0,2178.0,92,HAP1_WT_2h_BR1,0.0,HAP1,WT,2h,BR1,HAP1_WT
GFP_BAR_DSBR_2,0.0,0.0,0.0,2178.0,93,HAP1_WT_2h_BR1,0.0,HAP1,WT,2h,BR1,HAP1_WT
GFP_BAR_DSBR_2,1.0,0.0,0.0,2178.0,94,HAP1_WT_2h_BR1,0.0,HAP1,WT,2h,BR1,HAP1_WT
GFP_BAR_DSBR_2,0.0,0.0,0.0,2178.0,95,HAP1_WT_2h_BR1,0.0,HAP1,WT,2h,BR1,HAP1_WT
GFP_BAR_DSBR_2,1.0,0.0,0.0,4874.0,1,HAP1_WT_4h_BR1,0.0,HAP1,WT,4h,BR1,HAP1_WT
GFP_BAR_DSBR_2,0.0,0.0,0.0,4874.0,2,HAP1_WT_4h_BR1,0.0,HAP1,WT,4h,BR1,HAP1_WT
GFP_BAR_DSBR_2,0.0,0.0,0.0,4874.0,3,HAP1_WT_4h_BR1,0.0,HAP1,WT,4h,BR1,HAP1_WT
GFP_BAR_DSBR_2,0.0,0.0,0.0,4874.0,4,HAP1_WT_4h_BR1,0.0,HAP1,WT,4h,BR1,HAP1_WT
GFP_BAR_DSBR_2,0.0,0.0,0.0,4874.0,5,HAP1_WT_4h_BR1,0.0,HAP1,WT,4h,BR1,HAP1_WT
GFP_BAR_DSBR_2,1.0,0.0,0.0,4874.0,6,HAP1_WT_4h_BR1,0.0,HAP1,WT,4h,BR1,HAP1_WT
GFP_BAR_DSBR_2,0.0,0.0,0.0,4874.0,7,HAP1_WT_4h_BR1,0.0,HAP1,WT,4h,BR1,HAP1_WT
GFP_BAR_DSBR_2,0.0,0.0,0.0,4874.0,8,HAP1_WT_4h_BR1,0.0,HAP1,WT,4h,BR1,HAP1_WT
GFP_BAR_DSBR_2,0.0,0.0,0.0,4874.0,9,HAP1_WT_4h_BR1,0.0,HAP1,WT,4h,BR1,HAP1_WT
GFP_BAR_DSBR_2,0.0,0.0,0.0,4874.0,10,HAP1_WT_4h_BR1,0.0,HAP1,WT,4h,BR1,HAP1_WT
GFP_BAR_DSBR_2,1.0,0.0,0.0,4874.0,11,HAP1_WT_4h_BR1,0.0,HAP1,WT,4h,BR1,HAP1_WT
GFP_BAR_DSBR_2,1.0,0.0,0.0,4874.0,12,HAP1_WT_4h_BR1,0.0,HAP1,WT,4h,BR1,HAP1_WT
GFP_BAR_DSBR_2,0.0,0.0,0.0,4874.0,13,HAP1_WT_4h_BR1,0.0,HAP1,WT,4h,BR1,HAP1_WT
GFP_BAR_DSBR_2,1.0,0.0,0.0,4874.0,14,HAP1_WT_4h_BR1,0.0,HAP1,WT,4h,BR1,HAP1_WT
GFP_BAR_DSBR_2,2.0,0.0,0.0,4874.0,15,HAP1_WT_4h_BR1,0.0,HAP1,WT,4h,BR1,HAP1_WT
GFP_BAR_DSBR_2,0.0,0.0,0.0,4874.0,16,HAP1_WT_4h_BR1,0.0,HAP1,WT,4h,BR1,HAP1_WT
GFP_BAR_DSBR_2,2.0,0.0,0.0,4874.0,17,HAP1_WT_4h_BR1,0.0,HAP1,WT,4h,BR1,HAP1_WT
GFP_BAR_DSBR_2,2.0,1.0,0.0,4874.0,18,HAP1_WT_4h_BR1,0.0002051702913418137,HAP1,WT,4h,BR1,HAP1_WT
GFP_BAR_DSBR_2,2.0,2.0,0.0,4874.0,19,HAP1_WT_4h_BR1,0.0004103405826836274,HAP1,WT,4h,BR1,HAP1_WT
GFP_BAR_DSBR_2,0.0,2.0,0.0,4874.0,20,HAP1_WT_4h_BR1,0.0004103405826836274,HAP1,WT,4h,BR1,HAP1_WT
GFP_BAR_DSBR_2,2.0,2.0,0.0,4874.0,21,HAP1_WT_4h_BR1,0.0004103405826836274,HAP1,WT,4h,BR1,HAP1_WT
GFP_BAR_DSBR_2,1.0,2.0,0.0,4874.0,22,HAP1_WT_4h_BR1,0.0004103405826836274,HAP1,WT,4h,BR1,HAP1_WT
GFP_BAR_DSBR_2,0.0,2.0,0.0,4874.0,23,HAP1_WT_4h_BR1,0.0004103405826836274,HAP1,WT,4h,BR1,HAP1_WT
GFP_BAR_DSBR_2,2.0,2.0,0.0,4874.0,24,HAP1_WT_4h_BR1,0.0004103405826836274,HAP1,WT,4h,BR1,HAP1_WT
GFP_BAR_DSBR_2,1.0,3.0,0.0,4874.0,25,HAP1_WT_4h_BR1,0.0006155108740254411,HAP1,WT,4h,BR1,HAP1_WT
GFP_BAR_DSBR_2,1.0,3.0,0.0,4874.0,26,HAP1_WT_4h_BR1,0.0006155108740254411,HAP1,WT,4h,BR1,HAP1_WT
GFP_BAR_DSBR_2,0.0,3.0,0.0,4874.0,27,HAP1_WT_4h_BR1,0.0006155108740254411,HAP1,WT,4h,BR1,HAP1_WT
GFP_BAR_DSBR_2,0.0,3.0,0.0,4874.0,28,HAP1_WT_4h_BR1,0.0006155108740254411,HAP1,WT,4h,BR1,HAP1_WT
GFP_BAR_DSBR_2,0.0,3.0,0.0,4874.0,29,HAP1_WT_4h_BR1,0.0006155108740254411,HAP1,WT,4h,BR1,HAP1_WT
GFP_BAR_DSBR_2,0.0,3.0,0.0,4874.0,30,HAP1_WT_4h_BR1,0.0006155108740254411,HAP1,WT,4h,BR1,HAP1_WT
GFP_BAR_DSBR_2,0.0,3.0,0.0,4874.0,31,HAP1_WT_4h_BR1,0.0006155108740254411,HAP1,WT,4h,BR1,HAP1_WT
GFP_BAR_DSBR_2,0.0,3.0,0.0,4874.0,32,HAP1_WT_4h_BR1,0.0006155108740254411,HAP1,WT,4h,BR1,HAP1_WT
GFP_BAR_DSBR_2,0.0,3.0,0.0,4874.0,33,HAP1_WT_4h_BR1,0.0006155108740254411,HAP1,WT,4h,BR1,HAP1_WT
GFP_BAR_DSBR_2,1.0,6.0,0.0,4874.0,34,HAP1_WT_4h_BR1,0.0012310217480508822,HAP1,WT,4h,BR1,HAP1_WT
GFP_BAR_DSBR_2,0.0,10.0,0.0,4874.0,35,HAP1_WT_4h_BR1,0.002051702913418137,HAP1,WT,4h,BR1,HAP1_WT
GFP_BAR_DSBR_2,1.0,10.0,0.0,4874.0,36,HAP1_WT_4h_BR1,0.002051702913418137,HAP1,WT,4h,BR1,HAP1_WT
GFP_BAR_DSBR_2,0.0,11.0,0.0,4874.0,37,HAP1_WT_4h_BR1,0.0022568732047599507,HAP1,WT,4h,BR1,HAP1_WT
GFP_BAR_DSBR_2,0.0,11.0,0.0,4874.0,38,HAP1_WT_4h_BR1,0.0022568732047599507,HAP1,WT,4h,BR1,HAP1_WT
GFP_BAR_DSBR_2,1.0,14.0,0.0,4874.0,39,HAP1_WT_4h_BR1,0.002872384078785392,HAP1,WT,4h,BR1,HAP1_WT
GFP_BAR_DSBR_2,1.0,14.0,0.0,4874.0,40,HAP1_WT_4h_BR1,0.002872384078785392,HAP1,WT,4h,BR1,HAP1_WT
GFP_BAR_DSBR_2,0.0,24.0,0.0,4874.0,41,HAP1_WT_4h_BR1,0.004924086992203529,HAP1,WT,4h,BR1,HAP1_WT
GFP_BAR_DSBR_2,0.0,25.0,0.0,4874.0,42,HAP1_WT_4h_BR1,0.0051292572835453425,HAP1,WT,4h,BR1,HAP1_WT
GFP_BAR_DSBR_2,0.0,51.0,3.0,4874.0,43,HAP1_WT_4h_BR1,0.0104636848584325,HAP1,WT,4h,BR1,HAP1_WT
GFP_BAR_DSBR_2,3.0,66.0,67.0,4874.0,44,HAP1_WT_4h_BR1,0.013541239228559704,HAP1,WT,4h,BR1,HAP1_WT
GFP_BAR_DSBR_2,4.0,39.0,0.0,4874.0,45,HAP1_WT_4h_BR1,0.008001641362330735,HAP1,WT,4h,BR1,HAP1_WT
GFP_BAR_DSBR_2,1.0,26.0,0.0,4874.0,46,HAP1_WT_4h_BR1,0.005334427574887156,HAP1,WT,4h,BR1,HAP1_WT
GFP_BAR_DSBR_2,0.0,23.0,0.0,4874.0,47,HAP1_WT_4h_BR1,0.004718916700861715,HAP1,WT,4h,BR1,HAP1_WT
GFP_BAR_DSBR_2,0.0,18.0,0.0,4874.0,48,HAP1_WT_4h_BR1,0.0036930652441526466,HAP1,WT,4h,BR1,HAP1_WT
GFP_BAR_DSBR_2,0.0,12.0,0.0,4874.0,49,HAP1_WT_4h_BR1,0.0024620434961017644,HAP1,WT,4h,BR1,HAP1_WT
GFP_BAR_DSBR_2,0.0,10.0,0.0,4874.0,50,HAP1_WT_4h_BR1,0.002051702913418137,HAP1,WT,4h,BR1,HAP1_WT
GFP_BAR_DSBR_2,0.0,10.0,0.0,4874.0,51,HAP1_WT_4h_BR1,0.002051702913418137,HAP1,WT,4h,BR1,HAP1_WT
GFP_BAR_DSBR_2,2.0,10.0,0.0,4874.0,52,HAP1_WT_4h_BR1,0.002051702913418137,HAP1,WT,4h,BR1,HAP1_WT
GFP_BAR_DSBR_2,1.0,8.0,0.0,4874.0,53,HAP1_WT_4h_BR1,0.0016413623307345096,HAP1,WT,4h,BR1,HAP1_WT
GFP_BAR_DSBR_2,0.0,7.0,0.0,4874.0,54,HAP1_WT_4h_BR1,0.001436192039392696,HAP1,WT,4h,BR1,HAP1_WT
GFP_BAR_DSBR_2,3.0,5.0,0.0,4874.0,55,HAP1_WT_4h_BR1,0.0010258514567090685,HAP1,WT,4h,BR1,HAP1_WT
GFP_BAR_DSBR_2,1.0,4.0,0.0,4874.0,56,HAP1_WT_4h_BR1,0.0008206811653672548,HAP1,WT,4h,BR1,HAP1_WT
GFP_BAR_DSBR_2,1.0,2.0,0.0,4874.0,57,HAP1_WT_4h_BR1,0.0004103405826836274,HAP1,WT,4h,BR1,HAP1_WT
GFP_BAR_DSBR_2,1.0,2.0,0.0,4874.0,58,HAP1_WT_4h_BR1,0.0004103405826836274,HAP1,WT,4h,BR1,HAP1_WT
GFP_BAR_DSBR_2,0.0,2.0,0.0,4874.0,59,HAP1_WT_4h_BR1,0.0004103405826836274,HAP1,WT,4h,BR1,HAP1_WT
GFP_BAR_DSBR_2,0.0,2.0,0.0,4874.0,60,HAP1_WT_4h_BR1,0.0004103405826836274,HAP1,WT,4h,BR1,HAP1_WT
GFP_BAR_DSBR_2,0.0,2.0,0.0,4874.0,61,HAP1_WT_4h_BR1,0.0004103405826836274,HAP1,WT,4h,BR1,HAP1_WT
GFP_BAR_DSBR_2,0.0,2.0,0.0,4874.0,62,HAP1_WT_4h_BR1,0.0004103405826836274,HAP1,WT,4h,BR1,HAP1_WT
GFP_BAR_DSBR_2,0.0,2.0,0.0,4874.0,63,HAP1_WT_4h_BR1,0.0004103405826836274,HAP1,WT,4h,BR1,HAP1_WT
GFP_BAR_DSBR_2,0.0,2.0,0.0,4874.0,64,HAP1_WT_4h_BR1,0.0004103405826836274,HAP1,WT,4h,BR1,HAP1_WT
GFP_BAR_DSBR_2,1.0,0.0,0.0,4874.0,65,HAP1_WT_4h_BR1,0.0,HAP1,WT,4h,BR1,HAP1_WT
GFP_BAR_DSBR_2,3.0,0.0,0.0,4874.0,66,HAP1_WT_4h_BR1,0.0,HAP1,WT,4h,BR1,HAP1_WT
GFP_BAR_DSBR_2,0.0,0.0,0.0,4874.0,67,HAP1_WT_4h_BR1,0.0,HAP1,WT,4h,BR1,HAP1_WT
GFP_BAR_DSBR_2,0.0,0.0,0.0,4874.0,68,HAP1_WT_4h_BR1,0.0,HAP1,WT,4h,BR1,HAP1_WT
GFP_BAR_DSBR_2,0.0,0.0,0.0,4874.0,69,HAP1_WT_4h_BR1,0.0,HAP1,WT,4h,BR1,HAP1_WT
GFP_BAR_DSBR_2,0.0,0.0,0.0,4874.0,70,HAP1_WT_4h_BR1,0.0,HAP1,WT,4h,BR1,HAP1_WT
GFP_BAR_DSBR_2,0.0,0.0,0.0,4874.0,71,HAP1_WT_4h_BR1,0.0,HAP1,WT,4h,BR1,HAP1_WT
GFP_BAR_DSBR_2,0.0,0.0,2.0,4874.0,72,HAP1_WT_4h_BR1,0.0,HAP1,WT,4h,BR1,HAP1_WT
GFP_BAR_DSBR_2,0.0,0.0,0.0,4874.0,73,HAP1_WT_4h_BR1,0.0,HAP1,WT,4h,BR1,HAP1_WT
GFP_BAR_DSBR_2,14.0,4.0,0.0,4874.0,74,HAP1_WT_4h_BR1,0.0008206811653672548,HAP1,WT,4h,BR1,HAP1_WT
GFP_BAR_DSBR_2,1.0,0.0,0.0,4874.0,75,HAP1_WT_4h_BR1,0.0,HAP1,WT,4h,BR1,HAP1_WT
GFP_BAR_DSBR_2,0.0,0.0,0.0,4874.0,76,HAP1_WT_4h_BR1,0.0,HAP1,WT,4h,BR1,HAP1_WT
GFP_BAR_DSBR_2,1.0,0.0,0.0,4874.0,77,HAP1_WT_4h_BR1,0.0,HAP1,WT,4h,BR1,HAP1_WT
GFP_BAR_DSBR_2,0.0,0.0,0.0,4874.0,78,HAP1_WT_4h_BR1,0.0,HAP1,WT,4h,BR1,HAP1_WT
GFP_BAR_DSBR_2,0.0,0.0,0.0,4874.0,79,HAP1_WT_4h_BR1,0.0,HAP1,WT,4h,BR1,HAP1_WT
GFP_BAR_DSBR_2,3.0,0.0,0.0,4874.0,80,HAP1_WT_4h_BR1,0.0,HAP1,WT,4h,BR1,HAP1_WT
GFP_BAR_DSBR_2,0.0,0.0,0.0,4874.0,81,HAP1_WT_4h_BR1,0.0,HAP1,WT,4h,BR1,HAP1_WT
GFP_BAR_DSBR_2,0.0,0.0,0.0,4874.0,82,HAP1_WT_4h_BR1,0.0,HAP1,WT,4h,BR1,HAP1_WT
GFP_BAR_DSBR_2,0.0,0.0,0.0,4874.0,83,HAP1_WT_4h_BR1,0.0,HAP1,WT,4h,BR1,HAP1_WT
GFP_BAR_DSBR_2,2.0,0.0,0.0,4874.0,84,HAP1_WT_4h_BR1,0.0,HAP1,WT,4h,BR1,HAP1_WT
GFP_BAR_DSBR_2,0.0,0.0,0.0,4874.0,85,HAP1_WT_4h_BR1,0.0,HAP1,WT,4h,BR1,HAP1_WT
GFP_BAR_DSBR_2,2.0,0.0,0.0,4874.0,86,HAP1_WT_4h_BR1,0.0,HAP1,WT,4h,BR1,HAP1_WT
GFP_BAR_DSBR_2,1.0,0.0,0.0,4874.0,87,HAP1_WT_4h_BR1,0.0,HAP1,WT,4h,BR1,HAP1_WT
GFP_BAR_DSBR_2,0.0,0.0,0.0,4874.0,88,HAP1_WT_4h_BR1,0.0,HAP1,WT,4h,BR1,HAP1_WT
GFP_BAR_DSBR_2,0.0,0.0,0.0,4874.0,89,HAP1_WT_4h_BR1,0.0,HAP1,WT,4h,BR1,HAP1_WT
GFP_BAR_DSBR_2,0.0,0.0,0.0,4874.0,90,HAP1_WT_4h_BR1,0.0,HAP1,WT,4h,BR1,HAP1_WT
GFP_BAR_DSBR_2,0.0,0.0,0.0,4874.0,91,HAP1_WT_4h_BR1,0.0,HAP1,WT,4h,BR1,HAP1_WT
GFP_BAR_DSBR_2,3.0,0.0,0.0,4874.0,92,HAP1_WT_4h_BR1,0.0,HAP1,WT,4h,BR1,HAP1_WT
GFP_BAR_DSBR_2,0.0,0.0,0.0,4874.0,93,HAP1_WT_4h_BR1,0.0,HAP1,WT,4h,BR1,HAP1_WT
GFP_BAR_DSBR_2,0.0,0.0,0.0,4874.0,94,HAP1_WT_4h_BR1,0.0,HAP1,WT,4h,BR1,HAP1_WT
GFP_BAR_DSBR_2,1.0,0.0,0.0,4874.0,95,HAP1_WT_4h_BR1,0.0,HAP1,WT,4h,BR1,HAP1_WT
GFP_BAR_DSBR_2,0.0,0.0,0.0,5154.0,1,HAP1_WT_24h_BR1,0.0,HAP1,WT,24h,BR1,HAP1_WT
GFP_BAR_DSBR_2,1.0,0.0,0.0,5154.0,2,HAP1_WT_24h_BR1,0.0,HAP1,WT,24h,BR1,HAP1_WT
GFP_BAR_DSBR_2,0.0,0.0,0.0,5154.0,3,HAP1_WT_24h_BR1,0.0,HAP1,WT,24h,BR1,HAP1_WT
GFP_BAR_DSBR_2,1.0,0.0,0.0,5154.0,4,HAP1_WT_24h_BR1,0.0,HAP1,WT,24h,BR1,HAP1_WT
GFP_BAR_DSBR_2,1.0,0.0,0.0,5154.0,5,HAP1_WT_24h_BR1,0.0,HAP1,WT,24h,BR1,HAP1_WT
GFP_BAR_DSBR_2,1.0,0.0,0.0,5154.0,6,HAP1_WT_24h_BR1,0.0,HAP1,WT,24h,BR1,HAP1_WT
GFP_BAR_DSBR_2,0.0,0.0,0.0,5154.0,7,HAP1_WT_24h_BR1,0.0,HAP1,WT,24h,BR1,HAP1_WT
GFP_BAR_DSBR_2,0.0,0.0,0.0,5154.0,8,HAP1_WT_24h_BR1,0.0,HAP1,WT,24h,BR1,HAP1_WT
GFP_BAR_DSBR_2,0.0,0.0,0.0,5154.0,9,HAP1_WT_24h_BR1,0.0,HAP1,WT,24h,BR1,HAP1_WT
GFP_BAR_DSBR_2,0.0,0.0,0.0,5154.0,10,HAP1_WT_24h_BR1,0.0,HAP1,WT,24h,BR1,HAP1_WT
GFP_BAR_DSBR_2,0.0,0.0,0.0,5154.0,11,HAP1_WT_24h_BR1,0.0,HAP1,WT,24h,BR1,HAP1_WT
GFP_BAR_DSBR_2,1.0,0.0,0.0,5154.0,12,HAP1_WT_24h_BR1,0.0,HAP1,WT,24h,BR1,HAP1_WT
GFP_BAR_DSBR_2,0.0,0.0,0.0,5154.0,13,HAP1_WT_24h_BR1,0.0,HAP1,WT,24h,BR1,HAP1_WT
GFP_BAR_DSBR_2,0.0,0.0,0.0,5154.0,14,HAP1_WT_24h_BR1,0.0,HAP1,WT,24h,BR1,HAP1_WT
GFP_BAR_DSBR_2,0.0,0.0,0.0,5154.0,15,HAP1_WT_24h_BR1,0.0,HAP1,WT,24h,BR1,HAP1_WT
GFP_BAR_DSBR_2,0.0,0.0,0.0,5154.0,16,HAP1_WT_24h_BR1,0.0,HAP1,WT,24h,BR1,HAP1_WT
GFP_BAR_DSBR_2,0.0,0.0,0.0,5154.0,17,HAP1_WT_24h_BR1,0.0,HAP1,WT,24h,BR1,HAP1_WT
GFP_BAR_DSBR_2,1.0,0.0,0.0,5154.0,18,HAP1_WT_24h_BR1,0.0,HAP1,WT,24h,BR1,HAP1_WT
GFP_BAR_DSBR_2,1.0,3.0,0.0,5154.0,19,HAP1_WT_24h_BR1,0.0005820721769499418,HAP1,WT,24h,BR1,HAP1_WT
GFP_BAR_DSBR_2,0.0,3.0,0.0,5154.0,20,HAP1_WT_24h_BR1,0.0005820721769499418,HAP1,WT,24h,BR1,HAP1_WT
GFP_BAR_DSBR_2,1.0,3.0,0.0,5154.0,21,HAP1_WT_24h_BR1,0.0005820721769499418,HAP1,WT,24h,BR1,HAP1_WT
GFP_BAR_DSBR_2,0.0,8.0,0.0,5154.0,22,HAP1_WT_24h_BR1,0.0015521924718665113,HAP1,WT,24h,BR1,HAP1_WT
GFP_BAR_DSBR_2,0.0,9.0,0.0,5154.0,23,HAP1_WT_24h_BR1,0.0017462165308498253,HAP1,WT,24h,BR1,HAP1_WT
GFP_BAR_DSBR_2,1.0,10.0,0.0,5154.0,24,HAP1_WT_24h_BR1,0.0019402405898331393,HAP1,WT,24h,BR1,HAP1_WT
GFP_BAR_DSBR_2,0.0,11.0,0.0,5154.0,25,HAP1_WT_24h_BR1,0.002134264648816453,HAP1,WT,24h,BR1,HAP1_WT
GFP_BAR_DSBR_2,1.0,12.0,0.0,5154.0,26,HAP1_WT_24h_BR1,0.002328288707799767,HAP1,WT,24h,BR1,HAP1_WT
GFP_BAR_DSBR_2,1.0,14.0,0.0,5154.0,27,HAP1_WT_24h_BR1,0.002716336825766395,HAP1,WT,24h,BR1,HAP1_WT
GFP_BAR_DSBR_2,0.0,15.0,0.0,5154.0,28,HAP1_WT_24h_BR1,0.002910360884749709,HAP1,WT,24h,BR1,HAP1_WT
GFP_BAR_DSBR_2,1.0,15.0,0.0,5154.0,29,HAP1_WT_24h_BR1,0.002910360884749709,HAP1,WT,24h,BR1,HAP1_WT
GFP_BAR_DSBR_2,0.0,15.0,0.0,5154.0,30,HAP1_WT_24h_BR1,0.002910360884749709,HAP1,WT,24h,BR1,HAP1_WT
GFP_BAR_DSBR_2,0.0,15.0,0.0,5154.0,31,HAP1_WT_24h_BR1,0.002910360884749709,HAP1,WT,24h,BR1,HAP1_WT
GFP_BAR_DSBR_2,1.0,19.0,0.0,5154.0,32,HAP1_WT_24h_BR1,0.0036864571206829647,HAP1,WT,24h,BR1,HAP1_WT
GFP_BAR_DSBR_2,1.0,19.0,0.0,5154.0,33,HAP1_WT_24h_BR1,0.0036864571206829647,HAP1,WT,24h,BR1,HAP1_WT
GFP_BAR_DSBR_2,1.0,25.0,0.0,5154.0,34,HAP1_WT_24h_BR1,0.004850601474582848,HAP1,WT,24h,BR1,HAP1_WT
GFP_BAR_DSBR_2,4.0,89.0,0.0,5154.0,35,HAP1_WT_24h_BR1,0.01726814124951494,HAP1,WT,24h,BR1,HAP1_WT
GFP_BAR_DSBR_2,0.0,89.0,0.0,5154.0,36,HAP1_WT_24h_BR1,0.01726814124951494,HAP1,WT,24h,BR1,HAP1_WT
GFP_BAR_DSBR_2,2.0,90.0,0.0,5154.0,37,HAP1_WT_24h_BR1,0.017462165308498253,HAP1,WT,24h,BR1,HAP1_WT
GFP_BAR_DSBR_2,0.0,96.0,0.0,5154.0,38,HAP1_WT_24h_BR1,0.018626309662398137,HAP1,WT,24h,BR1,HAP1_WT
GFP_BAR_DSBR_2,0.0,105.0,0.0,5154.0,39,HAP1_WT_24h_BR1,0.02037252619324796,HAP1,WT,24h,BR1,HAP1_WT
GFP_BAR_DSBR_2,2.0,122.0,0.0,5154.0,40,HAP1_WT_24h_BR1,0.0236709351959643,HAP1,WT,24h,BR1,HAP1_WT
GFP_BAR_DSBR_2,0.0,210.0,0.0,5154.0,41,HAP1_WT_24h_BR1,0.04074505238649592,HAP1,WT,24h,BR1,HAP1_WT
GFP_BAR_DSBR_2,0.0,259.0,2.0,5154.0,42,HAP1_WT_24h_BR1,0.05025223127667831,HAP1,WT,24h,BR1,HAP1_WT
GFP_BAR_DSBR_2,0.0,355.0,3.0,5154.0,43,HAP1_WT_24h_BR1,0.06887854093907644,HAP1,WT,24h,BR1,HAP1_WT
GFP_BAR_DSBR_2,6.0,384.0,14.0,5154.0,44,HAP1_WT_24h_BR1,0.07450523864959255,HAP1,WT,24h,BR1,HAP1_WT
GFP_BAR_DSBR_2,0.0,304.0,0.0,5154.0,45,HAP1_WT_24h_BR1,0.058983313930927435,HAP1,WT,24h,BR1,HAP1_WT
GFP_BAR_DSBR_2,0.0,208.0,0.0,5154.0,46,HAP1_WT_24h_BR1,0.0403570042685293,HAP1,WT,24h,BR1,HAP1_WT
GFP_BAR_DSBR_2,0.0,158.0,0.0,5154.0,47,HAP1_WT_24h_BR1,0.0306558013193636,HAP1,WT,24h,BR1,HAP1_WT
GFP_BAR_DSBR_2,1.0,153.0,0.0,5154.0,48,HAP1_WT_24h_BR1,0.029685681024447033,HAP1,WT,24h,BR1,HAP1_WT
GFP_BAR_DSBR_2,1.0,87.0,0.0,5154.0,49,HAP1_WT_24h_BR1,0.016880093131548313,HAP1,WT,24h,BR1,HAP1_WT
GFP_BAR_DSBR_2,0.0,80.0,0.0,5154.0,50,HAP1_WT_24h_BR1,0.015521924718665115,HAP1,WT,24h,BR1,HAP1_WT
GFP_BAR_DSBR_2,0.0,77.0,0.0,5154.0,51,HAP1_WT_24h_BR1,0.014939852541715173,HAP1,WT,24h,BR1,HAP1_WT
GFP_BAR_DSBR_2,0.0,55.0,0.0,5154.0,52,HAP1_WT_24h_BR1,0.010671323244082266,HAP1,WT,24h,BR1,HAP1_WT
GFP_BAR_DSBR_2,3.0,46.0,0.0,5154.0,53,HAP1_WT_24h_BR1,0.00892510671323244,HAP1,WT,24h,BR1,HAP1_WT
GFP_BAR_DSBR_2,0.0,42.0,0.0,5154.0,54,HAP1_WT_24h_BR1,0.008149010477299184,HAP1,WT,24h,BR1,HAP1_WT
GFP_BAR_DSBR_2,0.0,34.0,0.0,5154.0,55,HAP1_WT_24h_BR1,0.006596818005432673,HAP1,WT,24h,BR1,HAP1_WT
GFP_BAR_DSBR_2,0.0,27.0,0.0,5154.0,56,HAP1_WT_24h_BR1,0.005238649592549476,HAP1,WT,24h,BR1,HAP1_WT
GFP_BAR_DSBR_2,0.0,23.0,0.0,5154.0,57,HAP1_WT_24h_BR1,0.00446255335661622,HAP1,WT,24h,BR1,HAP1_WT
GFP_BAR_DSBR_2,1.0,19.0,0.0,5154.0,58,HAP1_WT_24h_BR1,0.0036864571206829647,HAP1,WT,24h,BR1,HAP1_WT
GFP_BAR_DSBR_2,1.0,16.0,0.0,5154.0,59,HAP1_WT_24h_BR1,0.0031043849437330227,HAP1,WT,24h,BR1,HAP1_WT
GFP_BAR_DSBR_2,0.0,13.0,0.0,5154.0,60,HAP1_WT_24h_BR1,0.002522312766783081,HAP1,WT,24h,BR1,HAP1_WT
GFP_BAR_DSBR_2,2.0,8.0,0.0,5154.0,61,HAP1_WT_24h_BR1,0.0015521924718665113,HAP1,WT,24h,BR1,HAP1_WT
GFP_BAR_DSBR_2,1.0,8.0,0.0,5154.0,62,HAP1_WT_24h_BR1,0.0015521924718665113,HAP1,WT,24h,BR1,HAP1_WT
GFP_BAR_DSBR_2,0.0,3.0,0.0,5154.0,63,HAP1_WT_24h_BR1,0.0005820721769499418,HAP1,WT,24h,BR1,HAP1_WT
GFP_BAR_DSBR_2,1.0,3.0,0.0,5154.0,64,HAP1_WT_24h_BR1,0.0005820721769499418,HAP1,WT,24h,BR1,HAP1_WT
GFP_BAR_DSBR_2,0.0,3.0,0.0,5154.0,65,HAP1_WT_24h_BR1,0.0005820721769499418,HAP1,WT,24h,BR1,HAP1_WT
GFP_BAR_DSBR_2,0.0,1.0,0.0,5154.0,66,HAP1_WT_24h_BR1,0.00019402405898331392,HAP1,WT,24h,BR1,HAP1_WT
GFP_BAR_DSBR_2,0.0,0.0,0.0,5154.0,67,HAP1_WT_24h_BR1,0.0,HAP1,WT,24h,BR1,HAP1_WT
GFP_BAR_DSBR_2,0.0,0.0,0.0,5154.0,68,HAP1_WT_24h_BR1,0.0,HAP1,WT,24h,BR1,HAP1_WT
GFP_BAR_DSBR_2,0.0,0.0,0.0,5154.0,69,HAP1_WT_24h_BR1,0.0,HAP1,WT,24h,BR1,HAP1_WT
GFP_BAR_DSBR_2,0.0,0.0,0.0,5154.0,70,HAP1_WT_24h_BR1,0.0,HAP1,WT,24h,BR1,HAP1_WT
GFP_BAR_DSBR_2,0.0,0.0,0.0,5154.0,71,HAP1_WT_24h_BR1,0.0,HAP1,WT,24h,BR1,HAP1_WT
GFP_BAR_DSBR_2,0.0,0.0,5.0,5154.0,72,HAP1_WT_24h_BR1,0.0,HAP1,WT,24h,BR1,HAP1_WT
GFP_BAR_DSBR_2,1.0,0.0,0.0,5154.0,73,HAP1_WT_24h_BR1,0.0,HAP1,WT,24h,BR1,HAP1_WT
GFP_BAR_DSBR_2,11.0,3.0,0.0,5154.0,74,HAP1_WT_24h_BR1,0.0005820721769499418,HAP1,WT,24h,BR1,HAP1_WT
GFP_BAR_DSBR_2,1.0,0.0,0.0,5154.0,75,HAP1_WT_24h_BR1,0.0,HAP1,WT,24h,BR1,HAP1_WT
GFP_BAR_DSBR_2,0.0,0.0,0.0,5154.0,76,HAP1_WT_24h_BR1,0.0,HAP1,WT,24h,BR1,HAP1_WT
GFP_BAR_DSBR_2,0.0,0.0,0.0,5154.0,77,HAP1_WT_24h_BR1,0.0,HAP1,WT,24h,BR1,HAP1_WT
GFP_BAR_DSBR_2,1.0,0.0,0.0,5154.0,78,HAP1_WT_24h_BR1,0.0,HAP1,WT,24h,BR1,HAP1_WT
GFP_BAR_DSBR_2,1.0,0.0,0.0,5154.0,79,HAP1_WT_24h_BR1,0.0,HAP1,WT,24h,BR1,HAP1_WT
GFP_BAR_DSBR_2,1.0,0.0,0.0,5154.0,80,HAP1_WT_24h_BR1,0.0,HAP1,WT,24h,BR1,HAP1_WT
GFP_BAR_DSBR_2,0.0,0.0,0.0,5154.0,81,HAP1_WT_24h_BR1,0.0,HAP1,WT,24h,BR1,HAP1_WT
GFP_BAR_DSBR_2,0.0,0.0,0.0,5154.0,82,HAP1_WT_24h_BR1,0.0,HAP1,WT,24h,BR1,HAP1_WT
GFP_BAR_DSBR_2,0.0,0.0,0.0,5154.0,83,HAP1_WT_24h_BR1,0.0,HAP1,WT,24h,BR1,HAP1_WT
GFP_BAR_DSBR_2,2.0,0.0,0.0,5154.0,84,HAP1_WT_24h_BR1,0.0,HAP1,WT,24h,BR1,HAP1_WT
GFP_BAR_DSBR_2,2.0,0.0,0.0,5154.0,85,HAP1_WT_24h_BR1,0.0,HAP1,WT,24h,BR1,HAP1_WT
GFP_BAR_DSBR_2,0.0,0.0,0.0,5154.0,86,HAP1_WT_24h_BR1,0.0,HAP1,WT,24h,BR1,HAP1_WT
GFP_BAR_DSBR_2,0.0,0.0,0.0,5154.0,87,HAP1_WT_24h_BR1,0.0,HAP1,WT,24h,BR1,HAP1_WT
GFP_BAR_DSBR_2,2.0,0.0,0.0,5154.0,88,HAP1_WT_24h_BR1,0.0,HAP1,WT,24h,BR1,HAP1_WT
GFP_BAR_DSBR_2,2.0,0.0,0.0,5154.0,89,HAP1_WT_24h_BR1,0.0,HAP1,WT,24h,BR1,HAP1_WT
GFP_BAR_DSBR_2,1.0,0.0,0.0,5154.0,90,HAP1_WT_24h_BR1,0.0,HAP1,WT,24h,BR1,HAP1_WT
GFP_BAR_DSBR_2,0.0,0.0,0.0,5154.0,91,HAP1_WT_24h_BR1,0.0,HAP1,WT,24h,BR1,HAP1_WT
GFP_BAR_DSBR_2,0.0,0.0,0.0,5154.0,92,HAP1_WT_24h_BR1,0.0,HAP1,WT,24h,BR1,HAP1_WT
GFP_BAR_DSBR_2,0.0,0.0,0.0,5154.0,93,HAP1_WT_24h_BR1,0.0,HAP1,WT,24h,BR1,HAP1_WT
GFP_BAR_DSBR_2,0.0,0.0,0.0,5154.0,94,HAP1_WT_24h_BR1,0.0,HAP1,WT,24h,BR1,HAP1_WT
GFP_BAR_DSBR_2,0.0,0.0,0.0,5154.0,95,HAP1_WT_24h_BR1,0.0,HAP1,WT,24h,BR1,HAP1_WT
GFP_BAR_DSBR_2,5.0,0.0,0.0,14001.0,1,HAP1_WT_1h_BR2,0.0,HAP1,WT,1h,BR2,HAP1_WT
GFP_BAR_DSBR_2,1.0,0.0,0.0,14001.0,2,HAP1_WT_1h_BR2,0.0,HAP1,WT,1h,BR2,HAP1_WT
GFP_BAR_DSBR_2,1.0,0.0,0.0,14001.0,3,HAP1_WT_1h_BR2,0.0,HAP1,WT,1h,BR2,HAP1_WT
GFP_BAR_DSBR_2,3.0,0.0,0.0,14001.0,4,HAP1_WT_1h_BR2,0.0,HAP1,WT,1h,BR2,HAP1_WT
GFP_BAR_DSBR_2,0.0,0.0,0.0,14001.0,5,HAP1_WT_1h_BR2,0.0,HAP1,WT,1h,BR2,HAP1_WT
GFP_BAR_DSBR_2,1.0,0.0,0.0,14001.0,6,HAP1_WT_1h_BR2,0.0,HAP1,WT,1h,BR2,HAP1_WT
GFP_BAR_DSBR_2,0.0,0.0,0.0,14001.0,7,HAP1_WT_1h_BR2,0.0,HAP1,WT,1h,BR2,HAP1_WT
GFP_BAR_DSBR_2,2.0,0.0,0.0,14001.0,8,HAP1_WT_1h_BR2,0.0,HAP1,WT,1h,BR2,HAP1_WT
GFP_BAR_DSBR_2,0.0,0.0,0.0,14001.0,9,HAP1_WT_1h_BR2,0.0,HAP1,WT,1h,BR2,HAP1_WT
GFP_BAR_DSBR_2,2.0,0.0,0.0,14001.0,10,HAP1_WT_1h_BR2,0.0,HAP1,WT,1h,BR2,HAP1_WT
GFP_BAR_DSBR_2,2.0,0.0,0.0,14001.0,11,HAP1_WT_1h_BR2,0.0,HAP1,WT,1h,BR2,HAP1_WT
GFP_BAR_DSBR_2,0.0,0.0,0.0,14001.0,12,HAP1_WT_1h_BR2,0.0,HAP1,WT,1h,BR2,HAP1_WT
GFP_BAR_DSBR_2,1.0,0.0,0.0,14001.0,13,HAP1_WT_1h_BR2,0.0,HAP1,WT,1h,BR2,HAP1_WT
GFP_BAR_DSBR_2,1.0,0.0,0.0,14001.0,14,HAP1_WT_1h_BR2,0.0,HAP1,WT,1h,BR2,HAP1_WT
GFP_BAR_DSBR_2,6.0,0.0,0.0,14001.0,15,HAP1_WT_1h_BR2,0.0,HAP1,WT,1h,BR2,HAP1_WT
GFP_BAR_DSBR_2,3.0,0.0,0.0,14001.0,16,HAP1_WT_1h_BR2,0.0,HAP1,WT,1h,BR2,HAP1_WT
GFP_BAR_DSBR_2,2.0,0.0,0.0,14001.0,17,HAP1_WT_1h_BR2,0.0,HAP1,WT,1h,BR2,HAP1_WT
GFP_BAR_DSBR_2,2.0,0.0,0.0,14001.0,18,HAP1_WT_1h_BR2,0.0,HAP1,WT,1h,BR2,HAP1_WT
GFP_BAR_DSBR_2,4.0,1.0,0.0,14001.0,19,HAP1_WT_1h_BR2,7.142346975216056e-05,HAP1,WT,1h,BR2,HAP1_WT
GFP_BAR_DSBR_2,0.0,0.0,0.0,14001.0,20,HAP1_WT_1h_BR2,0.0,HAP1,WT,1h,BR2,HAP1_WT
GFP_BAR_DSBR_2,3.0,0.0,0.0,14001.0,21,HAP1_WT_1h_BR2,0.0,HAP1,WT,1h,BR2,HAP1_WT
GFP_BAR_DSBR_2,1.0,1.0,0.0,14001.0,22,HAP1_WT_1h_BR2,7.142346975216056e-05,HAP1,WT,1h,BR2,HAP1_WT
GFP_BAR_DSBR_2,3.0,1.0,0.0,14001.0,23,HAP1_WT_1h_BR2,7.142346975216056e-05,HAP1,WT,1h,BR2,HAP1_WT
GFP_BAR_DSBR_2,4.0,1.0,0.0,14001.0,24,HAP1_WT_1h_BR2,7.142346975216056e-05,HAP1,WT,1h,BR2,HAP1_WT
GFP_BAR_DSBR_2,0.0,1.0,0.0,14001.0,25,HAP1_WT_1h_BR2,7.142346975216056e-05,HAP1,WT,1h,BR2,HAP1_WT
GFP_BAR_DSBR_2,0.0,1.0,0.0,14001.0,26,HAP1_WT_1h_BR2,7.142346975216056e-05,HAP1,WT,1h,BR2,HAP1_WT
GFP_BAR_DSBR_2,1.0,1.0,0.0,14001.0,27,HAP1_WT_1h_BR2,7.142346975216056e-05,HAP1,WT,1h,BR2,HAP1_WT
GFP_BAR_DSBR_2,1.0,1.0,0.0,14001.0,28,HAP1_WT_1h_BR2,7.142346975216056e-05,HAP1,WT,1h,BR2,HAP1_WT
GFP_BAR_DSBR_2,1.0,1.0,0.0,14001.0,29,HAP1_WT_1h_BR2,7.142346975216056e-05,HAP1,WT,1h,BR2,HAP1_WT
GFP_BAR_DSBR_2,0.0,1.0,0.0,14001.0,30,HAP1_WT_1h_BR2,7.142346975216056e-05,HAP1,WT,1h,BR2,HAP1_WT
GFP_BAR_DSBR_2,1.0,1.0,0.0,14001.0,31,HAP1_WT_1h_BR2,7.142346975216056e-05,HAP1,WT,1h,BR2,HAP1_WT
GFP_BAR_DSBR_2,2.0,1.0,0.0,14001.0,32,HAP1_WT_1h_BR2,7.142346975216056e-05,HAP1,WT,1h,BR2,HAP1_WT
GFP_BAR_DSBR_2,2.0,1.0,0.0,14001.0,33,HAP1_WT_1h_BR2,7.142346975216056e-05,HAP1,WT,1h,BR2,HAP1_WT
GFP_BAR_DSBR_2,3.0,1.0,0.0,14001.0,34,HAP1_WT_1h_BR2,7.142346975216056e-05,HAP1,WT,1h,BR2,HAP1_WT
GFP_BAR_DSBR_2,6.0,1.0,0.0,14001.0,35,HAP1_WT_1h_BR2,7.142346975216056e-05,HAP1,WT,1h,BR2,HAP1_WT
GFP_BAR_DSBR_2,2.0,1.0,0.0,14001.0,36,HAP1_WT_1h_BR2,7.142346975216056e-05,HAP1,WT,1h,BR2,HAP1_WT
GFP_BAR_DSBR_2,0.0,1.0,0.0,14001.0,37,HAP1_WT_1h_BR2,7.142346975216056e-05,HAP1,WT,1h,BR2,HAP1_WT
GFP_BAR_DSBR_2,4.0,1.0,0.0,14001.0,38,HAP1_WT_1h_BR2,7.142346975216056e-05,HAP1,WT,1h,BR2,HAP1_WT
GFP_BAR_DSBR_2,3.0,2.0,0.0,14001.0,39,HAP1_WT_1h_BR2,0.00014284693950432112,HAP1,WT,1h,BR2,HAP1_WT
GFP_BAR_DSBR_2,0.0,2.0,2.0,14001.0,40,HAP1_WT_1h_BR2,0.00014284693950432112,HAP1,WT,1h,BR2,HAP1_WT
GFP_BAR_DSBR_2,2.0,7.0,0.0,14001.0,41,HAP1_WT_1h_BR2,0.0004999642882651239,HAP1,WT,1h,BR2,HAP1_WT
GFP_BAR_DSBR_2,0.0,7.0,1.0,14001.0,42,HAP1_WT_1h_BR2,0.0004999642882651239,HAP1,WT,1h,BR2,HAP1_WT
GFP_BAR_DSBR_2,1.0,16.0,3.0,14001.0,43,HAP1_WT_1h_BR2,0.001142775516034569,HAP1,WT,1h,BR2,HAP1_WT
GFP_BAR_DSBR_2,4.0,14.0,6.0,14001.0,44,HAP1_WT_1h_BR2,0.0009999285765302478,HAP1,WT,1h,BR2,HAP1_WT
GFP_BAR_DSBR_2,3.0,2.0,0.0,14001.0,45,HAP1_WT_1h_BR2,0.00014284693950432112,HAP1,WT,1h,BR2,HAP1_WT
GFP_BAR_DSBR_2,0.0,2.0,0.0,14001.0,46,HAP1_WT_1h_BR2,0.00014284693950432112,HAP1,WT,1h,BR2,HAP1_WT
GFP_BAR_DSBR_2,2.0,2.0,0.0,14001.0,47,HAP1_WT_1h_BR2,0.00014284693950432112,HAP1,WT,1h,BR2,HAP1_WT
GFP_BAR_DSBR_2,1.0,2.0,0.0,14001.0,48,HAP1_WT_1h_BR2,0.00014284693950432112,HAP1,WT,1h,BR2,HAP1_WT
GFP_BAR_DSBR_2,9.0,2.0,0.0,14001.0,49,HAP1_WT_1h_BR2,0.00014284693950432112,HAP1,WT,1h,BR2,HAP1_WT
GFP_BAR_DSBR_2,1.0,2.0,0.0,14001.0,50,HAP1_WT_1h_BR2,0.00014284693950432112,HAP1,WT,1h,BR2,HAP1_WT
GFP_BAR_DSBR_2,3.0,2.0,0.0,14001.0,51,HAP1_WT_1h_BR2,0.00014284693950432112,HAP1,WT,1h,BR2,HAP1_WT
GFP_BAR_DSBR_2,0.0,2.0,0.0,14001.0,52,HAP1_WT_1h_BR2,0.00014284693950432112,HAP1,WT,1h,BR2,HAP1_WT
GFP_BAR_DSBR_2,0.0,2.0,0.0,14001.0,53,HAP1_WT_1h_BR2,0.00014284693950432112,HAP1,WT,1h,BR2,HAP1_WT
GFP_BAR_DSBR_2,3.0,2.0,0.0,14001.0,54,HAP1_WT_1h_BR2,0.00014284693950432112,HAP1,WT,1h,BR2,HAP1_WT
GFP_BAR_DSBR_2,0.0,2.0,0.0,14001.0,55,HAP1_WT_1h_BR2,0.00014284693950432112,HAP1,WT,1h,BR2,HAP1_WT
GFP_BAR_DSBR_2,1.0,2.0,1.0,14001.0,56,HAP1_WT_1h_BR2,0.00014284693950432112,HAP1,WT,1h,BR2,HAP1_WT
GFP_BAR_DSBR_2,2.0,1.0,0.0,14001.0,57,HAP1_WT_1h_BR2,7.142346975216056e-05,HAP1,WT,1h,BR2,HAP1_WT
GFP_BAR_DSBR_2,2.0,1.0,0.0,14001.0,58,HAP1_WT_1h_BR2,7.142346975216056e-05,HAP1,WT,1h,BR2,HAP1_WT
GFP_BAR_DSBR_2,3.0,0.0,0.0,14001.0,59,HAP1_WT_1h_BR2,0.0,HAP1,WT,1h,BR2,HAP1_WT
GFP_BAR_DSBR_2,4.0,0.0,0.0,14001.0,60,HAP1_WT_1h_BR2,0.0,HAP1,WT,1h,BR2,HAP1_WT
GFP_BAR_DSBR_2,3.0,0.0,0.0,14001.0,61,HAP1_WT_1h_BR2,0.0,HAP1,WT,1h,BR2,HAP1_WT
GFP_BAR_DSBR_2,6.0,0.0,0.0,14001.0,62,HAP1_WT_1h_BR2,0.0,HAP1,WT,1h,BR2,HAP1_WT
GFP_BAR_DSBR_2,2.0,0.0,0.0,14001.0,63,HAP1_WT_1h_BR2,0.0,HAP1,WT,1h,BR2,HAP1_WT
GFP_BAR_DSBR_2,0.0,0.0,0.0,14001.0,64,HAP1_WT_1h_BR2,0.0,HAP1,WT,1h,BR2,HAP1_WT
GFP_BAR_DSBR_2,3.0,0.0,0.0,14001.0,65,HAP1_WT_1h_BR2,0.0,HAP1,WT,1h,BR2,HAP1_WT
GFP_BAR_DSBR_2,2.0,0.0,0.0,14001.0,66,HAP1_WT_1h_BR2,0.0,HAP1,WT,1h,BR2,HAP1_WT
GFP_BAR_DSBR_2,0.0,0.0,0.0,14001.0,67,HAP1_WT_1h_BR2,0.0,HAP1,WT,1h,BR2,HAP1_WT
GFP_BAR_DSBR_2,0.0,0.0,0.0,14001.0,68,HAP1_WT_1h_BR2,0.0,HAP1,WT,1h,BR2,HAP1_WT
GFP_BAR_DSBR_2,0.0,0.0,0.0,14001.0,69,HAP1_WT_1h_BR2,0.0,HAP1,WT,1h,BR2,HAP1_WT
GFP_BAR_DSBR_2,0.0,0.0,0.0,14001.0,70,HAP1_WT_1h_BR2,0.0,HAP1,WT,1h,BR2,HAP1_WT
GFP_BAR_DSBR_2,0.0,0.0,0.0,14001.0,71,HAP1_WT_1h_BR2,0.0,HAP1,WT,1h,BR2,HAP1_WT
GFP_BAR_DSBR_2,0.0,0.0,8.0,14001.0,72,HAP1_WT_1h_BR2,0.0,HAP1,WT,1h,BR2,HAP1_WT
GFP_BAR_DSBR_2,0.0,0.0,2.0,14001.0,73,HAP1_WT_1h_BR2,0.0,HAP1,WT,1h,BR2,HAP1_WT
GFP_BAR_DSBR_2,32.0,12.0,1.0,14001.0,74,HAP1_WT_1h_BR2,0.0008570816370259267,HAP1,WT,1h,BR2,HAP1_WT
GFP_BAR_DSBR_2,1.0,0.0,0.0,14001.0,75,HAP1_WT_1h_BR2,0.0,HAP1,WT,1h,BR2,HAP1_WT
GFP_BAR_DSBR_2,1.0,0.0,0.0,14001.0,76,HAP1_WT_1h_BR2,0.0,HAP1,WT,1h,BR2,HAP1_WT
GFP_BAR_DSBR_2,4.0,0.0,0.0,14001.0,77,HAP1_WT_1h_BR2,0.0,HAP1,WT,1h,BR2,HAP1_WT
GFP_BAR_DSBR_2,2.0,0.0,0.0,14001.0,78,HAP1_WT_1h_BR2,0.0,HAP1,WT,1h,BR2,HAP1_WT
GFP_BAR_DSBR_2,2.0,0.0,0.0,14001.0,79,HAP1_WT_1h_BR2,0.0,HAP1,WT,1h,BR2,HAP1_WT
GFP_BAR_DSBR_2,5.0,0.0,0.0,14001.0,80,HAP1_WT_1h_BR2,0.0,HAP1,WT,1h,BR2,HAP1_WT
GFP_BAR_DSBR_2,3.0,0.0,0.0,14001.0,81,HAP1_WT_1h_BR2,0.0,HAP1,WT,1h,BR2,HAP1_WT
GFP_BAR_DSBR_2,0.0,0.0,0.0,14001.0,82,HAP1_WT_1h_BR2,0.0,HAP1,WT,1h,BR2,HAP1_WT
GFP_BAR_DSBR_2,2.0,0.0,0.0,14001.0,83,HAP1_WT_1h_BR2,0.0,HAP1,WT,1h,BR2,HAP1_WT
GFP_BAR_DSBR_2,3.0,0.0,0.0,14001.0,84,HAP1_WT_1h_BR2,0.0,HAP1,WT,1h,BR2,HAP1_WT
GFP_BAR_DSBR_2,0.0,0.0,0.0,14001.0,85,HAP1_WT_1h_BR2,0.0,HAP1,WT,1h,BR2,HAP1_WT
GFP_BAR_DSBR_2,3.0,0.0,0.0,14001.0,86,HAP1_WT_1h_BR2,0.0,HAP1,WT,1h,BR2,HAP1_WT
GFP_BAR_DSBR_2,2.0,0.0,0.0,14001.0,87,HAP1_WT_1h_BR2,0.0,HAP1,WT,1h,BR2,HAP1_WT
GFP_BAR_DSBR_2,2.0,0.0,0.0,14001.0,88,HAP1_WT_1h_BR2,0.0,HAP1,WT,1h,BR2,HAP1_WT
GFP_BAR_DSBR_2,1.0,0.0,0.0,14001.0,89,HAP1_WT_1h_BR2,0.0,HAP1,WT,1h,BR2,HAP1_WT
GFP_BAR_DSBR_2,0.0,0.0,0.0,14001.0,90,HAP1_WT_1h_BR2,0.0,HAP1,WT,1h,BR2,HAP1_WT
GFP_BAR_DSBR_2,1.0,0.0,0.0,14001.0,91,HAP1_WT_1h_BR2,0.0,HAP1,WT,1h,BR2,HAP1_WT
GFP_BAR_DSBR_2,2.0,0.0,0.0,14001.0,92,HAP1_WT_1h_BR2,0.0,HAP1,WT,1h,BR2,HAP1_WT
GFP_BAR_DSBR_2,2.0,0.0,0.0,14001.0,93,HAP1_WT_1h_BR2,0.0,HAP1,WT,1h,BR2,HAP1_WT
GFP_BAR_DSBR_2,4.0,0.0,0.0,14001.0,94,HAP1_WT_1h_BR2,0.0,HAP1,WT,1h,BR2,HAP1_WT
GFP_BAR_DSBR_2,3.0,0.0,0.0,14001.0,95,HAP1_WT_1h_BR2,0.0,HAP1,WT,1h,BR2,HAP1_WT
GFP_BAR_DSBR_2,1.0,0.0,0.0,8697.0,1,HAP1_WT_2h_BR2,0.0,HAP1,WT,2h,BR2,HAP1_WT
GFP_BAR_DSBR_2,1.0,0.0,0.0,8697.0,2,HAP1_WT_2h_BR2,0.0,HAP1,WT,2h,BR2,HAP1_WT
GFP_BAR_DSBR_2,1.0,0.0,0.0,8697.0,3,HAP1_WT_2h_BR2,0.0,HAP1,WT,2h,BR2,HAP1_WT
GFP_BAR_DSBR_2,1.0,0.0,0.0,8697.0,4,HAP1_WT_2h_BR2,0.0,HAP1,WT,2h,BR2,HAP1_WT
GFP_BAR_DSBR_2,1.0,0.0,0.0,8697.0,5,HAP1_WT_2h_BR2,0.0,HAP1,WT,2h,BR2,HAP1_WT
GFP_BAR_DSBR_2,0.0,0.0,0.0,8697.0,6,HAP1_WT_2h_BR2,0.0,HAP1,WT,2h,BR2,HAP1_WT
GFP_BAR_DSBR_2,1.0,0.0,0.0,8697.0,7,HAP1_WT_2h_BR2,0.0,HAP1,WT,2h,BR2,HAP1_WT
GFP_BAR_DSBR_2,1.0,0.0,0.0,8697.0,8,HAP1_WT_2h_BR2,0.0,HAP1,WT,2h,BR2,HAP1_WT
GFP_BAR_DSBR_2,1.0,0.0,0.0,8697.0,9,HAP1_WT_2h_BR2,0.0,HAP1,WT,2h,BR2,HAP1_WT
GFP_BAR_DSBR_2,0.0,0.0,0.0,8697.0,10,HAP1_WT_2h_BR2,0.0,HAP1,WT,2h,BR2,HAP1_WT
GFP_BAR_DSBR_2,3.0,0.0,0.0,8697.0,11,HAP1_WT_2h_BR2,0.0,HAP1,WT,2h,BR2,HAP1_WT
GFP_BAR_DSBR_2,0.0,0.0,0.0,8697.0,12,HAP1_WT_2h_BR2,0.0,HAP1,WT,2h,BR2,HAP1_WT
GFP_BAR_DSBR_2,1.0,0.0,0.0,8697.0,13,HAP1_WT_2h_BR2,0.0,HAP1,WT,2h,BR2,HAP1_WT
GFP_BAR_DSBR_2,0.0,0.0,0.0,8697.0,14,HAP1_WT_2h_BR2,0.0,HAP1,WT,2h,BR2,HAP1_WT
GFP_BAR_DSBR_2,3.0,0.0,0.0,8697.0,15,HAP1_WT_2h_BR2,0.0,HAP1,WT,2h,BR2,HAP1_WT
GFP_BAR_DSBR_2,1.0,0.0,0.0,8697.0,16,HAP1_WT_2h_BR2,0.0,HAP1,WT,2h,BR2,HAP1_WT
GFP_BAR_DSBR_2,0.0,0.0,0.0,8697.0,17,HAP1_WT_2h_BR2,0.0,HAP1,WT,2h,BR2,HAP1_WT
GFP_BAR_DSBR_2,4.0,0.0,0.0,8697.0,18,HAP1_WT_2h_BR2,0.0,HAP1,WT,2h,BR2,HAP1_WT
GFP_BAR_DSBR_2,0.0,0.0,0.0,8697.0,19,HAP1_WT_2h_BR2,0.0,HAP1,WT,2h,BR2,HAP1_WT
GFP_BAR_DSBR_2,2.0,0.0,0.0,8697.0,20,HAP1_WT_2h_BR2,0.0,HAP1,WT,2h,BR2,HAP1_WT
GFP_BAR_DSBR_2,2.0,0.0,0.0,8697.0,21,HAP1_WT_2h_BR2,0.0,HAP1,WT,2h,BR2,HAP1_WT
GFP_BAR_DSBR_2,2.0,0.0,0.0,8697.0,22,HAP1_WT_2h_BR2,0.0,HAP1,WT,2h,BR2,HAP1_WT
GFP_BAR_DSBR_2,1.0,0.0,0.0,8697.0,23,HAP1_WT_2h_BR2,0.0,HAP1,WT,2h,BR2,HAP1_WT
GFP_BAR_DSBR_2,0.0,0.0,0.0,8697.0,24,HAP1_WT_2h_BR2,0.0,HAP1,WT,2h,BR2,HAP1_WT
GFP_BAR_DSBR_2,0.0,0.0,0.0,8697.0,25,HAP1_WT_2h_BR2,0.0,HAP1,WT,2h,BR2,HAP1_WT
GFP_BAR_DSBR_2,1.0,0.0,0.0,8697.0,26,HAP1_WT_2h_BR2,0.0,HAP1,WT,2h,BR2,HAP1_WT
GFP_BAR_DSBR_2,0.0,0.0,0.0,8697.0,27,HAP1_WT_2h_BR2,0.0,HAP1,WT,2h,BR2,HAP1_WT
GFP_BAR_DSBR_2,3.0,1.0,0.0,8697.0,28,HAP1_WT_2h_BR2,0.00011498217776244682,HAP1,WT,2h,BR2,HAP1_WT
GFP_BAR_DSBR_2,1.0,0.0,0.0,8697.0,29,HAP1_WT_2h_BR2,0.0,HAP1,WT,2h,BR2,HAP1_WT
GFP_BAR_DSBR_2,0.0,0.0,0.0,8697.0,30,HAP1_WT_2h_BR2,0.0,HAP1,WT,2h,BR2,HAP1_WT
GFP_BAR_DSBR_2,2.0,0.0,0.0,8697.0,31,HAP1_WT_2h_BR2,0.0,HAP1,WT,2h,BR2,HAP1_WT
GFP_BAR_DSBR_2,2.0,0.0,0.0,8697.0,32,HAP1_WT_2h_BR2,0.0,HAP1,WT,2h,BR2,HAP1_WT
GFP_BAR_DSBR_2,0.0,0.0,0.0,8697.0,33,HAP1_WT_2h_BR2,0.0,HAP1,WT,2h,BR2,HAP1_WT
GFP_BAR_DSBR_2,1.0,0.0,0.0,8697.0,34,HAP1_WT_2h_BR2,0.0,HAP1,WT,2h,BR2,HAP1_WT
GFP_BAR_DSBR_2,3.0,1.0,0.0,8697.0,35,HAP1_WT_2h_BR2,0.00011498217776244682,HAP1,WT,2h,BR2,HAP1_WT
GFP_BAR_DSBR_2,2.0,1.0,0.0,8697.0,36,HAP1_WT_2h_BR2,0.00011498217776244682,HAP1,WT,2h,BR2,HAP1_WT
GFP_BAR_DSBR_2,1.0,1.0,0.0,8697.0,37,HAP1_WT_2h_BR2,0.00011498217776244682,HAP1,WT,2h,BR2,HAP1_WT
GFP_BAR_DSBR_2,3.0,3.0,0.0,8697.0,38,HAP1_WT_2h_BR2,0.00034494653328734045,HAP1,WT,2h,BR2,HAP1_WT
GFP_BAR_DSBR_2,0.0,3.0,0.0,8697.0,39,HAP1_WT_2h_BR2,0.00034494653328734045,HAP1,WT,2h,BR2,HAP1_WT
GFP_BAR_DSBR_2,0.0,3.0,0.0,8697.0,40,HAP1_WT_2h_BR2,0.00034494653328734045,HAP1,WT,2h,BR2,HAP1_WT
GFP_BAR_DSBR_2,0.0,6.0,0.0,8697.0,41,HAP1_WT_2h_BR2,0.0006898930665746809,HAP1,WT,2h,BR2,HAP1_WT
GFP_BAR_DSBR_2,3.0,7.0,0.0,8697.0,42,HAP1_WT_2h_BR2,0.0008048752443371277,HAP1,WT,2h,BR2,HAP1_WT
GFP_BAR_DSBR_2,0.0,15.0,11.0,8697.0,43,HAP1_WT_2h_BR2,0.0017247326664367024,HAP1,WT,2h,BR2,HAP1_WT
GFP_BAR_DSBR_2,2.0,20.0,3.0,8697.0,44,HAP1_WT_2h_BR2,0.0022996435552489363,HAP1,WT,2h,BR2,HAP1_WT
GFP_BAR_DSBR_2,2.0,4.0,0.0,8697.0,45,HAP1_WT_2h_BR2,0.00045992871104978727,HAP1,WT,2h,BR2,HAP1_WT
GFP_BAR_DSBR_2,0.0,3.0,0.0,8697.0,46,HAP1_WT_2h_BR2,0.00034494653328734045,HAP1,WT,2h,BR2,HAP1_WT
GFP_BAR_DSBR_2,0.0,2.0,0.0,8697.0,47,HAP1_WT_2h_BR2,0.00022996435552489363,HAP1,WT,2h,BR2,HAP1_WT
GFP_BAR_DSBR_2,0.0,2.0,0.0,8697.0,48,HAP1_WT_2h_BR2,0.00022996435552489363,HAP1,WT,2h,BR2,HAP1_WT
GFP_BAR_DSBR_2,3.0,1.0,0.0,8697.0,49,HAP1_WT_2h_BR2,0.00011498217776244682,HAP1,WT,2h,BR2,HAP1_WT
GFP_BAR_DSBR_2,0.0,1.0,0.0,8697.0,50,HAP1_WT_2h_BR2,0.00011498217776244682,HAP1,WT,2h,BR2,HAP1_WT
GFP_BAR_DSBR_2,2.0,1.0,0.0,8697.0,51,HAP1_WT_2h_BR2,0.00011498217776244682,HAP1,WT,2h,BR2,HAP1_WT
GFP_BAR_DSBR_2,1.0,1.0,0.0,8697.0,52,HAP1_WT_2h_BR2,0.00011498217776244682,HAP1,WT,2h,BR2,HAP1_WT
GFP_BAR_DSBR_2,1.0,1.0,0.0,8697.0,53,HAP1_WT_2h_BR2,0.00011498217776244682,HAP1,WT,2h,BR2,HAP1_WT
GFP_BAR_DSBR_2,1.0,0.0,0.0,8697.0,54,HAP1_WT_2h_BR2,0.0,HAP1,WT,2h,BR2,HAP1_WT
GFP_BAR_DSBR_2,2.0,0.0,0.0,8697.0,55,HAP1_WT_2h_BR2,0.0,HAP1,WT,2h,BR2,HAP1_WT
GFP_BAR_DSBR_2,0.0,0.0,0.0,8697.0,56,HAP1_WT_2h_BR2,0.0,HAP1,WT,2h,BR2,HAP1_WT
GFP_BAR_DSBR_2,0.0,0.0,0.0,8697.0,57,HAP1_WT_2h_BR2,0.0,HAP1,WT,2h,BR2,HAP1_WT
GFP_BAR_DSBR_2,2.0,0.0,0.0,8697.0,58,HAP1_WT_2h_BR2,0.0,HAP1,WT,2h,BR2,HAP1_WT
GFP_BAR_DSBR_2,0.0,0.0,0.0,8697.0,59,HAP1_WT_2h_BR2,0.0,HAP1,WT,2h,BR2,HAP1_WT
GFP_BAR_DSBR_2,2.0,0.0,0.0,8697.0,60,HAP1_WT_2h_BR2,0.0,HAP1,WT,2h,BR2,HAP1_WT
GFP_BAR_DSBR_2,1.0,0.0,0.0,8697.0,61,HAP1_WT_2h_BR2,0.0,HAP1,WT,2h,BR2,HAP1_WT
GFP_BAR_DSBR_2,1.0,0.0,0.0,8697.0,62,HAP1_WT_2h_BR2,0.0,HAP1,WT,2h,BR2,HAP1_WT
GFP_BAR_DSBR_2,0.0,0.0,0.0,8697.0,63,HAP1_WT_2h_BR2,0.0,HAP1,WT,2h,BR2,HAP1_WT
GFP_BAR_DSBR_2,2.0,1.0,0.0,8697.0,64,HAP1_WT_2h_BR2,0.00011498217776244682,HAP1,WT,2h,BR2,HAP1_WT
GFP_BAR_DSBR_2,2.0,3.0,0.0,8697.0,65,HAP1_WT_2h_BR2,0.00034494653328734045,HAP1,WT,2h,BR2,HAP1_WT
GFP_BAR_DSBR_2,2.0,0.0,0.0,8697.0,66,HAP1_WT_2h_BR2,0.0,HAP1,WT,2h,BR2,HAP1_WT
GFP_BAR_DSBR_2,0.0,0.0,0.0,8697.0,67,HAP1_WT_2h_BR2,0.0,HAP1,WT,2h,BR2,HAP1_WT
GFP_BAR_DSBR_2,0.0,0.0,0.0,8697.0,68,HAP1_WT_2h_BR2,0.0,HAP1,WT,2h,BR2,HAP1_WT
GFP_BAR_DSBR_2,0.0,0.0,0.0,8697.0,69,HAP1_WT_2h_BR2,0.0,HAP1,WT,2h,BR2,HAP1_WT
GFP_BAR_DSBR_2,0.0,0.0,0.0,8697.0,70,HAP1_WT_2h_BR2,0.0,HAP1,WT,2h,BR2,HAP1_WT
GFP_BAR_DSBR_2,0.0,0.0,0.0,8697.0,71,HAP1_WT_2h_BR2,0.0,HAP1,WT,2h,BR2,HAP1_WT
GFP_BAR_DSBR_2,0.0,0.0,7.0,8697.0,72,HAP1_WT_2h_BR2,0.0,HAP1,WT,2h,BR2,HAP1_WT
GFP_BAR_DSBR_2,1.0,0.0,0.0,8697.0,73,HAP1_WT_2h_BR2,0.0,HAP1,WT,2h,BR2,HAP1_WT
GFP_BAR_DSBR_2,19.0,4.0,2.0,8697.0,74,HAP1_WT_2h_BR2,0.00045992871104978727,HAP1,WT,2h,BR2,HAP1_WT
GFP_BAR_DSBR_2,2.0,0.0,0.0,8697.0,75,HAP1_WT_2h_BR2,0.0,HAP1,WT,2h,BR2,HAP1_WT
GFP_BAR_DSBR_2,0.0,0.0,0.0,8697.0,76,HAP1_WT_2h_BR2,0.0,HAP1,WT,2h,BR2,HAP1_WT
GFP_BAR_DSBR_2,0.0,0.0,0.0,8697.0,77,HAP1_WT_2h_BR2,0.0,HAP1,WT,2h,BR2,HAP1_WT
GFP_BAR_DSBR_2,0.0,0.0,0.0,8697.0,78,HAP1_WT_2h_BR2,0.0,HAP1,WT,2h,BR2,HAP1_WT
GFP_BAR_DSBR_2,5.0,0.0,0.0,8697.0,79,HAP1_WT_2h_BR2,0.0,HAP1,WT,2h,BR2,HAP1_WT
GFP_BAR_DSBR_2,1.0,0.0,0.0,8697.0,80,HAP1_WT_2h_BR2,0.0,HAP1,WT,2h,BR2,HAP1_WT
GFP_BAR_DSBR_2,0.0,0.0,0.0,8697.0,81,HAP1_WT_2h_BR2,0.0,HAP1,WT,2h,BR2,HAP1_WT
GFP_BAR_DSBR_2,0.0,0.0,0.0,8697.0,82,HAP1_WT_2h_BR2,0.0,HAP1,WT,2h,BR2,HAP1_WT
GFP_BAR_DSBR_2,1.0,0.0,0.0,8697.0,83,HAP1_WT_2h_BR2,0.0,HAP1,WT,2h,BR2,HAP1_WT
GFP_BAR_DSBR_2,2.0,0.0,0.0,8697.0,84,HAP1_WT_2h_BR2,0.0,HAP1,WT,2h,BR2,HAP1_WT
GFP_BAR_DSBR_2,1.0,0.0,0.0,8697.0,85,HAP1_WT_2h_BR2,0.0,HAP1,WT,2h,BR2,HAP1_WT
GFP_BAR_DSBR_2,1.0,0.0,0.0,8697.0,86,HAP1_WT_2h_BR2,0.0,HAP1,WT,2h,BR2,HAP1_WT
GFP_BAR_DSBR_2,0.0,0.0,0.0,8697.0,87,HAP1_WT_2h_BR2,0.0,HAP1,WT,2h,BR2,HAP1_WT
GFP_BAR_DSBR_2,1.0,0.0,0.0,8697.0,88,HAP1_WT_2h_BR2,0.0,HAP1,WT,2h,BR2,HAP1_WT
GFP_BAR_DSBR_2,4.0,0.0,0.0,8697.0,89,HAP1_WT_2h_BR2,0.0,HAP1,WT,2h,BR2,HAP1_WT
GFP_BAR_DSBR_2,0.0,0.0,0.0,8697.0,90,HAP1_WT_2h_BR2,0.0,HAP1,WT,2h,BR2,HAP1_WT
GFP_BAR_DSBR_2,3.0,0.0,0.0,8697.0,91,HAP1_WT_2h_BR2,0.0,HAP1,WT,2h,BR2,HAP1_WT
GFP_BAR_DSBR_2,2.0,0.0,0.0,8697.0,92,HAP1_WT_2h_BR2,0.0,HAP1,WT,2h,BR2,HAP1_WT
GFP_BAR_DSBR_2,1.0,0.0,0.0,8697.0,93,HAP1_WT_2h_BR2,0.0,HAP1,WT,2h,BR2,HAP1_WT
GFP_BAR_DSBR_2,1.0,0.0,0.0,8697.0,94,HAP1_WT_2h_BR2,0.0,HAP1,WT,2h,BR2,HAP1_WT
GFP_BAR_DSBR_2,0.0,0.0,0.0,8697.0,95,HAP1_WT_2h_BR2,0.0,HAP1,WT,2h,BR2,HAP1_WT
GFP_BAR_DSBR_2,5.0,0.0,0.0,22312.0,1,HAP1_WT_4h_BR2,0.0,HAP1,WT,4h,BR2,HAP1_WT
GFP_BAR_DSBR_2,1.0,0.0,0.0,22312.0,2,HAP1_WT_4h_BR2,0.0,HAP1,WT,4h,BR2,HAP1_WT
GFP_BAR_DSBR_2,4.0,0.0,0.0,22312.0,3,HAP1_WT_4h_BR2,0.0,HAP1,WT,4h,BR2,HAP1_WT
GFP_BAR_DSBR_2,1.0,0.0,0.0,22312.0,4,HAP1_WT_4h_BR2,0.0,HAP1,WT,4h,BR2,HAP1_WT
GFP_BAR_DSBR_2,0.0,0.0,0.0,22312.0,5,HAP1_WT_4h_BR2,0.0,HAP1,WT,4h,BR2,HAP1_WT
GFP_BAR_DSBR_2,1.0,0.0,0.0,22312.0,6,HAP1_WT_4h_BR2,0.0,HAP1,WT,4h,BR2,HAP1_WT
GFP_BAR_DSBR_2,2.0,0.0,0.0,22312.0,7,HAP1_WT_4h_BR2,0.0,HAP1,WT,4h,BR2,HAP1_WT
GFP_BAR_DSBR_2,7.0,0.0,0.0,22312.0,8,HAP1_WT_4h_BR2,0.0,HAP1,WT,4h,BR2,HAP1_WT
GFP_BAR_DSBR_2,3.0,0.0,0.0,22312.0,9,HAP1_WT_4h_BR2,0.0,HAP1,WT,4h,BR2,HAP1_WT
GFP_BAR_DSBR_2,3.0,0.0,0.0,22312.0,10,HAP1_WT_4h_BR2,0.0,HAP1,WT,4h,BR2,HAP1_WT
GFP_BAR_DSBR_2,2.0,0.0,0.0,22312.0,11,HAP1_WT_4h_BR2,0.0,HAP1,WT,4h,BR2,HAP1_WT
GFP_BAR_DSBR_2,1.0,0.0,0.0,22312.0,12,HAP1_WT_4h_BR2,0.0,HAP1,WT,4h,BR2,HAP1_WT
GFP_BAR_DSBR_2,1.0,0.0,0.0,22312.0,13,HAP1_WT_4h_BR2,0.0,HAP1,WT,4h,BR2,HAP1_WT
GFP_BAR_DSBR_2,2.0,0.0,0.0,22312.0,14,HAP1_WT_4h_BR2,0.0,HAP1,WT,4h,BR2,HAP1_WT
GFP_BAR_DSBR_2,12.0,0.0,0.0,22312.0,15,HAP1_WT_4h_BR2,0.0,HAP1,WT,4h,BR2,HAP1_WT
GFP_BAR_DSBR_2,5.0,0.0,0.0,22312.0,16,HAP1_WT_4h_BR2,0.0,HAP1,WT,4h,BR2,HAP1_WT
GFP_BAR_DSBR_2,6.0,0.0,0.0,22312.0,17,HAP1_WT_4h_BR2,0.0,HAP1,WT,4h,BR2,HAP1_WT
GFP_BAR_DSBR_2,8.0,0.0,0.0,22312.0,18,HAP1_WT_4h_BR2,0.0,HAP1,WT,4h,BR2,HAP1_WT
GFP_BAR_DSBR_2,2.0,0.0,0.0,22312.0,19,HAP1_WT_4h_BR2,0.0,HAP1,WT,4h,BR2,HAP1_WT
GFP_BAR_DSBR_2,4.0,1.0,0.0,22312.0,20,HAP1_WT_4h_BR2,4.4818931516672646e-05,HAP1,WT,4h,BR2,HAP1_WT
GFP_BAR_DSBR_2,8.0,1.0,0.0,22312.0,21,HAP1_WT_4h_BR2,4.4818931516672646e-05,HAP1,WT,4h,BR2,HAP1_WT
GFP_BAR_DSBR_2,6.0,0.0,0.0,22312.0,22,HAP1_WT_4h_BR2,0.0,HAP1,WT,4h,BR2,HAP1_WT
GFP_BAR_DSBR_2,2.0,0.0,0.0,22312.0,23,HAP1_WT_4h_BR2,0.0,HAP1,WT,4h,BR2,HAP1_WT
GFP_BAR_DSBR_2,7.0,1.0,0.0,22312.0,24,HAP1_WT_4h_BR2,4.4818931516672646e-05,HAP1,WT,4h,BR2,HAP1_WT
GFP_BAR_DSBR_2,2.0,0.0,0.0,22312.0,25,HAP1_WT_4h_BR2,0.0,HAP1,WT,4h,BR2,HAP1_WT
GFP_BAR_DSBR_2,5.0,0.0,0.0,22312.0,26,HAP1_WT_4h_BR2,0.0,HAP1,WT,4h,BR2,HAP1_WT
GFP_BAR_DSBR_2,1.0,0.0,0.0,22312.0,27,HAP1_WT_4h_BR2,0.0,HAP1,WT,4h,BR2,HAP1_WT
GFP_BAR_DSBR_2,6.0,0.0,0.0,22312.0,28,HAP1_WT_4h_BR2,0.0,HAP1,WT,4h,BR2,HAP1_WT
GFP_BAR_DSBR_2,7.0,0.0,0.0,22312.0,29,HAP1_WT_4h_BR2,0.0,HAP1,WT,4h,BR2,HAP1_WT
GFP_BAR_DSBR_2,2.0,0.0,0.0,22312.0,30,HAP1_WT_4h_BR2,0.0,HAP1,WT,4h,BR2,HAP1_WT
GFP_BAR_DSBR_2,0.0,0.0,0.0,22312.0,31,HAP1_WT_4h_BR2,0.0,HAP1,WT,4h,BR2,HAP1_WT
GFP_BAR_DSBR_2,4.0,0.0,0.0,22312.0,32,HAP1_WT_4h_BR2,0.0,HAP1,WT,4h,BR2,HAP1_WT
GFP_BAR_DSBR_2,2.0,0.0,0.0,22312.0,33,HAP1_WT_4h_BR2,0.0,HAP1,WT,4h,BR2,HAP1_WT
GFP_BAR_DSBR_2,3.0,5.0,2.0,22312.0,34,HAP1_WT_4h_BR2,0.0002240946575833632,HAP1,WT,4h,BR2,HAP1_WT
GFP_BAR_DSBR_2,4.0,33.0,0.0,22312.0,35,HAP1_WT_4h_BR2,0.0014790247400501971,HAP1,WT,4h,BR2,HAP1_WT
GFP_BAR_DSBR_2,7.0,34.0,0.0,22312.0,36,HAP1_WT_4h_BR2,0.0015238436715668698,HAP1,WT,4h,BR2,HAP1_WT
GFP_BAR_DSBR_2,6.0,36.0,0.0,22312.0,37,HAP1_WT_4h_BR2,0.0016134815346002152,HAP1,WT,4h,BR2,HAP1_WT
GFP_BAR_DSBR_2,2.0,38.0,0.0,22312.0,38,HAP1_WT_4h_BR2,0.0017031193976335603,HAP1,WT,4h,BR2,HAP1_WT
GFP_BAR_DSBR_2,3.0,40.0,0.0,22312.0,39,HAP1_WT_4h_BR2,0.0017927572606669057,HAP1,WT,4h,BR2,HAP1_WT
GFP_BAR_DSBR_2,6.0,42.0,2.0,22312.0,40,HAP1_WT_4h_BR2,0.001882395123700251,HAP1,WT,4h,BR2,HAP1_WT
GFP_BAR_DSBR_2,3.0,79.0,0.0,22312.0,41,HAP1_WT_4h_BR2,0.0035406955898171387,HAP1,WT,4h,BR2,HAP1_WT
GFP_BAR_DSBR_2,3.0,84.0,1.0,22312.0,42,HAP1_WT_4h_BR2,0.003764790247400502,HAP1,WT,4h,BR2,HAP1_WT
GFP_BAR_DSBR_2,3.0,130.0,16.0,22312.0,43,HAP1_WT_4h_BR2,0.005826461097167443,HAP1,WT,4h,BR2,HAP1_WT
GFP_BAR_DSBR_2,18.0,161.0,27.0,22312.0,44,HAP1_WT_4h_BR2,0.007215847974184296,HAP1,WT,4h,BR2,HAP1_WT
GFP_BAR_DSBR_2,9.0,91.0,0.0,22312.0,45,HAP1_WT_4h_BR2,0.004078522768017211,HAP1,WT,4h,BR2,HAP1_WT
GFP_BAR_DSBR_2,8.0,59.0,0.0,22312.0,46,HAP1_WT_4h_BR2,0.002644316959483686,HAP1,WT,4h,BR2,HAP1_WT
GFP_BAR_DSBR_2,3.0,54.0,0.0,22312.0,47,HAP1_WT_4h_BR2,0.0024202223019003225,HAP1,WT,4h,BR2,HAP1_WT
GFP_BAR_DSBR_2,4.0,54.0,1.0,22312.0,48,HAP1_WT_4h_BR2,0.0024202223019003225,HAP1,WT,4h,BR2,HAP1_WT
GFP_BAR_DSBR_2,9.0,24.0,0.0,22312.0,49,HAP1_WT_4h_BR2,0.0010756543564001434,HAP1,WT,4h,BR2,HAP1_WT
GFP_BAR_DSBR_2,1.0,20.0,0.0,22312.0,50,HAP1_WT_4h_BR2,0.0008963786303334528,HAP1,WT,4h,BR2,HAP1_WT
GFP_BAR_DSBR_2,3.0,20.0,0.0,22312.0,51,HAP1_WT_4h_BR2,0.0008963786303334528,HAP1,WT,4h,BR2,HAP1_WT
GFP_BAR_DSBR_2,9.0,19.0,0.0,22312.0,52,HAP1_WT_4h_BR2,0.0008515596988167802,HAP1,WT,4h,BR2,HAP1_WT
GFP_BAR_DSBR_2,11.0,15.0,0.0,22312.0,53,HAP1_WT_4h_BR2,0.0006722839727500897,HAP1,WT,4h,BR2,HAP1_WT
GFP_BAR_DSBR_2,1.0,10.0,0.0,22312.0,54,HAP1_WT_4h_BR2,0.0004481893151667264,HAP1,WT,4h,BR2,HAP1_WT
GFP_BAR_DSBR_2,5.0,9.0,0.0,22312.0,55,HAP1_WT_4h_BR2,0.0004033703836500538,HAP1,WT,4h,BR2,HAP1_WT
GFP_BAR_DSBR_2,7.0,5.0,1.0,22312.0,56,HAP1_WT_4h_BR2,0.0002240946575833632,HAP1,WT,4h,BR2,HAP1_WT
GFP_BAR_DSBR_2,7.0,3.0,0.0,22312.0,57,HAP1_WT_4h_BR2,0.00013445679455001793,HAP1,WT,4h,BR2,HAP1_WT
GFP_BAR_DSBR_2,4.0,3.0,0.0,22312.0,58,HAP1_WT_4h_BR2,0.00013445679455001793,HAP1,WT,4h,BR2,HAP1_WT
GFP_BAR_DSBR_2,2.0,3.0,0.0,22312.0,59,HAP1_WT_4h_BR2,0.00013445679455001793,HAP1,WT,4h,BR2,HAP1_WT
GFP_BAR_DSBR_2,4.0,3.0,0.0,22312.0,60,HAP1_WT_4h_BR2,0.00013445679455001793,HAP1,WT,4h,BR2,HAP1_WT
GFP_BAR_DSBR_2,4.0,3.0,0.0,22312.0,61,HAP1_WT_4h_BR2,0.00013445679455001793,HAP1,WT,4h,BR2,HAP1_WT
GFP_BAR_DSBR_2,4.0,3.0,0.0,22312.0,62,HAP1_WT_4h_BR2,0.00013445679455001793,HAP1,WT,4h,BR2,HAP1_WT
GFP_BAR_DSBR_2,4.0,1.0,0.0,22312.0,63,HAP1_WT_4h_BR2,4.4818931516672646e-05,HAP1,WT,4h,BR2,HAP1_WT
GFP_BAR_DSBR_2,3.0,0.0,0.0,22312.0,64,HAP1_WT_4h_BR2,0.0,HAP1,WT,4h,BR2,HAP1_WT
GFP_BAR_DSBR_2,7.0,2.0,0.0,22312.0,65,HAP1_WT_4h_BR2,8.963786303334529e-05,HAP1,WT,4h,BR2,HAP1_WT
GFP_BAR_DSBR_2,5.0,2.0,0.0,22312.0,66,HAP1_WT_4h_BR2,8.963786303334529e-05,HAP1,WT,4h,BR2,HAP1_WT
GFP_BAR_DSBR_2,0.0,0.0,0.0,22312.0,67,HAP1_WT_4h_BR2,0.0,HAP1,WT,4h,BR2,HAP1_WT
GFP_BAR_DSBR_2,0.0,0.0,0.0,22312.0,68,HAP1_WT_4h_BR2,0.0,HAP1,WT,4h,BR2,HAP1_WT
GFP_BAR_DSBR_2,0.0,0.0,0.0,22312.0,69,HAP1_WT_4h_BR2,0.0,HAP1,WT,4h,BR2,HAP1_WT
GFP_BAR_DSBR_2,0.0,0.0,0.0,22312.0,70,HAP1_WT_4h_BR2,0.0,HAP1,WT,4h,BR2,HAP1_WT
GFP_BAR_DSBR_2,0.0,0.0,0.0,22312.0,71,HAP1_WT_4h_BR2,0.0,HAP1,WT,4h,BR2,HAP1_WT
GFP_BAR_DSBR_2,0.0,0.0,11.0,22312.0,72,HAP1_WT_4h_BR2,0.0,HAP1,WT,4h,BR2,HAP1_WT
GFP_BAR_DSBR_2,4.0,0.0,1.0,22312.0,73,HAP1_WT_4h_BR2,0.0,HAP1,WT,4h,BR2,HAP1_WT
GFP_BAR_DSBR_2,54.0,13.0,1.0,22312.0,74,HAP1_WT_4h_BR2,0.0005826461097167444,HAP1,WT,4h,BR2,HAP1_WT
GFP_BAR_DSBR_2,6.0,0.0,0.0,22312.0,75,HAP1_WT_4h_BR2,0.0,HAP1,WT,4h,BR2,HAP1_WT
GFP_BAR_DSBR_2,7.0,0.0,1.0,22312.0,76,HAP1_WT_4h_BR2,0.0,HAP1,WT,4h,BR2,HAP1_WT
GFP_BAR_DSBR_2,4.0,0.0,0.0,22312.0,77,HAP1_WT_4h_BR2,0.0,HAP1,WT,4h,BR2,HAP1_WT
GFP_BAR_DSBR_2,3.0,0.0,0.0,22312.0,78,HAP1_WT_4h_BR2,0.0,HAP1,WT,4h,BR2,HAP1_WT
GFP_BAR_DSBR_2,3.0,0.0,0.0,22312.0,79,HAP1_WT_4h_BR2,0.0,HAP1,WT,4h,BR2,HAP1_WT
GFP_BAR_DSBR_2,5.0,0.0,0.0,22312.0,80,HAP1_WT_4h_BR2,0.0,HAP1,WT,4h,BR2,HAP1_WT
GFP_BAR_DSBR_2,2.0,0.0,0.0,22312.0,81,HAP1_WT_4h_BR2,0.0,HAP1,WT,4h,BR2,HAP1_WT
GFP_BAR_DSBR_2,4.0,0.0,0.0,22312.0,82,HAP1_WT_4h_BR2,0.0,HAP1,WT,4h,BR2,HAP1_WT
GFP_BAR_DSBR_2,2.0,0.0,0.0,22312.0,83,HAP1_WT_4h_BR2,0.0,HAP1,WT,4h,BR2,HAP1_WT
GFP_BAR_DSBR_2,6.0,0.0,0.0,22312.0,84,HAP1_WT_4h_BR2,0.0,HAP1,WT,4h,BR2,HAP1_WT
GFP_BAR_DSBR_2,3.0,0.0,0.0,22312.0,85,HAP1_WT_4h_BR2,0.0,HAP1,WT,4h,BR2,HAP1_WT
GFP_BAR_DSBR_2,5.0,0.0,0.0,22312.0,86,HAP1_WT_4h_BR2,0.0,HAP1,WT,4h,BR2,HAP1_WT
GFP_BAR_DSBR_2,1.0,0.0,0.0,22312.0,87,HAP1_WT_4h_BR2,0.0,HAP1,WT,4h,BR2,HAP1_WT
GFP_BAR_DSBR_2,4.0,0.0,0.0,22312.0,88,HAP1_WT_4h_BR2,0.0,HAP1,WT,4h,BR2,HAP1_WT
GFP_BAR_DSBR_2,5.0,0.0,0.0,22312.0,89,HAP1_WT_4h_BR2,0.0,HAP1,WT,4h,BR2,HAP1_WT
GFP_BAR_DSBR_2,1.0,0.0,0.0,22312.0,90,HAP1_WT_4h_BR2,0.0,HAP1,WT,4h,BR2,HAP1_WT
GFP_BAR_DSBR_2,3.0,0.0,0.0,22312.0,91,HAP1_WT_4h_BR2,0.0,HAP1,WT,4h,BR2,HAP1_WT
GFP_BAR_DSBR_2,4.0,0.0,0.0,22312.0,92,HAP1_WT_4h_BR2,0.0,HAP1,WT,4h,BR2,HAP1_WT
GFP_BAR_DSBR_2,1.0,0.0,0.0,22312.0,93,HAP1_WT_4h_BR2,0.0,HAP1,WT,4h,BR2,HAP1_WT
GFP_BAR_DSBR_2,3.0,0.0,0.0,22312.0,94,HAP1_WT_4h_BR2,0.0,HAP1,WT,4h,BR2,HAP1_WT
GFP_BAR_DSBR_2,0.0,0.0,0.0,22312.0,95,HAP1_WT_4h_BR2,0.0,HAP1,WT,4h,BR2,HAP1_WT
GFP_BAR_DSBR_2,1.0,0.0,0.0,13115.0,1,HAP1_WT_24h_BR2,0.0,HAP1,WT,24h,BR2,HAP1_WT
GFP_BAR_DSBR_2,1.0,0.0,0.0,13115.0,2,HAP1_WT_24h_BR2,0.0,HAP1,WT,24h,BR2,HAP1_WT
GFP_BAR_DSBR_2,0.0,0.0,0.0,13115.0,3,HAP1_WT_24h_BR2,0.0,HAP1,WT,24h,BR2,HAP1_WT
GFP_BAR_DSBR_2,0.0,0.0,0.0,13115.0,4,HAP1_WT_24h_BR2,0.0,HAP1,WT,24h,BR2,HAP1_WT
GFP_BAR_DSBR_2,1.0,0.0,0.0,13115.0,5,HAP1_WT_24h_BR2,0.0,HAP1,WT,24h,BR2,HAP1_WT
GFP_BAR_DSBR_2,2.0,0.0,0.0,13115.0,6,HAP1_WT_24h_BR2,0.0,HAP1,WT,24h,BR2,HAP1_WT
GFP_BAR_DSBR_2,2.0,0.0,0.0,13115.0,7,HAP1_WT_24h_BR2,0.0,HAP1,WT,24h,BR2,HAP1_WT
GFP_BAR_DSBR_2,1.0,0.0,0.0,13115.0,8,HAP1_WT_24h_BR2,0.0,HAP1,WT,24h,BR2,HAP1_WT
GFP_BAR_DSBR_2,3.0,0.0,0.0,13115.0,9,HAP1_WT_24h_BR2,0.0,HAP1,WT,24h,BR2,HAP1_WT
GFP_BAR_DSBR_2,1.0,0.0,0.0,13115.0,10,HAP1_WT_24h_BR2,0.0,HAP1,WT,24h,BR2,HAP1_WT
GFP_BAR_DSBR_2,3.0,0.0,0.0,13115.0,11,HAP1_WT_24h_BR2,0.0,HAP1,WT,24h,BR2,HAP1_WT
GFP_BAR_DSBR_2,1.0,0.0,0.0,13115.0,12,HAP1_WT_24h_BR2,0.0,HAP1,WT,24h,BR2,HAP1_WT
GFP_BAR_DSBR_2,1.0,0.0,0.0,13115.0,13,HAP1_WT_24h_BR2,0.0,HAP1,WT,24h,BR2,HAP1_WT
GFP_BAR_DSBR_2,0.0,0.0,0.0,13115.0,14,HAP1_WT_24h_BR2,0.0,HAP1,WT,24h,BR2,HAP1_WT
GFP_BAR_DSBR_2,1.0,0.0,0.0,13115.0,15,HAP1_WT_24h_BR2,0.0,HAP1,WT,24h,BR2,HAP1_WT
GFP_BAR_DSBR_2,2.0,0.0,0.0,13115.0,16,HAP1_WT_24h_BR2,0.0,HAP1,WT,24h,BR2,HAP1_WT
GFP_BAR_DSBR_2,0.0,3.0,0.0,13115.0,17,HAP1_WT_24h_BR2,0.0002287457110179184,HAP1,WT,24h,BR2,HAP1_WT
GFP_BAR_DSBR_2,4.0,9.0,0.0,13115.0,18,HAP1_WT_24h_BR2,0.0006862371330537552,HAP1,WT,24h,BR2,HAP1_WT
GFP_BAR_DSBR_2,2.0,11.0,0.0,13115.0,19,HAP1_WT_24h_BR2,0.0008387342737323676,HAP1,WT,24h,BR2,HAP1_WT
GFP_BAR_DSBR_2,3.0,13.0,0.0,13115.0,20,HAP1_WT_24h_BR2,0.00099123141441098,HAP1,WT,24h,BR2,HAP1_WT
GFP_BAR_DSBR_2,0.0,15.0,0.0,13115.0,21,HAP1_WT_24h_BR2,0.001143728555089592,HAP1,WT,24h,BR2,HAP1_WT
GFP_BAR_DSBR_2,1.0,17.0,0.0,13115.0,22,HAP1_WT_24h_BR2,0.0012962256957682044,HAP1,WT,24h,BR2,HAP1_WT
GFP_BAR_DSBR_2,5.0,20.0,0.0,13115.0,23,HAP1_WT_24h_BR2,0.0015249714067861228,HAP1,WT,24h,BR2,HAP1_WT
GFP_BAR_DSBR_2,1.0,28.0,0.0,13115.0,24,HAP1_WT_24h_BR2,0.002134959969500572,HAP1,WT,24h,BR2,HAP1_WT
GFP_BAR_DSBR_2,0.0,38.0,0.0,13115.0,25,HAP1_WT_24h_BR2,0.0028974456728936334,HAP1,WT,24h,BR2,HAP1_WT
GFP_BAR_DSBR_2,2.0,41.0,0.0,13115.0,26,HAP1_WT_24h_BR2,0.003126191383911552,HAP1,WT,24h,BR2,HAP1_WT
GFP_BAR_DSBR_2,0.0,52.0,0.0,13115.0,27,HAP1_WT_24h_BR2,0.00396492565764392,HAP1,WT,24h,BR2,HAP1_WT
GFP_BAR_DSBR_2,4.0,54.0,0.0,13115.0,28,HAP1_WT_24h_BR2,0.004117422798322531,HAP1,WT,24h,BR2,HAP1_WT
GFP_BAR_DSBR_2,0.0,61.0,0.0,13115.0,29,HAP1_WT_24h_BR2,0.004651162790697674,HAP1,WT,24h,BR2,HAP1_WT
GFP_BAR_DSBR_2,0.0,65.0,0.0,13115.0,30,HAP1_WT_24h_BR2,0.004956157072054899,HAP1,WT,24h,BR2,HAP1_WT
GFP_BAR_DSBR_2,2.0,81.0,1.0,13115.0,31,HAP1_WT_24h_BR2,0.006176134197483797,HAP1,WT,24h,BR2,HAP1_WT
GFP_BAR_DSBR_2,1.0,87.0,0.0,13115.0,32,HAP1_WT_24h_BR2,0.006633625619519634,HAP1,WT,24h,BR2,HAP1_WT
GFP_BAR_DSBR_2,4.0,100.0,0.0,13115.0,33,HAP1_WT_24h_BR2,0.007624857033930614,HAP1,WT,24h,BR2,HAP1_WT
GFP_BAR_DSBR_2,8.0,114.0,4.0,13115.0,34,HAP1_WT_24h_BR2,0.0086923370186809,HAP1,WT,24h,BR2,HAP1_WT
GFP_BAR_DSBR_2,5.0,290.0,0.0,13115.0,35,HAP1_WT_24h_BR2,0.02211208539839878,HAP1,WT,24h,BR2,HAP1_WT
GFP_BAR_DSBR_2,3.0,293.0,0.0,13115.0,36,HAP1_WT_24h_BR2,0.0223408311094167,HAP1,WT,24h,BR2,HAP1_WT
GFP_BAR_DSBR_2,2.0,295.0,0.0,13115.0,37,HAP1_WT_24h_BR2,0.02249332825009531,HAP1,WT,24h,BR2,HAP1_WT
GFP_BAR_DSBR_2,5.0,314.0,0.0,13115.0,38,HAP1_WT_24h_BR2,0.023942051086542127,HAP1,WT,24h,BR2,HAP1_WT
GFP_BAR_DSBR_2,3.0,388.0,0.0,13115.0,39,HAP1_WT_24h_BR2,0.02958444529165078,HAP1,WT,24h,BR2,HAP1_WT
GFP_BAR_DSBR_2,3.0,431.0,0.0,13115.0,40,HAP1_WT_24h_BR2,0.032863133816240946,HAP1,WT,24h,BR2,HAP1_WT
GFP_BAR_DSBR_2,1.0,755.0,0.0,13115.0,41,HAP1_WT_24h_BR2,0.05756767060617613,HAP1,WT,24h,BR2,HAP1_WT
GFP_BAR_DSBR_2,5.0,910.0,4.0,13115.0,42,HAP1_WT_24h_BR2,0.06938619900876858,HAP1,WT,24h,BR2,HAP1_WT
GFP_BAR_DSBR_2,3.0,1186.0,13.0,13115.0,43,HAP1_WT_24h_BR2,0.09043080442241708,HAP1,WT,24h,BR2,HAP1_WT
GFP_BAR_DSBR_2,6.0,1310.0,29.0,13115.0,44,HAP1_WT_24h_BR2,0.09988562714449103,HAP1,WT,24h,BR2,HAP1_WT
GFP_BAR_DSBR_2,8.0,954.0,0.0,13115.0,45,HAP1_WT_24h_BR2,0.07274113610369806,HAP1,WT,24h,BR2,HAP1_WT
GFP_BAR_DSBR_2,4.0,646.0,0.0,13115.0,46,HAP1_WT_24h_BR2,0.04925657643919176,HAP1,WT,24h,BR2,HAP1_WT
GFP_BAR_DSBR_2,1.0,507.0,0.0,13115.0,47,HAP1_WT_24h_BR2,0.03865802516202821,HAP1,WT,24h,BR2,HAP1_WT
GFP_BAR_DSBR_2,11.0,482.0,2.0,13115.0,48,HAP1_WT_24h_BR2,0.03675181090354556,HAP1,WT,24h,BR2,HAP1_WT
GFP_BAR_DSBR_2,7.0,306.0,0.0,13115.0,49,HAP1_WT_24h_BR2,0.02333206252382768,HAP1,WT,24h,BR2,HAP1_WT
GFP_BAR_DSBR_2,8.0,270.0,0.0,13115.0,50,HAP1_WT_24h_BR2,0.020587113991612657,HAP1,WT,24h,BR2,HAP1_WT
GFP_BAR_DSBR_2,4.0,250.0,0.0,13115.0,51,HAP1_WT_24h_BR2,0.019062142584826535,HAP1,WT,24h,BR2,HAP1_WT
GFP_BAR_DSBR_2,1.0,170.0,0.0,13115.0,52,HAP1_WT_24h_BR2,0.012962256957682043,HAP1,WT,24h,BR2,HAP1_WT
GFP_BAR_DSBR_2,1.0,151.0,1.0,13115.0,53,HAP1_WT_24h_BR2,0.011513534121235227,HAP1,WT,24h,BR2,HAP1_WT
GFP_BAR_DSBR_2,3.0,129.0,0.0,13115.0,54,HAP1_WT_24h_BR2,0.009836065573770493,HAP1,WT,24h,BR2,HAP1_WT
GFP_BAR_DSBR_2,1.0,120.0,0.0,13115.0,55,HAP1_WT_24h_BR2,0.009149828440716736,HAP1,WT,24h,BR2,HAP1_WT
GFP_BAR_DSBR_2,6.0,102.0,2.0,13115.0,56,HAP1_WT_24h_BR2,0.007777354174609226,HAP1,WT,24h,BR2,HAP1_WT
GFP_BAR_DSBR_2,6.0,89.0,0.0,13115.0,57,HAP1_WT_24h_BR2,0.006786122760198247,HAP1,WT,24h,BR2,HAP1_WT
GFP_BAR_DSBR_2,5.0,68.0,0.0,13115.0,58,HAP1_WT_24h_BR2,0.0051849027830728174,HAP1,WT,24h,BR2,HAP1_WT
GFP_BAR_DSBR_2,0.0,65.0,0.0,13115.0,59,HAP1_WT_24h_BR2,0.004956157072054899,HAP1,WT,24h,BR2,HAP1_WT
GFP_BAR_DSBR_2,2.0,47.0,0.0,13115.0,60,HAP1_WT_24h_BR2,0.0035836828059473886,HAP1,WT,24h,BR2,HAP1_WT
GFP_BAR_DSBR_2,2.0,38.0,0.0,13115.0,61,HAP1_WT_24h_BR2,0.0028974456728936334,HAP1,WT,24h,BR2,HAP1_WT
GFP_BAR_DSBR_2,2.0,35.0,0.0,13115.0,62,HAP1_WT_24h_BR2,0.002668699961875715,HAP1,WT,24h,BR2,HAP1_WT
GFP_BAR_DSBR_2,3.0,29.0,0.0,13115.0,63,HAP1_WT_24h_BR2,0.002211208539839878,HAP1,WT,24h,BR2,HAP1_WT
GFP_BAR_DSBR_2,3.0,27.0,0.0,13115.0,64,HAP1_WT_24h_BR2,0.0020587113991612656,HAP1,WT,24h,BR2,HAP1_WT
GFP_BAR_DSBR_2,4.0,17.0,0.0,13115.0,65,HAP1_WT_24h_BR2,0.0012962256957682044,HAP1,WT,24h,BR2,HAP1_WT
GFP_BAR_DSBR_2,6.0,2.0,0.0,13115.0,66,HAP1_WT_24h_BR2,0.0001524971406786123,HAP1,WT,24h,BR2,HAP1_WT
GFP_BAR_DSBR_2,0.0,0.0,0.0,13115.0,67,HAP1_WT_24h_BR2,0.0,HAP1,WT,24h,BR2,HAP1_WT
GFP_BAR_DSBR_2,0.0,0.0,0.0,13115.0,68,HAP1_WT_24h_BR2,0.0,HAP1,WT,24h,BR2,HAP1_WT
GFP_BAR_DSBR_2,0.0,0.0,0.0,13115.0,69,HAP1_WT_24h_BR2,0.0,HAP1,WT,24h,BR2,HAP1_WT
GFP_BAR_DSBR_2,0.0,0.0,0.0,13115.0,70,HAP1_WT_24h_BR2,0.0,HAP1,WT,24h,BR2,HAP1_WT
GFP_BAR_DSBR_2,0.0,0.0,0.0,13115.0,71,HAP1_WT_24h_BR2,0.0,HAP1,WT,24h,BR2,HAP1_WT
GFP_BAR_DSBR_2,0.0,0.0,11.0,13115.0,72,HAP1_WT_24h_BR2,0.0,HAP1,WT,24h,BR2,HAP1_WT
GFP_BAR_DSBR_2,4.0,0.0,0.0,13115.0,73,HAP1_WT_24h_BR2,0.0,HAP1,WT,24h,BR2,HAP1_WT
GFP_BAR_DSBR_2,17.0,11.0,0.0,13115.0,74,HAP1_WT_24h_BR2,0.0008387342737323676,HAP1,WT,24h,BR2,HAP1_WT
GFP_BAR_DSBR_2,2.0,0.0,0.0,13115.0,75,HAP1_WT_24h_BR2,0.0,HAP1,WT,24h,BR2,HAP1_WT
GFP_BAR_DSBR_2,1.0,0.0,0.0,13115.0,76,HAP1_WT_24h_BR2,0.0,HAP1,WT,24h,BR2,HAP1_WT
GFP_BAR_DSBR_2,1.0,0.0,0.0,13115.0,77,HAP1_WT_24h_BR2,0.0,HAP1,WT,24h,BR2,HAP1_WT
GFP_BAR_DSBR_2,1.0,0.0,0.0,13115.0,78,HAP1_WT_24h_BR2,0.0,HAP1,WT,24h,BR2,HAP1_WT
GFP_BAR_DSBR_2,6.0,0.0,0.0,13115.0,79,HAP1_WT_24h_BR2,0.0,HAP1,WT,24h,BR2,HAP1_WT
GFP_BAR_DSBR_2,3.0,0.0,0.0,13115.0,80,HAP1_WT_24h_BR2,0.0,HAP1,WT,24h,BR2,HAP1_WT
GFP_BAR_DSBR_2,0.0,0.0,0.0,13115.0,81,HAP1_WT_24h_BR2,0.0,HAP1,WT,24h,BR2,HAP1_WT
GFP_BAR_DSBR_2,2.0,0.0,0.0,13115.0,82,HAP1_WT_24h_BR2,0.0,HAP1,WT,24h,BR2,HAP1_WT
GFP_BAR_DSBR_2,0.0,0.0,0.0,13115.0,83,HAP1_WT_24h_BR2,0.0,HAP1,WT,24h,BR2,HAP1_WT
GFP_BAR_DSBR_2,5.0,0.0,0.0,13115.0,84,HAP1_WT_24h_BR2,0.0,HAP1,WT,24h,BR2,HAP1_WT
GFP_BAR_DSBR_2,1.0,0.0,0.0,13115.0,85,HAP1_WT_24h_BR2,0.0,HAP1,WT,24h,BR2,HAP1_WT
GFP_BAR_DSBR_2,2.0,0.0,0.0,13115.0,86,HAP1_WT_24h_BR2,0.0,HAP1,WT,24h,BR2,HAP1_WT
GFP_BAR_DSBR_2,1.0,0.0,0.0,13115.0,87,HAP1_WT_24h_BR2,0.0,HAP1,WT,24h,BR2,HAP1_WT
GFP_BAR_DSBR_2,5.0,0.0,0.0,13115.0,88,HAP1_WT_24h_BR2,0.0,HAP1,WT,24h,BR2,HAP1_WT
GFP_BAR_DSBR_2,3.0,0.0,0.0,13115.0,89,HAP1_WT_24h_BR2,0.0,HAP1,WT,24h,BR2,HAP1_WT
GFP_BAR_DSBR_2,2.0,0.0,0.0,13115.0,90,HAP1_WT_24h_BR2,0.0,HAP1,WT,24h,BR2,HAP1_WT
GFP_BAR_DSBR_2,1.0,0.0,0.0,13115.0,91,HAP1_WT_24h_BR2,0.0,HAP1,WT,24h,BR2,HAP1_WT
GFP_BAR_DSBR_2,2.0,0.0,0.0,13115.0,92,HAP1_WT_24h_BR2,0.0,HAP1,WT,24h,BR2,HAP1_WT
GFP_BAR_DSBR_2,3.0,0.0,0.0,13115.0,93,HAP1_WT_24h_BR2,0.0,HAP1,WT,24h,BR2,HAP1_WT
GFP_BAR_DSBR_2,4.0,0.0,0.0,13115.0,94,HAP1_WT_24h_BR2,0.0,HAP1,WT,24h,BR2,HAP1_WT
GFP_BAR_DSBR_2,2.0,0.0,0.0,13115.0,95,HAP1_WT_24h_BR2,0.0,HAP1,WT,24h,BR2,HAP1_WT
GFP_BAR_DSBR_2,1.0,0.0,0.0,9569.0,1,HAP1_WT_1h_BR3,0.0,HAP1,WT,1h,BR3,HAP1_WT
GFP_BAR_DSBR_2,0.0,0.0,0.0,9569.0,2,HAP1_WT_1h_BR3,0.0,HAP1,WT,1h,BR3,HAP1_WT
GFP_BAR_DSBR_2,0.0,0.0,0.0,9569.0,3,HAP1_WT_1h_BR3,0.0,HAP1,WT,1h,BR3,HAP1_WT
GFP_BAR_DSBR_2,0.0,0.0,0.0,9569.0,4,HAP1_WT_1h_BR3,0.0,HAP1,WT,1h,BR3,HAP1_WT
GFP_BAR_DSBR_2,0.0,0.0,0.0,9569.0,5,HAP1_WT_1h_BR3,0.0,HAP1,WT,1h,BR3,HAP1_WT
GFP_BAR_DSBR_2,0.0,0.0,0.0,9569.0,6,HAP1_WT_1h_BR3,0.0,HAP1,WT,1h,BR3,HAP1_WT
GFP_BAR_DSBR_2,1.0,0.0,0.0,9569.0,7,HAP1_WT_1h_BR3,0.0,HAP1,WT,1h,BR3,HAP1_WT
GFP_BAR_DSBR_2,1.0,0.0,0.0,9569.0,8,HAP1_WT_1h_BR3,0.0,HAP1,WT,1h,BR3,HAP1_WT
GFP_BAR_DSBR_2,0.0,0.0,0.0,9569.0,9,HAP1_WT_1h_BR3,0.0,HAP1,WT,1h,BR3,HAP1_WT
GFP_BAR_DSBR_2,1.0,0.0,0.0,9569.0,10,HAP1_WT_1h_BR3,0.0,HAP1,WT,1h,BR3,HAP1_WT
GFP_BAR_DSBR_2,0.0,0.0,0.0,9569.0,11,HAP1_WT_1h_BR3,0.0,HAP1,WT,1h,BR3,HAP1_WT
GFP_BAR_DSBR_2,1.0,0.0,0.0,9569.0,12,HAP1_WT_1h_BR3,0.0,HAP1,WT,1h,BR3,HAP1_WT
GFP_BAR_DSBR_2,0.0,0.0,0.0,9569.0,13,HAP1_WT_1h_BR3,0.0,HAP1,WT,1h,BR3,HAP1_WT
GFP_BAR_DSBR_2,1.0,0.0,0.0,9569.0,14,HAP1_WT_1h_BR3,0.0,HAP1,WT,1h,BR3,HAP1_WT
GFP_BAR_DSBR_2,1.0,0.0,0.0,9569.0,15,HAP1_WT_1h_BR3,0.0,HAP1,WT,1h,BR3,HAP1_WT
GFP_BAR_DSBR_2,3.0,0.0,0.0,9569.0,16,HAP1_WT_1h_BR3,0.0,HAP1,WT,1h,BR3,HAP1_WT
GFP_BAR_DSBR_2,0.0,0.0,0.0,9569.0,17,HAP1_WT_1h_BR3,0.0,HAP1,WT,1h,BR3,HAP1_WT
GFP_BAR_DSBR_2,1.0,0.0,0.0,9569.0,18,HAP1_WT_1h_BR3,0.0,HAP1,WT,1h,BR3,HAP1_WT
GFP_BAR_DSBR_2,1.0,0.0,0.0,9569.0,19,HAP1_WT_1h_BR3,0.0,HAP1,WT,1h,BR3,HAP1_WT
GFP_BAR_DSBR_2,0.0,0.0,0.0,9569.0,20,HAP1_WT_1h_BR3,0.0,HAP1,WT,1h,BR3,HAP1_WT
GFP_BAR_DSBR_2,0.0,0.0,0.0,9569.0,21,HAP1_WT_1h_BR3,0.0,HAP1,WT,1h,BR3,HAP1_WT
GFP_BAR_DSBR_2,3.0,0.0,0.0,9569.0,22,HAP1_WT_1h_BR3,0.0,HAP1,WT,1h,BR3,HAP1_WT
GFP_BAR_DSBR_2,1.0,0.0,0.0,9569.0,23,HAP1_WT_1h_BR3,0.0,HAP1,WT,1h,BR3,HAP1_WT
GFP_BAR_DSBR_2,0.0,0.0,0.0,9569.0,24,HAP1_WT_1h_BR3,0.0,HAP1,WT,1h,BR3,HAP1_WT
GFP_BAR_DSBR_2,1.0,0.0,0.0,9569.0,25,HAP1_WT_1h_BR3,0.0,HAP1,WT,1h,BR3,HAP1_WT
GFP_BAR_DSBR_2,0.0,0.0,0.0,9569.0,26,HAP1_WT_1h_BR3,0.0,HAP1,WT,1h,BR3,HAP1_WT
GFP_BAR_DSBR_2,1.0,0.0,0.0,9569.0,27,HAP1_WT_1h_BR3,0.0,HAP1,WT,1h,BR3,HAP1_WT
GFP_BAR_DSBR_2,0.0,0.0,0.0,9569.0,28,HAP1_WT_1h_BR3,0.0,HAP1,WT,1h,BR3,HAP1_WT
GFP_BAR_DSBR_2,0.0,0.0,0.0,9569.0,29,HAP1_WT_1h_BR3,0.0,HAP1,WT,1h,BR3,HAP1_WT
GFP_BAR_DSBR_2,1.0,0.0,0.0,9569.0,30,HAP1_WT_1h_BR3,0.0,HAP1,WT,1h,BR3,HAP1_WT
GFP_BAR_DSBR_2,1.0,0.0,0.0,9569.0,31,HAP1_WT_1h_BR3,0.0,HAP1,WT,1h,BR3,HAP1_WT
GFP_BAR_DSBR_2,1.0,0.0,0.0,9569.0,32,HAP1_WT_1h_BR3,0.0,HAP1,WT,1h,BR3,HAP1_WT
GFP_BAR_DSBR_2,0.0,0.0,0.0,9569.0,33,HAP1_WT_1h_BR3,0.0,HAP1,WT,1h,BR3,HAP1_WT
GFP_BAR_DSBR_2,1.0,0.0,2.0,9569.0,34,HAP1_WT_1h_BR3,0.0,HAP1,WT,1h,BR3,HAP1_WT
GFP_BAR_DSBR_2,6.0,0.0,0.0,9569.0,35,HAP1_WT_1h_BR3,0.0,HAP1,WT,1h,BR3,HAP1_WT
GFP_BAR_DSBR_2,2.0,0.0,0.0,9569.0,36,HAP1_WT_1h_BR3,0.0,HAP1,WT,1h,BR3,HAP1_WT
GFP_BAR_DSBR_2,1.0,0.0,0.0,9569.0,37,HAP1_WT_1h_BR3,0.0,HAP1,WT,1h,BR3,HAP1_WT
GFP_BAR_DSBR_2,0.0,0.0,0.0,9569.0,38,HAP1_WT_1h_BR3,0.0,HAP1,WT,1h,BR3,HAP1_WT
GFP_BAR_DSBR_2,0.0,0.0,0.0,9569.0,39,HAP1_WT_1h_BR3,0.0,HAP1,WT,1h,BR3,HAP1_WT
GFP_BAR_DSBR_2,1.0,0.0,0.0,9569.0,40,HAP1_WT_1h_BR3,0.0,HAP1,WT,1h,BR3,HAP1_WT
GFP_BAR_DSBR_2,2.0,13.0,0.0,9569.0,41,HAP1_WT_1h_BR3,0.0013585536628696834,HAP1,WT,1h,BR3,HAP1_WT
GFP_BAR_DSBR_2,0.0,13.0,0.0,9569.0,42,HAP1_WT_1h_BR3,0.0013585536628696834,HAP1,WT,1h,BR3,HAP1_WT
GFP_BAR_DSBR_2,0.0,28.0,1.0,9569.0,43,HAP1_WT_1h_BR3,0.002926115581565472,HAP1,WT,1h,BR3,HAP1_WT
GFP_BAR_DSBR_2,3.0,32.0,6.0,9569.0,44,HAP1_WT_1h_BR3,0.003344132093217682,HAP1,WT,1h,BR3,HAP1_WT
GFP_BAR_DSBR_2,0.0,2.0,0.0,9569.0,45,HAP1_WT_1h_BR3,0.00020900825582610512,HAP1,WT,1h,BR3,HAP1_WT
GFP_BAR_DSBR_2,0.0,2.0,0.0,9569.0,46,HAP1_WT_1h_BR3,0.00020900825582610512,HAP1,WT,1h,BR3,HAP1_WT
GFP_BAR_DSBR_2,1.0,0.0,0.0,9569.0,47,HAP1_WT_1h_BR3,0.0,HAP1,WT,1h,BR3,HAP1_WT
GFP_BAR_DSBR_2,1.0,0.0,0.0,9569.0,48,HAP1_WT_1h_BR3,0.0,HAP1,WT,1h,BR3,HAP1_WT
GFP_BAR_DSBR_2,4.0,0.0,0.0,9569.0,49,HAP1_WT_1h_BR3,0.0,HAP1,WT,1h,BR3,HAP1_WT
GFP_BAR_DSBR_2,1.0,0.0,0.0,9569.0,50,HAP1_WT_1h_BR3,0.0,HAP1,WT,1h,BR3,HAP1_WT
GFP_BAR_DSBR_2,1.0,0.0,0.0,9569.0,51,HAP1_WT_1h_BR3,0.0,HAP1,WT,1h,BR3,HAP1_WT
GFP_BAR_DSBR_2,0.0,1.0,0.0,9569.0,52,HAP1_WT_1h_BR3,0.00010450412791305256,HAP1,WT,1h,BR3,HAP1_WT
GFP_BAR_DSBR_2,2.0,1.0,0.0,9569.0,53,HAP1_WT_1h_BR3,0.00010450412791305256,HAP1,WT,1h,BR3,HAP1_WT
GFP_BAR_DSBR_2,1.0,0.0,0.0,9569.0,54,HAP1_WT_1h_BR3,0.0,HAP1,WT,1h,BR3,HAP1_WT
GFP_BAR_DSBR_2,5.0,0.0,0.0,9569.0,55,HAP1_WT_1h_BR3,0.0,HAP1,WT,1h,BR3,HAP1_WT
GFP_BAR_DSBR_2,0.0,0.0,0.0,9569.0,56,HAP1_WT_1h_BR3,0.0,HAP1,WT,1h,BR3,HAP1_WT
GFP_BAR_DSBR_2,0.0,0.0,0.0,9569.0,57,HAP1_WT_1h_BR3,0.0,HAP1,WT,1h,BR3,HAP1_WT
GFP_BAR_DSBR_2,0.0,0.0,0.0,9569.0,58,HAP1_WT_1h_BR3,0.0,HAP1,WT,1h,BR3,HAP1_WT
GFP_BAR_DSBR_2,0.0,0.0,0.0,9569.0,59,HAP1_WT_1h_BR3,0.0,HAP1,WT,1h,BR3,HAP1_WT
GFP_BAR_DSBR_2,1.0,0.0,0.0,9569.0,60,HAP1_WT_1h_BR3,0.0,HAP1,WT,1h,BR3,HAP1_WT
GFP_BAR_DSBR_2,4.0,0.0,0.0,9569.0,61,HAP1_WT_1h_BR3,0.0,HAP1,WT,1h,BR3,HAP1_WT
GFP_BAR_DSBR_2,0.0,0.0,0.0,9569.0,62,HAP1_WT_1h_BR3,0.0,HAP1,WT,1h,BR3,HAP1_WT
GFP_BAR_DSBR_2,0.0,0.0,0.0,9569.0,63,HAP1_WT_1h_BR3,0.0,HAP1,WT,1h,BR3,HAP1_WT
GFP_BAR_DSBR_2,0.0,0.0,0.0,9569.0,64,HAP1_WT_1h_BR3,0.0,HAP1,WT,1h,BR3,HAP1_WT
GFP_BAR_DSBR_2,0.0,0.0,0.0,9569.0,65,HAP1_WT_1h_BR3,0.0,HAP1,WT,1h,BR3,HAP1_WT
GFP_BAR_DSBR_2,0.0,0.0,0.0,9569.0,66,HAP1_WT_1h_BR3,0.0,HAP1,WT,1h,BR3,HAP1_WT
GFP_BAR_DSBR_2,0.0,0.0,0.0,9569.0,67,HAP1_WT_1h_BR3,0.0,HAP1,WT,1h,BR3,HAP1_WT
GFP_BAR_DSBR_2,0.0,0.0,0.0,9569.0,68,HAP1_WT_1h_BR3,0.0,HAP1,WT,1h,BR3,HAP1_WT
GFP_BAR_DSBR_2,0.0,0.0,0.0,9569.0,69,HAP1_WT_1h_BR3,0.0,HAP1,WT,1h,BR3,HAP1_WT
GFP_BAR_DSBR_2,0.0,0.0,0.0,9569.0,70,HAP1_WT_1h_BR3,0.0,HAP1,WT,1h,BR3,HAP1_WT
GFP_BAR_DSBR_2,0.0,0.0,0.0,9569.0,71,HAP1_WT_1h_BR3,0.0,HAP1,WT,1h,BR3,HAP1_WT
GFP_BAR_DSBR_2,0.0,0.0,9.0,9569.0,72,HAP1_WT_1h_BR3,0.0,HAP1,WT,1h,BR3,HAP1_WT
GFP_BAR_DSBR_2,0.0,0.0,1.0,9569.0,73,HAP1_WT_1h_BR3,0.0,HAP1,WT,1h,BR3,HAP1_WT
GFP_BAR_DSBR_2,22.0,8.0,1.0,9569.0,74,HAP1_WT_1h_BR3,0.0008360330233044205,HAP1,WT,1h,BR3,HAP1_WT
GFP_BAR_DSBR_2,4.0,0.0,0.0,9569.0,75,HAP1_WT_1h_BR3,0.0,HAP1,WT,1h,BR3,HAP1_WT
GFP_BAR_DSBR_2,0.0,0.0,0.0,9569.0,76,HAP1_WT_1h_BR3,0.0,HAP1,WT,1h,BR3,HAP1_WT
GFP_BAR_DSBR_2,1.0,0.0,0.0,9569.0,77,HAP1_WT_1h_BR3,0.0,HAP1,WT,1h,BR3,HAP1_WT
GFP_BAR_DSBR_2,1.0,0.0,0.0,9569.0,78,HAP1_WT_1h_BR3,0.0,HAP1,WT,1h,BR3,HAP1_WT
GFP_BAR_DSBR_2,0.0,0.0,0.0,9569.0,79,HAP1_WT_1h_BR3,0.0,HAP1,WT,1h,BR3,HAP1_WT
GFP_BAR_DSBR_2,1.0,0.0,0.0,9569.0,80,HAP1_WT_1h_BR3,0.0,HAP1,WT,1h,BR3,HAP1_WT
GFP_BAR_DSBR_2,2.0,0.0,0.0,9569.0,81,HAP1_WT_1h_BR3,0.0,HAP1,WT,1h,BR3,HAP1_WT
GFP_BAR_DSBR_2,0.0,0.0,0.0,9569.0,82,HAP1_WT_1h_BR3,0.0,HAP1,WT,1h,BR3,HAP1_WT
GFP_BAR_DSBR_2,3.0,0.0,0.0,9569.0,83,HAP1_WT_1h_BR3,0.0,HAP1,WT,1h,BR3,HAP1_WT
GFP_BAR_DSBR_2,3.0,0.0,0.0,9569.0,84,HAP1_WT_1h_BR3,0.0,HAP1,WT,1h,BR3,HAP1_WT
GFP_BAR_DSBR_2,0.0,0.0,0.0,9569.0,85,HAP1_WT_1h_BR3,0.0,HAP1,WT,1h,BR3,HAP1_WT
GFP_BAR_DSBR_2,1.0,0.0,0.0,9569.0,86,HAP1_WT_1h_BR3,0.0,HAP1,WT,1h,BR3,HAP1_WT
GFP_BAR_DSBR_2,2.0,0.0,0.0,9569.0,87,HAP1_WT_1h_BR3,0.0,HAP1,WT,1h,BR3,HAP1_WT
GFP_BAR_DSBR_2,1.0,0.0,0.0,9569.0,88,HAP1_WT_1h_BR3,0.0,HAP1,WT,1h,BR3,HAP1_WT
GFP_BAR_DSBR_2,2.0,0.0,0.0,9569.0,89,HAP1_WT_1h_BR3,0.0,HAP1,WT,1h,BR3,HAP1_WT
GFP_BAR_DSBR_2,3.0,0.0,0.0,9569.0,90,HAP1_WT_1h_BR3,0.0,HAP1,WT,1h,BR3,HAP1_WT
GFP_BAR_DSBR_2,0.0,0.0,0.0,9569.0,91,HAP1_WT_1h_BR3,0.0,HAP1,WT,1h,BR3,HAP1_WT
GFP_BAR_DSBR_2,0.0,0.0,0.0,9569.0,92,HAP1_WT_1h_BR3,0.0,HAP1,WT,1h,BR3,HAP1_WT
GFP_BAR_DSBR_2,0.0,0.0,0.0,9569.0,93,HAP1_WT_1h_BR3,0.0,HAP1,WT,1h,BR3,HAP1_WT
GFP_BAR_DSBR_2,1.0,0.0,0.0,9569.0,94,HAP1_WT_1h_BR3,0.0,HAP1,WT,1h,BR3,HAP1_WT
GFP_BAR_DSBR_2,2.0,0.0,0.0,9569.0,95,HAP1_WT_1h_BR3,0.0,HAP1,WT,1h,BR3,HAP1_WT
GFP_BAR_DSBR_2,3.0,0.0,0.0,19072.0,1,HAP1_WT_2h_BR3,0.0,HAP1,WT,2h,BR3,HAP1_WT
GFP_BAR_DSBR_2,1.0,0.0,0.0,19072.0,2,HAP1_WT_2h_BR3,0.0,HAP1,WT,2h,BR3,HAP1_WT
GFP_BAR_DSBR_2,2.0,0.0,0.0,19072.0,3,HAP1_WT_2h_BR3,0.0,HAP1,WT,2h,BR3,HAP1_WT
GFP_BAR_DSBR_2,4.0,0.0,0.0,19072.0,4,HAP1_WT_2h_BR3,0.0,HAP1,WT,2h,BR3,HAP1_WT
GFP_BAR_DSBR_2,0.0,0.0,0.0,19072.0,5,HAP1_WT_2h_BR3,0.0,HAP1,WT,2h,BR3,HAP1_WT
GFP_BAR_DSBR_2,2.0,0.0,0.0,19072.0,6,HAP1_WT_2h_BR3,0.0,HAP1,WT,2h,BR3,HAP1_WT
GFP_BAR_DSBR_2,1.0,0.0,0.0,19072.0,7,HAP1_WT_2h_BR3,0.0,HAP1,WT,2h,BR3,HAP1_WT
GFP_BAR_DSBR_2,6.0,0.0,0.0,19072.0,8,HAP1_WT_2h_BR3,0.0,HAP1,WT,2h,BR3,HAP1_WT
GFP_BAR_DSBR_2,1.0,0.0,0.0,19072.0,9,HAP1_WT_2h_BR3,0.0,HAP1,WT,2h,BR3,HAP1_WT
GFP_BAR_DSBR_2,2.0,0.0,0.0,19072.0,10,HAP1_WT_2h_BR3,0.0,HAP1,WT,2h,BR3,HAP1_WT
GFP_BAR_DSBR_2,1.0,0.0,0.0,19072.0,11,HAP1_WT_2h_BR3,0.0,HAP1,WT,2h,BR3,HAP1_WT
GFP_BAR_DSBR_2,2.0,0.0,0.0,19072.0,12,HAP1_WT_2h_BR3,0.0,HAP1,WT,2h,BR3,HAP1_WT
GFP_BAR_DSBR_2,5.0,0.0,0.0,19072.0,13,HAP1_WT_2h_BR3,0.0,HAP1,WT,2h,BR3,HAP1_WT
GFP_BAR_DSBR_2,3.0,0.0,0.0,19072.0,14,HAP1_WT_2h_BR3,0.0,HAP1,WT,2h,BR3,HAP1_WT
GFP_BAR_DSBR_2,9.0,0.0,0.0,19072.0,15,HAP1_WT_2h_BR3,0.0,HAP1,WT,2h,BR3,HAP1_WT
GFP_BAR_DSBR_2,1.0,0.0,0.0,19072.0,16,HAP1_WT_2h_BR3,0.0,HAP1,WT,2h,BR3,HAP1_WT
GFP_BAR_DSBR_2,1.0,0.0,0.0,19072.0,17,HAP1_WT_2h_BR3,0.0,HAP1,WT,2h,BR3,HAP1_WT
GFP_BAR_DSBR_2,1.0,0.0,0.0,19072.0,18,HAP1_WT_2h_BR3,0.0,HAP1,WT,2h,BR3,HAP1_WT
GFP_BAR_DSBR_2,3.0,1.0,0.0,19072.0,19,HAP1_WT_2h_BR3,5.243288590604027e-05,HAP1,WT,2h,BR3,HAP1_WT
GFP_BAR_DSBR_2,3.0,1.0,0.0,19072.0,20,HAP1_WT_2h_BR3,5.243288590604027e-05,HAP1,WT,2h,BR3,HAP1_WT
GFP_BAR_DSBR_2,5.0,1.0,0.0,19072.0,21,HAP1_WT_2h_BR3,5.243288590604027e-05,HAP1,WT,2h,BR3,HAP1_WT
GFP_BAR_DSBR_2,3.0,0.0,0.0,19072.0,22,HAP1_WT_2h_BR3,0.0,HAP1,WT,2h,BR3,HAP1_WT
GFP_BAR_DSBR_2,11.0,0.0,0.0,19072.0,23,HAP1_WT_2h_BR3,0.0,HAP1,WT,2h,BR3,HAP1_WT
GFP_BAR_DSBR_2,3.0,0.0,0.0,19072.0,24,HAP1_WT_2h_BR3,0.0,HAP1,WT,2h,BR3,HAP1_WT
GFP_BAR_DSBR_2,1.0,0.0,0.0,19072.0,25,HAP1_WT_2h_BR3,0.0,HAP1,WT,2h,BR3,HAP1_WT
GFP_BAR_DSBR_2,4.0,0.0,0.0,19072.0,26,HAP1_WT_2h_BR3,0.0,HAP1,WT,2h,BR3,HAP1_WT
GFP_BAR_DSBR_2,3.0,0.0,0.0,19072.0,27,HAP1_WT_2h_BR3,0.0,HAP1,WT,2h,BR3,HAP1_WT
GFP_BAR_DSBR_2,5.0,0.0,0.0,19072.0,28,HAP1_WT_2h_BR3,0.0,HAP1,WT,2h,BR3,HAP1_WT
GFP_BAR_DSBR_2,0.0,0.0,0.0,19072.0,29,HAP1_WT_2h_BR3,0.0,HAP1,WT,2h,BR3,HAP1_WT
GFP_BAR_DSBR_2,1.0,0.0,0.0,19072.0,30,HAP1_WT_2h_BR3,0.0,HAP1,WT,2h,BR3,HAP1_WT
GFP_BAR_DSBR_2,1.0,0.0,0.0,19072.0,31,HAP1_WT_2h_BR3,0.0,HAP1,WT,2h,BR3,HAP1_WT
GFP_BAR_DSBR_2,3.0,1.0,0.0,19072.0,32,HAP1_WT_2h_BR3,5.243288590604027e-05,HAP1,WT,2h,BR3,HAP1_WT
GFP_BAR_DSBR_2,7.0,1.0,0.0,19072.0,33,HAP1_WT_2h_BR3,5.243288590604027e-05,HAP1,WT,2h,BR3,HAP1_WT
GFP_BAR_DSBR_2,4.0,1.0,2.0,19072.0,34,HAP1_WT_2h_BR3,5.243288590604027e-05,HAP1,WT,2h,BR3,HAP1_WT
GFP_BAR_DSBR_2,8.0,18.0,0.0,19072.0,35,HAP1_WT_2h_BR3,0.0009437919463087249,HAP1,WT,2h,BR3,HAP1_WT
GFP_BAR_DSBR_2,5.0,19.0,0.0,19072.0,36,HAP1_WT_2h_BR3,0.0009962248322147652,HAP1,WT,2h,BR3,HAP1_WT
GFP_BAR_DSBR_2,4.0,19.0,0.0,19072.0,37,HAP1_WT_2h_BR3,0.0009962248322147652,HAP1,WT,2h,BR3,HAP1_WT
GFP_BAR_DSBR_2,2.0,19.0,0.0,19072.0,38,HAP1_WT_2h_BR3,0.0009962248322147652,HAP1,WT,2h,BR3,HAP1_WT
GFP_BAR_DSBR_2,6.0,23.0,0.0,19072.0,39,HAP1_WT_2h_BR3,0.0012059563758389262,HAP1,WT,2h,BR3,HAP1_WT
GFP_BAR_DSBR_2,7.0,23.0,2.0,19072.0,40,HAP1_WT_2h_BR3,0.0012059563758389262,HAP1,WT,2h,BR3,HAP1_WT
GFP_BAR_DSBR_2,1.0,47.0,0.0,19072.0,41,HAP1_WT_2h_BR3,0.0024643456375838925,HAP1,WT,2h,BR3,HAP1_WT
GFP_BAR_DSBR_2,1.0,49.0,1.0,19072.0,42,HAP1_WT_2h_BR3,0.0025692114093959733,HAP1,WT,2h,BR3,HAP1_WT
GFP_BAR_DSBR_2,2.0,92.0,9.0,19072.0,43,HAP1_WT_2h_BR3,0.004823825503355705,HAP1,WT,2h,BR3,HAP1_WT
GFP_BAR_DSBR_2,6.0,132.0,24.0,19072.0,44,HAP1_WT_2h_BR3,0.006921140939597316,HAP1,WT,2h,BR3,HAP1_WT
GFP_BAR_DSBR_2,8.0,41.0,0.0,19072.0,45,HAP1_WT_2h_BR3,0.002149748322147651,HAP1,WT,2h,BR3,HAP1_WT
GFP_BAR_DSBR_2,3.0,26.0,0.0,19072.0,46,HAP1_WT_2h_BR3,0.001363255033557047,HAP1,WT,2h,BR3,HAP1_WT
GFP_BAR_DSBR_2,4.0,24.0,0.0,19072.0,47,HAP1_WT_2h_BR3,0.0012583892617449664,HAP1,WT,2h,BR3,HAP1_WT
GFP_BAR_DSBR_2,0.0,22.0,1.0,19072.0,48,HAP1_WT_2h_BR3,0.001153523489932886,HAP1,WT,2h,BR3,HAP1_WT
GFP_BAR_DSBR_2,10.0,6.0,0.0,19072.0,49,HAP1_WT_2h_BR3,0.0003145973154362416,HAP1,WT,2h,BR3,HAP1_WT
GFP_BAR_DSBR_2,1.0,6.0,0.0,19072.0,50,HAP1_WT_2h_BR3,0.0003145973154362416,HAP1,WT,2h,BR3,HAP1_WT
GFP_BAR_DSBR_2,2.0,6.0,0.0,19072.0,51,HAP1_WT_2h_BR3,0.0003145973154362416,HAP1,WT,2h,BR3,HAP1_WT
GFP_BAR_DSBR_2,2.0,6.0,0.0,19072.0,52,HAP1_WT_2h_BR3,0.0003145973154362416,HAP1,WT,2h,BR3,HAP1_WT
GFP_BAR_DSBR_2,3.0,6.0,0.0,19072.0,53,HAP1_WT_2h_BR3,0.0003145973154362416,HAP1,WT,2h,BR3,HAP1_WT
GFP_BAR_DSBR_2,7.0,6.0,0.0,19072.0,54,HAP1_WT_2h_BR3,0.0003145973154362416,HAP1,WT,2h,BR3,HAP1_WT
GFP_BAR_DSBR_2,2.0,6.0,0.0,19072.0,55,HAP1_WT_2h_BR3,0.0003145973154362416,HAP1,WT,2h,BR3,HAP1_WT
GFP_BAR_DSBR_2,1.0,6.0,4.0,19072.0,56,HAP1_WT_2h_BR3,0.0003145973154362416,HAP1,WT,2h,BR3,HAP1_WT
GFP_BAR_DSBR_2,2.0,4.0,0.0,19072.0,57,HAP1_WT_2h_BR3,0.00020973154362416107,HAP1,WT,2h,BR3,HAP1_WT
GFP_BAR_DSBR_2,4.0,3.0,0.0,19072.0,58,HAP1_WT_2h_BR3,0.0001572986577181208,HAP1,WT,2h,BR3,HAP1_WT
GFP_BAR_DSBR_2,7.0,3.0,0.0,19072.0,59,HAP1_WT_2h_BR3,0.0001572986577181208,HAP1,WT,2h,BR3,HAP1_WT
GFP_BAR_DSBR_2,2.0,3.0,0.0,19072.0,60,HAP1_WT_2h_BR3,0.0001572986577181208,HAP1,WT,2h,BR3,HAP1_WT
GFP_BAR_DSBR_2,3.0,3.0,0.0,19072.0,61,HAP1_WT_2h_BR3,0.0001572986577181208,HAP1,WT,2h,BR3,HAP1_WT
GFP_BAR_DSBR_2,0.0,3.0,0.0,19072.0,62,HAP1_WT_2h_BR3,0.0001572986577181208,HAP1,WT,2h,BR3,HAP1_WT
GFP_BAR_DSBR_2,3.0,3.0,0.0,19072.0,63,HAP1_WT_2h_BR3,0.0001572986577181208,HAP1,WT,2h,BR3,HAP1_WT
GFP_BAR_DSBR_2,0.0,2.0,0.0,19072.0,64,HAP1_WT_2h_BR3,0.00010486577181208053,HAP1,WT,2h,BR3,HAP1_WT
GFP_BAR_DSBR_2,1.0,3.0,0.0,19072.0,65,HAP1_WT_2h_BR3,0.0001572986577181208,HAP1,WT,2h,BR3,HAP1_WT
GFP_BAR_DSBR_2,5.0,3.0,0.0,19072.0,66,HAP1_WT_2h_BR3,0.0001572986577181208,HAP1,WT,2h,BR3,HAP1_WT
GFP_BAR_DSBR_2,0.0,0.0,0.0,19072.0,67,HAP1_WT_2h_BR3,0.0,HAP1,WT,2h,BR3,HAP1_WT
GFP_BAR_DSBR_2,0.0,0.0,0.0,19072.0,68,HAP1_WT_2h_BR3,0.0,HAP1,WT,2h,BR3,HAP1_WT
GFP_BAR_DSBR_2,0.0,0.0,0.0,19072.0,69,HAP1_WT_2h_BR3,0.0,HAP1,WT,2h,BR3,HAP1_WT
GFP_BAR_DSBR_2,0.0,0.0,0.0,19072.0,70,HAP1_WT_2h_BR3,0.0,HAP1,WT,2h,BR3,HAP1_WT
GFP_BAR_DSBR_2,0.0,0.0,0.0,19072.0,71,HAP1_WT_2h_BR3,0.0,HAP1,WT,2h,BR3,HAP1_WT
GFP_BAR_DSBR_2,0.0,0.0,7.0,19072.0,72,HAP1_WT_2h_BR3,0.0,HAP1,WT,2h,BR3,HAP1_WT
GFP_BAR_DSBR_2,2.0,0.0,1.0,19072.0,73,HAP1_WT_2h_BR3,0.0,HAP1,WT,2h,BR3,HAP1_WT
GFP_BAR_DSBR_2,36.0,12.0,4.0,19072.0,74,HAP1_WT_2h_BR3,0.0006291946308724832,HAP1,WT,2h,BR3,HAP1_WT
GFP_BAR_DSBR_2,8.0,0.0,0.0,19072.0,75,HAP1_WT_2h_BR3,0.0,HAP1,WT,2h,BR3,HAP1_WT
GFP_BAR_DSBR_2,4.0,0.0,0.0,19072.0,76,HAP1_WT_2h_BR3,0.0,HAP1,WT,2h,BR3,HAP1_WT
GFP_BAR_DSBR_2,3.0,0.0,0.0,19072.0,77,HAP1_WT_2h_BR3,0.0,HAP1,WT,2h,BR3,HAP1_WT
GFP_BAR_DSBR_2,1.0,0.0,0.0,19072.0,78,HAP1_WT_2h_BR3,0.0,HAP1,WT,2h,BR3,HAP1_WT
GFP_BAR_DSBR_2,2.0,0.0,0.0,19072.0,79,HAP1_WT_2h_BR3,0.0,HAP1,WT,2h,BR3,HAP1_WT
GFP_BAR_DSBR_2,8.0,0.0,0.0,19072.0,80,HAP1_WT_2h_BR3,0.0,HAP1,WT,2h,BR3,HAP1_WT
GFP_BAR_DSBR_2,2.0,0.0,0.0,19072.0,81,HAP1_WT_2h_BR3,0.0,HAP1,WT,2h,BR3,HAP1_WT
GFP_BAR_DSBR_2,3.0,0.0,0.0,19072.0,82,HAP1_WT_2h_BR3,0.0,HAP1,WT,2h,BR3,HAP1_WT
GFP_BAR_DSBR_2,1.0,0.0,0.0,19072.0,83,HAP1_WT_2h_BR3,0.0,HAP1,WT,2h,BR3,HAP1_WT
GFP_BAR_DSBR_2,7.0,0.0,0.0,19072.0,84,HAP1_WT_2h_BR3,0.0,HAP1,WT,2h,BR3,HAP1_WT
GFP_BAR_DSBR_2,1.0,0.0,0.0,19072.0,85,HAP1_WT_2h_BR3,0.0,HAP1,WT,2h,BR3,HAP1_WT
GFP_BAR_DSBR_2,1.0,0.0,0.0,19072.0,86,HAP1_WT_2h_BR3,0.0,HAP1,WT,2h,BR3,HAP1_WT
GFP_BAR_DSBR_2,1.0,0.0,0.0,19072.0,87,HAP1_WT_2h_BR3,0.0,HAP1,WT,2h,BR3,HAP1_WT
GFP_BAR_DSBR_2,4.0,0.0,0.0,19072.0,88,HAP1_WT_2h_BR3,0.0,HAP1,WT,2h,BR3,HAP1_WT
GFP_BAR_DSBR_2,3.0,0.0,0.0,19072.0,89,HAP1_WT_2h_BR3,0.0,HAP1,WT,2h,BR3,HAP1_WT
GFP_BAR_DSBR_2,2.0,0.0,0.0,19072.0,90,HAP1_WT_2h_BR3,0.0,HAP1,WT,2h,BR3,HAP1_WT
GFP_BAR_DSBR_2,3.0,0.0,0.0,19072.0,91,HAP1_WT_2h_BR3,0.0,HAP1,WT,2h,BR3,HAP1_WT
GFP_BAR_DSBR_2,1.0,0.0,0.0,19072.0,92,HAP1_WT_2h_BR3,0.0,HAP1,WT,2h,BR3,HAP1_WT
GFP_BAR_DSBR_2,3.0,0.0,0.0,19072.0,93,HAP1_WT_2h_BR3,0.0,HAP1,WT,2h,BR3,HAP1_WT
GFP_BAR_DSBR_2,2.0,0.0,0.0,19072.0,94,HAP1_WT_2h_BR3,0.0,HAP1,WT,2h,BR3,HAP1_WT
GFP_BAR_DSBR_2,5.0,0.0,0.0,19072.0,95,HAP1_WT_2h_BR3,0.0,HAP1,WT,2h,BR3,HAP1_WT
GFP_BAR_DSBR_2,7.0,0.0,0.0,20207.0,1,HAP1_WT_4h_BR3,0.0,HAP1,WT,4h,BR3,HAP1_WT
GFP_BAR_DSBR_2,0.0,0.0,0.0,20207.0,2,HAP1_WT_4h_BR3,0.0,HAP1,WT,4h,BR3,HAP1_WT
GFP_BAR_DSBR_2,2.0,0.0,0.0,20207.0,3,HAP1_WT_4h_BR3,0.0,HAP1,WT,4h,BR3,HAP1_WT
GFP_BAR_DSBR_2,3.0,0.0,0.0,20207.0,4,HAP1_WT_4h_BR3,0.0,HAP1,WT,4h,BR3,HAP1_WT
GFP_BAR_DSBR_2,0.0,0.0,0.0,20207.0,5,HAP1_WT_4h_BR3,0.0,HAP1,WT,4h,BR3,HAP1_WT
GFP_BAR_DSBR_2,4.0,0.0,0.0,20207.0,6,HAP1_WT_4h_BR3,0.0,HAP1,WT,4h,BR3,HAP1_WT
GFP_BAR_DSBR_2,3.0,0.0,0.0,20207.0,7,HAP1_WT_4h_BR3,0.0,HAP1,WT,4h,BR3,HAP1_WT
GFP_BAR_DSBR_2,3.0,0.0,0.0,20207.0,8,HAP1_WT_4h_BR3,0.0,HAP1,WT,4h,BR3,HAP1_WT
GFP_BAR_DSBR_2,1.0,0.0,0.0,20207.0,9,HAP1_WT_4h_BR3,0.0,HAP1,WT,4h,BR3,HAP1_WT
GFP_BAR_DSBR_2,1.0,0.0,0.0,20207.0,10,HAP1_WT_4h_BR3,0.0,HAP1,WT,4h,BR3,HAP1_WT
GFP_BAR_DSBR_2,3.0,0.0,0.0,20207.0,11,HAP1_WT_4h_BR3,0.0,HAP1,WT,4h,BR3,HAP1_WT
GFP_BAR_DSBR_2,0.0,0.0,0.0,20207.0,12,HAP1_WT_4h_BR3,0.0,HAP1,WT,4h,BR3,HAP1_WT
GFP_BAR_DSBR_2,3.0,0.0,0.0,20207.0,13,HAP1_WT_4h_BR3,0.0,HAP1,WT,4h,BR3,HAP1_WT
GFP_BAR_DSBR_2,1.0,0.0,0.0,20207.0,14,HAP1_WT_4h_BR3,0.0,HAP1,WT,4h,BR3,HAP1_WT
GFP_BAR_DSBR_2,8.0,0.0,0.0,20207.0,15,HAP1_WT_4h_BR3,0.0,HAP1,WT,4h,BR3,HAP1_WT
GFP_BAR_DSBR_2,3.0,0.0,0.0,20207.0,16,HAP1_WT_4h_BR3,0.0,HAP1,WT,4h,BR3,HAP1_WT
GFP_BAR_DSBR_2,3.0,0.0,0.0,20207.0,17,HAP1_WT_4h_BR3,0.0,HAP1,WT,4h,BR3,HAP1_WT
GFP_BAR_DSBR_2,12.0,0.0,0.0,20207.0,18,HAP1_WT_4h_BR3,0.0,HAP1,WT,4h,BR3,HAP1_WT
GFP_BAR_DSBR_2,4.0,1.0,0.0,20207.0,19,HAP1_WT_4h_BR3,4.948780125699015e-05,HAP1,WT,4h,BR3,HAP1_WT
GFP_BAR_DSBR_2,4.0,0.0,0.0,20207.0,20,HAP1_WT_4h_BR3,0.0,HAP1,WT,4h,BR3,HAP1_WT
GFP_BAR_DSBR_2,5.0,0.0,0.0,20207.0,21,HAP1_WT_4h_BR3,0.0,HAP1,WT,4h,BR3,HAP1_WT
GFP_BAR_DSBR_2,2.0,0.0,0.0,20207.0,22,HAP1_WT_4h_BR3,0.0,HAP1,WT,4h,BR3,HAP1_WT
GFP_BAR_DSBR_2,5.0,0.0,0.0,20207.0,23,HAP1_WT_4h_BR3,0.0,HAP1,WT,4h,BR3,HAP1_WT
GFP_BAR_DSBR_2,5.0,0.0,0.0,20207.0,24,HAP1_WT_4h_BR3,0.0,HAP1,WT,4h,BR3,HAP1_WT
GFP_BAR_DSBR_2,5.0,0.0,0.0,20207.0,25,HAP1_WT_4h_BR3,0.0,HAP1,WT,4h,BR3,HAP1_WT
GFP_BAR_DSBR_2,3.0,1.0,0.0,20207.0,26,HAP1_WT_4h_BR3,4.948780125699015e-05,HAP1,WT,4h,BR3,HAP1_WT
GFP_BAR_DSBR_2,2.0,2.0,0.0,20207.0,27,HAP1_WT_4h_BR3,9.89756025139803e-05,HAP1,WT,4h,BR3,HAP1_WT
GFP_BAR_DSBR_2,3.0,2.0,0.0,20207.0,28,HAP1_WT_4h_BR3,9.89756025139803e-05,HAP1,WT,4h,BR3,HAP1_WT
GFP_BAR_DSBR_2,2.0,1.0,0.0,20207.0,29,HAP1_WT_4h_BR3,4.948780125699015e-05,HAP1,WT,4h,BR3,HAP1_WT
GFP_BAR_DSBR_2,2.0,1.0,0.0,20207.0,30,HAP1_WT_4h_BR3,4.948780125699015e-05,HAP1,WT,4h,BR3,HAP1_WT
GFP_BAR_DSBR_2,4.0,7.0,0.0,20207.0,31,HAP1_WT_4h_BR3,0.00034641460879893105,HAP1,WT,4h,BR3,HAP1_WT
GFP_BAR_DSBR_2,5.0,7.0,0.0,20207.0,32,HAP1_WT_4h_BR3,0.00034641460879893105,HAP1,WT,4h,BR3,HAP1_WT
GFP_BAR_DSBR_2,8.0,16.0,0.0,20207.0,33,HAP1_WT_4h_BR3,0.0007918048201118424,HAP1,WT,4h,BR3,HAP1_WT
GFP_BAR_DSBR_2,5.0,23.0,0.0,20207.0,34,HAP1_WT_4h_BR3,0.0011382194289107734,HAP1,WT,4h,BR3,HAP1_WT
GFP_BAR_DSBR_2,9.0,86.0,0.0,20207.0,35,HAP1_WT_4h_BR3,0.004255950908101153,HAP1,WT,4h,BR3,HAP1_WT
GFP_BAR_DSBR_2,3.0,88.0,0.0,20207.0,36,HAP1_WT_4h_BR3,0.004354926510615134,HAP1,WT,4h,BR3,HAP1_WT
GFP_BAR_DSBR_2,4.0,88.0,0.0,20207.0,37,HAP1_WT_4h_BR3,0.004354926510615134,HAP1,WT,4h,BR3,HAP1_WT
GFP_BAR_DSBR_2,3.0,89.0,0.0,20207.0,38,HAP1_WT_4h_BR3,0.004404414311872123,HAP1,WT,4h,BR3,HAP1_WT
GFP_BAR_DSBR_2,5.0,92.0,0.0,20207.0,39,HAP1_WT_4h_BR3,0.004552877715643094,HAP1,WT,4h,BR3,HAP1_WT
GFP_BAR_DSBR_2,3.0,91.0,2.0,20207.0,40,HAP1_WT_4h_BR3,0.004503389914386104,HAP1,WT,4h,BR3,HAP1_WT
GFP_BAR_DSBR_2,3.0,150.0,0.0,20207.0,41,HAP1_WT_4h_BR3,0.007423170188548523,HAP1,WT,4h,BR3,HAP1_WT
GFP_BAR_DSBR_2,5.0,154.0,6.0,20207.0,42,HAP1_WT_4h_BR3,0.007621121393576484,HAP1,WT,4h,BR3,HAP1_WT
GFP_BAR_DSBR_2,5.0,242.0,16.0,20207.0,43,HAP1_WT_4h_BR3,0.011976047904191617,HAP1,WT,4h,BR3,HAP1_WT
GFP_BAR_DSBR_2,10.0,315.0,35.0,20207.0,44,HAP1_WT_4h_BR3,0.015588657395951899,HAP1,WT,4h,BR3,HAP1_WT
GFP_BAR_DSBR_2,12.0,184.0,0.0,20207.0,45,HAP1_WT_4h_BR3,0.009105755431286187,HAP1,WT,4h,BR3,HAP1_WT
GFP_BAR_DSBR_2,1.0,110.0,0.0,20207.0,46,HAP1_WT_4h_BR3,0.005443658138268917,HAP1,WT,4h,BR3,HAP1_WT
GFP_BAR_DSBR_2,2.0,94.0,0.0,20207.0,47,HAP1_WT_4h_BR3,0.0046518533181570745,HAP1,WT,4h,BR3,HAP1_WT
GFP_BAR_DSBR_2,5.0,90.0,1.0,20207.0,48,HAP1_WT_4h_BR3,0.004453902113129114,HAP1,WT,4h,BR3,HAP1_WT
GFP_BAR_DSBR_2,4.0,28.0,0.0,20207.0,49,HAP1_WT_4h_BR3,0.0013856584351957242,HAP1,WT,4h,BR3,HAP1_WT
GFP_BAR_DSBR_2,1.0,27.0,0.0,20207.0,50,HAP1_WT_4h_BR3,0.001336170633938734,HAP1,WT,4h,BR3,HAP1_WT
GFP_BAR_DSBR_2,1.0,27.0,0.0,20207.0,51,HAP1_WT_4h_BR3,0.001336170633938734,HAP1,WT,4h,BR3,HAP1_WT
GFP_BAR_DSBR_2,4.0,25.0,0.0,20207.0,52,HAP1_WT_4h_BR3,0.0012371950314247538,HAP1,WT,4h,BR3,HAP1_WT
GFP_BAR_DSBR_2,9.0,25.0,0.0,20207.0,53,HAP1_WT_4h_BR3,0.0012371950314247538,HAP1,WT,4h,BR3,HAP1_WT
GFP_BAR_DSBR_2,4.0,19.0,0.0,20207.0,54,HAP1_WT_4h_BR3,0.0009402682238828129,HAP1,WT,4h,BR3,HAP1_WT
GFP_BAR_DSBR_2,2.0,18.0,0.0,20207.0,55,HAP1_WT_4h_BR3,0.0008907804226258228,HAP1,WT,4h,BR3,HAP1_WT
GFP_BAR_DSBR_2,4.0,16.0,0.0,20207.0,56,HAP1_WT_4h_BR3,0.0007918048201118424,HAP1,WT,4h,BR3,HAP1_WT
GFP_BAR_DSBR_2,4.0,11.0,0.0,20207.0,57,HAP1_WT_4h_BR3,0.0005443658138268917,HAP1,WT,4h,BR3,HAP1_WT
GFP_BAR_DSBR_2,6.0,8.0,0.0,20207.0,58,HAP1_WT_4h_BR3,0.0003959024100559212,HAP1,WT,4h,BR3,HAP1_WT
GFP_BAR_DSBR_2,3.0,8.0,0.0,20207.0,59,HAP1_WT_4h_BR3,0.0003959024100559212,HAP1,WT,4h,BR3,HAP1_WT
GFP_BAR_DSBR_2,4.0,7.0,0.0,20207.0,60,HAP1_WT_4h_BR3,0.00034641460879893105,HAP1,WT,4h,BR3,HAP1_WT
GFP_BAR_DSBR_2,3.0,1.0,0.0,20207.0,61,HAP1_WT_4h_BR3,4.948780125699015e-05,HAP1,WT,4h,BR3,HAP1_WT
GFP_BAR_DSBR_2,2.0,2.0,0.0,20207.0,62,HAP1_WT_4h_BR3,9.89756025139803e-05,HAP1,WT,4h,BR3,HAP1_WT
GFP_BAR_DSBR_2,3.0,1.0,0.0,20207.0,63,HAP1_WT_4h_BR3,4.948780125699015e-05,HAP1,WT,4h,BR3,HAP1_WT
GFP_BAR_DSBR_2,2.0,1.0,0.0,20207.0,64,HAP1_WT_4h_BR3,4.948780125699015e-05,HAP1,WT,4h,BR3,HAP1_WT
GFP_BAR_DSBR_2,2.0,2.0,0.0,20207.0,65,HAP1_WT_4h_BR3,9.89756025139803e-05,HAP1,WT,4h,BR3,HAP1_WT
GFP_BAR_DSBR_2,5.0,2.0,0.0,20207.0,66,HAP1_WT_4h_BR3,9.89756025139803e-05,HAP1,WT,4h,BR3,HAP1_WT
GFP_BAR_DSBR_2,0.0,0.0,0.0,20207.0,67,HAP1_WT_4h_BR3,0.0,HAP1,WT,4h,BR3,HAP1_WT
GFP_BAR_DSBR_2,0.0,0.0,0.0,20207.0,68,HAP1_WT_4h_BR3,0.0,HAP1,WT,4h,BR3,HAP1_WT
GFP_BAR_DSBR_2,0.0,0.0,0.0,20207.0,69,HAP1_WT_4h_BR3,0.0,HAP1,WT,4h,BR3,HAP1_WT
GFP_BAR_DSBR_2,0.0,0.0,0.0,20207.0,70,HAP1_WT_4h_BR3,0.0,HAP1,WT,4h,BR3,HAP1_WT
GFP_BAR_DSBR_2,0.0,0.0,0.0,20207.0,71,HAP1_WT_4h_BR3,0.0,HAP1,WT,4h,BR3,HAP1_WT
GFP_BAR_DSBR_2,0.0,0.0,10.0,20207.0,72,HAP1_WT_4h_BR3,0.0,HAP1,WT,4h,BR3,HAP1_WT
GFP_BAR_DSBR_2,7.0,0.0,3.0,20207.0,73,HAP1_WT_4h_BR3,0.0,HAP1,WT,4h,BR3,HAP1_WT
GFP_BAR_DSBR_2,37.0,18.0,0.0,20207.0,74,HAP1_WT_4h_BR3,0.0008907804226258228,HAP1,WT,4h,BR3,HAP1_WT
GFP_BAR_DSBR_2,6.0,0.0,0.0,20207.0,75,HAP1_WT_4h_BR3,0.0,HAP1,WT,4h,BR3,HAP1_WT
GFP_BAR_DSBR_2,7.0,0.0,0.0,20207.0,76,HAP1_WT_4h_BR3,0.0,HAP1,WT,4h,BR3,HAP1_WT
GFP_BAR_DSBR_2,3.0,0.0,0.0,20207.0,77,HAP1_WT_4h_BR3,0.0,HAP1,WT,4h,BR3,HAP1_WT
GFP_BAR_DSBR_2,6.0,0.0,0.0,20207.0,78,HAP1_WT_4h_BR3,0.0,HAP1,WT,4h,BR3,HAP1_WT
GFP_BAR_DSBR_2,3.0,0.0,0.0,20207.0,79,HAP1_WT_4h_BR3,0.0,HAP1,WT,4h,BR3,HAP1_WT
GFP_BAR_DSBR_2,4.0,0.0,0.0,20207.0,80,HAP1_WT_4h_BR3,0.0,HAP1,WT,4h,BR3,HAP1_WT
GFP_BAR_DSBR_2,3.0,0.0,0.0,20207.0,81,HAP1_WT_4h_BR3,0.0,HAP1,WT,4h,BR3,HAP1_WT
GFP_BAR_DSBR_2,1.0,0.0,0.0,20207.0,82,HAP1_WT_4h_BR3,0.0,HAP1,WT,4h,BR3,HAP1_WT
GFP_BAR_DSBR_2,5.0,0.0,0.0,20207.0,83,HAP1_WT_4h_BR3,0.0,HAP1,WT,4h,BR3,HAP1_WT
GFP_BAR_DSBR_2,6.0,0.0,0.0,20207.0,84,HAP1_WT_4h_BR3,0.0,HAP1,WT,4h,BR3,HAP1_WT
GFP_BAR_DSBR_2,2.0,0.0,0.0,20207.0,85,HAP1_WT_4h_BR3,0.0,HAP1,WT,4h,BR3,HAP1_WT
GFP_BAR_DSBR_2,3.0,0.0,0.0,20207.0,86,HAP1_WT_4h_BR3,0.0,HAP1,WT,4h,BR3,HAP1_WT
GFP_BAR_DSBR_2,4.0,0.0,0.0,20207.0,87,HAP1_WT_4h_BR3,0.0,HAP1,WT,4h,BR3,HAP1_WT
GFP_BAR_DSBR_2,3.0,0.0,0.0,20207.0,88,HAP1_WT_4h_BR3,0.0,HAP1,WT,4h,BR3,HAP1_WT
GFP_BAR_DSBR_2,6.0,0.0,0.0,20207.0,89,HAP1_WT_4h_BR3,0.0,HAP1,WT,4h,BR3,HAP1_WT
GFP_BAR_DSBR_2,6.0,0.0,0.0,20207.0,90,HAP1_WT_4h_BR3,0.0,HAP1,WT,4h,BR3,HAP1_WT
GFP_BAR_DSBR_2,3.0,0.0,0.0,20207.0,91,HAP1_WT_4h_BR3,0.0,HAP1,WT,4h,BR3,HAP1_WT
GFP_BAR_DSBR_2,4.0,0.0,0.0,20207.0,92,HAP1_WT_4h_BR3,0.0,HAP1,WT,4h,BR3,HAP1_WT
GFP_BAR_DSBR_2,4.0,0.0,0.0,20207.0,93,HAP1_WT_4h_BR3,0.0,HAP1,WT,4h,BR3,HAP1_WT
GFP_BAR_DSBR_2,3.0,0.0,0.0,20207.0,94,HAP1_WT_4h_BR3,0.0,HAP1,WT,4h,BR3,HAP1_WT
GFP_BAR_DSBR_2,2.0,0.0,0.0,20207.0,95,HAP1_WT_4h_BR3,0.0,HAP1,WT,4h,BR3,HAP1_WT
GFP_BAR_DSBR_2,2.0,0.0,0.0,11692.0,1,HAP1_WT_24h_BR3,0.0,HAP1,WT,24h,BR3,HAP1_WT
GFP_BAR_DSBR_2,0.0,0.0,0.0,11692.0,2,HAP1_WT_24h_BR3,0.0,HAP1,WT,24h,BR3,HAP1_WT
GFP_BAR_DSBR_2,2.0,0.0,0.0,11692.0,3,HAP1_WT_24h_BR3,0.0,HAP1,WT,24h,BR3,HAP1_WT
GFP_BAR_DSBR_2,2.0,0.0,0.0,11692.0,4,HAP1_WT_24h_BR3,0.0,HAP1,WT,24h,BR3,HAP1_WT
GFP_BAR_DSBR_2,0.0,0.0,0.0,11692.0,5,HAP1_WT_24h_BR3,0.0,HAP1,WT,24h,BR3,HAP1_WT
GFP_BAR_DSBR_2,0.0,0.0,0.0,11692.0,6,HAP1_WT_24h_BR3,0.0,HAP1,WT,24h,BR3,HAP1_WT
GFP_BAR_DSBR_2,2.0,0.0,0.0,11692.0,7,HAP1_WT_24h_BR3,0.0,HAP1,WT,24h,BR3,HAP1_WT
GFP_BAR_DSBR_2,1.0,0.0,0.0,11692.0,8,HAP1_WT_24h_BR3,0.0,HAP1,WT,24h,BR3,HAP1_WT
GFP_BAR_DSBR_2,0.0,0.0,0.0,11692.0,9,HAP1_WT_24h_BR3,0.0,HAP1,WT,24h,BR3,HAP1_WT
GFP_BAR_DSBR_2,1.0,0.0,0.0,11692.0,10,HAP1_WT_24h_BR3,0.0,HAP1,WT,24h,BR3,HAP1_WT
GFP_BAR_DSBR_2,1.0,0.0,0.0,11692.0,11,HAP1_WT_24h_BR3,0.0,HAP1,WT,24h,BR3,HAP1_WT
GFP_BAR_DSBR_2,1.0,0.0,0.0,11692.0,12,HAP1_WT_24h_BR3,0.0,HAP1,WT,24h,BR3,HAP1_WT
GFP_BAR_DSBR_2,0.0,0.0,0.0,11692.0,13,HAP1_WT_24h_BR3,0.0,HAP1,WT,24h,BR3,HAP1_WT
GFP_BAR_DSBR_2,0.0,0.0,0.0,11692.0,14,HAP1_WT_24h_BR3,0.0,HAP1,WT,24h,BR3,HAP1_WT
GFP_BAR_DSBR_2,2.0,0.0,0.0,11692.0,15,HAP1_WT_24h_BR3,0.0,HAP1,WT,24h,BR3,HAP1_WT
GFP_BAR_DSBR_2,0.0,2.0,0.0,11692.0,16,HAP1_WT_24h_BR3,0.00017105713308244953,HAP1,WT,24h,BR3,HAP1_WT
GFP_BAR_DSBR_2,2.0,3.0,0.0,11692.0,17,HAP1_WT_24h_BR3,0.0002565856996236743,HAP1,WT,24h,BR3,HAP1_WT
GFP_BAR_DSBR_2,5.0,4.0,0.0,11692.0,18,HAP1_WT_24h_BR3,0.00034211426616489907,HAP1,WT,24h,BR3,HAP1_WT
GFP_BAR_DSBR_2,4.0,4.0,0.0,11692.0,19,HAP1_WT_24h_BR3,0.00034211426616489907,HAP1,WT,24h,BR3,HAP1_WT
GFP_BAR_DSBR_2,2.0,13.0,0.0,11692.0,20,HAP1_WT_24h_BR3,0.001111871365035922,HAP1,WT,24h,BR3,HAP1_WT
GFP_BAR_DSBR_2,1.0,16.0,0.0,11692.0,21,HAP1_WT_24h_BR3,0.0013684570646595963,HAP1,WT,24h,BR3,HAP1_WT
GFP_BAR_DSBR_2,1.0,22.0,0.0,11692.0,22,HAP1_WT_24h_BR3,0.001881628463906945,HAP1,WT,24h,BR3,HAP1_WT
GFP_BAR_DSBR_2,0.0,26.0,0.0,11692.0,23,HAP1_WT_24h_BR3,0.002223742730071844,HAP1,WT,24h,BR3,HAP1_WT
GFP_BAR_DSBR_2,1.0,28.0,0.0,11692.0,24,HAP1_WT_24h_BR3,0.0023947998631542937,HAP1,WT,24h,BR3,HAP1_WT
GFP_BAR_DSBR_2,1.0,29.0,0.0,11692.0,25,HAP1_WT_24h_BR3,0.0024803284296955183,HAP1,WT,24h,BR3,HAP1_WT
GFP_BAR_DSBR_2,7.0,32.0,0.0,11692.0,26,HAP1_WT_24h_BR3,0.0027369141293191925,HAP1,WT,24h,BR3,HAP1_WT
GFP_BAR_DSBR_2,4.0,34.0,0.0,11692.0,27,HAP1_WT_24h_BR3,0.002907971262401642,HAP1,WT,24h,BR3,HAP1_WT
GFP_BAR_DSBR_2,5.0,39.0,0.0,11692.0,28,HAP1_WT_24h_BR3,0.003335614095107766,HAP1,WT,24h,BR3,HAP1_WT
GFP_BAR_DSBR_2,1.0,46.0,0.0,11692.0,29,HAP1_WT_24h_BR3,0.00393431406089634,HAP1,WT,24h,BR3,HAP1_WT
GFP_BAR_DSBR_2,4.0,53.0,0.0,11692.0,30,HAP1_WT_24h_BR3,0.004533014026684913,HAP1,WT,24h,BR3,HAP1_WT
GFP_BAR_DSBR_2,2.0,73.0,0.0,11692.0,31,HAP1_WT_24h_BR3,0.006243585357509408,HAP1,WT,24h,BR3,HAP1_WT
GFP_BAR_DSBR_2,1.0,76.0,0.0,11692.0,32,HAP1_WT_24h_BR3,0.006500171057133082,HAP1,WT,24h,BR3,HAP1_WT
GFP_BAR_DSBR_2,2.0,86.0,0.0,11692.0,33,HAP1_WT_24h_BR3,0.00735545672254533,HAP1,WT,24h,BR3,HAP1_WT
GFP_BAR_DSBR_2,0.0,124.0,0.0,11692.0,34,HAP1_WT_24h_BR3,0.010605542251111872,HAP1,WT,24h,BR3,HAP1_WT
GFP_BAR_DSBR_2,5.0,230.0,0.0,11692.0,35,HAP1_WT_24h_BR3,0.019671570304481696,HAP1,WT,24h,BR3,HAP1_WT
GFP_BAR_DSBR_2,0.0,233.0,0.0,11692.0,36,HAP1_WT_24h_BR3,0.01992815600410537,HAP1,WT,24h,BR3,HAP1_WT
GFP_BAR_DSBR_2,1.0,234.0,0.0,11692.0,37,HAP1_WT_24h_BR3,0.020013684570646596,HAP1,WT,24h,BR3,HAP1_WT
GFP_BAR_DSBR_2,1.0,259.0,0.0,11692.0,38,HAP1_WT_24h_BR3,0.022151898734177215,HAP1,WT,24h,BR3,HAP1_WT
GFP_BAR_DSBR_2,3.0,322.0,0.0,11692.0,39,HAP1_WT_24h_BR3,0.027540198426274375,HAP1,WT,24h,BR3,HAP1_WT
GFP_BAR_DSBR_2,1.0,392.0,0.0,11692.0,40,HAP1_WT_24h_BR3,0.03352719808416011,HAP1,WT,24h,BR3,HAP1_WT
GFP_BAR_DSBR_2,3.0,782.0,0.0,11692.0,41,HAP1_WT_24h_BR3,0.06688333903523777,HAP1,WT,24h,BR3,HAP1_WT
GFP_BAR_DSBR_2,2.0,978.0,4.0,11692.0,42,HAP1_WT_24h_BR3,0.08364693807731782,HAP1,WT,24h,BR3,HAP1_WT
GFP_BAR_DSBR_2,1.0,1298.0,7.0,11692.0,43,HAP1_WT_24h_BR3,0.11101607937050975,HAP1,WT,24h,BR3,HAP1_WT
GFP_BAR_DSBR_2,12.0,1448.0,26.0,11692.0,44,HAP1_WT_24h_BR3,0.12384536435169347,HAP1,WT,24h,BR3,HAP1_WT
GFP_BAR_DSBR_2,8.0,1044.0,0.0,11692.0,45,HAP1_WT_24h_BR3,0.08929182346903866,HAP1,WT,24h,BR3,HAP1_WT
GFP_BAR_DSBR_2,3.0,660.0,0.0,11692.0,46,HAP1_WT_24h_BR3,0.056448853917208344,HAP1,WT,24h,BR3,HAP1_WT
GFP_BAR_DSBR_2,0.0,504.0,0.0,11692.0,47,HAP1_WT_24h_BR3,0.04310639753677729,HAP1,WT,24h,BR3,HAP1_WT
GFP_BAR_DSBR_2,1.0,468.0,1.0,11692.0,48,HAP1_WT_24h_BR3,0.04002736914129319,HAP1,WT,24h,BR3,HAP1_WT
GFP_BAR_DSBR_2,2.0,344.0,0.0,11692.0,49,HAP1_WT_24h_BR3,0.02942182689018132,HAP1,WT,24h,BR3,HAP1_WT
GFP_BAR_DSBR_2,3.0,286.0,0.0,11692.0,50,HAP1_WT_24h_BR3,0.024461170030790284,HAP1,WT,24h,BR3,HAP1_WT
GFP_BAR_DSBR_2,3.0,258.0,0.0,11692.0,51,HAP1_WT_24h_BR3,0.02206637016763599,HAP1,WT,24h,BR3,HAP1_WT
GFP_BAR_DSBR_2,0.0,185.0,0.0,11692.0,52,HAP1_WT_24h_BR3,0.015822784810126583,HAP1,WT,24h,BR3,HAP1_WT
GFP_BAR_DSBR_2,3.0,157.0,0.0,11692.0,53,HAP1_WT_24h_BR3,0.01342798494697229,HAP1,WT,24h,BR3,HAP1_WT
GFP_BAR_DSBR_2,2.0,137.0,0.0,11692.0,54,HAP1_WT_24h_BR3,0.011717413616147794,HAP1,WT,24h,BR3,HAP1_WT
GFP_BAR_DSBR_2,1.0,128.0,0.0,11692.0,55,HAP1_WT_24h_BR3,0.01094765651727677,HAP1,WT,24h,BR3,HAP1_WT
GFP_BAR_DSBR_2,0.0,99.0,0.0,11692.0,56,HAP1_WT_24h_BR3,0.008467328087581253,HAP1,WT,24h,BR3,HAP1_WT
GFP_BAR_DSBR_2,2.0,83.0,0.0,11692.0,57,HAP1_WT_24h_BR3,0.0070988710229216555,HAP1,WT,24h,BR3,HAP1_WT
GFP_BAR_DSBR_2,3.0,67.0,0.0,11692.0,58,HAP1_WT_24h_BR3,0.005730413958262059,HAP1,WT,24h,BR3,HAP1_WT
GFP_BAR_DSBR_2,3.0,58.0,0.0,11692.0,59,HAP1_WT_24h_BR3,0.0049606568593910366,HAP1,WT,24h,BR3,HAP1_WT
GFP_BAR_DSBR_2,6.0,39.0,0.0,11692.0,60,HAP1_WT_24h_BR3,0.003335614095107766,HAP1,WT,24h,BR3,HAP1_WT
GFP_BAR_DSBR_2,4.0,30.0,0.0,11692.0,61,HAP1_WT_24h_BR3,0.002565856996236743,HAP1,WT,24h,BR3,HAP1_WT
GFP_BAR_DSBR_2,3.0,24.0,0.0,11692.0,62,HAP1_WT_24h_BR3,0.0020526855969893944,HAP1,WT,24h,BR3,HAP1_WT
GFP_BAR_DSBR_2,1.0,16.0,0.0,11692.0,63,HAP1_WT_24h_BR3,0.0013684570646595963,HAP1,WT,24h,BR3,HAP1_WT
GFP_BAR_DSBR_2,1.0,13.0,0.0,11692.0,64,HAP1_WT_24h_BR3,0.001111871365035922,HAP1,WT,24h,BR3,HAP1_WT
GFP_BAR_DSBR_2,1.0,7.0,0.0,11692.0,65,HAP1_WT_24h_BR3,0.0005986999657885734,HAP1,WT,24h,BR3,HAP1_WT
GFP_BAR_DSBR_2,2.0,3.0,0.0,11692.0,66,HAP1_WT_24h_BR3,0.0002565856996236743,HAP1,WT,24h,BR3,HAP1_WT
GFP_BAR_DSBR_2,0.0,0.0,0.0,11692.0,67,HAP1_WT_24h_BR3,0.0,HAP1,WT,24h,BR3,HAP1_WT
GFP_BAR_DSBR_2,0.0,0.0,0.0,11692.0,68,HAP1_WT_24h_BR3,0.0,HAP1,WT,24h,BR3,HAP1_WT
GFP_BAR_DSBR_2,0.0,0.0,0.0,11692.0,69,HAP1_WT_24h_BR3,0.0,HAP1,WT,24h,BR3,HAP1_WT
GFP_BAR_DSBR_2,0.0,0.0,0.0,11692.0,70,HAP1_WT_24h_BR3,0.0,HAP1,WT,24h,BR3,HAP1_WT
GFP_BAR_DSBR_2,0.0,0.0,0.0,11692.0,71,HAP1_WT_24h_BR3,0.0,HAP1,WT,24h,BR3,HAP1_WT
GFP_BAR_DSBR_2,0.0,0.0,7.0,11692.0,72,HAP1_WT_24h_BR3,0.0,HAP1,WT,24h,BR3,HAP1_WT
GFP_BAR_DSBR_2,0.0,0.0,0.0,11692.0,73,HAP1_WT_24h_BR3,0.0,HAP1,WT,24h,BR3,HAP1_WT
GFP_BAR_DSBR_2,23.0,10.0,3.0,11692.0,74,HAP1_WT_24h_BR3,0.0008552856654122477,HAP1,WT,24h,BR3,HAP1_WT
GFP_BAR_DSBR_2,4.0,0.0,0.0,11692.0,75,HAP1_WT_24h_BR3,0.0,HAP1,WT,24h,BR3,HAP1_WT
GFP_BAR_DSBR_2,1.0,0.0,0.0,11692.0,76,HAP1_WT_24h_BR3,0.0,HAP1,WT,24h,BR3,HAP1_WT
GFP_BAR_DSBR_2,2.0,0.0,0.0,11692.0,77,HAP1_WT_24h_BR3,0.0,HAP1,WT,24h,BR3,HAP1_WT
GFP_BAR_DSBR_2,3.0,0.0,0.0,11692.0,78,HAP1_WT_24h_BR3,0.0,HAP1,WT,24h,BR3,HAP1_WT
GFP_BAR_DSBR_2,1.0,0.0,0.0,11692.0,79,HAP1_WT_24h_BR3,0.0,HAP1,WT,24h,BR3,HAP1_WT
GFP_BAR_DSBR_2,2.0,0.0,0.0,11692.0,80,HAP1_WT_24h_BR3,0.0,HAP1,WT,24h,BR3,HAP1_WT
GFP_BAR_DSBR_2,2.0,0.0,0.0,11692.0,81,HAP1_WT_24h_BR3,0.0,HAP1,WT,24h,BR3,HAP1_WT
GFP_BAR_DSBR_2,2.0,0.0,0.0,11692.0,82,HAP1_WT_24h_BR3,0.0,HAP1,WT,24h,BR3,HAP1_WT
GFP_BAR_DSBR_2,3.0,0.0,0.0,11692.0,83,HAP1_WT_24h_BR3,0.0,HAP1,WT,24h,BR3,HAP1_WT
GFP_BAR_DSBR_2,1.0,0.0,0.0,11692.0,84,HAP1_WT_24h_BR3,0.0,HAP1,WT,24h,BR3,HAP1_WT
GFP_BAR_DSBR_2,1.0,0.0,0.0,11692.0,85,HAP1_WT_24h_BR3,0.0,HAP1,WT,24h,BR3,HAP1_WT
GFP_BAR_DSBR_2,0.0,0.0,0.0,11692.0,86,HAP1_WT_24h_BR3,0.0,HAP1,WT,24h,BR3,HAP1_WT
GFP_BAR_DSBR_2,2.0,0.0,0.0,11692.0,87,HAP1_WT_24h_BR3,0.0,HAP1,WT,24h,BR3,HAP1_WT
GFP_BAR_DSBR_2,0.0,0.0,0.0,11692.0,88,HAP1_WT_24h_BR3,0.0,HAP1,WT,24h,BR3,HAP1_WT
GFP_BAR_DSBR_2,1.0,0.0,0.0,11692.0,89,HAP1_WT_24h_BR3,0.0,HAP1,WT,24h,BR3,HAP1_WT
GFP_BAR_DSBR_2,3.0,0.0,0.0,11692.0,90,HAP1_WT_24h_BR3,0.0,HAP1,WT,24h,BR3,HAP1_WT
GFP_BAR_DSBR_2,2.0,0.0,0.0,11692.0,91,HAP1_WT_24h_BR3,0.0,HAP1,WT,24h,BR3,HAP1_WT
GFP_BAR_DSBR_2,0.0,0.0,0.0,11692.0,92,HAP1_WT_24h_BR3,0.0,HAP1,WT,24h,BR3,HAP1_WT
GFP_BAR_DSBR_2,1.0,0.0,0.0,11692.0,93,HAP1_WT_24h_BR3,0.0,HAP1,WT,24h,BR3,HAP1_WT
GFP_BAR_DSBR_2,3.0,0.0,0.0,11692.0,94,HAP1_WT_24h_BR3,0.0,HAP1,WT,24h,BR3,HAP1_WT
GFP_BAR_DSBR_2,0.0,0.0,0.0,11692.0,95,HAP1_WT_24h_BR3,0.0,HAP1,WT,24h,BR3,HAP1_WT
GFP_BAR_DSBR_2,0.0,0.0,0.0,4624.0,1,TK6_WT_1h_BR2,0.0,TK6,WT,1h,BR2,TK6_WT
GFP_BAR_DSBR_2,0.0,0.0,0.0,4624.0,2,TK6_WT_1h_BR2,0.0,TK6,WT,1h,BR2,TK6_WT
GFP_BAR_DSBR_2,0.0,0.0,0.0,4624.0,3,TK6_WT_1h_BR2,0.0,TK6,WT,1h,BR2,TK6_WT
GFP_BAR_DSBR_2,0.0,0.0,0.0,4624.0,4,TK6_WT_1h_BR2,0.0,TK6,WT,1h,BR2,TK6_WT
GFP_BAR_DSBR_2,0.0,0.0,0.0,4624.0,5,TK6_WT_1h_BR2,0.0,TK6,WT,1h,BR2,TK6_WT
GFP_BAR_DSBR_2,0.0,0.0,0.0,4624.0,6,TK6_WT_1h_BR2,0.0,TK6,WT,1h,BR2,TK6_WT
GFP_BAR_DSBR_2,1.0,0.0,0.0,4624.0,7,TK6_WT_1h_BR2,0.0,TK6,WT,1h,BR2,TK6_WT
GFP_BAR_DSBR_2,1.0,0.0,0.0,4624.0,8,TK6_WT_1h_BR2,0.0,TK6,WT,1h,BR2,TK6_WT
GFP_BAR_DSBR_2,0.0,0.0,0.0,4624.0,9,TK6_WT_1h_BR2,0.0,TK6,WT,1h,BR2,TK6_WT
GFP_BAR_DSBR_2,0.0,0.0,0.0,4624.0,10,TK6_WT_1h_BR2,0.0,TK6,WT,1h,BR2,TK6_WT
GFP_BAR_DSBR_2,0.0,0.0,0.0,4624.0,11,TK6_WT_1h_BR2,0.0,TK6,WT,1h,BR2,TK6_WT
GFP_BAR_DSBR_2,0.0,0.0,0.0,4624.0,12,TK6_WT_1h_BR2,0.0,TK6,WT,1h,BR2,TK6_WT
GFP_BAR_DSBR_2,0.0,0.0,0.0,4624.0,13,TK6_WT_1h_BR2,0.0,TK6,WT,1h,BR2,TK6_WT
GFP_BAR_DSBR_2,0.0,0.0,0.0,4624.0,14,TK6_WT_1h_BR2,0.0,TK6,WT,1h,BR2,TK6_WT
GFP_BAR_DSBR_2,1.0,0.0,0.0,4624.0,15,TK6_WT_1h_BR2,0.0,TK6,WT,1h,BR2,TK6_WT
GFP_BAR_DSBR_2,0.0,4.0,0.0,4624.0,16,TK6_WT_1h_BR2,0.0008650519031141869,TK6,WT,1h,BR2,TK6_WT
GFP_BAR_DSBR_2,0.0,4.0,0.0,4624.0,17,TK6_WT_1h_BR2,0.0008650519031141869,TK6,WT,1h,BR2,TK6_WT
GFP_BAR_DSBR_2,0.0,4.0,0.0,4624.0,18,TK6_WT_1h_BR2,0.0008650519031141869,TK6,WT,1h,BR2,TK6_WT
GFP_BAR_DSBR_2,3.0,4.0,0.0,4624.0,19,TK6_WT_1h_BR2,0.0008650519031141869,TK6,WT,1h,BR2,TK6_WT
GFP_BAR_DSBR_2,1.0,5.0,0.0,4624.0,20,TK6_WT_1h_BR2,0.0010813148788927337,TK6,WT,1h,BR2,TK6_WT
GFP_BAR_DSBR_2,2.0,5.0,0.0,4624.0,21,TK6_WT_1h_BR2,0.0010813148788927337,TK6,WT,1h,BR2,TK6_WT
GFP_BAR_DSBR_2,0.0,8.0,0.0,4624.0,22,TK6_WT_1h_BR2,0.0017301038062283738,TK6,WT,1h,BR2,TK6_WT
GFP_BAR_DSBR_2,2.0,8.0,0.0,4624.0,23,TK6_WT_1h_BR2,0.0017301038062283738,TK6,WT,1h,BR2,TK6_WT
GFP_BAR_DSBR_2,1.0,9.0,0.0,4624.0,24,TK6_WT_1h_BR2,0.0019463667820069203,TK6,WT,1h,BR2,TK6_WT
GFP_BAR_DSBR_2,0.0,10.0,0.0,4624.0,25,TK6_WT_1h_BR2,0.0021626297577854673,TK6,WT,1h,BR2,TK6_WT
GFP_BAR_DSBR_2,0.0,11.0,0.0,4624.0,26,TK6_WT_1h_BR2,0.002378892733564014,TK6,WT,1h,BR2,TK6_WT
GFP_BAR_DSBR_2,0.0,11.0,0.0,4624.0,27,TK6_WT_1h_BR2,0.002378892733564014,TK6,WT,1h,BR2,TK6_WT
GFP_BAR_DSBR_2,1.0,11.0,0.0,4624.0,28,TK6_WT_1h_BR2,0.002378892733564014,TK6,WT,1h,BR2,TK6_WT
GFP_BAR_DSBR_2,0.0,11.0,0.0,4624.0,29,TK6_WT_1h_BR2,0.002378892733564014,TK6,WT,1h,BR2,TK6_WT
GFP_BAR_DSBR_2,2.0,12.0,0.0,4624.0,30,TK6_WT_1h_BR2,0.0025951557093425604,TK6,WT,1h,BR2,TK6_WT
GFP_BAR_DSBR_2,1.0,13.0,0.0,4624.0,31,TK6_WT_1h_BR2,0.0028114186851211074,TK6,WT,1h,BR2,TK6_WT
GFP_BAR_DSBR_2,1.0,13.0,0.0,4624.0,32,TK6_WT_1h_BR2,0.0028114186851211074,TK6,WT,1h,BR2,TK6_WT
GFP_BAR_DSBR_2,1.0,14.0,0.0,4624.0,33,TK6_WT_1h_BR2,0.003027681660899654,TK6,WT,1h,BR2,TK6_WT
GFP_BAR_DSBR_2,0.0,16.0,0.0,4624.0,34,TK6_WT_1h_BR2,0.0034602076124567475,TK6,WT,1h,BR2,TK6_WT
GFP_BAR_DSBR_2,1.0,22.0,0.0,4624.0,35,TK6_WT_1h_BR2,0.004757785467128028,TK6,WT,1h,BR2,TK6_WT
GFP_BAR_DSBR_2,0.0,22.0,0.0,4624.0,36,TK6_WT_1h_BR2,0.004757785467128028,TK6,WT,1h,BR2,TK6_WT
GFP_BAR_DSBR_2,1.0,22.0,0.0,4624.0,37,TK6_WT_1h_BR2,0.004757785467128028,TK6,WT,1h,BR2,TK6_WT
GFP_BAR_DSBR_2,0.0,22.0,0.0,4624.0,38,TK6_WT_1h_BR2,0.004757785467128028,TK6,WT,1h,BR2,TK6_WT
GFP_BAR_DSBR_2,1.0,22.0,0.0,4624.0,39,TK6_WT_1h_BR2,0.004757785467128028,TK6,WT,1h,BR2,TK6_WT
GFP_BAR_DSBR_2,0.0,22.0,0.0,4624.0,40,TK6_WT_1h_BR2,0.004757785467128028,TK6,WT,1h,BR2,TK6_WT
GFP_BAR_DSBR_2,1.0,37.0,0.0,4624.0,41,TK6_WT_1h_BR2,0.008001730103806228,TK6,WT,1h,BR2,TK6_WT
GFP_BAR_DSBR_2,0.0,37.0,0.0,4624.0,42,TK6_WT_1h_BR2,0.008001730103806228,TK6,WT,1h,BR2,TK6_WT
GFP_BAR_DSBR_2,0.0,61.0,1.0,4624.0,43,TK6_WT_1h_BR2,0.013192041522491349,TK6,WT,1h,BR2,TK6_WT
GFP_BAR_DSBR_2,1.0,58.0,4.0,4624.0,44,TK6_WT_1h_BR2,0.012543252595155709,TK6,WT,1h,BR2,TK6_WT
GFP_BAR_DSBR_2,0.0,30.0,0.0,4624.0,45,TK6_WT_1h_BR2,0.006487889273356401,TK6,WT,1h,BR2,TK6_WT
GFP_BAR_DSBR_2,0.0,29.0,0.0,4624.0,46,TK6_WT_1h_BR2,0.0062716262975778545,TK6,WT,1h,BR2,TK6_WT
GFP_BAR_DSBR_2,1.0,21.0,0.0,4624.0,47,TK6_WT_1h_BR2,0.004541522491349481,TK6,WT,1h,BR2,TK6_WT
GFP_BAR_DSBR_2,2.0,9.0,1.0,4624.0,48,TK6_WT_1h_BR2,0.0019463667820069203,TK6,WT,1h,BR2,TK6_WT
GFP_BAR_DSBR_2,3.0,8.0,0.0,4624.0,49,TK6_WT_1h_BR2,0.0017301038062283738,TK6,WT,1h,BR2,TK6_WT
GFP_BAR_DSBR_2,0.0,7.0,0.0,4624.0,50,TK6_WT_1h_BR2,0.001513840830449827,TK6,WT,1h,BR2,TK6_WT
GFP_BAR_DSBR_2,0.0,6.0,0.0,4624.0,51,TK6_WT_1h_BR2,0.0012975778546712802,TK6,WT,1h,BR2,TK6_WT
GFP_BAR_DSBR_2,2.0,5.0,0.0,4624.0,52,TK6_WT_1h_BR2,0.0010813148788927337,TK6,WT,1h,BR2,TK6_WT
GFP_BAR_DSBR_2,3.0,6.0,0.0,4624.0,53,TK6_WT_1h_BR2,0.0012975778546712802,TK6,WT,1h,BR2,TK6_WT
GFP_BAR_DSBR_2,0.0,5.0,0.0,4624.0,54,TK6_WT_1h_BR2,0.0010813148788927337,TK6,WT,1h,BR2,TK6_WT
GFP_BAR_DSBR_2,0.0,5.0,0.0,4624.0,55,TK6_WT_1h_BR2,0.0010813148788927337,TK6,WT,1h,BR2,TK6_WT
GFP_BAR_DSBR_2,0.0,4.0,0.0,4624.0,56,TK6_WT_1h_BR2,0.0008650519031141869,TK6,WT,1h,BR2,TK6_WT
GFP_BAR_DSBR_2,0.0,4.0,0.0,4624.0,57,TK6_WT_1h_BR2,0.0008650519031141869,TK6,WT,1h,BR2,TK6_WT
GFP_BAR_DSBR_2,1.0,4.0,0.0,4624.0,58,TK6_WT_1h_BR2,0.0008650519031141869,TK6,WT,1h,BR2,TK6_WT
GFP_BAR_DSBR_2,0.0,4.0,0.0,4624.0,59,TK6_WT_1h_BR2,0.0008650519031141869,TK6,WT,1h,BR2,TK6_WT
GFP_BAR_DSBR_2,0.0,3.0,0.0,4624.0,60,TK6_WT_1h_BR2,0.0006487889273356401,TK6,WT,1h,BR2,TK6_WT
GFP_BAR_DSBR_2,1.0,3.0,0.0,4624.0,61,TK6_WT_1h_BR2,0.0006487889273356401,TK6,WT,1h,BR2,TK6_WT
GFP_BAR_DSBR_2,0.0,3.0,0.0,4624.0,62,TK6_WT_1h_BR2,0.0006487889273356401,TK6,WT,1h,BR2,TK6_WT
GFP_BAR_DSBR_2,0.0,0.0,0.0,4624.0,63,TK6_WT_1h_BR2,0.0,TK6,WT,1h,BR2,TK6_WT
GFP_BAR_DSBR_2,0.0,0.0,0.0,4624.0,64,TK6_WT_1h_BR2,0.0,TK6,WT,1h,BR2,TK6_WT
GFP_BAR_DSBR_2,0.0,1.0,0.0,4624.0,65,TK6_WT_1h_BR2,0.00021626297577854672,TK6,WT,1h,BR2,TK6_WT
GFP_BAR_DSBR_2,0.0,1.0,0.0,4624.0,66,TK6_WT_1h_BR2,0.00021626297577854672,TK6,WT,1h,BR2,TK6_WT
GFP_BAR_DSBR_2,0.0,0.0,0.0,4624.0,67,TK6_WT_1h_BR2,0.0,TK6,WT,1h,BR2,TK6_WT
GFP_BAR_DSBR_2,0.0,0.0,0.0,4624.0,68,TK6_WT_1h_BR2,0.0,TK6,WT,1h,BR2,TK6_WT
GFP_BAR_DSBR_2,0.0,0.0,0.0,4624.0,69,TK6_WT_1h_BR2,0.0,TK6,WT,1h,BR2,TK6_WT
GFP_BAR_DSBR_2,0.0,0.0,0.0,4624.0,70,TK6_WT_1h_BR2,0.0,TK6,WT,1h,BR2,TK6_WT
GFP_BAR_DSBR_2,0.0,0.0,0.0,4624.0,71,TK6_WT_1h_BR2,0.0,TK6,WT,1h,BR2,TK6_WT
GFP_BAR_DSBR_2,0.0,0.0,5.0,4624.0,72,TK6_WT_1h_BR2,0.0,TK6,WT,1h,BR2,TK6_WT
GFP_BAR_DSBR_2,0.0,0.0,0.0,4624.0,73,TK6_WT_1h_BR2,0.0,TK6,WT,1h,BR2,TK6_WT
GFP_BAR_DSBR_2,4.0,3.0,0.0,4624.0,74,TK6_WT_1h_BR2,0.0006487889273356401,TK6,WT,1h,BR2,TK6_WT
GFP_BAR_DSBR_2,2.0,0.0,0.0,4624.0,75,TK6_WT_1h_BR2,0.0,TK6,WT,1h,BR2,TK6_WT
GFP_BAR_DSBR_2,0.0,0.0,0.0,4624.0,76,TK6_WT_1h_BR2,0.0,TK6,WT,1h,BR2,TK6_WT
GFP_BAR_DSBR_2,0.0,0.0,0.0,4624.0,77,TK6_WT_1h_BR2,0.0,TK6,WT,1h,BR2,TK6_WT
GFP_BAR_DSBR_2,1.0,0.0,0.0,4624.0,78,TK6_WT_1h_BR2,0.0,TK6,WT,1h,BR2,TK6_WT
GFP_BAR_DSBR_2,0.0,0.0,0.0,4624.0,79,TK6_WT_1h_BR2,0.0,TK6,WT,1h,BR2,TK6_WT
GFP_BAR_DSBR_2,1.0,0.0,0.0,4624.0,80,TK6_WT_1h_BR2,0.0,TK6,WT,1h,BR2,TK6_WT
GFP_BAR_DSBR_2,1.0,0.0,0.0,4624.0,81,TK6_WT_1h_BR2,0.0,TK6,WT,1h,BR2,TK6_WT
GFP_BAR_DSBR_2,0.0,0.0,0.0,4624.0,82,TK6_WT_1h_BR2,0.0,TK6,WT,1h,BR2,TK6_WT
GFP_BAR_DSBR_2,0.0,0.0,0.0,4624.0,83,TK6_WT_1h_BR2,0.0,TK6,WT,1h,BR2,TK6_WT
GFP_BAR_DSBR_2,0.0,0.0,0.0,4624.0,84,TK6_WT_1h_BR2,0.0,TK6,WT,1h,BR2,TK6_WT
GFP_BAR_DSBR_2,0.0,0.0,0.0,4624.0,85,TK6_WT_1h_BR2,0.0,TK6,WT,1h,BR2,TK6_WT
GFP_BAR_DSBR_2,0.0,0.0,0.0,4624.0,86,TK6_WT_1h_BR2,0.0,TK6,WT,1h,BR2,TK6_WT
GFP_BAR_DSBR_2,0.0,0.0,0.0,4624.0,87,TK6_WT_1h_BR2,0.0,TK6,WT,1h,BR2,TK6_WT
GFP_BAR_DSBR_2,1.0,0.0,0.0,4624.0,88,TK6_WT_1h_BR2,0.0,TK6,WT,1h,BR2,TK6_WT
GFP_BAR_DSBR_2,0.0,0.0,0.0,4624.0,89,TK6_WT_1h_BR2,0.0,TK6,WT,1h,BR2,TK6_WT
GFP_BAR_DSBR_2,1.0,0.0,0.0,4624.0,90,TK6_WT_1h_BR2,0.0,TK6,WT,1h,BR2,TK6_WT
GFP_BAR_DSBR_2,0.0,0.0,0.0,4624.0,91,TK6_WT_1h_BR2,0.0,TK6,WT,1h,BR2,TK6_WT
GFP_BAR_DSBR_2,0.0,0.0,0.0,4624.0,92,TK6_WT_1h_BR2,0.0,TK6,WT,1h,BR2,TK6_WT
GFP_BAR_DSBR_2,0.0,0.0,0.0,4624.0,93,TK6_WT_1h_BR2,0.0,TK6,WT,1h,BR2,TK6_WT
GFP_BAR_DSBR_2,0.0,0.0,0.0,4624.0,94,TK6_WT_1h_BR2,0.0,TK6,WT,1h,BR2,TK6_WT
GFP_BAR_DSBR_2,0.0,0.0,0.0,4624.0,95,TK6_WT_1h_BR2,0.0,TK6,WT,1h,BR2,TK6_WT
GFP_BAR_DSBR_2,3.0,0.0,0.0,13819.0,1,TK6_WT_2h_BR2,0.0,TK6,WT,2h,BR2,TK6_WT
GFP_BAR_DSBR_2,0.0,0.0,0.0,13819.0,2,TK6_WT_2h_BR2,0.0,TK6,WT,2h,BR2,TK6_WT
GFP_BAR_DSBR_2,1.0,0.0,0.0,13819.0,3,TK6_WT_2h_BR2,0.0,TK6,WT,2h,BR2,TK6_WT
GFP_BAR_DSBR_2,1.0,0.0,0.0,13819.0,4,TK6_WT_2h_BR2,0.0,TK6,WT,2h,BR2,TK6_WT
GFP_BAR_DSBR_2,1.0,0.0,0.0,13819.0,5,TK6_WT_2h_BR2,0.0,TK6,WT,2h,BR2,TK6_WT
GFP_BAR_DSBR_2,0.0,0.0,0.0,13819.0,6,TK6_WT_2h_BR2,0.0,TK6,WT,2h,BR2,TK6_WT
GFP_BAR_DSBR_2,2.0,0.0,0.0,13819.0,7,TK6_WT_2h_BR2,0.0,TK6,WT,2h,BR2,TK6_WT
GFP_BAR_DSBR_2,1.0,0.0,0.0,13819.0,8,TK6_WT_2h_BR2,0.0,TK6,WT,2h,BR2,TK6_WT
GFP_BAR_DSBR_2,1.0,0.0,0.0,13819.0,9,TK6_WT_2h_BR2,0.0,TK6,WT,2h,BR2,TK6_WT
GFP_BAR_DSBR_2,0.0,0.0,0.0,13819.0,10,TK6_WT_2h_BR2,0.0,TK6,WT,2h,BR2,TK6_WT
GFP_BAR_DSBR_2,3.0,0.0,0.0,13819.0,11,TK6_WT_2h_BR2,0.0,TK6,WT,2h,BR2,TK6_WT
GFP_BAR_DSBR_2,1.0,0.0,0.0,13819.0,12,TK6_WT_2h_BR2,0.0,TK6,WT,2h,BR2,TK6_WT
GFP_BAR_DSBR_2,0.0,0.0,0.0,13819.0,13,TK6_WT_2h_BR2,0.0,TK6,WT,2h,BR2,TK6_WT
GFP_BAR_DSBR_2,3.0,0.0,0.0,13819.0,14,TK6_WT_2h_BR2,0.0,TK6,WT,2h,BR2,TK6_WT
GFP_BAR_DSBR_2,7.0,0.0,0.0,13819.0,15,TK6_WT_2h_BR2,0.0,TK6,WT,2h,BR2,TK6_WT
GFP_BAR_DSBR_2,1.0,4.0,0.0,13819.0,16,TK6_WT_2h_BR2,0.0002894565453361314,TK6,WT,2h,BR2,TK6_WT
GFP_BAR_DSBR_2,3.0,4.0,0.0,13819.0,17,TK6_WT_2h_BR2,0.0002894565453361314,TK6,WT,2h,BR2,TK6_WT
GFP_BAR_DSBR_2,5.0,6.0,0.0,13819.0,18,TK6_WT_2h_BR2,0.0004341848180041971,TK6,WT,2h,BR2,TK6_WT
GFP_BAR_DSBR_2,1.0,9.0,0.0,13819.0,19,TK6_WT_2h_BR2,0.0006512772270062957,TK6,WT,2h,BR2,TK6_WT
GFP_BAR_DSBR_2,1.0,17.0,0.0,13819.0,20,TK6_WT_2h_BR2,0.0012301903176785585,TK6,WT,2h,BR2,TK6_WT
GFP_BAR_DSBR_2,2.0,21.0,0.0,13819.0,21,TK6_WT_2h_BR2,0.00151964686301469,TK6,WT,2h,BR2,TK6_WT
GFP_BAR_DSBR_2,2.0,35.0,0.0,13819.0,22,TK6_WT_2h_BR2,0.0025327447716911498,TK6,WT,2h,BR2,TK6_WT
GFP_BAR_DSBR_2,4.0,42.0,0.0,13819.0,23,TK6_WT_2h_BR2,0.00303929372602938,TK6,WT,2h,BR2,TK6_WT
GFP_BAR_DSBR_2,0.0,47.0,0.0,13819.0,24,TK6_WT_2h_BR2,0.003401114407699544,TK6,WT,2h,BR2,TK6_WT
GFP_BAR_DSBR_2,2.0,47.0,0.0,13819.0,25,TK6_WT_2h_BR2,0.003401114407699544,TK6,WT,2h,BR2,TK6_WT
GFP_BAR_DSBR_2,3.0,51.0,0.0,13819.0,26,TK6_WT_2h_BR2,0.0036905709530356753,TK6,WT,2h,BR2,TK6_WT
GFP_BAR_DSBR_2,1.0,52.0,0.0,13819.0,27,TK6_WT_2h_BR2,0.0037629350893697085,TK6,WT,2h,BR2,TK6_WT
GFP_BAR_DSBR_2,1.0,58.0,0.0,13819.0,28,TK6_WT_2h_BR2,0.004197119907373905,TK6,WT,2h,BR2,TK6_WT
GFP_BAR_DSBR_2,1.0,66.0,0.0,13819.0,29,TK6_WT_2h_BR2,0.004776032998046169,TK6,WT,2h,BR2,TK6_WT
GFP_BAR_DSBR_2,3.0,69.0,0.0,13819.0,30,TK6_WT_2h_BR2,0.004993125407048267,TK6,WT,2h,BR2,TK6_WT
GFP_BAR_DSBR_2,3.0,78.0,0.0,13819.0,31,TK6_WT_2h_BR2,0.005644402634054563,TK6,WT,2h,BR2,TK6_WT
GFP_BAR_DSBR_2,2.0,79.0,0.0,13819.0,32,TK6_WT_2h_BR2,0.005716766770388596,TK6,WT,2h,BR2,TK6_WT
GFP_BAR_DSBR_2,4.0,85.0,0.0,13819.0,33,TK6_WT_2h_BR2,0.006150951588392793,TK6,WT,2h,BR2,TK6_WT
GFP_BAR_DSBR_2,1.0,110.0,1.0,13819.0,34,TK6_WT_2h_BR2,0.007960054996743614,TK6,WT,2h,BR2,TK6_WT
GFP_BAR_DSBR_2,4.0,149.0,0.0,13819.0,35,TK6_WT_2h_BR2,0.010782256313770895,TK6,WT,2h,BR2,TK6_WT
GFP_BAR_DSBR_2,2.0,149.0,0.0,13819.0,36,TK6_WT_2h_BR2,0.010782256313770895,TK6,WT,2h,BR2,TK6_WT
GFP_BAR_DSBR_2,2.0,149.0,0.0,13819.0,37,TK6_WT_2h_BR2,0.010782256313770895,TK6,WT,2h,BR2,TK6_WT
GFP_BAR_DSBR_2,2.0,157.0,0.0,13819.0,38,TK6_WT_2h_BR2,0.011361169404443159,TK6,WT,2h,BR2,TK6_WT
GFP_BAR_DSBR_2,3.0,180.0,0.0,13819.0,39,TK6_WT_2h_BR2,0.013025544540125913,TK6,WT,2h,BR2,TK6_WT
GFP_BAR_DSBR_2,4.0,187.0,1.0,13819.0,40,TK6_WT_2h_BR2,0.013532093494464143,TK6,WT,2h,BR2,TK6_WT
GFP_BAR_DSBR_2,2.0,242.0,0.0,13819.0,41,TK6_WT_2h_BR2,0.01751212099283595,TK6,WT,2h,BR2,TK6_WT
GFP_BAR_DSBR_2,3.0,243.0,0.0,13819.0,42,TK6_WT_2h_BR2,0.017584485129169984,TK6,WT,2h,BR2,TK6_WT
GFP_BAR_DSBR_2,2.0,341.0,17.0,13819.0,43,TK6_WT_2h_BR2,0.024676170489905204,TK6,WT,2h,BR2,TK6_WT
GFP_BAR_DSBR_2,3.0,348.0,24.0,13819.0,44,TK6_WT_2h_BR2,0.025182719444243433,TK6,WT,2h,BR2,TK6_WT
GFP_BAR_DSBR_2,0.0,246.0,0.0,13819.0,45,TK6_WT_2h_BR2,0.017801577538172082,TK6,WT,2h,BR2,TK6_WT
GFP_BAR_DSBR_2,2.0,217.0,0.0,13819.0,46,TK6_WT_2h_BR2,0.01570301758448513,TK6,WT,2h,BR2,TK6_WT
GFP_BAR_DSBR_2,2.0,192.0,0.0,13819.0,47,TK6_WT_2h_BR2,0.013893914176134307,TK6,WT,2h,BR2,TK6_WT
GFP_BAR_DSBR_2,0.0,133.0,0.0,13819.0,48,TK6_WT_2h_BR2,0.00962443013242637,TK6,WT,2h,BR2,TK6_WT
GFP_BAR_DSBR_2,6.0,102.0,0.0,13819.0,49,TK6_WT_2h_BR2,0.007381141906071351,TK6,WT,2h,BR2,TK6_WT
GFP_BAR_DSBR_2,3.0,89.0,0.0,13819.0,50,TK6_WT_2h_BR2,0.006440408133728924,TK6,WT,2h,BR2,TK6_WT
GFP_BAR_DSBR_2,4.0,82.0,0.0,13819.0,51,TK6_WT_2h_BR2,0.005933859179390694,TK6,WT,2h,BR2,TK6_WT
GFP_BAR_DSBR_2,3.0,81.0,0.0,13819.0,52,TK6_WT_2h_BR2,0.005861495043056661,TK6,WT,2h,BR2,TK6_WT
GFP_BAR_DSBR_2,1.0,80.0,0.0,13819.0,53,TK6_WT_2h_BR2,0.005789130906722628,TK6,WT,2h,BR2,TK6_WT
GFP_BAR_DSBR_2,0.0,74.0,0.0,13819.0,54,TK6_WT_2h_BR2,0.005354946088718431,TK6,WT,2h,BR2,TK6_WT
GFP_BAR_DSBR_2,1.0,63.0,0.0,13819.0,55,TK6_WT_2h_BR2,0.00455894058904407,TK6,WT,2h,BR2,TK6_WT
GFP_BAR_DSBR_2,2.0,49.0,0.0,13819.0,56,TK6_WT_2h_BR2,0.00354584268036761,TK6,WT,2h,BR2,TK6_WT
GFP_BAR_DSBR_2,3.0,39.0,0.0,13819.0,57,TK6_WT_2h_BR2,0.0028222013170272815,TK6,WT,2h,BR2,TK6_WT
GFP_BAR_DSBR_2,7.0,29.0,0.0,13819.0,58,TK6_WT_2h_BR2,0.0020985599536869526,TK6,WT,2h,BR2,TK6_WT
GFP_BAR_DSBR_2,4.0,28.0,0.0,13819.0,59,TK6_WT_2h_BR2,0.00202619581735292,TK6,WT,2h,BR2,TK6_WT
GFP_BAR_DSBR_2,2.0,25.0,0.0,13819.0,60,TK6_WT_2h_BR2,0.0018091034083508213,TK6,WT,2h,BR2,TK6_WT
GFP_BAR_DSBR_2,2.0,18.0,0.0,13819.0,61,TK6_WT_2h_BR2,0.0013025544540125914,TK6,WT,2h,BR2,TK6_WT
GFP_BAR_DSBR_2,4.0,14.0,0.0,13819.0,62,TK6_WT_2h_BR2,0.00101309790867646,TK6,WT,2h,BR2,TK6_WT
GFP_BAR_DSBR_2,0.0,12.0,0.0,13819.0,63,TK6_WT_2h_BR2,0.0008683696360083942,TK6,WT,2h,BR2,TK6_WT
GFP_BAR_DSBR_2,1.0,11.0,0.0,13819.0,64,TK6_WT_2h_BR2,0.0007960054996743614,TK6,WT,2h,BR2,TK6_WT
GFP_BAR_DSBR_2,2.0,8.0,0.0,13819.0,65,TK6_WT_2h_BR2,0.0005789130906722628,TK6,WT,2h,BR2,TK6_WT
GFP_BAR_DSBR_2,4.0,3.0,0.0,13819.0,66,TK6_WT_2h_BR2,0.00021709240900209855,TK6,WT,2h,BR2,TK6_WT
GFP_BAR_DSBR_2,0.0,0.0,0.0,13819.0,67,TK6_WT_2h_BR2,0.0,TK6,WT,2h,BR2,TK6_WT
GFP_BAR_DSBR_2,0.0,0.0,0.0,13819.0,68,TK6_WT_2h_BR2,0.0,TK6,WT,2h,BR2,TK6_WT
GFP_BAR_DSBR_2,0.0,0.0,0.0,13819.0,69,TK6_WT_2h_BR2,0.0,TK6,WT,2h,BR2,TK6_WT
GFP_BAR_DSBR_2,0.0,0.0,0.0,13819.0,70,TK6_WT_2h_BR2,0.0,TK6,WT,2h,BR2,TK6_WT
GFP_BAR_DSBR_2,0.0,0.0,0.0,13819.0,71,TK6_WT_2h_BR2,0.0,TK6,WT,2h,BR2,TK6_WT
GFP_BAR_DSBR_2,0.0,0.0,13.0,13819.0,72,TK6_WT_2h_BR2,0.0,TK6,WT,2h,BR2,TK6_WT
GFP_BAR_DSBR_2,1.0,0.0,0.0,13819.0,73,TK6_WT_2h_BR2,0.0,TK6,WT,2h,BR2,TK6_WT
GFP_BAR_DSBR_2,23.0,15.0,1.0,13819.0,74,TK6_WT_2h_BR2,0.0010854620450104929,TK6,WT,2h,BR2,TK6_WT
GFP_BAR_DSBR_2,2.0,0.0,0.0,13819.0,75,TK6_WT_2h_BR2,0.0,TK6,WT,2h,BR2,TK6_WT
GFP_BAR_DSBR_2,3.0,0.0,0.0,13819.0,76,TK6_WT_2h_BR2,0.0,TK6,WT,2h,BR2,TK6_WT
GFP_BAR_DSBR_2,3.0,0.0,0.0,13819.0,77,TK6_WT_2h_BR2,0.0,TK6,WT,2h,BR2,TK6_WT
GFP_BAR_DSBR_2,0.0,0.0,0.0,13819.0,78,TK6_WT_2h_BR2,0.0,TK6,WT,2h,BR2,TK6_WT
GFP_BAR_DSBR_2,3.0,0.0,0.0,13819.0,79,TK6_WT_2h_BR2,0.0,TK6,WT,2h,BR2,TK6_WT
GFP_BAR_DSBR_2,4.0,0.0,0.0,13819.0,80,TK6_WT_2h_BR2,0.0,TK6,WT,2h,BR2,TK6_WT
GFP_BAR_DSBR_2,2.0,0.0,0.0,13819.0,81,TK6_WT_2h_BR2,0.0,TK6,WT,2h,BR2,TK6_WT
GFP_BAR_DSBR_2,1.0,0.0,0.0,13819.0,82,TK6_WT_2h_BR2,0.0,TK6,WT,2h,BR2,TK6_WT
GFP_BAR_DSBR_2,1.0,0.0,0.0,13819.0,83,TK6_WT_2h_BR2,0.0,TK6,WT,2h,BR2,TK6_WT
GFP_BAR_DSBR_2,3.0,0.0,0.0,13819.0,84,TK6_WT_2h_BR2,0.0,TK6,WT,2h,BR2,TK6_WT
GFP_BAR_DSBR_2,0.0,0.0,0.0,13819.0,85,TK6_WT_2h_BR2,0.0,TK6,WT,2h,BR2,TK6_WT
GFP_BAR_DSBR_2,1.0,0.0,0.0,13819.0,86,TK6_WT_2h_BR2,0.0,TK6,WT,2h,BR2,TK6_WT
GFP_BAR_DSBR_2,1.0,0.0,0.0,13819.0,87,TK6_WT_2h_BR2,0.0,TK6,WT,2h,BR2,TK6_WT
GFP_BAR_DSBR_2,1.0,0.0,0.0,13819.0,88,TK6_WT_2h_BR2,0.0,TK6,WT,2h,BR2,TK6_WT
GFP_BAR_DSBR_2,1.0,0.0,0.0,13819.0,89,TK6_WT_2h_BR2,0.0,TK6,WT,2h,BR2,TK6_WT
GFP_BAR_DSBR_2,3.0,0.0,0.0,13819.0,90,TK6_WT_2h_BR2,0.0,TK6,WT,2h,BR2,TK6_WT
GFP_BAR_DSBR_2,0.0,0.0,0.0,13819.0,91,TK6_WT_2h_BR2,0.0,TK6,WT,2h,BR2,TK6_WT
GFP_BAR_DSBR_2,0.0,0.0,0.0,13819.0,92,TK6_WT_2h_BR2,0.0,TK6,WT,2h,BR2,TK6_WT
GFP_BAR_DSBR_2,2.0,0.0,0.0,13819.0,93,TK6_WT_2h_BR2,0.0,TK6,WT,2h,BR2,TK6_WT
GFP_BAR_DSBR_2,1.0,0.0,0.0,13819.0,94,TK6_WT_2h_BR2,0.0,TK6,WT,2h,BR2,TK6_WT
GFP_BAR_DSBR_2,1.0,0.0,0.0,13819.0,95,TK6_WT_2h_BR2,0.0,TK6,WT,2h,BR2,TK6_WT
GFP_BAR_DSBR_2,1.0,0.0,0.0,16017.0,1,TK6_WT_4h_BR2,0.0,TK6,WT,4h,BR2,TK6_WT
GFP_BAR_DSBR_2,2.0,0.0,0.0,16017.0,2,TK6_WT_4h_BR2,0.0,TK6,WT,4h,BR2,TK6_WT
GFP_BAR_DSBR_2,1.0,0.0,0.0,16017.0,3,TK6_WT_4h_BR2,0.0,TK6,WT,4h,BR2,TK6_WT
GFP_BAR_DSBR_2,3.0,0.0,0.0,16017.0,4,TK6_WT_4h_BR2,0.0,TK6,WT,4h,BR2,TK6_WT
GFP_BAR_DSBR_2,1.0,0.0,0.0,16017.0,5,TK6_WT_4h_BR2,0.0,TK6,WT,4h,BR2,TK6_WT
GFP_BAR_DSBR_2,2.0,0.0,0.0,16017.0,6,TK6_WT_4h_BR2,0.0,TK6,WT,4h,BR2,TK6_WT
GFP_BAR_DSBR_2,2.0,0.0,0.0,16017.0,7,TK6_WT_4h_BR2,0.0,TK6,WT,4h,BR2,TK6_WT
GFP_BAR_DSBR_2,3.0,0.0,0.0,16017.0,8,TK6_WT_4h_BR2,0.0,TK6,WT,4h,BR2,TK6_WT
GFP_BAR_DSBR_2,1.0,0.0,0.0,16017.0,9,TK6_WT_4h_BR2,0.0,TK6,WT,4h,BR2,TK6_WT
GFP_BAR_DSBR_2,4.0,0.0,0.0,16017.0,10,TK6_WT_4h_BR2,0.0,TK6,WT,4h,BR2,TK6_WT
GFP_BAR_DSBR_2,2.0,0.0,0.0,16017.0,11,TK6_WT_4h_BR2,0.0,TK6,WT,4h,BR2,TK6_WT
GFP_BAR_DSBR_2,4.0,0.0,0.0,16017.0,12,TK6_WT_4h_BR2,0.0,TK6,WT,4h,BR2,TK6_WT
GFP_BAR_DSBR_2,1.0,0.0,0.0,16017.0,13,TK6_WT_4h_BR2,0.0,TK6,WT,4h,BR2,TK6_WT
GFP_BAR_DSBR_2,0.0,0.0,0.0,16017.0,14,TK6_WT_4h_BR2,0.0,TK6,WT,4h,BR2,TK6_WT
GFP_BAR_DSBR_2,5.0,0.0,0.0,16017.0,15,TK6_WT_4h_BR2,0.0,TK6,WT,4h,BR2,TK6_WT
GFP_BAR_DSBR_2,1.0,4.0,0.0,16017.0,16,TK6_WT_4h_BR2,0.00024973465692701506,TK6,WT,4h,BR2,TK6_WT
GFP_BAR_DSBR_2,3.0,4.0,0.0,16017.0,17,TK6_WT_4h_BR2,0.00024973465692701506,TK6,WT,4h,BR2,TK6_WT
GFP_BAR_DSBR_2,3.0,11.0,0.0,16017.0,18,TK6_WT_4h_BR2,0.0006867703065492913,TK6,WT,4h,BR2,TK6_WT
GFP_BAR_DSBR_2,5.0,11.0,0.0,16017.0,19,TK6_WT_4h_BR2,0.0006867703065492913,TK6,WT,4h,BR2,TK6_WT
GFP_BAR_DSBR_2,1.0,14.0,0.0,16017.0,20,TK6_WT_4h_BR2,0.0008740712992445527,TK6,WT,4h,BR2,TK6_WT
GFP_BAR_DSBR_2,4.0,26.0,0.0,16017.0,21,TK6_WT_4h_BR2,0.0016232752700255978,TK6,WT,4h,BR2,TK6_WT
GFP_BAR_DSBR_2,1.0,36.0,0.0,16017.0,22,TK6_WT_4h_BR2,0.0022476119123431356,TK6,WT,4h,BR2,TK6_WT
GFP_BAR_DSBR_2,6.0,41.0,0.0,16017.0,23,TK6_WT_4h_BR2,0.0025597802335019042,TK6,WT,4h,BR2,TK6_WT
GFP_BAR_DSBR_2,1.0,60.0,0.0,16017.0,24,TK6_WT_4h_BR2,0.0037460198539052258,TK6,WT,4h,BR2,TK6_WT
GFP_BAR_DSBR_2,2.0,70.0,0.0,16017.0,25,TK6_WT_4h_BR2,0.004370356496222763,TK6,WT,4h,BR2,TK6_WT
GFP_BAR_DSBR_2,2.0,82.0,0.0,16017.0,26,TK6_WT_4h_BR2,0.0051195604670038085,TK6,WT,4h,BR2,TK6_WT
GFP_BAR_DSBR_2,1.0,90.0,0.0,16017.0,27,TK6_WT_4h_BR2,0.005619029780857839,TK6,WT,4h,BR2,TK6_WT
GFP_BAR_DSBR_2,4.0,104.0,0.0,16017.0,28,TK6_WT_4h_BR2,0.006493101080102391,TK6,WT,4h,BR2,TK6_WT
GFP_BAR_DSBR_2,1.0,115.0,0.0,16017.0,29,TK6_WT_4h_BR2,0.007179871386651683,TK6,WT,4h,BR2,TK6_WT
GFP_BAR_DSBR_2,0.0,133.0,0.0,16017.0,30,TK6_WT_4h_BR2,0.00830367734282325,TK6,WT,4h,BR2,TK6_WT
GFP_BAR_DSBR_2,1.0,147.0,0.0,16017.0,31,TK6_WT_4h_BR2,0.009177748642067803,TK6,WT,4h,BR2,TK6_WT
GFP_BAR_DSBR_2,5.0,152.0,0.0,16017.0,32,TK6_WT_4h_BR2,0.009489916963226572,TK6,WT,4h,BR2,TK6_WT
GFP_BAR_DSBR_2,0.0,154.0,0.0,16017.0,33,TK6_WT_4h_BR2,0.00961478429169008,TK6,WT,4h,BR2,TK6_WT
GFP_BAR_DSBR_2,4.0,210.0,0.0,16017.0,34,TK6_WT_4h_BR2,0.01311106948866829,TK6,WT,4h,BR2,TK6_WT
GFP_BAR_DSBR_2,7.0,291.0,0.0,16017.0,35,TK6_WT_4h_BR2,0.018168196291440345,TK6,WT,4h,BR2,TK6_WT
GFP_BAR_DSBR_2,2.0,296.0,0.0,16017.0,36,TK6_WT_4h_BR2,0.018480364612599113,TK6,WT,4h,BR2,TK6_WT
GFP_BAR_DSBR_2,2.0,297.0,0.0,16017.0,37,TK6_WT_4h_BR2,0.018542798276830866,TK6,WT,4h,BR2,TK6_WT
GFP_BAR_DSBR_2,2.0,310.0,0.0,16017.0,38,TK6_WT_4h_BR2,0.019354435911843666,TK6,WT,4h,BR2,TK6_WT
GFP_BAR_DSBR_2,2.0,335.0,0.0,16017.0,39,TK6_WT_4h_BR2,0.02091527751763751,TK6,WT,4h,BR2,TK6_WT
GFP_BAR_DSBR_2,4.0,344.0,0.0,16017.0,40,TK6_WT_4h_BR2,0.021477180495723294,TK6,WT,4h,BR2,TK6_WT
GFP_BAR_DSBR_2,1.0,424.0,0.0,16017.0,41,TK6_WT_4h_BR2,0.026471873634263596,TK6,WT,4h,BR2,TK6_WT
GFP_BAR_DSBR_2,4.0,428.0,0.0,16017.0,42,TK6_WT_4h_BR2,0.02672160829119061,TK6,WT,4h,BR2,TK6_WT
GFP_BAR_DSBR_2,4.0,583.0,15.0,16017.0,43,TK6_WT_4h_BR2,0.036398826247112444,TK6,WT,4h,BR2,TK6_WT
GFP_BAR_DSBR_2,5.0,610.0,30.0,16017.0,44,TK6_WT_4h_BR2,0.0380845351813698,TK6,WT,4h,BR2,TK6_WT
GFP_BAR_DSBR_2,5.0,454.0,0.0,16017.0,45,TK6_WT_4h_BR2,0.028344883561216207,TK6,WT,4h,BR2,TK6_WT
GFP_BAR_DSBR_2,0.0,422.0,0.0,16017.0,46,TK6_WT_4h_BR2,0.026347006305800086,TK6,WT,4h,BR2,TK6_WT
GFP_BAR_DSBR_2,2.0,369.0,0.0,16017.0,47,TK6_WT_4h_BR2,0.023038022101517137,TK6,WT,4h,BR2,TK6_WT
GFP_BAR_DSBR_2,5.0,244.0,0.0,16017.0,48,TK6_WT_4h_BR2,0.015233814072547917,TK6,WT,4h,BR2,TK6_WT
GFP_BAR_DSBR_2,11.0,175.0,0.0,16017.0,49,TK6_WT_4h_BR2,0.010925891240556908,TK6,WT,4h,BR2,TK6_WT
GFP_BAR_DSBR_2,0.0,152.0,0.0,16017.0,50,TK6_WT_4h_BR2,0.009489916963226572,TK6,WT,4h,BR2,TK6_WT
GFP_BAR_DSBR_2,2.0,146.0,0.0,16017.0,51,TK6_WT_4h_BR2,0.00911531497783605,TK6,WT,4h,BR2,TK6_WT
GFP_BAR_DSBR_2,4.0,143.0,0.0,16017.0,52,TK6_WT_4h_BR2,0.008928013985140789,TK6,WT,4h,BR2,TK6_WT
GFP_BAR_DSBR_2,4.0,140.0,0.0,16017.0,53,TK6_WT_4h_BR2,0.008740712992445526,TK6,WT,4h,BR2,TK6_WT
GFP_BAR_DSBR_2,2.0,134.0,0.0,16017.0,54,TK6_WT_4h_BR2,0.008366111007055005,TK6,WT,4h,BR2,TK6_WT
GFP_BAR_DSBR_2,2.0,119.0,0.0,16017.0,55,TK6_WT_4h_BR2,0.007429606043578698,TK6,WT,4h,BR2,TK6_WT
GFP_BAR_DSBR_2,2.0,90.0,0.0,16017.0,56,TK6_WT_4h_BR2,0.005619029780857839,TK6,WT,4h,BR2,TK6_WT
GFP_BAR_DSBR_2,3.0,77.0,0.0,16017.0,57,TK6_WT_4h_BR2,0.00480739214584504,TK6,WT,4h,BR2,TK6_WT
GFP_BAR_DSBR_2,3.0,64.0,0.0,16017.0,58,TK6_WT_4h_BR2,0.003995754510832241,TK6,WT,4h,BR2,TK6_WT
GFP_BAR_DSBR_2,0.0,62.0,0.0,16017.0,59,TK6_WT_4h_BR2,0.0038708871823687333,TK6,WT,4h,BR2,TK6_WT
GFP_BAR_DSBR_2,0.0,54.0,0.0,16017.0,60,TK6_WT_4h_BR2,0.003371417868514703,TK6,WT,4h,BR2,TK6_WT
GFP_BAR_DSBR_2,7.0,47.0,0.0,16017.0,61,TK6_WT_4h_BR2,0.002934382218892427,TK6,WT,4h,BR2,TK6_WT
GFP_BAR_DSBR_2,2.0,42.0,0.0,16017.0,62,TK6_WT_4h_BR2,0.002622213897733658,TK6,WT,4h,BR2,TK6_WT
GFP_BAR_DSBR_2,4.0,30.0,0.0,16017.0,63,TK6_WT_4h_BR2,0.0018730099269526129,TK6,WT,4h,BR2,TK6_WT
GFP_BAR_DSBR_2,3.0,22.0,0.0,16017.0,64,TK6_WT_4h_BR2,0.0013735406130985827,TK6,WT,4h,BR2,TK6_WT
GFP_BAR_DSBR_2,4.0,14.0,0.0,16017.0,65,TK6_WT_4h_BR2,0.0008740712992445527,TK6,WT,4h,BR2,TK6_WT
GFP_BAR_DSBR_2,4.0,8.0,0.0,16017.0,66,TK6_WT_4h_BR2,0.0004994693138540301,TK6,WT,4h,BR2,TK6_WT
GFP_BAR_DSBR_2,0.0,0.0,0.0,16017.0,67,TK6_WT_4h_BR2,0.0,TK6,WT,4h,BR2,TK6_WT
GFP_BAR_DSBR_2,0.0,0.0,0.0,16017.0,68,TK6_WT_4h_BR2,0.0,TK6,WT,4h,BR2,TK6_WT
GFP_BAR_DSBR_2,0.0,0.0,0.0,16017.0,69,TK6_WT_4h_BR2,0.0,TK6,WT,4h,BR2,TK6_WT
GFP_BAR_DSBR_2,0.0,0.0,0.0,16017.0,70,TK6_WT_4h_BR2,0.0,TK6,WT,4h,BR2,TK6_WT
GFP_BAR_DSBR_2,0.0,0.0,0.0,16017.0,71,TK6_WT_4h_BR2,0.0,TK6,WT,4h,BR2,TK6_WT
GFP_BAR_DSBR_2,0.0,0.0,13.0,16017.0,72,TK6_WT_4h_BR2,0.0,TK6,WT,4h,BR2,TK6_WT
GFP_BAR_DSBR_2,2.0,0.0,1.0,16017.0,73,TK6_WT_4h_BR2,0.0,TK6,WT,4h,BR2,TK6_WT
GFP_BAR_DSBR_2,32.0,15.0,1.0,16017.0,74,TK6_WT_4h_BR2,0.0009365049634763064,TK6,WT,4h,BR2,TK6_WT
GFP_BAR_DSBR_2,5.0,0.0,0.0,16017.0,75,TK6_WT_4h_BR2,0.0,TK6,WT,4h,BR2,TK6_WT
GFP_BAR_DSBR_2,3.0,0.0,0.0,16017.0,76,TK6_WT_4h_BR2,0.0,TK6,WT,4h,BR2,TK6_WT
GFP_BAR_DSBR_2,2.0,0.0,0.0,16017.0,77,TK6_WT_4h_BR2,0.0,TK6,WT,4h,BR2,TK6_WT
GFP_BAR_DSBR_2,0.0,0.0,0.0,16017.0,78,TK6_WT_4h_BR2,0.0,TK6,WT,4h,BR2,TK6_WT
GFP_BAR_DSBR_2,1.0,0.0,0.0,16017.0,79,TK6_WT_4h_BR2,0.0,TK6,WT,4h,BR2,TK6_WT
GFP_BAR_DSBR_2,4.0,0.0,0.0,16017.0,80,TK6_WT_4h_BR2,0.0,TK6,WT,4h,BR2,TK6_WT
GFP_BAR_DSBR_2,2.0,0.0,0.0,16017.0,81,TK6_WT_4h_BR2,0.0,TK6,WT,4h,BR2,TK6_WT
GFP_BAR_DSBR_2,3.0,0.0,0.0,16017.0,82,TK6_WT_4h_BR2,0.0,TK6,WT,4h,BR2,TK6_WT
GFP_BAR_DSBR_2,1.0,0.0,0.0,16017.0,83,TK6_WT_4h_BR2,0.0,TK6,WT,4h,BR2,TK6_WT
GFP_BAR_DSBR_2,6.0,0.0,0.0,16017.0,84,TK6_WT_4h_BR2,0.0,TK6,WT,4h,BR2,TK6_WT
GFP_BAR_DSBR_2,5.0,0.0,0.0,16017.0,85,TK6_WT_4h_BR2,0.0,TK6,WT,4h,BR2,TK6_WT
GFP_BAR_DSBR_2,3.0,0.0,0.0,16017.0,86,TK6_WT_4h_BR2,0.0,TK6,WT,4h,BR2,TK6_WT
GFP_BAR_DSBR_2,1.0,0.0,0.0,16017.0,87,TK6_WT_4h_BR2,0.0,TK6,WT,4h,BR2,TK6_WT
GFP_BAR_DSBR_2,2.0,0.0,0.0,16017.0,88,TK6_WT_4h_BR2,0.0,TK6,WT,4h,BR2,TK6_WT
GFP_BAR_DSBR_2,0.0,0.0,0.0,16017.0,89,TK6_WT_4h_BR2,0.0,TK6,WT,4h,BR2,TK6_WT
GFP_BAR_DSBR_2,1.0,0.0,0.0,16017.0,90,TK6_WT_4h_BR2,0.0,TK6,WT,4h,BR2,TK6_WT
GFP_BAR_DSBR_2,0.0,0.0,0.0,16017.0,91,TK6_WT_4h_BR2,0.0,TK6,WT,4h,BR2,TK6_WT
GFP_BAR_DSBR_2,2.0,0.0,0.0,16017.0,92,TK6_WT_4h_BR2,0.0,TK6,WT,4h,BR2,TK6_WT
GFP_BAR_DSBR_2,0.0,0.0,0.0,16017.0,93,TK6_WT_4h_BR2,0.0,TK6,WT,4h,BR2,TK6_WT
GFP_BAR_DSBR_2,4.0,0.0,0.0,16017.0,94,TK6_WT_4h_BR2,0.0,TK6,WT,4h,BR2,TK6_WT
GFP_BAR_DSBR_2,4.0,0.0,0.0,16017.0,95,TK6_WT_4h_BR2,0.0,TK6,WT,4h,BR2,TK6_WT
GFP_BAR_DSBR_2,1.0,0.0,0.0,3393.0,1,TK6_WT_24h_BR2,0.0,TK6,WT,24h,BR2,TK6_WT
GFP_BAR_DSBR_2,0.0,0.0,0.0,3393.0,2,TK6_WT_24h_BR2,0.0,TK6,WT,24h,BR2,TK6_WT
GFP_BAR_DSBR_2,0.0,0.0,0.0,3393.0,3,TK6_WT_24h_BR2,0.0,TK6,WT,24h,BR2,TK6_WT
GFP_BAR_DSBR_2,1.0,0.0,0.0,3393.0,4,TK6_WT_24h_BR2,0.0,TK6,WT,24h,BR2,TK6_WT
GFP_BAR_DSBR_2,0.0,0.0,0.0,3393.0,5,TK6_WT_24h_BR2,0.0,TK6,WT,24h,BR2,TK6_WT
GFP_BAR_DSBR_2,0.0,0.0,0.0,3393.0,6,TK6_WT_24h_BR2,0.0,TK6,WT,24h,BR2,TK6_WT
GFP_BAR_DSBR_2,2.0,0.0,0.0,3393.0,7,TK6_WT_24h_BR2,0.0,TK6,WT,24h,BR2,TK6_WT
GFP_BAR_DSBR_2,0.0,0.0,0.0,3393.0,8,TK6_WT_24h_BR2,0.0,TK6,WT,24h,BR2,TK6_WT
GFP_BAR_DSBR_2,1.0,0.0,0.0,3393.0,9,TK6_WT_24h_BR2,0.0,TK6,WT,24h,BR2,TK6_WT
GFP_BAR_DSBR_2,0.0,0.0,0.0,3393.0,10,TK6_WT_24h_BR2,0.0,TK6,WT,24h,BR2,TK6_WT
GFP_BAR_DSBR_2,0.0,0.0,0.0,3393.0,11,TK6_WT_24h_BR2,0.0,TK6,WT,24h,BR2,TK6_WT
GFP_BAR_DSBR_2,0.0,0.0,0.0,3393.0,12,TK6_WT_24h_BR2,0.0,TK6,WT,24h,BR2,TK6_WT
GFP_BAR_DSBR_2,0.0,0.0,0.0,3393.0,13,TK6_WT_24h_BR2,0.0,TK6,WT,24h,BR2,TK6_WT
GFP_BAR_DSBR_2,0.0,0.0,0.0,3393.0,14,TK6_WT_24h_BR2,0.0,TK6,WT,24h,BR2,TK6_WT
GFP_BAR_DSBR_2,1.0,0.0,0.0,3393.0,15,TK6_WT_24h_BR2,0.0,TK6,WT,24h,BR2,TK6_WT
GFP_BAR_DSBR_2,0.0,0.0,0.0,3393.0,16,TK6_WT_24h_BR2,0.0,TK6,WT,24h,BR2,TK6_WT
GFP_BAR_DSBR_2,0.0,0.0,0.0,3393.0,17,TK6_WT_24h_BR2,0.0,TK6,WT,24h,BR2,TK6_WT
GFP_BAR_DSBR_2,2.0,2.0,0.0,3393.0,18,TK6_WT_24h_BR2,0.0005894488653109342,TK6,WT,24h,BR2,TK6_WT
GFP_BAR_DSBR_2,1.0,5.0,0.0,3393.0,19,TK6_WT_24h_BR2,0.0014736221632773356,TK6,WT,24h,BR2,TK6_WT
GFP_BAR_DSBR_2,0.0,9.0,0.0,3393.0,20,TK6_WT_24h_BR2,0.002652519893899204,TK6,WT,24h,BR2,TK6_WT
GFP_BAR_DSBR_2,0.0,9.0,0.0,3393.0,21,TK6_WT_24h_BR2,0.002652519893899204,TK6,WT,24h,BR2,TK6_WT
GFP_BAR_DSBR_2,0.0,11.0,0.0,3393.0,22,TK6_WT_24h_BR2,0.0032419687592101384,TK6,WT,24h,BR2,TK6_WT
GFP_BAR_DSBR_2,3.0,14.0,0.0,3393.0,23,TK6_WT_24h_BR2,0.00412614205717654,TK6,WT,24h,BR2,TK6_WT
GFP_BAR_DSBR_2,0.0,19.0,0.0,3393.0,24,TK6_WT_24h_BR2,0.005599764220453876,TK6,WT,24h,BR2,TK6_WT
GFP_BAR_DSBR_2,0.0,20.0,0.0,3393.0,25,TK6_WT_24h_BR2,0.0058944886531093425,TK6,WT,24h,BR2,TK6_WT
GFP_BAR_DSBR_2,3.0,24.0,0.0,3393.0,26,TK6_WT_24h_BR2,0.007073386383731211,TK6,WT,24h,BR2,TK6_WT
GFP_BAR_DSBR_2,0.0,24.0,0.0,3393.0,27,TK6_WT_24h_BR2,0.007073386383731211,TK6,WT,24h,BR2,TK6_WT
GFP_BAR_DSBR_2,0.0,25.0,0.0,3393.0,28,TK6_WT_24h_BR2,0.0073681108163866785,TK6,WT,24h,BR2,TK6_WT
GFP_BAR_DSBR_2,0.0,26.0,0.0,3393.0,29,TK6_WT_24h_BR2,0.007662835249042145,TK6,WT,24h,BR2,TK6_WT
GFP_BAR_DSBR_2,0.0,31.0,0.0,3393.0,30,TK6_WT_24h_BR2,0.009136457412319481,TK6,WT,24h,BR2,TK6_WT
GFP_BAR_DSBR_2,1.0,38.0,0.0,3393.0,31,TK6_WT_24h_BR2,0.011199528440907752,TK6,WT,24h,BR2,TK6_WT
GFP_BAR_DSBR_2,2.0,41.0,0.0,3393.0,32,TK6_WT_24h_BR2,0.012083701738874153,TK6,WT,24h,BR2,TK6_WT
GFP_BAR_DSBR_2,0.0,42.0,0.0,3393.0,33,TK6_WT_24h_BR2,0.01237842617152962,TK6,WT,24h,BR2,TK6_WT
GFP_BAR_DSBR_2,1.0,51.0,0.0,3393.0,34,TK6_WT_24h_BR2,0.015030946065428824,TK6,WT,24h,BR2,TK6_WT
GFP_BAR_DSBR_2,2.0,78.0,0.0,3393.0,35,TK6_WT_24h_BR2,0.022988505747126436,TK6,WT,24h,BR2,TK6_WT
GFP_BAR_DSBR_2,0.0,79.0,0.0,3393.0,36,TK6_WT_24h_BR2,0.023283230179781903,TK6,WT,24h,BR2,TK6_WT
GFP_BAR_DSBR_2,0.0,79.0,0.0,3393.0,37,TK6_WT_24h_BR2,0.023283230179781903,TK6,WT,24h,BR2,TK6_WT
GFP_BAR_DSBR_2,1.0,81.0,0.0,3393.0,38,TK6_WT_24h_BR2,0.023872679045092837,TK6,WT,24h,BR2,TK6_WT
GFP_BAR_DSBR_2,1.0,91.0,0.0,3393.0,39,TK6_WT_24h_BR2,0.02681992337164751,TK6,WT,24h,BR2,TK6_WT
GFP_BAR_DSBR_2,0.0,95.0,0.0,3393.0,40,TK6_WT_24h_BR2,0.027998821102269377,TK6,WT,24h,BR2,TK6_WT
GFP_BAR_DSBR_2,0.0,113.0,0.0,3393.0,41,TK6_WT_24h_BR2,0.03330386089006779,TK6,WT,24h,BR2,TK6_WT
GFP_BAR_DSBR_2,0.0,114.0,0.0,3393.0,42,TK6_WT_24h_BR2,0.03359858532272325,TK6,WT,24h,BR2,TK6_WT
GFP_BAR_DSBR_2,0.0,148.0,4.0,3393.0,43,TK6_WT_24h_BR2,0.04361921603300914,TK6,WT,24h,BR2,TK6_WT
GFP_BAR_DSBR_2,2.0,169.0,4.0,3393.0,44,TK6_WT_24h_BR2,0.04980842911877394,TK6,WT,24h,BR2,TK6_WT
GFP_BAR_DSBR_2,0.0,126.0,0.0,3393.0,45,TK6_WT_24h_BR2,0.03713527851458886,TK6,WT,24h,BR2,TK6_WT
GFP_BAR_DSBR_2,1.0,120.0,0.0,3393.0,46,TK6_WT_24h_BR2,0.03536693191865606,TK6,WT,24h,BR2,TK6_WT
GFP_BAR_DSBR_2,0.0,102.0,0.0,3393.0,47,TK6_WT_24h_BR2,0.030061892130857647,TK6,WT,24h,BR2,TK6_WT
GFP_BAR_DSBR_2,1.0,70.0,0.0,3393.0,48,TK6_WT_24h_BR2,0.0206307102858827,TK6,WT,24h,BR2,TK6_WT
GFP_BAR_DSBR_2,1.0,47.0,0.0,3393.0,49,TK6_WT_24h_BR2,0.013852048334806955,TK6,WT,24h,BR2,TK6_WT
GFP_BAR_DSBR_2,2.0,44.0,0.0,3393.0,50,TK6_WT_24h_BR2,0.012967875036840553,TK6,WT,24h,BR2,TK6_WT
GFP_BAR_DSBR_2,0.0,44.0,0.0,3393.0,51,TK6_WT_24h_BR2,0.012967875036840553,TK6,WT,24h,BR2,TK6_WT
GFP_BAR_DSBR_2,0.0,43.0,0.0,3393.0,52,TK6_WT_24h_BR2,0.012673150604185087,TK6,WT,24h,BR2,TK6_WT
GFP_BAR_DSBR_2,0.0,42.0,0.0,3393.0,53,TK6_WT_24h_BR2,0.01237842617152962,TK6,WT,24h,BR2,TK6_WT
GFP_BAR_DSBR_2,0.0,42.0,0.0,3393.0,54,TK6_WT_24h_BR2,0.01237842617152962,TK6,WT,24h,BR2,TK6_WT
GFP_BAR_DSBR_2,1.0,38.0,0.0,3393.0,55,TK6_WT_24h_BR2,0.011199528440907752,TK6,WT,24h,BR2,TK6_WT
GFP_BAR_DSBR_2,0.0,37.0,0.0,3393.0,56,TK6_WT_24h_BR2,0.010904804008252285,TK6,WT,24h,BR2,TK6_WT
GFP_BAR_DSBR_2,1.0,31.0,0.0,3393.0,57,TK6_WT_24h_BR2,0.009136457412319481,TK6,WT,24h,BR2,TK6_WT
GFP_BAR_DSBR_2,0.0,22.0,0.0,3393.0,58,TK6_WT_24h_BR2,0.006483937518420277,TK6,WT,24h,BR2,TK6_WT
GFP_BAR_DSBR_2,2.0,19.0,0.0,3393.0,59,TK6_WT_24h_BR2,0.005599764220453876,TK6,WT,24h,BR2,TK6_WT
GFP_BAR_DSBR_2,1.0,15.0,0.0,3393.0,60,TK6_WT_24h_BR2,0.004420866489832007,TK6,WT,24h,BR2,TK6_WT
GFP_BAR_DSBR_2,0.0,14.0,0.0,3393.0,61,TK6_WT_24h_BR2,0.00412614205717654,TK6,WT,24h,BR2,TK6_WT
GFP_BAR_DSBR_2,0.0,17.0,0.0,3393.0,62,TK6_WT_24h_BR2,0.0050103153551429415,TK6,WT,24h,BR2,TK6_WT
GFP_BAR_DSBR_2,0.0,14.0,0.0,3393.0,63,TK6_WT_24h_BR2,0.00412614205717654,TK6,WT,24h,BR2,TK6_WT
GFP_BAR_DSBR_2,0.0,10.0,0.0,3393.0,64,TK6_WT_24h_BR2,0.0029472443265546712,TK6,WT,24h,BR2,TK6_WT
GFP_BAR_DSBR_2,0.0,6.0,0.0,3393.0,65,TK6_WT_24h_BR2,0.0017683465959328027,TK6,WT,24h,BR2,TK6_WT
GFP_BAR_DSBR_2,0.0,1.0,0.0,3393.0,66,TK6_WT_24h_BR2,0.0002947244326554671,TK6,WT,24h,BR2,TK6_WT
GFP_BAR_DSBR_2,0.0,0.0,0.0,3393.0,67,TK6_WT_24h_BR2,0.0,TK6,WT,24h,BR2,TK6_WT
GFP_BAR_DSBR_2,0.0,0.0,0.0,3393.0,68,TK6_WT_24h_BR2,0.0,TK6,WT,24h,BR2,TK6_WT
GFP_BAR_DSBR_2,0.0,0.0,0.0,3393.0,69,TK6_WT_24h_BR2,0.0,TK6,WT,24h,BR2,TK6_WT
GFP_BAR_DSBR_2,0.0,0.0,0.0,3393.0,70,TK6_WT_24h_BR2,0.0,TK6,WT,24h,BR2,TK6_WT
GFP_BAR_DSBR_2,0.0,0.0,0.0,3393.0,71,TK6_WT_24h_BR2,0.0,TK6,WT,24h,BR2,TK6_WT
GFP_BAR_DSBR_2,0.0,0.0,3.0,3393.0,72,TK6_WT_24h_BR2,0.0,TK6,WT,24h,BR2,TK6_WT
GFP_BAR_DSBR_2,1.0,0.0,0.0,3393.0,73,TK6_WT_24h_BR2,0.0,TK6,WT,24h,BR2,TK6_WT
GFP_BAR_DSBR_2,4.0,2.0,2.0,3393.0,74,TK6_WT_24h_BR2,0.0005894488653109342,TK6,WT,24h,BR2,TK6_WT
GFP_BAR_DSBR_2,0.0,0.0,0.0,3393.0,75,TK6_WT_24h_BR2,0.0,TK6,WT,24h,BR2,TK6_WT
GFP_BAR_DSBR_2,1.0,0.0,0.0,3393.0,76,TK6_WT_24h_BR2,0.0,TK6,WT,24h,BR2,TK6_WT
GFP_BAR_DSBR_2,0.0,0.0,0.0,3393.0,77,TK6_WT_24h_BR2,0.0,TK6,WT,24h,BR2,TK6_WT
GFP_BAR_DSBR_2,0.0,0.0,0.0,3393.0,78,TK6_WT_24h_BR2,0.0,TK6,WT,24h,BR2,TK6_WT
GFP_BAR_DSBR_2,0.0,0.0,0.0,3393.0,79,TK6_WT_24h_BR2,0.0,TK6,WT,24h,BR2,TK6_WT
GFP_BAR_DSBR_2,1.0,0.0,0.0,3393.0,80,TK6_WT_24h_BR2,0.0,TK6,WT,24h,BR2,TK6_WT
GFP_BAR_DSBR_2,0.0,0.0,0.0,3393.0,81,TK6_WT_24h_BR2,0.0,TK6,WT,24h,BR2,TK6_WT
GFP_BAR_DSBR_2,1.0,0.0,0.0,3393.0,82,TK6_WT_24h_BR2,0.0,TK6,WT,24h,BR2,TK6_WT
GFP_BAR_DSBR_2,0.0,0.0,0.0,3393.0,83,TK6_WT_24h_BR2,0.0,TK6,WT,24h,BR2,TK6_WT
GFP_BAR_DSBR_2,1.0,0.0,0.0,3393.0,84,TK6_WT_24h_BR2,0.0,TK6,WT,24h,BR2,TK6_WT
GFP_BAR_DSBR_2,1.0,0.0,0.0,3393.0,85,TK6_WT_24h_BR2,0.0,TK6,WT,24h,BR2,TK6_WT
GFP_BAR_DSBR_2,0.0,0.0,0.0,3393.0,86,TK6_WT_24h_BR2,0.0,TK6,WT,24h,BR2,TK6_WT
GFP_BAR_DSBR_2,0.0,0.0,0.0,3393.0,87,TK6_WT_24h_BR2,0.0,TK6,WT,24h,BR2,TK6_WT
GFP_BAR_DSBR_2,0.0,0.0,0.0,3393.0,88,TK6_WT_24h_BR2,0.0,TK6,WT,24h,BR2,TK6_WT
GFP_BAR_DSBR_2,0.0,0.0,0.0,3393.0,89,TK6_WT_24h_BR2,0.0,TK6,WT,24h,BR2,TK6_WT
GFP_BAR_DSBR_2,1.0,0.0,0.0,3393.0,90,TK6_WT_24h_BR2,0.0,TK6,WT,24h,BR2,TK6_WT
GFP_BAR_DSBR_2,0.0,0.0,0.0,3393.0,91,TK6_WT_24h_BR2,0.0,TK6,WT,24h,BR2,TK6_WT
GFP_BAR_DSBR_2,0.0,0.0,0.0,3393.0,92,TK6_WT_24h_BR2,0.0,TK6,WT,24h,BR2,TK6_WT
GFP_BAR_DSBR_2,0.0,0.0,0.0,3393.0,93,TK6_WT_24h_BR2,0.0,TK6,WT,24h,BR2,TK6_WT
GFP_BAR_DSBR_2,0.0,0.0,0.0,3393.0,94,TK6_WT_24h_BR2,0.0,TK6,WT,24h,BR2,TK6_WT
GFP_BAR_DSBR_2,0.0,0.0,0.0,3393.0,95,TK6_WT_24h_BR2,0.0,TK6,WT,24h,BR2,TK6_WT
GFP_BAR_DSBR_2,1.0,0.0,0.0,8511.0,1,TK6_WT_1h_BR3,0.0,TK6,WT,1h,BR3,TK6_WT
GFP_BAR_DSBR_2,2.0,0.0,0.0,8511.0,2,TK6_WT_1h_BR3,0.0,TK6,WT,1h,BR3,TK6_WT
GFP_BAR_DSBR_2,0.0,0.0,0.0,8511.0,3,TK6_WT_1h_BR3,0.0,TK6,WT,1h,BR3,TK6_WT
GFP_BAR_DSBR_2,0.0,0.0,0.0,8511.0,4,TK6_WT_1h_BR3,0.0,TK6,WT,1h,BR3,TK6_WT
GFP_BAR_DSBR_2,0.0,0.0,0.0,8511.0,5,TK6_WT_1h_BR3,0.0,TK6,WT,1h,BR3,TK6_WT
GFP_BAR_DSBR_2,0.0,0.0,0.0,8511.0,6,TK6_WT_1h_BR3,0.0,TK6,WT,1h,BR3,TK6_WT
GFP_BAR_DSBR_2,1.0,0.0,0.0,8511.0,7,TK6_WT_1h_BR3,0.0,TK6,WT,1h,BR3,TK6_WT
GFP_BAR_DSBR_2,0.0,0.0,0.0,8511.0,8,TK6_WT_1h_BR3,0.0,TK6,WT,1h,BR3,TK6_WT
GFP_BAR_DSBR_2,2.0,0.0,0.0,8511.0,9,TK6_WT_1h_BR3,0.0,TK6,WT,1h,BR3,TK6_WT
GFP_BAR_DSBR_2,0.0,0.0,0.0,8511.0,10,TK6_WT_1h_BR3,0.0,TK6,WT,1h,BR3,TK6_WT
GFP_BAR_DSBR_2,1.0,0.0,0.0,8511.0,11,TK6_WT_1h_BR3,0.0,TK6,WT,1h,BR3,TK6_WT
GFP_BAR_DSBR_2,1.0,0.0,0.0,8511.0,12,TK6_WT_1h_BR3,0.0,TK6,WT,1h,BR3,TK6_WT
GFP_BAR_DSBR_2,0.0,0.0,0.0,8511.0,13,TK6_WT_1h_BR3,0.0,TK6,WT,1h,BR3,TK6_WT
GFP_BAR_DSBR_2,0.0,0.0,0.0,8511.0,14,TK6_WT_1h_BR3,0.0,TK6,WT,1h,BR3,TK6_WT
GFP_BAR_DSBR_2,2.0,0.0,0.0,8511.0,15,TK6_WT_1h_BR3,0.0,TK6,WT,1h,BR3,TK6_WT
GFP_BAR_DSBR_2,1.0,0.0,0.0,8511.0,16,TK6_WT_1h_BR3,0.0,TK6,WT,1h,BR3,TK6_WT
GFP_BAR_DSBR_2,0.0,0.0,0.0,8511.0,17,TK6_WT_1h_BR3,0.0,TK6,WT,1h,BR3,TK6_WT
GFP_BAR_DSBR_2,1.0,3.0,0.0,8511.0,18,TK6_WT_1h_BR3,0.00035248501938667606,TK6,WT,1h,BR3,TK6_WT
GFP_BAR_DSBR_2,0.0,4.0,0.0,8511.0,19,TK6_WT_1h_BR3,0.0004699800258489014,TK6,WT,1h,BR3,TK6_WT
GFP_BAR_DSBR_2,0.0,8.0,0.0,8511.0,20,TK6_WT_1h_BR3,0.0009399600516978028,TK6,WT,1h,BR3,TK6_WT
GFP_BAR_DSBR_2,1.0,10.0,0.0,8511.0,21,TK6_WT_1h_BR3,0.0011749500646222536,TK6,WT,1h,BR3,TK6_WT
GFP_BAR_DSBR_2,1.0,13.0,0.0,8511.0,22,TK6_WT_1h_BR3,0.0015274350840089295,TK6,WT,1h,BR3,TK6_WT
GFP_BAR_DSBR_2,2.0,14.0,0.0,8511.0,23,TK6_WT_1h_BR3,0.001644930090471155,TK6,WT,1h,BR3,TK6_WT
GFP_BAR_DSBR_2,0.0,15.0,0.0,8511.0,24,TK6_WT_1h_BR3,0.0017624250969333803,TK6,WT,1h,BR3,TK6_WT
GFP_BAR_DSBR_2,1.0,16.0,0.0,8511.0,25,TK6_WT_1h_BR3,0.0018799201033956056,TK6,WT,1h,BR3,TK6_WT
GFP_BAR_DSBR_2,2.0,19.0,0.0,8511.0,26,TK6_WT_1h_BR3,0.0022324051227822815,TK6,WT,1h,BR3,TK6_WT
GFP_BAR_DSBR_2,4.0,19.0,0.0,8511.0,27,TK6_WT_1h_BR3,0.0022324051227822815,TK6,WT,1h,BR3,TK6_WT
GFP_BAR_DSBR_2,0.0,19.0,0.0,8511.0,28,TK6_WT_1h_BR3,0.0022324051227822815,TK6,WT,1h,BR3,TK6_WT
GFP_BAR_DSBR_2,0.0,22.0,0.0,8511.0,29,TK6_WT_1h_BR3,0.002584890142168958,TK6,WT,1h,BR3,TK6_WT
GFP_BAR_DSBR_2,0.0,25.0,0.0,8511.0,30,TK6_WT_1h_BR3,0.0029373751615556338,TK6,WT,1h,BR3,TK6_WT
GFP_BAR_DSBR_2,0.0,28.0,0.0,8511.0,31,TK6_WT_1h_BR3,0.00328986018094231,TK6,WT,1h,BR3,TK6_WT
GFP_BAR_DSBR_2,0.0,28.0,0.0,8511.0,32,TK6_WT_1h_BR3,0.00328986018094231,TK6,WT,1h,BR3,TK6_WT
GFP_BAR_DSBR_2,0.0,30.0,0.0,8511.0,33,TK6_WT_1h_BR3,0.0035248501938667607,TK6,WT,1h,BR3,TK6_WT
GFP_BAR_DSBR_2,3.0,34.0,0.0,8511.0,34,TK6_WT_1h_BR3,0.003994830219715662,TK6,WT,1h,BR3,TK6_WT
GFP_BAR_DSBR_2,3.0,43.0,0.0,8511.0,35,TK6_WT_1h_BR3,0.0050522852778756904,TK6,WT,1h,BR3,TK6_WT
GFP_BAR_DSBR_2,1.0,44.0,0.0,8511.0,36,TK6_WT_1h_BR3,0.005169780284337916,TK6,WT,1h,BR3,TK6_WT
GFP_BAR_DSBR_2,1.0,45.0,0.0,8511.0,37,TK6_WT_1h_BR3,0.005287275290800141,TK6,WT,1h,BR3,TK6_WT
GFP_BAR_DSBR_2,0.0,50.0,0.0,8511.0,38,TK6_WT_1h_BR3,0.0058747503231112675,TK6,WT,1h,BR3,TK6_WT
GFP_BAR_DSBR_2,1.0,54.0,0.0,8511.0,39,TK6_WT_1h_BR3,0.00634473034896017,TK6,WT,1h,BR3,TK6_WT
GFP_BAR_DSBR_2,1.0,54.0,0.0,8511.0,40,TK6_WT_1h_BR3,0.00634473034896017,TK6,WT,1h,BR3,TK6_WT
GFP_BAR_DSBR_2,1.0,69.0,0.0,8511.0,41,TK6_WT_1h_BR3,0.008107155445893549,TK6,WT,1h,BR3,TK6_WT
GFP_BAR_DSBR_2,3.0,66.0,0.0,8511.0,42,TK6_WT_1h_BR3,0.007754670426506873,TK6,WT,1h,BR3,TK6_WT
GFP_BAR_DSBR_2,1.0,113.0,8.0,8511.0,43,TK6_WT_1h_BR3,0.013276935730231466,TK6,WT,1h,BR3,TK6_WT
GFP_BAR_DSBR_2,2.0,116.0,12.0,8511.0,44,TK6_WT_1h_BR3,0.013629420749618142,TK6,WT,1h,BR3,TK6_WT
GFP_BAR_DSBR_2,2.0,68.0,0.0,8511.0,45,TK6_WT_1h_BR3,0.007989660439431324,TK6,WT,1h,BR3,TK6_WT
GFP_BAR_DSBR_2,0.0,65.0,0.0,8511.0,46,TK6_WT_1h_BR3,0.007637175420044648,TK6,WT,1h,BR3,TK6_WT
GFP_BAR_DSBR_2,1.0,53.0,0.0,8511.0,47,TK6_WT_1h_BR3,0.0062272353424979434,TK6,WT,1h,BR3,TK6_WT
GFP_BAR_DSBR_2,1.0,31.0,0.0,8511.0,48,TK6_WT_1h_BR3,0.003642345200328986,TK6,WT,1h,BR3,TK6_WT
GFP_BAR_DSBR_2,0.0,21.0,0.0,8511.0,49,TK6_WT_1h_BR3,0.0024673951357067326,TK6,WT,1h,BR3,TK6_WT
GFP_BAR_DSBR_2,3.0,18.0,0.0,8511.0,50,TK6_WT_1h_BR3,0.0021149101163200562,TK6,WT,1h,BR3,TK6_WT
GFP_BAR_DSBR_2,1.0,17.0,0.0,8511.0,51,TK6_WT_1h_BR3,0.001997415109857831,TK6,WT,1h,BR3,TK6_WT
GFP_BAR_DSBR_2,0.0,16.0,0.0,8511.0,52,TK6_WT_1h_BR3,0.0018799201033956056,TK6,WT,1h,BR3,TK6_WT
GFP_BAR_DSBR_2,0.0,16.0,0.0,8511.0,53,TK6_WT_1h_BR3,0.0018799201033956056,TK6,WT,1h,BR3,TK6_WT
GFP_BAR_DSBR_2,1.0,16.0,0.0,8511.0,54,TK6_WT_1h_BR3,0.0018799201033956056,TK6,WT,1h,BR3,TK6_WT
GFP_BAR_DSBR_2,0.0,13.0,0.0,8511.0,55,TK6_WT_1h_BR3,0.0015274350840089295,TK6,WT,1h,BR3,TK6_WT
GFP_BAR_DSBR_2,1.0,12.0,0.0,8511.0,56,TK6_WT_1h_BR3,0.0014099400775467042,TK6,WT,1h,BR3,TK6_WT
GFP_BAR_DSBR_2,2.0,9.0,0.0,8511.0,57,TK6_WT_1h_BR3,0.0010574550581600281,TK6,WT,1h,BR3,TK6_WT
GFP_BAR_DSBR_2,3.0,5.0,0.0,8511.0,58,TK6_WT_1h_BR3,0.0005874750323111268,TK6,WT,1h,BR3,TK6_WT
GFP_BAR_DSBR_2,1.0,4.0,0.0,8511.0,59,TK6_WT_1h_BR3,0.0004699800258489014,TK6,WT,1h,BR3,TK6_WT
GFP_BAR_DSBR_2,0.0,3.0,0.0,8511.0,60,TK6_WT_1h_BR3,0.00035248501938667606,TK6,WT,1h,BR3,TK6_WT
GFP_BAR_DSBR_2,1.0,2.0,0.0,8511.0,61,TK6_WT_1h_BR3,0.0002349900129244507,TK6,WT,1h,BR3,TK6_WT
GFP_BAR_DSBR_2,0.0,2.0,0.0,8511.0,62,TK6_WT_1h_BR3,0.0002349900129244507,TK6,WT,1h,BR3,TK6_WT
GFP_BAR_DSBR_2,0.0,0.0,0.0,8511.0,63,TK6_WT_1h_BR3,0.0,TK6,WT,1h,BR3,TK6_WT
GFP_BAR_DSBR_2,1.0,0.0,0.0,8511.0,64,TK6_WT_1h_BR3,0.0,TK6,WT,1h,BR3,TK6_WT
GFP_BAR_DSBR_2,1.0,1.0,0.0,8511.0,65,TK6_WT_1h_BR3,0.00011749500646222535,TK6,WT,1h,BR3,TK6_WT
GFP_BAR_DSBR_2,2.0,1.0,0.0,8511.0,66,TK6_WT_1h_BR3,0.00011749500646222535,TK6,WT,1h,BR3,TK6_WT
GFP_BAR_DSBR_2,0.0,0.0,0.0,8511.0,67,TK6_WT_1h_BR3,0.0,TK6,WT,1h,BR3,TK6_WT
GFP_BAR_DSBR_2,0.0,0.0,0.0,8511.0,68,TK6_WT_1h_BR3,0.0,TK6,WT,1h,BR3,TK6_WT
GFP_BAR_DSBR_2,0.0,0.0,0.0,8511.0,69,TK6_WT_1h_BR3,0.0,TK6,WT,1h,BR3,TK6_WT
GFP_BAR_DSBR_2,0.0,0.0,0.0,8511.0,70,TK6_WT_1h_BR3,0.0,TK6,WT,1h,BR3,TK6_WT
GFP_BAR_DSBR_2,0.0,0.0,0.0,8511.0,71,TK6_WT_1h_BR3,0.0,TK6,WT,1h,BR3,TK6_WT
GFP_BAR_DSBR_2,0.0,0.0,7.0,8511.0,72,TK6_WT_1h_BR3,0.0,TK6,WT,1h,BR3,TK6_WT
GFP_BAR_DSBR_2,1.0,0.0,0.0,8511.0,73,TK6_WT_1h_BR3,0.0,TK6,WT,1h,BR3,TK6_WT
GFP_BAR_DSBR_2,14.0,11.0,2.0,8511.0,74,TK6_WT_1h_BR3,0.001292445071084479,TK6,WT,1h,BR3,TK6_WT
GFP_BAR_DSBR_2,1.0,0.0,0.0,8511.0,75,TK6_WT_1h_BR3,0.0,TK6,WT,1h,BR3,TK6_WT
GFP_BAR_DSBR_2,0.0,0.0,0.0,8511.0,76,TK6_WT_1h_BR3,0.0,TK6,WT,1h,BR3,TK6_WT
GFP_BAR_DSBR_2,0.0,0.0,0.0,8511.0,77,TK6_WT_1h_BR3,0.0,TK6,WT,1h,BR3,TK6_WT
GFP_BAR_DSBR_2,0.0,0.0,0.0,8511.0,78,TK6_WT_1h_BR3,0.0,TK6,WT,1h,BR3,TK6_WT
GFP_BAR_DSBR_2,2.0,0.0,0.0,8511.0,79,TK6_WT_1h_BR3,0.0,TK6,WT,1h,BR3,TK6_WT
GFP_BAR_DSBR_2,2.0,0.0,0.0,8511.0,80,TK6_WT_1h_BR3,0.0,TK6,WT,1h,BR3,TK6_WT
GFP_BAR_DSBR_2,2.0,0.0,0.0,8511.0,81,TK6_WT_1h_BR3,0.0,TK6,WT,1h,BR3,TK6_WT
GFP_BAR_DSBR_2,1.0,0.0,0.0,8511.0,82,TK6_WT_1h_BR3,0.0,TK6,WT,1h,BR3,TK6_WT
GFP_BAR_DSBR_2,1.0,0.0,0.0,8511.0,83,TK6_WT_1h_BR3,0.0,TK6,WT,1h,BR3,TK6_WT
GFP_BAR_DSBR_2,1.0,0.0,0.0,8511.0,84,TK6_WT_1h_BR3,0.0,TK6,WT,1h,BR3,TK6_WT
GFP_BAR_DSBR_2,0.0,0.0,0.0,8511.0,85,TK6_WT_1h_BR3,0.0,TK6,WT,1h,BR3,TK6_WT
GFP_BAR_DSBR_2,2.0,0.0,0.0,8511.0,86,TK6_WT_1h_BR3,0.0,TK6,WT,1h,BR3,TK6_WT
GFP_BAR_DSBR_2,2.0,0.0,0.0,8511.0,87,TK6_WT_1h_BR3,0.0,TK6,WT,1h,BR3,TK6_WT
GFP_BAR_DSBR_2,0.0,0.0,0.0,8511.0,88,TK6_WT_1h_BR3,0.0,TK6,WT,1h,BR3,TK6_WT
GFP_BAR_DSBR_2,6.0,0.0,0.0,8511.0,89,TK6_WT_1h_BR3,0.0,TK6,WT,1h,BR3,TK6_WT
GFP_BAR_DSBR_2,1.0,0.0,0.0,8511.0,90,TK6_WT_1h_BR3,0.0,TK6,WT,1h,BR3,TK6_WT
GFP_BAR_DSBR_2,0.0,0.0,0.0,8511.0,91,TK6_WT_1h_BR3,0.0,TK6,WT,1h,BR3,TK6_WT
GFP_BAR_DSBR_2,2.0,0.0,0.0,8511.0,92,TK6_WT_1h_BR3,0.0,TK6,WT,1h,BR3,TK6_WT
GFP_BAR_DSBR_2,0.0,0.0,0.0,8511.0,93,TK6_WT_1h_BR3,0.0,TK6,WT,1h,BR3,TK6_WT
GFP_BAR_DSBR_2,1.0,0.0,0.0,8511.0,94,TK6_WT_1h_BR3,0.0,TK6,WT,1h,BR3,TK6_WT
GFP_BAR_DSBR_2,2.0,0.0,0.0,8511.0,95,TK6_WT_1h_BR3,0.0,TK6,WT,1h,BR3,TK6_WT
GFP_BAR_DSBR_2,2.0,0.0,0.0,18340.0,1,TK6_WT_2h_BR3,0.0,TK6,WT,2h,BR3,TK6_WT
GFP_BAR_DSBR_2,2.0,0.0,0.0,18340.0,2,TK6_WT_2h_BR3,0.0,TK6,WT,2h,BR3,TK6_WT
GFP_BAR_DSBR_2,3.0,0.0,0.0,18340.0,3,TK6_WT_2h_BR3,0.0,TK6,WT,2h,BR3,TK6_WT
GFP_BAR_DSBR_2,3.0,0.0,0.0,18340.0,4,TK6_WT_2h_BR3,0.0,TK6,WT,2h,BR3,TK6_WT
GFP_BAR_DSBR_2,0.0,0.0,0.0,18340.0,5,TK6_WT_2h_BR3,0.0,TK6,WT,2h,BR3,TK6_WT
GFP_BAR_DSBR_2,3.0,0.0,0.0,18340.0,6,TK6_WT_2h_BR3,0.0,TK6,WT,2h,BR3,TK6_WT
GFP_BAR_DSBR_2,2.0,0.0,0.0,18340.0,7,TK6_WT_2h_BR3,0.0,TK6,WT,2h,BR3,TK6_WT
GFP_BAR_DSBR_2,2.0,0.0,0.0,18340.0,8,TK6_WT_2h_BR3,0.0,TK6,WT,2h,BR3,TK6_WT
GFP_BAR_DSBR_2,2.0,0.0,0.0,18340.0,9,TK6_WT_2h_BR3,0.0,TK6,WT,2h,BR3,TK6_WT
GFP_BAR_DSBR_2,3.0,0.0,0.0,18340.0,10,TK6_WT_2h_BR3,0.0,TK6,WT,2h,BR3,TK6_WT
GFP_BAR_DSBR_2,4.0,0.0,0.0,18340.0,11,TK6_WT_2h_BR3,0.0,TK6,WT,2h,BR3,TK6_WT
GFP_BAR_DSBR_2,1.0,0.0,0.0,18340.0,12,TK6_WT_2h_BR3,0.0,TK6,WT,2h,BR3,TK6_WT
GFP_BAR_DSBR_2,1.0,0.0,0.0,18340.0,13,TK6_WT_2h_BR3,0.0,TK6,WT,2h,BR3,TK6_WT
GFP_BAR_DSBR_2,3.0,0.0,0.0,18340.0,14,TK6_WT_2h_BR3,0.0,TK6,WT,2h,BR3,TK6_WT
GFP_BAR_DSBR_2,7.0,0.0,0.0,18340.0,15,TK6_WT_2h_BR3,0.0,TK6,WT,2h,BR3,TK6_WT
GFP_BAR_DSBR_2,5.0,8.0,0.0,18340.0,16,TK6_WT_2h_BR3,0.0004362050163576881,TK6,WT,2h,BR3,TK6_WT
GFP_BAR_DSBR_2,3.0,13.0,0.0,18340.0,17,TK6_WT_2h_BR3,0.0007088331515812432,TK6,WT,2h,BR3,TK6_WT
GFP_BAR_DSBR_2,4.0,18.0,0.0,18340.0,18,TK6_WT_2h_BR3,0.0009814612868047983,TK6,WT,2h,BR3,TK6_WT
GFP_BAR_DSBR_2,5.0,20.0,0.0,18340.0,19,TK6_WT_2h_BR3,0.0010905125408942203,TK6,WT,2h,BR3,TK6_WT
GFP_BAR_DSBR_2,5.0,24.0,0.0,18340.0,20,TK6_WT_2h_BR3,0.0013086150490730644,TK6,WT,2h,BR3,TK6_WT
GFP_BAR_DSBR_2,3.0,42.0,0.0,18340.0,21,TK6_WT_2h_BR3,0.0022900763358778627,TK6,WT,2h,BR3,TK6_WT
GFP_BAR_DSBR_2,5.0,51.0,0.0,18340.0,22,TK6_WT_2h_BR3,0.0027808069792802617,TK6,WT,2h,BR3,TK6_WT
GFP_BAR_DSBR_2,2.0,52.0,0.0,18340.0,23,TK6_WT_2h_BR3,0.0028353326063249727,TK6,WT,2h,BR3,TK6_WT
GFP_BAR_DSBR_2,0.0,56.0,0.0,18340.0,24,TK6_WT_2h_BR3,0.0030534351145038168,TK6,WT,2h,BR3,TK6_WT
GFP_BAR_DSBR_2,3.0,64.0,0.0,18340.0,25,TK6_WT_2h_BR3,0.003489640130861505,TK6,WT,2h,BR3,TK6_WT
GFP_BAR_DSBR_2,2.0,70.0,0.0,18340.0,26,TK6_WT_2h_BR3,0.003816793893129771,TK6,WT,2h,BR3,TK6_WT
GFP_BAR_DSBR_2,2.0,77.0,0.0,18340.0,27,TK6_WT_2h_BR3,0.004198473282442748,TK6,WT,2h,BR3,TK6_WT
GFP_BAR_DSBR_2,5.0,84.0,0.0,18340.0,28,TK6_WT_2h_BR3,0.004580152671755725,TK6,WT,2h,BR3,TK6_WT
GFP_BAR_DSBR_2,1.0,103.0,0.0,18340.0,29,TK6_WT_2h_BR3,0.0056161395856052345,TK6,WT,2h,BR3,TK6_WT
GFP_BAR_DSBR_2,5.0,111.0,0.0,18340.0,30,TK6_WT_2h_BR3,0.0060523446019629225,TK6,WT,2h,BR3,TK6_WT
GFP_BAR_DSBR_2,3.0,120.0,0.0,18340.0,31,TK6_WT_2h_BR3,0.006543075245365322,TK6,WT,2h,BR3,TK6_WT
GFP_BAR_DSBR_2,1.0,120.0,0.0,18340.0,32,TK6_WT_2h_BR3,0.006543075245365322,TK6,WT,2h,BR3,TK6_WT
GFP_BAR_DSBR_2,4.0,128.0,0.0,18340.0,33,TK6_WT_2h_BR3,0.00697928026172301,TK6,WT,2h,BR3,TK6_WT
GFP_BAR_DSBR_2,4.0,174.0,0.0,18340.0,34,TK6_WT_2h_BR3,0.009487459105779717,TK6,WT,2h,BR3,TK6_WT
GFP_BAR_DSBR_2,5.0,245.0,0.0,18340.0,35,TK6_WT_2h_BR3,0.013358778625954198,TK6,WT,2h,BR3,TK6_WT
GFP_BAR_DSBR_2,3.0,247.0,0.0,18340.0,36,TK6_WT_2h_BR3,0.01346782988004362,TK6,WT,2h,BR3,TK6_WT
GFP_BAR_DSBR_2,8.0,247.0,0.0,18340.0,37,TK6_WT_2h_BR3,0.01346782988004362,TK6,WT,2h,BR3,TK6_WT
GFP_BAR_DSBR_2,3.0,250.0,0.0,18340.0,38,TK6_WT_2h_BR3,0.013631406761177753,TK6,WT,2h,BR3,TK6_WT
GFP_BAR_DSBR_2,6.0,278.0,0.0,18340.0,39,TK6_WT_2h_BR3,0.015158124318429661,TK6,WT,2h,BR3,TK6_WT
GFP_BAR_DSBR_2,6.0,283.0,0.0,18340.0,40,TK6_WT_2h_BR3,0.015430752453653216,TK6,WT,2h,BR3,TK6_WT
GFP_BAR_DSBR_2,1.0,334.0,0.0,18340.0,41,TK6_WT_2h_BR3,0.01821155943293348,TK6,WT,2h,BR3,TK6_WT
GFP_BAR_DSBR_2,3.0,334.0,1.0,18340.0,42,TK6_WT_2h_BR3,0.01821155943293348,TK6,WT,2h,BR3,TK6_WT
GFP_BAR_DSBR_2,7.0,460.0,19.0,18340.0,43,TK6_WT_2h_BR3,0.025081788440567066,TK6,WT,2h,BR3,TK6_WT
GFP_BAR_DSBR_2,6.0,483.0,28.0,18340.0,44,TK6_WT_2h_BR3,0.02633587786259542,TK6,WT,2h,BR3,TK6_WT
GFP_BAR_DSBR_2,4.0,322.0,0.0,18340.0,45,TK6_WT_2h_BR3,0.017557251908396947,TK6,WT,2h,BR3,TK6_WT
GFP_BAR_DSBR_2,1.0,289.0,0.0,18340.0,46,TK6_WT_2h_BR3,0.015757906215921484,TK6,WT,2h,BR3,TK6_WT
GFP_BAR_DSBR_2,4.0,254.0,0.0,18340.0,47,TK6_WT_2h_BR3,0.013849509269356597,TK6,WT,2h,BR3,TK6_WT
GFP_BAR_DSBR_2,0.0,163.0,0.0,18340.0,48,TK6_WT_2h_BR3,0.008887677208287896,TK6,WT,2h,BR3,TK6_WT
GFP_BAR_DSBR_2,6.0,112.0,0.0,18340.0,49,TK6_WT_2h_BR3,0.0061068702290076335,TK6,WT,2h,BR3,TK6_WT
GFP_BAR_DSBR_2,2.0,94.0,0.0,18340.0,50,TK6_WT_2h_BR3,0.005125408942202835,TK6,WT,2h,BR3,TK6_WT
GFP_BAR_DSBR_2,2.0,88.0,0.0,18340.0,51,TK6_WT_2h_BR3,0.004798255179934569,TK6,WT,2h,BR3,TK6_WT
GFP_BAR_DSBR_2,4.0,89.0,0.0,18340.0,52,TK6_WT_2h_BR3,0.00485278080697928,TK6,WT,2h,BR3,TK6_WT
GFP_BAR_DSBR_2,3.0,83.0,0.0,18340.0,53,TK6_WT_2h_BR3,0.004525627044711014,TK6,WT,2h,BR3,TK6_WT
GFP_BAR_DSBR_2,4.0,81.0,0.0,18340.0,54,TK6_WT_2h_BR3,0.004416575790621592,TK6,WT,2h,BR3,TK6_WT
GFP_BAR_DSBR_2,1.0,70.0,0.0,18340.0,55,TK6_WT_2h_BR3,0.003816793893129771,TK6,WT,2h,BR3,TK6_WT
GFP_BAR_DSBR_2,3.0,52.0,1.0,18340.0,56,TK6_WT_2h_BR3,0.0028353326063249727,TK6,WT,2h,BR3,TK6_WT
GFP_BAR_DSBR_2,1.0,44.0,0.0,18340.0,57,TK6_WT_2h_BR3,0.0023991275899672847,TK6,WT,2h,BR3,TK6_WT
GFP_BAR_DSBR_2,7.0,34.0,0.0,18340.0,58,TK6_WT_2h_BR3,0.0018538713195201744,TK6,WT,2h,BR3,TK6_WT
GFP_BAR_DSBR_2,5.0,31.0,0.0,18340.0,59,TK6_WT_2h_BR3,0.0016902944383860414,TK6,WT,2h,BR3,TK6_WT
GFP_BAR_DSBR_2,3.0,31.0,0.0,18340.0,60,TK6_WT_2h_BR3,0.0016902944383860414,TK6,WT,2h,BR3,TK6_WT
GFP_BAR_DSBR_2,8.0,21.0,0.0,18340.0,61,TK6_WT_2h_BR3,0.0011450381679389313,TK6,WT,2h,BR3,TK6_WT
GFP_BAR_DSBR_2,3.0,17.0,0.0,18340.0,62,TK6_WT_2h_BR3,0.0009269356597600872,TK6,WT,2h,BR3,TK6_WT
GFP_BAR_DSBR_2,4.0,11.0,0.0,18340.0,63,TK6_WT_2h_BR3,0.0005997818974918212,TK6,WT,2h,BR3,TK6_WT
GFP_BAR_DSBR_2,3.0,8.0,0.0,18340.0,64,TK6_WT_2h_BR3,0.0004362050163576881,TK6,WT,2h,BR3,TK6_WT
GFP_BAR_DSBR_2,4.0,7.0,0.0,18340.0,65,TK6_WT_2h_BR3,0.0003816793893129771,TK6,WT,2h,BR3,TK6_WT
GFP_BAR_DSBR_2,3.0,2.0,0.0,18340.0,66,TK6_WT_2h_BR3,0.00010905125408942203,TK6,WT,2h,BR3,TK6_WT
GFP_BAR_DSBR_2,0.0,0.0,0.0,18340.0,67,TK6_WT_2h_BR3,0.0,TK6,WT,2h,BR3,TK6_WT
GFP_BAR_DSBR_2,0.0,0.0,0.0,18340.0,68,TK6_WT_2h_BR3,0.0,TK6,WT,2h,BR3,TK6_WT
GFP_BAR_DSBR_2,0.0,0.0,0.0,18340.0,69,TK6_WT_2h_BR3,0.0,TK6,WT,2h,BR3,TK6_WT
GFP_BAR_DSBR_2,0.0,0.0,0.0,18340.0,70,TK6_WT_2h_BR3,0.0,TK6,WT,2h,BR3,TK6_WT
GFP_BAR_DSBR_2,0.0,0.0,0.0,18340.0,71,TK6_WT_2h_BR3,0.0,TK6,WT,2h,BR3,TK6_WT
GFP_BAR_DSBR_2,0.0,0.0,18.0,18340.0,72,TK6_WT_2h_BR3,0.0,TK6,WT,2h,BR3,TK6_WT
GFP_BAR_DSBR_2,5.0,0.0,2.0,18340.0,73,TK6_WT_2h_BR3,0.0,TK6,WT,2h,BR3,TK6_WT
GFP_BAR_DSBR_2,25.0,20.0,1.0,18340.0,74,TK6_WT_2h_BR3,0.0010905125408942203,TK6,WT,2h,BR3,TK6_WT
GFP_BAR_DSBR_2,6.0,0.0,0.0,18340.0,75,TK6_WT_2h_BR3,0.0,TK6,WT,2h,BR3,TK6_WT
GFP_BAR_DSBR_2,10.0,0.0,0.0,18340.0,76,TK6_WT_2h_BR3,0.0,TK6,WT,2h,BR3,TK6_WT
GFP_BAR_DSBR_2,4.0,0.0,0.0,18340.0,77,TK6_WT_2h_BR3,0.0,TK6,WT,2h,BR3,TK6_WT
GFP_BAR_DSBR_2,1.0,0.0,0.0,18340.0,78,TK6_WT_2h_BR3,0.0,TK6,WT,2h,BR3,TK6_WT
GFP_BAR_DSBR_2,3.0,0.0,0.0,18340.0,79,TK6_WT_2h_BR3,0.0,TK6,WT,2h,BR3,TK6_WT
GFP_BAR_DSBR_2,4.0,0.0,0.0,18340.0,80,TK6_WT_2h_BR3,0.0,TK6,WT,2h,BR3,TK6_WT
GFP_BAR_DSBR_2,5.0,0.0,0.0,18340.0,81,TK6_WT_2h_BR3,0.0,TK6,WT,2h,BR3,TK6_WT
GFP_BAR_DSBR_2,5.0,0.0,0.0,18340.0,82,TK6_WT_2h_BR3,0.0,TK6,WT,2h,BR3,TK6_WT
GFP_BAR_DSBR_2,1.0,0.0,0.0,18340.0,83,TK6_WT_2h_BR3,0.0,TK6,WT,2h,BR3,TK6_WT
GFP_BAR_DSBR_2,4.0,0.0,0.0,18340.0,84,TK6_WT_2h_BR3,0.0,TK6,WT,2h,BR3,TK6_WT
GFP_BAR_DSBR_2,2.0,0.0,0.0,18340.0,85,TK6_WT_2h_BR3,0.0,TK6,WT,2h,BR3,TK6_WT
GFP_BAR_DSBR_2,3.0,0.0,0.0,18340.0,86,TK6_WT_2h_BR3,0.0,TK6,WT,2h,BR3,TK6_WT
GFP_BAR_DSBR_2,1.0,0.0,0.0,18340.0,87,TK6_WT_2h_BR3,0.0,TK6,WT,2h,BR3,TK6_WT
GFP_BAR_DSBR_2,1.0,0.0,0.0,18340.0,88,TK6_WT_2h_BR3,0.0,TK6,WT,2h,BR3,TK6_WT
GFP_BAR_DSBR_2,5.0,0.0,0.0,18340.0,89,TK6_WT_2h_BR3,0.0,TK6,WT,2h,BR3,TK6_WT
GFP_BAR_DSBR_2,4.0,0.0,0.0,18340.0,90,TK6_WT_2h_BR3,0.0,TK6,WT,2h,BR3,TK6_WT
GFP_BAR_DSBR_2,2.0,0.0,0.0,18340.0,91,TK6_WT_2h_BR3,0.0,TK6,WT,2h,BR3,TK6_WT
GFP_BAR_DSBR_2,1.0,0.0,0.0,18340.0,92,TK6_WT_2h_BR3,0.0,TK6,WT,2h,BR3,TK6_WT
GFP_BAR_DSBR_2,5.0,0.0,0.0,18340.0,93,TK6_WT_2h_BR3,0.0,TK6,WT,2h,BR3,TK6_WT
GFP_BAR_DSBR_2,5.0,0.0,0.0,18340.0,94,TK6_WT_2h_BR3,0.0,TK6,WT,2h,BR3,TK6_WT
GFP_BAR_DSBR_2,2.0,0.0,0.0,18340.0,95,TK6_WT_2h_BR3,0.0,TK6,WT,2h,BR3,TK6_WT
GFP_BAR_DSBR_2,10.0,0.0,0.0,29177.0,1,TK6_WT_4h_BR3,0.0,TK6,WT,4h,BR3,TK6_WT
GFP_BAR_DSBR_2,7.0,0.0,0.0,29177.0,2,TK6_WT_4h_BR3,0.0,TK6,WT,4h,BR3,TK6_WT
GFP_BAR_DSBR_2,5.0,0.0,0.0,29177.0,3,TK6_WT_4h_BR3,0.0,TK6,WT,4h,BR3,TK6_WT
GFP_BAR_DSBR_2,2.0,0.0,0.0,29177.0,4,TK6_WT_4h_BR3,0.0,TK6,WT,4h,BR3,TK6_WT
GFP_BAR_DSBR_2,7.0,0.0,0.0,29177.0,5,TK6_WT_4h_BR3,0.0,TK6,WT,4h,BR3,TK6_WT
GFP_BAR_DSBR_2,1.0,0.0,0.0,29177.0,6,TK6_WT_4h_BR3,0.0,TK6,WT,4h,BR3,TK6_WT
GFP_BAR_DSBR_2,3.0,0.0,0.0,29177.0,7,TK6_WT_4h_BR3,0.0,TK6,WT,4h,BR3,TK6_WT
GFP_BAR_DSBR_2,4.0,0.0,0.0,29177.0,8,TK6_WT_4h_BR3,0.0,TK6,WT,4h,BR3,TK6_WT
GFP_BAR_DSBR_2,3.0,0.0,0.0,29177.0,9,TK6_WT_4h_BR3,0.0,TK6,WT,4h,BR3,TK6_WT
GFP_BAR_DSBR_2,2.0,0.0,0.0,29177.0,10,TK6_WT_4h_BR3,0.0,TK6,WT,4h,BR3,TK6_WT
GFP_BAR_DSBR_2,2.0,0.0,0.0,29177.0,11,TK6_WT_4h_BR3,0.0,TK6,WT,4h,BR3,TK6_WT
GFP_BAR_DSBR_2,1.0,0.0,0.0,29177.0,12,TK6_WT_4h_BR3,0.0,TK6,WT,4h,BR3,TK6_WT
GFP_BAR_DSBR_2,4.0,0.0,0.0,29177.0,13,TK6_WT_4h_BR3,0.0,TK6,WT,4h,BR3,TK6_WT
GFP_BAR_DSBR_2,7.0,0.0,0.0,29177.0,14,TK6_WT_4h_BR3,0.0,TK6,WT,4h,BR3,TK6_WT
GFP_BAR_DSBR_2,10.0,0.0,0.0,29177.0,15,TK6_WT_4h_BR3,0.0,TK6,WT,4h,BR3,TK6_WT
GFP_BAR_DSBR_2,6.0,11.0,0.0,29177.0,16,TK6_WT_4h_BR3,0.00037700928813791683,TK6,WT,4h,BR3,TK6_WT
GFP_BAR_DSBR_2,10.0,13.0,0.0,29177.0,17,TK6_WT_4h_BR3,0.00044555643143571994,TK6,WT,4h,BR3,TK6_WT
GFP_BAR_DSBR_2,7.0,22.0,0.0,29177.0,18,TK6_WT_4h_BR3,0.0007540185762758337,TK6,WT,4h,BR3,TK6_WT
GFP_BAR_DSBR_2,8.0,29.0,0.0,29177.0,19,TK6_WT_4h_BR3,0.0009939335778181445,TK6,WT,4h,BR3,TK6_WT
GFP_BAR_DSBR_2,4.0,40.0,0.0,29177.0,20,TK6_WT_4h_BR3,0.0013709428659560612,TK6,WT,4h,BR3,TK6_WT
GFP_BAR_DSBR_2,3.0,73.0,0.0,29177.0,21,TK6_WT_4h_BR3,0.002501970730369812,TK6,WT,4h,BR3,TK6_WT
GFP_BAR_DSBR_2,4.0,92.0,0.0,29177.0,22,TK6_WT_4h_BR3,0.0031531685916989407,TK6,WT,4h,BR3,TK6_WT
GFP_BAR_DSBR_2,4.0,102.0,0.0,29177.0,23,TK6_WT_4h_BR3,0.0034959043081879563,TK6,WT,4h,BR3,TK6_WT
GFP_BAR_DSBR_2,2.0,116.0,0.0,29177.0,24,TK6_WT_4h_BR3,0.003975734311272578,TK6,WT,4h,BR3,TK6_WT
GFP_BAR_DSBR_2,5.0,152.0,0.0,29177.0,25,TK6_WT_4h_BR3,0.0052095828906330325,TK6,WT,4h,BR3,TK6_WT
GFP_BAR_DSBR_2,6.0,173.0,0.0,29177.0,26,TK6_WT_4h_BR3,0.005929327895259965,TK6,WT,4h,BR3,TK6_WT
GFP_BAR_DSBR_2,4.0,187.0,0.0,29177.0,27,TK6_WT_4h_BR3,0.006409157898344587,TK6,WT,4h,BR3,TK6_WT
GFP_BAR_DSBR_2,6.0,203.0,0.0,29177.0,28,TK6_WT_4h_BR3,0.006957535044727011,TK6,WT,4h,BR3,TK6_WT
GFP_BAR_DSBR_2,4.0,237.0,0.0,29177.0,29,TK6_WT_4h_BR3,0.008122836480789663,TK6,WT,4h,BR3,TK6_WT
GFP_BAR_DSBR_2,7.0,265.0,0.0,29177.0,30,TK6_WT_4h_BR3,0.009082496486958906,TK6,WT,4h,BR3,TK6_WT
GFP_BAR_DSBR_2,6.0,284.0,0.0,29177.0,31,TK6_WT_4h_BR3,0.009733694348288035,TK6,WT,4h,BR3,TK6_WT
GFP_BAR_DSBR_2,7.0,288.0,0.0,29177.0,32,TK6_WT_4h_BR3,0.00987078863488364,TK6,WT,4h,BR3,TK6_WT
GFP_BAR_DSBR_2,4.0,313.0,0.0,29177.0,33,TK6_WT_4h_BR3,0.01072762792610618,TK6,WT,4h,BR3,TK6_WT
GFP_BAR_DSBR_2,0.0,395.0,1.0,29177.0,34,TK6_WT_4h_BR3,0.013538060801316105,TK6,WT,4h,BR3,TK6_WT
GFP_BAR_DSBR_2,12.0,596.0,0.0,29177.0,35,TK6_WT_4h_BR3,0.020427048702745313,TK6,WT,4h,BR3,TK6_WT
GFP_BAR_DSBR_2,8.0,611.0,0.0,29177.0,36,TK6_WT_4h_BR3,0.020941152277478836,TK6,WT,4h,BR3,TK6_WT
GFP_BAR_DSBR_2,3.0,614.0,0.0,29177.0,37,TK6_WT_4h_BR3,0.021043972992425542,TK6,WT,4h,BR3,TK6_WT
GFP_BAR_DSBR_2,3.0,655.0,0.0,29177.0,38,TK6_WT_4h_BR3,0.022449189430030502,TK6,WT,4h,BR3,TK6_WT
GFP_BAR_DSBR_2,9.0,712.0,0.0,29177.0,39,TK6_WT_4h_BR3,0.024402783014017892,TK6,WT,4h,BR3,TK6_WT
GFP_BAR_DSBR_2,10.0,732.0,1.0,29177.0,40,TK6_WT_4h_BR3,0.02508825444699592,TK6,WT,4h,BR3,TK6_WT
GFP_BAR_DSBR_2,8.0,877.0,2.0,29177.0,41,TK6_WT_4h_BR3,0.030057922336086642,TK6,WT,4h,BR3,TK6_WT
GFP_BAR_DSBR_2,11.0,880.0,3.0,29177.0,42,TK6_WT_4h_BR3,0.030160743051033348,TK6,WT,4h,BR3,TK6_WT
GFP_BAR_DSBR_2,3.0,1184.0,32.0,29177.0,43,TK6_WT_4h_BR3,0.040579908832299415,TK6,WT,4h,BR3,TK6_WT
GFP_BAR_DSBR_2,24.0,1231.0,54.0,29177.0,44,TK6_WT_4h_BR3,0.04219076669979779,TK6,WT,4h,BR3,TK6_WT
GFP_BAR_DSBR_2,6.0,895.0,1.0,29177.0,45,TK6_WT_4h_BR3,0.03067484662576687,TK6,WT,4h,BR3,TK6_WT
GFP_BAR_DSBR_2,2.0,817.0,0.0,29177.0,46,TK6_WT_4h_BR3,0.028001508037152553,TK6,WT,4h,BR3,TK6_WT
GFP_BAR_DSBR_2,4.0,723.0,0.0,29177.0,47,TK6_WT_4h_BR3,0.02477979230215581,TK6,WT,4h,BR3,TK6_WT
GFP_BAR_DSBR_2,4.0,494.0,2.0,29177.0,48,TK6_WT_4h_BR3,0.016931144394557358,TK6,WT,4h,BR3,TK6_WT
GFP_BAR_DSBR_2,14.0,324.0,0.0,29177.0,49,TK6_WT_4h_BR3,0.011104637214244097,TK6,WT,4h,BR3,TK6_WT
GFP_BAR_DSBR_2,5.0,287.0,0.0,29177.0,50,TK6_WT_4h_BR3,0.00983651506323474,TK6,WT,4h,BR3,TK6_WT
GFP_BAR_DSBR_2,5.0,276.0,0.0,29177.0,51,TK6_WT_4h_BR3,0.009459505775096824,TK6,WT,4h,BR3,TK6_WT
GFP_BAR_DSBR_2,4.0,269.0,0.0,29177.0,52,TK6_WT_4h_BR3,0.009219590773554512,TK6,WT,4h,BR3,TK6_WT
GFP_BAR_DSBR_2,2.0,255.0,0.0,29177.0,53,TK6_WT_4h_BR3,0.00873976077046989,TK6,WT,4h,BR3,TK6_WT
GFP_BAR_DSBR_2,6.0,231.0,0.0,29177.0,54,TK6_WT_4h_BR3,0.007917195050896254,TK6,WT,4h,BR3,TK6_WT
GFP_BAR_DSBR_2,8.0,201.0,0.0,29177.0,55,TK6_WT_4h_BR3,0.006888987901429208,TK6,WT,4h,BR3,TK6_WT
GFP_BAR_DSBR_2,8.0,186.0,0.0,29177.0,56,TK6_WT_4h_BR3,0.006374884326695685,TK6,WT,4h,BR3,TK6_WT
GFP_BAR_DSBR_2,15.0,173.0,0.0,29177.0,57,TK6_WT_4h_BR3,0.005929327895259965,TK6,WT,4h,BR3,TK6_WT
GFP_BAR_DSBR_2,9.0,125.0,0.0,29177.0,58,TK6_WT_4h_BR3,0.0042841964561126916,TK6,WT,4h,BR3,TK6_WT
GFP_BAR_DSBR_2,7.0,116.0,0.0,29177.0,59,TK6_WT_4h_BR3,0.003975734311272578,TK6,WT,4h,BR3,TK6_WT
GFP_BAR_DSBR_2,5.0,103.0,0.0,29177.0,60,TK6_WT_4h_BR3,0.0035301778798368577,TK6,WT,4h,BR3,TK6_WT
GFP_BAR_DSBR_2,8.0,88.0,0.0,29177.0,61,TK6_WT_4h_BR3,0.0030160743051033346,TK6,WT,4h,BR3,TK6_WT
GFP_BAR_DSBR_2,8.0,74.0,0.0,29177.0,62,TK6_WT_4h_BR3,0.0025362443020187134,TK6,WT,4h,BR3,TK6_WT
GFP_BAR_DSBR_2,12.0,64.0,0.0,29177.0,63,TK6_WT_4h_BR3,0.002193508585529698,TK6,WT,4h,BR3,TK6_WT
GFP_BAR_DSBR_2,8.0,49.0,0.0,29177.0,64,TK6_WT_4h_BR3,0.001679405010796175,TK6,WT,4h,BR3,TK6_WT
GFP_BAR_DSBR_2,10.0,32.0,0.0,29177.0,65,TK6_WT_4h_BR3,0.001096754292764849,TK6,WT,4h,BR3,TK6_WT
GFP_BAR_DSBR_2,9.0,12.0,0.0,29177.0,66,TK6_WT_4h_BR3,0.00041128285978681836,TK6,WT,4h,BR3,TK6_WT
GFP_BAR_DSBR_2,0.0,0.0,0.0,29177.0,67,TK6_WT_4h_BR3,0.0,TK6,WT,4h,BR3,TK6_WT
GFP_BAR_DSBR_2,0.0,0.0,0.0,29177.0,68,TK6_WT_4h_BR3,0.0,TK6,WT,4h,BR3,TK6_WT
GFP_BAR_DSBR_2,0.0,0.0,0.0,29177.0,69,TK6_WT_4h_BR3,0.0,TK6,WT,4h,BR3,TK6_WT
GFP_BAR_DSBR_2,0.0,0.0,0.0,29177.0,70,TK6_WT_4h_BR3,0.0,TK6,WT,4h,BR3,TK6_WT
GFP_BAR_DSBR_2,0.0,0.0,0.0,29177.0,71,TK6_WT_4h_BR3,0.0,TK6,WT,4h,BR3,TK6_WT
GFP_BAR_DSBR_2,0.0,0.0,18.0,29177.0,72,TK6_WT_4h_BR3,0.0,TK6,WT,4h,BR3,TK6_WT
GFP_BAR_DSBR_2,4.0,0.0,0.0,29177.0,73,TK6_WT_4h_BR3,0.0,TK6,WT,4h,BR3,TK6_WT
GFP_BAR_DSBR_2,73.0,37.0,2.0,29177.0,74,TK6_WT_4h_BR3,0.0012681221510093567,TK6,WT,4h,BR3,TK6_WT
GFP_BAR_DSBR_2,8.0,0.0,0.0,29177.0,75,TK6_WT_4h_BR3,0.0,TK6,WT,4h,BR3,TK6_WT
GFP_BAR_DSBR_2,2.0,0.0,0.0,29177.0,76,TK6_WT_4h_BR3,0.0,TK6,WT,4h,BR3,TK6_WT
GFP_BAR_DSBR_2,6.0,0.0,0.0,29177.0,77,TK6_WT_4h_BR3,0.0,TK6,WT,4h,BR3,TK6_WT
GFP_BAR_DSBR_2,3.0,0.0,0.0,29177.0,78,TK6_WT_4h_BR3,0.0,TK6,WT,4h,BR3,TK6_WT
GFP_BAR_DSBR_2,6.0,0.0,0.0,29177.0,79,TK6_WT_4h_BR3,0.0,TK6,WT,4h,BR3,TK6_WT
GFP_BAR_DSBR_2,8.0,0.0,0.0,29177.0,80,TK6_WT_4h_BR3,0.0,TK6,WT,4h,BR3,TK6_WT
GFP_BAR_DSBR_2,3.0,0.0,0.0,29177.0,81,TK6_WT_4h_BR3,0.0,TK6,WT,4h,BR3,TK6_WT
GFP_BAR_DSBR_2,2.0,0.0,0.0,29177.0,82,TK6_WT_4h_BR3,0.0,TK6,WT,4h,BR3,TK6_WT
GFP_BAR_DSBR_2,4.0,0.0,0.0,29177.0,83,TK6_WT_4h_BR3,0.0,TK6,WT,4h,BR3,TK6_WT
GFP_BAR_DSBR_2,11.0,0.0,0.0,29177.0,84,TK6_WT_4h_BR3,0.0,TK6,WT,4h,BR3,TK6_WT
GFP_BAR_DSBR_2,2.0,0.0,0.0,29177.0,85,TK6_WT_4h_BR3,0.0,TK6,WT,4h,BR3,TK6_WT
GFP_BAR_DSBR_2,4.0,0.0,0.0,29177.0,86,TK6_WT_4h_BR3,0.0,TK6,WT,4h,BR3,TK6_WT
GFP_BAR_DSBR_2,3.0,0.0,0.0,29177.0,87,TK6_WT_4h_BR3,0.0,TK6,WT,4h,BR3,TK6_WT
GFP_BAR_DSBR_2,5.0,0.0,0.0,29177.0,88,TK6_WT_4h_BR3,0.0,TK6,WT,4h,BR3,TK6_WT
GFP_BAR_DSBR_2,8.0,0.0,0.0,29177.0,89,TK6_WT_4h_BR3,0.0,TK6,WT,4h,BR3,TK6_WT
GFP_BAR_DSBR_2,5.0,0.0,0.0,29177.0,90,TK6_WT_4h_BR3,0.0,TK6,WT,4h,BR3,TK6_WT
GFP_BAR_DSBR_2,6.0,0.0,0.0,29177.0,91,TK6_WT_4h_BR3,0.0,TK6,WT,4h,BR3,TK6_WT
GFP_BAR_DSBR_2,6.0,0.0,0.0,29177.0,92,TK6_WT_4h_BR3,0.0,TK6,WT,4h,BR3,TK6_WT
GFP_BAR_DSBR_2,5.0,0.0,0.0,29177.0,93,TK6_WT_4h_BR3,0.0,TK6,WT,4h,BR3,TK6_WT
GFP_BAR_DSBR_2,8.0,0.0,0.0,29177.0,94,TK6_WT_4h_BR3,0.0,TK6,WT,4h,BR3,TK6_WT
GFP_BAR_DSBR_2,7.0,0.0,0.0,29177.0,95,TK6_WT_4h_BR3,0.0,TK6,WT,4h,BR3,TK6_WT
GFP_BAR_DSBR_2,0.0,0.0,0.0,4998.0,1,TK6_WT_24h_BR3,0.0,TK6,WT,24h,BR3,TK6_WT
GFP_BAR_DSBR_2,0.0,0.0,0.0,4998.0,2,TK6_WT_24h_BR3,0.0,TK6,WT,24h,BR3,TK6_WT
GFP_BAR_DSBR_2,0.0,0.0,0.0,4998.0,3,TK6_WT_24h_BR3,0.0,TK6,WT,24h,BR3,TK6_WT
GFP_BAR_DSBR_2,0.0,0.0,0.0,4998.0,4,TK6_WT_24h_BR3,0.0,TK6,WT,24h,BR3,TK6_WT
GFP_BAR_DSBR_2,1.0,0.0,0.0,4998.0,5,TK6_WT_24h_BR3,0.0,TK6,WT,24h,BR3,TK6_WT
GFP_BAR_DSBR_2,1.0,0.0,0.0,4998.0,6,TK6_WT_24h_BR3,0.0,TK6,WT,24h,BR3,TK6_WT
GFP_BAR_DSBR_2,1.0,0.0,0.0,4998.0,7,TK6_WT_24h_BR3,0.0,TK6,WT,24h,BR3,TK6_WT
GFP_BAR_DSBR_2,0.0,0.0,0.0,4998.0,8,TK6_WT_24h_BR3,0.0,TK6,WT,24h,BR3,TK6_WT
GFP_BAR_DSBR_2,0.0,0.0,0.0,4998.0,9,TK6_WT_24h_BR3,0.0,TK6,WT,24h,BR3,TK6_WT
GFP_BAR_DSBR_2,0.0,0.0,0.0,4998.0,10,TK6_WT_24h_BR3,0.0,TK6,WT,24h,BR3,TK6_WT
GFP_BAR_DSBR_2,0.0,0.0,0.0,4998.0,11,TK6_WT_24h_BR3,0.0,TK6,WT,24h,BR3,TK6_WT
GFP_BAR_DSBR_2,0.0,0.0,0.0,4998.0,12,TK6_WT_24h_BR3,0.0,TK6,WT,24h,BR3,TK6_WT
GFP_BAR_DSBR_2,0.0,0.0,0.0,4998.0,13,TK6_WT_24h_BR3,0.0,TK6,WT,24h,BR3,TK6_WT
GFP_BAR_DSBR_2,0.0,0.0,0.0,4998.0,14,TK6_WT_24h_BR3,0.0,TK6,WT,24h,BR3,TK6_WT
GFP_BAR_DSBR_2,3.0,0.0,0.0,4998.0,15,TK6_WT_24h_BR3,0.0,TK6,WT,24h,BR3,TK6_WT
GFP_BAR_DSBR_2,1.0,2.0,0.0,4998.0,16,TK6_WT_24h_BR3,0.00040016006402561027,TK6,WT,24h,BR3,TK6_WT
GFP_BAR_DSBR_2,1.0,3.0,0.0,4998.0,17,TK6_WT_24h_BR3,0.0006002400960384153,TK6,WT,24h,BR3,TK6_WT
GFP_BAR_DSBR_2,1.0,4.0,0.0,4998.0,18,TK6_WT_24h_BR3,0.0008003201280512205,TK6,WT,24h,BR3,TK6_WT
GFP_BAR_DSBR_2,0.0,7.0,0.0,4998.0,19,TK6_WT_24h_BR3,0.0014005602240896359,TK6,WT,24h,BR3,TK6_WT
GFP_BAR_DSBR_2,0.0,7.0,0.0,4998.0,20,TK6_WT_24h_BR3,0.0014005602240896359,TK6,WT,24h,BR3,TK6_WT
GFP_BAR_DSBR_2,1.0,12.0,0.0,4998.0,21,TK6_WT_24h_BR3,0.0024009603841536613,TK6,WT,24h,BR3,TK6_WT
GFP_BAR_DSBR_2,0.0,16.0,0.0,4998.0,22,TK6_WT_24h_BR3,0.003201280512204882,TK6,WT,24h,BR3,TK6_WT
GFP_BAR_DSBR_2,2.0,17.0,0.0,4998.0,23,TK6_WT_24h_BR3,0.003401360544217687,TK6,WT,24h,BR3,TK6_WT
GFP_BAR_DSBR_2,0.0,26.0,0.0,4998.0,24,TK6_WT_24h_BR3,0.005202080832332933,TK6,WT,24h,BR3,TK6_WT
GFP_BAR_DSBR_2,1.0,38.0,0.0,4998.0,25,TK6_WT_24h_BR3,0.007603041216486595,TK6,WT,24h,BR3,TK6_WT
GFP_BAR_DSBR_2,0.0,41.0,0.0,4998.0,26,TK6_WT_24h_BR3,0.00820328131252501,TK6,WT,24h,BR3,TK6_WT
GFP_BAR_DSBR_2,2.0,44.0,0.0,4998.0,27,TK6_WT_24h_BR3,0.008803521408563426,TK6,WT,24h,BR3,TK6_WT
GFP_BAR_DSBR_2,1.0,46.0,0.0,4998.0,28,TK6_WT_24h_BR3,0.009203681472589036,TK6,WT,24h,BR3,TK6_WT
GFP_BAR_DSBR_2,0.0,61.0,0.0,4998.0,29,TK6_WT_24h_BR3,0.012204881952781112,TK6,WT,24h,BR3,TK6_WT
GFP_BAR_DSBR_2,0.0,66.0,0.0,4998.0,30,TK6_WT_24h_BR3,0.013205282112845138,TK6,WT,24h,BR3,TK6_WT
GFP_BAR_DSBR_2,1.0,69.0,0.0,4998.0,31,TK6_WT_24h_BR3,0.013805522208883553,TK6,WT,24h,BR3,TK6_WT
GFP_BAR_DSBR_2,1.0,71.0,0.0,4998.0,32,TK6_WT_24h_BR3,0.014205682272909163,TK6,WT,24h,BR3,TK6_WT
GFP_BAR_DSBR_2,0.0,74.0,0.0,4998.0,33,TK6_WT_24h_BR3,0.014805922368947578,TK6,WT,24h,BR3,TK6_WT
GFP_BAR_DSBR_2,1.0,90.0,0.0,4998.0,34,TK6_WT_24h_BR3,0.01800720288115246,TK6,WT,24h,BR3,TK6_WT
GFP_BAR_DSBR_2,1.0,140.0,0.0,4998.0,35,TK6_WT_24h_BR3,0.028011204481792718,TK6,WT,24h,BR3,TK6_WT
GFP_BAR_DSBR_2,2.0,143.0,0.0,4998.0,36,TK6_WT_24h_BR3,0.028611444577831133,TK6,WT,24h,BR3,TK6_WT
GFP_BAR_DSBR_2,0.0,143.0,0.0,4998.0,37,TK6_WT_24h_BR3,0.028611444577831133,TK6,WT,24h,BR3,TK6_WT
GFP_BAR_DSBR_2,1.0,146.0,0.0,4998.0,38,TK6_WT_24h_BR3,0.02921168467386955,TK6,WT,24h,BR3,TK6_WT
GFP_BAR_DSBR_2,0.0,156.0,0.0,4998.0,39,TK6_WT_24h_BR3,0.031212484993997598,TK6,WT,24h,BR3,TK6_WT
GFP_BAR_DSBR_2,1.0,158.0,0.0,4998.0,40,TK6_WT_24h_BR3,0.031612645058023206,TK6,WT,24h,BR3,TK6_WT
GFP_BAR_DSBR_2,0.0,176.0,0.0,4998.0,41,TK6_WT_24h_BR3,0.035214085634253704,TK6,WT,24h,BR3,TK6_WT
GFP_BAR_DSBR_2,3.0,174.0,0.0,4998.0,42,TK6_WT_24h_BR3,0.03481392557022809,TK6,WT,24h,BR3,TK6_WT
GFP_BAR_DSBR_2,1.0,258.0,2.0,4998.0,43,TK6_WT_24h_BR3,0.05162064825930372,TK6,WT,24h,BR3,TK6_WT
GFP_BAR_DSBR_2,4.0,274.0,9.0,4998.0,44,TK6_WT_24h_BR3,0.054821928771508606,TK6,WT,24h,BR3,TK6_WT
GFP_BAR_DSBR_2,2.0,225.0,0.0,4998.0,45,TK6_WT_24h_BR3,0.045018007202881155,TK6,WT,24h,BR3,TK6_WT
GFP_BAR_DSBR_2,1.0,204.0,0.0,4998.0,46,TK6_WT_24h_BR3,0.04081632653061224,TK6,WT,24h,BR3,TK6_WT
GFP_BAR_DSBR_2,1.0,177.0,0.0,4998.0,47,TK6_WT_24h_BR3,0.035414165666266505,TK6,WT,24h,BR3,TK6_WT
GFP_BAR_DSBR_2,0.0,103.0,1.0,4998.0,48,TK6_WT_24h_BR3,0.020608243297318928,TK6,WT,24h,BR3,TK6_WT
GFP_BAR_DSBR_2,2.0,68.0,0.0,4998.0,49,TK6_WT_24h_BR3,0.013605442176870748,TK6,WT,24h,BR3,TK6_WT
GFP_BAR_DSBR_2,0.0,63.0,0.0,4998.0,50,TK6_WT_24h_BR3,0.012605042016806723,TK6,WT,24h,BR3,TK6_WT
GFP_BAR_DSBR_2,1.0,62.0,0.0,4998.0,51,TK6_WT_24h_BR3,0.012404961984793917,TK6,WT,24h,BR3,TK6_WT
GFP_BAR_DSBR_2,2.0,61.0,0.0,4998.0,52,TK6_WT_24h_BR3,0.012204881952781112,TK6,WT,24h,BR3,TK6_WT
GFP_BAR_DSBR_2,1.0,52.0,0.0,4998.0,53,TK6_WT_24h_BR3,0.010404161664665866,TK6,WT,24h,BR3,TK6_WT
GFP_BAR_DSBR_2,1.0,52.0,0.0,4998.0,54,TK6_WT_24h_BR3,0.010404161664665866,TK6,WT,24h,BR3,TK6_WT
GFP_BAR_DSBR_2,0.0,46.0,0.0,4998.0,55,TK6_WT_24h_BR3,0.009203681472589036,TK6,WT,24h,BR3,TK6_WT
GFP_BAR_DSBR_2,0.0,42.0,0.0,4998.0,56,TK6_WT_24h_BR3,0.008403361344537815,TK6,WT,24h,BR3,TK6_WT
GFP_BAR_DSBR_2,0.0,35.0,0.0,4998.0,57,TK6_WT_24h_BR3,0.0070028011204481795,TK6,WT,24h,BR3,TK6_WT
GFP_BAR_DSBR_2,2.0,29.0,0.0,4998.0,58,TK6_WT_24h_BR3,0.005802320928371348,TK6,WT,24h,BR3,TK6_WT
GFP_BAR_DSBR_2,2.0,29.0,0.0,4998.0,59,TK6_WT_24h_BR3,0.005802320928371348,TK6,WT,24h,BR3,TK6_WT
GFP_BAR_DSBR_2,0.0,27.0,0.0,4998.0,60,TK6_WT_24h_BR3,0.005402160864345739,TK6,WT,24h,BR3,TK6_WT
GFP_BAR_DSBR_2,0.0,23.0,0.0,4998.0,61,TK6_WT_24h_BR3,0.004601840736294518,TK6,WT,24h,BR3,TK6_WT
GFP_BAR_DSBR_2,2.0,16.0,0.0,4998.0,62,TK6_WT_24h_BR3,0.003201280512204882,TK6,WT,24h,BR3,TK6_WT
GFP_BAR_DSBR_2,0.0,11.0,0.0,4998.0,63,TK6_WT_24h_BR3,0.0022008803521408565,TK6,WT,24h,BR3,TK6_WT
GFP_BAR_DSBR_2,3.0,8.0,0.0,4998.0,64,TK6_WT_24h_BR3,0.001600640256102441,TK6,WT,24h,BR3,TK6_WT
GFP_BAR_DSBR_2,2.0,5.0,0.0,4998.0,65,TK6_WT_24h_BR3,0.0010004001600640256,TK6,WT,24h,BR3,TK6_WT
GFP_BAR_DSBR_2,0.0,0.0,0.0,4998.0,66,TK6_WT_24h_BR3,0.0,TK6,WT,24h,BR3,TK6_WT
GFP_BAR_DSBR_2,0.0,0.0,0.0,4998.0,67,TK6_WT_24h_BR3,0.0,TK6,WT,24h,BR3,TK6_WT
GFP_BAR_DSBR_2,0.0,0.0,0.0,4998.0,68,TK6_WT_24h_BR3,0.0,TK6,WT,24h,BR3,TK6_WT
GFP_BAR_DSBR_2,0.0,0.0,0.0,4998.0,69,TK6_WT_24h_BR3,0.0,TK6,WT,24h,BR3,TK6_WT
GFP_BAR_DSBR_2,0.0,0.0,0.0,4998.0,70,TK6_WT_24h_BR3,0.0,TK6,WT,24h,BR3,TK6_WT
GFP_BAR_DSBR_2,0.0,0.0,0.0,4998.0,71,TK6_WT_24h_BR3,0.0,TK6,WT,24h,BR3,TK6_WT
GFP_BAR_DSBR_2,0.0,0.0,6.0,4998.0,72,TK6_WT_24h_BR3,0.0,TK6,WT,24h,BR3,TK6_WT
GFP_BAR_DSBR_2,1.0,0.0,0.0,4998.0,73,TK6_WT_24h_BR3,0.0,TK6,WT,24h,BR3,TK6_WT
GFP_BAR_DSBR_2,2.0,1.0,0.0,4998.0,74,TK6_WT_24h_BR3,0.00020008003201280514,TK6,WT,24h,BR3,TK6_WT
GFP_BAR_DSBR_2,2.0,0.0,0.0,4998.0,75,TK6_WT_24h_BR3,0.0,TK6,WT,24h,BR3,TK6_WT
GFP_BAR_DSBR_2,0.0,0.0,0.0,4998.0,76,TK6_WT_24h_BR3,0.0,TK6,WT,24h,BR3,TK6_WT
GFP_BAR_DSBR_2,1.0,0.0,0.0,4998.0,77,TK6_WT_24h_BR3,0.0,TK6,WT,24h,BR3,TK6_WT
GFP_BAR_DSBR_2,0.0,0.0,0.0,4998.0,78,TK6_WT_24h_BR3,0.0,TK6,WT,24h,BR3,TK6_WT
GFP_BAR_DSBR_2,1.0,0.0,0.0,4998.0,79,TK6_WT_24h_BR3,0.0,TK6,WT,24h,BR3,TK6_WT
GFP_BAR_DSBR_2,1.0,0.0,0.0,4998.0,80,TK6_WT_24h_BR3,0.0,TK6,WT,24h,BR3,TK6_WT
GFP_BAR_DSBR_2,0.0,0.0,0.0,4998.0,81,TK6_WT_24h_BR3,0.0,TK6,WT,24h,BR3,TK6_WT
GFP_BAR_DSBR_2,1.0,0.0,0.0,4998.0,82,TK6_WT_24h_BR3,0.0,TK6,WT,24h,BR3,TK6_WT
GFP_BAR_DSBR_2,1.0,0.0,0.0,4998.0,83,TK6_WT_24h_BR3,0.0,TK6,WT,24h,BR3,TK6_WT
GFP_BAR_DSBR_2,0.0,0.0,0.0,4998.0,84,TK6_WT_24h_BR3,0.0,TK6,WT,24h,BR3,TK6_WT
GFP_BAR_DSBR_2,0.0,0.0,0.0,4998.0,85,TK6_WT_24h_BR3,0.0,TK6,WT,24h,BR3,TK6_WT
GFP_BAR_DSBR_2,0.0,0.0,0.0,4998.0,86,TK6_WT_24h_BR3,0.0,TK6,WT,24h,BR3,TK6_WT
GFP_BAR_DSBR_2,0.0,0.0,0.0,4998.0,87,TK6_WT_24h_BR3,0.0,TK6,WT,24h,BR3,TK6_WT
GFP_BAR_DSBR_2,2.0,0.0,0.0,4998.0,88,TK6_WT_24h_BR3,0.0,TK6,WT,24h,BR3,TK6_WT
GFP_BAR_DSBR_2,0.0,0.0,0.0,4998.0,89,TK6_WT_24h_BR3,0.0,TK6,WT,24h,BR3,TK6_WT
GFP_BAR_DSBR_2,0.0,0.0,0.0,4998.0,90,TK6_WT_24h_BR3,0.0,TK6,WT,24h,BR3,TK6_WT
GFP_BAR_DSBR_2,1.0,0.0,0.0,4998.0,91,TK6_WT_24h_BR3,0.0,TK6,WT,24h,BR3,TK6_WT
GFP_BAR_DSBR_2,0.0,0.0,0.0,4998.0,92,TK6_WT_24h_BR3,0.0,TK6,WT,24h,BR3,TK6_WT
GFP_BAR_DSBR_2,0.0,0.0,0.0,4998.0,93,TK6_WT_24h_BR3,0.0,TK6,WT,24h,BR3,TK6_WT
GFP_BAR_DSBR_2,0.0,0.0,0.0,4998.0,94,TK6_WT_24h_BR3,0.0,TK6,WT,24h,BR3,TK6_WT
GFP_BAR_DSBR_2,0.0,0.0,0.0,4998.0,95,TK6_WT_24h_BR3,0.0,TK6,WT,24h,BR3,TK6_WT
GFP_BAR_DSBR_2,0.0,0.0,0.0,143.0,1,TK6_LIG4_2h_BR2,0.0,TK6,LIG4,2h,BR2,TK6_LIG4
GFP_BAR_DSBR_2,0.0,0.0,0.0,143.0,2,TK6_LIG4_2h_BR2,0.0,TK6,LIG4,2h,BR2,TK6_LIG4
GFP_BAR_DSBR_2,0.0,0.0,0.0,143.0,3,TK6_LIG4_2h_BR2,0.0,TK6,LIG4,2h,BR2,TK6_LIG4
GFP_BAR_DSBR_2,0.0,0.0,0.0,143.0,4,TK6_LIG4_2h_BR2,0.0,TK6,LIG4,2h,BR2,TK6_LIG4
GFP_BAR_DSBR_2,0.0,0.0,0.0,143.0,5,TK6_LIG4_2h_BR2,0.0,TK6,LIG4,2h,BR2,TK6_LIG4
GFP_BAR_DSBR_2,0.0,0.0,0.0,143.0,6,TK6_LIG4_2h_BR2,0.0,TK6,LIG4,2h,BR2,TK6_LIG4
GFP_BAR_DSBR_2,0.0,0.0,0.0,143.0,7,TK6_LIG4_2h_BR2,0.0,TK6,LIG4,2h,BR2,TK6_LIG4
GFP_BAR_DSBR_2,0.0,0.0,0.0,143.0,8,TK6_LIG4_2h_BR2,0.0,TK6,LIG4,2h,BR2,TK6_LIG4
GFP_BAR_DSBR_2,0.0,0.0,0.0,143.0,9,TK6_LIG4_2h_BR2,0.0,TK6,LIG4,2h,BR2,TK6_LIG4
GFP_BAR_DSBR_2,0.0,0.0,0.0,143.0,10,TK6_LIG4_2h_BR2,0.0,TK6,LIG4,2h,BR2,TK6_LIG4
GFP_BAR_DSBR_2,0.0,0.0,0.0,143.0,11,TK6_LIG4_2h_BR2,0.0,TK6,LIG4,2h,BR2,TK6_LIG4
GFP_BAR_DSBR_2,0.0,0.0,0.0,143.0,12,TK6_LIG4_2h_BR2,0.0,TK6,LIG4,2h,BR2,TK6_LIG4
GFP_BAR_DSBR_2,0.0,0.0,0.0,143.0,13,TK6_LIG4_2h_BR2,0.0,TK6,LIG4,2h,BR2,TK6_LIG4
GFP_BAR_DSBR_2,0.0,0.0,0.0,143.0,14,TK6_LIG4_2h_BR2,0.0,TK6,LIG4,2h,BR2,TK6_LIG4
GFP_BAR_DSBR_2,0.0,0.0,0.0,143.0,15,TK6_LIG4_2h_BR2,0.0,TK6,LIG4,2h,BR2,TK6_LIG4
GFP_BAR_DSBR_2,0.0,0.0,0.0,143.0,16,TK6_LIG4_2h_BR2,0.0,TK6,LIG4,2h,BR2,TK6_LIG4
GFP_BAR_DSBR_2,0.0,1.0,0.0,143.0,17,TK6_LIG4_2h_BR2,0.006993006993006993,TK6,LIG4,2h,BR2,TK6_LIG4
GFP_BAR_DSBR_2,0.0,1.0,0.0,143.0,18,TK6_LIG4_2h_BR2,0.006993006993006993,TK6,LIG4,2h,BR2,TK6_LIG4
GFP_BAR_DSBR_2,0.0,1.0,0.0,143.0,19,TK6_LIG4_2h_BR2,0.006993006993006993,TK6,LIG4,2h,BR2,TK6_LIG4
GFP_BAR_DSBR_2,0.0,1.0,0.0,143.0,20,TK6_LIG4_2h_BR2,0.006993006993006993,TK6,LIG4,2h,BR2,TK6_LIG4
GFP_BAR_DSBR_2,0.0,1.0,0.0,143.0,21,TK6_LIG4_2h_BR2,0.006993006993006993,TK6,LIG4,2h,BR2,TK6_LIG4
GFP_BAR_DSBR_2,0.0,1.0,0.0,143.0,22,TK6_LIG4_2h_BR2,0.006993006993006993,TK6,LIG4,2h,BR2,TK6_LIG4
GFP_BAR_DSBR_2,0.0,1.0,0.0,143.0,23,TK6_LIG4_2h_BR2,0.006993006993006993,TK6,LIG4,2h,BR2,TK6_LIG4
GFP_BAR_DSBR_2,0.0,1.0,0.0,143.0,24,TK6_LIG4_2h_BR2,0.006993006993006993,TK6,LIG4,2h,BR2,TK6_LIG4
GFP_BAR_DSBR_2,0.0,1.0,0.0,143.0,25,TK6_LIG4_2h_BR2,0.006993006993006993,TK6,LIG4,2h,BR2,TK6_LIG4
GFP_BAR_DSBR_2,0.0,1.0,0.0,143.0,26,TK6_LIG4_2h_BR2,0.006993006993006993,TK6,LIG4,2h,BR2,TK6_LIG4
GFP_BAR_DSBR_2,0.0,1.0,0.0,143.0,27,TK6_LIG4_2h_BR2,0.006993006993006993,TK6,LIG4,2h,BR2,TK6_LIG4
GFP_BAR_DSBR_2,0.0,1.0,0.0,143.0,28,TK6_LIG4_2h_BR2,0.006993006993006993,TK6,LIG4,2h,BR2,TK6_LIG4
GFP_BAR_DSBR_2,0.0,1.0,0.0,143.0,29,TK6_LIG4_2h_BR2,0.006993006993006993,TK6,LIG4,2h,BR2,TK6_LIG4
GFP_BAR_DSBR_2,0.0,1.0,0.0,143.0,30,TK6_LIG4_2h_BR2,0.006993006993006993,TK6,LIG4,2h,BR2,TK6_LIG4
GFP_BAR_DSBR_2,0.0,1.0,0.0,143.0,31,TK6_LIG4_2h_BR2,0.006993006993006993,TK6,LIG4,2h,BR2,TK6_LIG4
GFP_BAR_DSBR_2,0.0,1.0,0.0,143.0,32,TK6_LIG4_2h_BR2,0.006993006993006993,TK6,LIG4,2h,BR2,TK6_LIG4
GFP_BAR_DSBR_2,0.0,1.0,0.0,143.0,33,TK6_LIG4_2h_BR2,0.006993006993006993,TK6,LIG4,2h,BR2,TK6_LIG4
GFP_BAR_DSBR_2,0.0,3.0,0.0,143.0,34,TK6_LIG4_2h_BR2,0.02097902097902098,TK6,LIG4,2h,BR2,TK6_LIG4
GFP_BAR_DSBR_2,0.0,56.0,0.0,143.0,35,TK6_LIG4_2h_BR2,0.3916083916083916,TK6,LIG4,2h,BR2,TK6_LIG4
GFP_BAR_DSBR_2,0.0,56.0,0.0,143.0,36,TK6_LIG4_2h_BR2,0.3916083916083916,TK6,LIG4,2h,BR2,TK6_LIG4
GFP_BAR_DSBR_2,0.0,56.0,0.0,143.0,37,TK6_LIG4_2h_BR2,0.3916083916083916,TK6,LIG4,2h,BR2,TK6_LIG4
GFP_BAR_DSBR_2,0.0,56.0,0.0,143.0,38,TK6_LIG4_2h_BR2,0.3916083916083916,TK6,LIG4,2h,BR2,TK6_LIG4
GFP_BAR_DSBR_2,0.0,56.0,0.0,143.0,39,TK6_LIG4_2h_BR2,0.3916083916083916,TK6,LIG4,2h,BR2,TK6_LIG4
GFP_BAR_DSBR_2,0.0,56.0,0.0,143.0,40,TK6_LIG4_2h_BR2,0.3916083916083916,TK6,LIG4,2h,BR2,TK6_LIG4
GFP_BAR_DSBR_2,0.0,56.0,0.0,143.0,41,TK6_LIG4_2h_BR2,0.3916083916083916,TK6,LIG4,2h,BR2,TK6_LIG4
GFP_BAR_DSBR_2,0.0,56.0,0.0,143.0,42,TK6_LIG4_2h_BR2,0.3916083916083916,TK6,LIG4,2h,BR2,TK6_LIG4
GFP_BAR_DSBR_2,0.0,61.0,0.0,143.0,43,TK6_LIG4_2h_BR2,0.42657342657342656,TK6,LIG4,2h,BR2,TK6_LIG4
GFP_BAR_DSBR_2,1.0,61.0,0.0,143.0,44,TK6_LIG4_2h_BR2,0.42657342657342656,TK6,LIG4,2h,BR2,TK6_LIG4
GFP_BAR_DSBR_2,0.0,61.0,0.0,143.0,45,TK6_LIG4_2h_BR2,0.42657342657342656,TK6,LIG4,2h,BR2,TK6_LIG4
GFP_BAR_DSBR_2,0.0,61.0,0.0,143.0,46,TK6_LIG4_2h_BR2,0.42657342657342656,TK6,LIG4,2h,BR2,TK6_LIG4
GFP_BAR_DSBR_2,0.0,61.0,0.0,143.0,47,TK6_LIG4_2h_BR2,0.42657342657342656,TK6,LIG4,2h,BR2,TK6_LIG4
GFP_BAR_DSBR_2,0.0,61.0,0.0,143.0,48,TK6_LIG4_2h_BR2,0.42657342657342656,TK6,LIG4,2h,BR2,TK6_LIG4
GFP_BAR_DSBR_2,0.0,6.0,0.0,143.0,49,TK6_LIG4_2h_BR2,0.04195804195804196,TK6,LIG4,2h,BR2,TK6_LIG4
GFP_BAR_DSBR_2,0.0,6.0,0.0,143.0,50,TK6_LIG4_2h_BR2,0.04195804195804196,TK6,LIG4,2h,BR2,TK6_LIG4
GFP_BAR_DSBR_2,0.0,6.0,0.0,143.0,51,TK6_LIG4_2h_BR2,0.04195804195804196,TK6,LIG4,2h,BR2,TK6_LIG4
GFP_BAR_DSBR_2,0.0,6.0,0.0,143.0,52,TK6_LIG4_2h_BR2,0.04195804195804196,TK6,LIG4,2h,BR2,TK6_LIG4
GFP_BAR_DSBR_2,0.0,6.0,0.0,143.0,53,TK6_LIG4_2h_BR2,0.04195804195804196,TK6,LIG4,2h,BR2,TK6_LIG4
GFP_BAR_DSBR_2,0.0,6.0,0.0,143.0,54,TK6_LIG4_2h_BR2,0.04195804195804196,TK6,LIG4,2h,BR2,TK6_LIG4
GFP_BAR_DSBR_2,0.0,5.0,0.0,143.0,55,TK6_LIG4_2h_BR2,0.03496503496503497,TK6,LIG4,2h,BR2,TK6_LIG4
GFP_BAR_DSBR_2,0.0,3.0,0.0,143.0,56,TK6_LIG4_2h_BR2,0.02097902097902098,TK6,LIG4,2h,BR2,TK6_LIG4
GFP_BAR_DSBR_2,0.0,3.0,0.0,143.0,57,TK6_LIG4_2h_BR2,0.02097902097902098,TK6,LIG4,2h,BR2,TK6_LIG4
GFP_BAR_DSBR_2,0.0,3.0,0.0,143.0,58,TK6_LIG4_2h_BR2,0.02097902097902098,TK6,LIG4,2h,BR2,TK6_LIG4
GFP_BAR_DSBR_2,0.0,3.0,0.0,143.0,59,TK6_LIG4_2h_BR2,0.02097902097902098,TK6,LIG4,2h,BR2,TK6_LIG4
GFP_BAR_DSBR_2,0.0,3.0,0.0,143.0,60,TK6_LIG4_2h_BR2,0.02097902097902098,TK6,LIG4,2h,BR2,TK6_LIG4
GFP_BAR_DSBR_2,0.0,3.0,0.0,143.0,61,TK6_LIG4_2h_BR2,0.02097902097902098,TK6,LIG4,2h,BR2,TK6_LIG4
GFP_BAR_DSBR_2,0.0,0.0,0.0,143.0,62,TK6_LIG4_2h_BR2,0.0,TK6,LIG4,2h,BR2,TK6_LIG4
GFP_BAR_DSBR_2,0.0,0.0,0.0,143.0,63,TK6_LIG4_2h_BR2,0.0,TK6,LIG4,2h,BR2,TK6_LIG4
GFP_BAR_DSBR_2,0.0,0.0,0.0,143.0,64,TK6_LIG4_2h_BR2,0.0,TK6,LIG4,2h,BR2,TK6_LIG4
GFP_BAR_DSBR_2,0.0,0.0,0.0,143.0,65,TK6_LIG4_2h_BR2,0.0,TK6,LIG4,2h,BR2,TK6_LIG4
GFP_BAR_DSBR_2,0.0,0.0,0.0,143.0,66,TK6_LIG4_2h_BR2,0.0,TK6,LIG4,2h,BR2,TK6_LIG4
GFP_BAR_DSBR_2,0.0,0.0,0.0,143.0,67,TK6_LIG4_2h_BR2,0.0,TK6,LIG4,2h,BR2,TK6_LIG4
GFP_BAR_DSBR_2,0.0,0.0,0.0,143.0,68,TK6_LIG4_2h_BR2,0.0,TK6,LIG4,2h,BR2,TK6_LIG4
GFP_BAR_DSBR_2,0.0,0.0,0.0,143.0,69,TK6_LIG4_2h_BR2,0.0,TK6,LIG4,2h,BR2,TK6_LIG4
GFP_BAR_DSBR_2,0.0,0.0,0.0,143.0,70,TK6_LIG4_2h_BR2,0.0,TK6,LIG4,2h,BR2,TK6_LIG4
GFP_BAR_DSBR_2,0.0,0.0,0.0,143.0,71,TK6_LIG4_2h_BR2,0.0,TK6,LIG4,2h,BR2,TK6_LIG4
GFP_BAR_DSBR_2,0.0,0.0,0.0,143.0,72,TK6_LIG4_2h_BR2,0.0,TK6,LIG4,2h,BR2,TK6_LIG4
GFP_BAR_DSBR_2,0.0,0.0,0.0,143.0,73,TK6_LIG4_2h_BR2,0.0,TK6,LIG4,2h,BR2,TK6_LIG4
GFP_BAR_DSBR_2,0.0,0.0,0.0,143.0,74,TK6_LIG4_2h_BR2,0.0,TK6,LIG4,2h,BR2,TK6_LIG4
GFP_BAR_DSBR_2,0.0,0.0,0.0,143.0,75,TK6_LIG4_2h_BR2,0.0,TK6,LIG4,2h,BR2,TK6_LIG4
GFP_BAR_DSBR_2,0.0,0.0,0.0,143.0,76,TK6_LIG4_2h_BR2,0.0,TK6,LIG4,2h,BR2,TK6_LIG4
GFP_BAR_DSBR_2,0.0,0.0,0.0,143.0,77,TK6_LIG4_2h_BR2,0.0,TK6,LIG4,2h,BR2,TK6_LIG4
GFP_BAR_DSBR_2,0.0,0.0,0.0,143.0,78,TK6_LIG4_2h_BR2,0.0,TK6,LIG4,2h,BR2,TK6_LIG4
GFP_BAR_DSBR_2,0.0,0.0,0.0,143.0,79,TK6_LIG4_2h_BR2,0.0,TK6,LIG4,2h,BR2,TK6_LIG4
GFP_BAR_DSBR_2,0.0,0.0,0.0,143.0,80,TK6_LIG4_2h_BR2,0.0,TK6,LIG4,2h,BR2,TK6_LIG4
GFP_BAR_DSBR_2,0.0,0.0,0.0,143.0,81,TK6_LIG4_2h_BR2,0.0,TK6,LIG4,2h,BR2,TK6_LIG4
GFP_BAR_DSBR_2,0.0,0.0,0.0,143.0,82,TK6_LIG4_2h_BR2,0.0,TK6,LIG4,2h,BR2,TK6_LIG4
GFP_BAR_DSBR_2,0.0,0.0,0.0,143.0,83,TK6_LIG4_2h_BR2,0.0,TK6,LIG4,2h,BR2,TK6_LIG4
GFP_BAR_DSBR_2,0.0,0.0,0.0,143.0,84,TK6_LIG4_2h_BR2,0.0,TK6,LIG4,2h,BR2,TK6_LIG4
GFP_BAR_DSBR_2,0.0,0.0,0.0,143.0,85,TK6_LIG4_2h_BR2,0.0,TK6,LIG4,2h,BR2,TK6_LIG4
GFP_BAR_DSBR_2,0.0,0.0,0.0,143.0,86,TK6_LIG4_2h_BR2,0.0,TK6,LIG4,2h,BR2,TK6_LIG4
GFP_BAR_DSBR_2,0.0,0.0,0.0,143.0,87,TK6_LIG4_2h_BR2,0.0,TK6,LIG4,2h,BR2,TK6_LIG4
GFP_BAR_DSBR_2,0.0,0.0,0.0,143.0,88,TK6_LIG4_2h_BR2,0.0,TK6,LIG4,2h,BR2,TK6_LIG4
GFP_BAR_DSBR_2,0.0,0.0,0.0,143.0,89,TK6_LIG4_2h_BR2,0.0,TK6,LIG4,2h,BR2,TK6_LIG4
GFP_BAR_DSBR_2,0.0,0.0,0.0,143.0,90,TK6_LIG4_2h_BR2,0.0,TK6,LIG4,2h,BR2,TK6_LIG4
GFP_BAR_DSBR_2,0.0,0.0,0.0,143.0,91,TK6_LIG4_2h_BR2,0.0,TK6,LIG4,2h,BR2,TK6_LIG4
GFP_BAR_DSBR_2,0.0,0.0,0.0,143.0,92,TK6_LIG4_2h_BR2,0.0,TK6,LIG4,2h,BR2,TK6_LIG4
GFP_BAR_DSBR_2,0.0,0.0,0.0,143.0,93,TK6_LIG4_2h_BR2,0.0,TK6,LIG4,2h,BR2,TK6_LIG4
GFP_BAR_DSBR_2,0.0,0.0,0.0,143.0,94,TK6_LIG4_2h_BR2,0.0,TK6,LIG4,2h,BR2,TK6_LIG4
GFP_BAR_DSBR_2,1.0,0.0,0.0,143.0,95,TK6_LIG4_2h_BR2,0.0,TK6,LIG4,2h,BR2,TK6_LIG4
GFP_BAR_DSBR_2,0.0,0.0,0.0,129.0,1,TK6_LIG4_2h_BR3,0.0,TK6,LIG4,2h,BR3,TK6_LIG4
GFP_BAR_DSBR_2,0.0,0.0,0.0,129.0,2,TK6_LIG4_2h_BR3,0.0,TK6,LIG4,2h,BR3,TK6_LIG4
GFP_BAR_DSBR_2,0.0,0.0,0.0,129.0,3,TK6_LIG4_2h_BR3,0.0,TK6,LIG4,2h,BR3,TK6_LIG4
GFP_BAR_DSBR_2,0.0,0.0,0.0,129.0,4,TK6_LIG4_2h_BR3,0.0,TK6,LIG4,2h,BR3,TK6_LIG4
GFP_BAR_DSBR_2,0.0,0.0,0.0,129.0,5,TK6_LIG4_2h_BR3,0.0,TK6,LIG4,2h,BR3,TK6_LIG4
GFP_BAR_DSBR_2,0.0,0.0,0.0,129.0,6,TK6_LIG4_2h_BR3,0.0,TK6,LIG4,2h,BR3,TK6_LIG4
GFP_BAR_DSBR_2,0.0,0.0,0.0,129.0,7,TK6_LIG4_2h_BR3,0.0,TK6,LIG4,2h,BR3,TK6_LIG4
GFP_BAR_DSBR_2,0.0,0.0,0.0,129.0,8,TK6_LIG4_2h_BR3,0.0,TK6,LIG4,2h,BR3,TK6_LIG4
GFP_BAR_DSBR_2,0.0,0.0,0.0,129.0,9,TK6_LIG4_2h_BR3,0.0,TK6,LIG4,2h,BR3,TK6_LIG4
GFP_BAR_DSBR_2,2.0,0.0,0.0,129.0,10,TK6_LIG4_2h_BR3,0.0,TK6,LIG4,2h,BR3,TK6_LIG4
GFP_BAR_DSBR_2,0.0,0.0,0.0,129.0,11,TK6_LIG4_2h_BR3,0.0,TK6,LIG4,2h,BR3,TK6_LIG4
GFP_BAR_DSBR_2,0.0,0.0,0.0,129.0,12,TK6_LIG4_2h_BR3,0.0,TK6,LIG4,2h,BR3,TK6_LIG4
GFP_BAR_DSBR_2,0.0,0.0,0.0,129.0,13,TK6_LIG4_2h_BR3,0.0,TK6,LIG4,2h,BR3,TK6_LIG4
GFP_BAR_DSBR_2,0.0,0.0,0.0,129.0,14,TK6_LIG4_2h_BR3,0.0,TK6,LIG4,2h,BR3,TK6_LIG4
GFP_BAR_DSBR_2,0.0,0.0,0.0,129.0,15,TK6_LIG4_2h_BR3,0.0,TK6,LIG4,2h,BR3,TK6_LIG4
GFP_BAR_DSBR_2,0.0,0.0,0.0,129.0,16,TK6_LIG4_2h_BR3,0.0,TK6,LIG4,2h,BR3,TK6_LIG4
GFP_BAR_DSBR_2,0.0,0.0,0.0,129.0,17,TK6_LIG4_2h_BR3,0.0,TK6,LIG4,2h,BR3,TK6_LIG4
GFP_BAR_DSBR_2,0.0,0.0,0.0,129.0,18,TK6_LIG4_2h_BR3,0.0,TK6,LIG4,2h,BR3,TK6_LIG4
GFP_BAR_DSBR_2,1.0,0.0,0.0,129.0,19,TK6_LIG4_2h_BR3,0.0,TK6,LIG4,2h,BR3,TK6_LIG4
GFP_BAR_DSBR_2,0.0,0.0,0.0,129.0,20,TK6_LIG4_2h_BR3,0.0,TK6,LIG4,2h,BR3,TK6_LIG4
GFP_BAR_DSBR_2,0.0,0.0,0.0,129.0,21,TK6_LIG4_2h_BR3,0.0,TK6,LIG4,2h,BR3,TK6_LIG4
GFP_BAR_DSBR_2,0.0,0.0,0.0,129.0,22,TK6_LIG4_2h_BR3,0.0,TK6,LIG4,2h,BR3,TK6_LIG4
GFP_BAR_DSBR_2,0.0,0.0,0.0,129.0,23,TK6_LIG4_2h_BR3,0.0,TK6,LIG4,2h,BR3,TK6_LIG4
GFP_BAR_DSBR_2,0.0,0.0,0.0,129.0,24,TK6_LIG4_2h_BR3,0.0,TK6,LIG4,2h,BR3,TK6_LIG4
GFP_BAR_DSBR_2,0.0,0.0,0.0,129.0,25,TK6_LIG4_2h_BR3,0.0,TK6,LIG4,2h,BR3,TK6_LIG4
GFP_BAR_DSBR_2,0.0,0.0,0.0,129.0,26,TK6_LIG4_2h_BR3,0.0,TK6,LIG4,2h,BR3,TK6_LIG4
GFP_BAR_DSBR_2,0.0,0.0,0.0,129.0,27,TK6_LIG4_2h_BR3,0.0,TK6,LIG4,2h,BR3,TK6_LIG4
GFP_BAR_DSBR_2,0.0,0.0,0.0,129.0,28,TK6_LIG4_2h_BR3,0.0,TK6,LIG4,2h,BR3,TK6_LIG4
GFP_BAR_DSBR_2,0.0,0.0,0.0,129.0,29,TK6_LIG4_2h_BR3,0.0,TK6,LIG4,2h,BR3,TK6_LIG4
GFP_BAR_DSBR_2,0.0,0.0,0.0,129.0,30,TK6_LIG4_2h_BR3,0.0,TK6,LIG4,2h,BR3,TK6_LIG4
GFP_BAR_DSBR_2,1.0,0.0,0.0,129.0,31,TK6_LIG4_2h_BR3,0.0,TK6,LIG4,2h,BR3,TK6_LIG4
GFP_BAR_DSBR_2,0.0,0.0,0.0,129.0,32,TK6_LIG4_2h_BR3,0.0,TK6,LIG4,2h,BR3,TK6_LIG4
GFP_BAR_DSBR_2,0.0,0.0,0.0,129.0,33,TK6_LIG4_2h_BR3,0.0,TK6,LIG4,2h,BR3,TK6_LIG4
GFP_BAR_DSBR_2,0.0,2.0,0.0,129.0,34,TK6_LIG4_2h_BR3,0.015503875968992248,TK6,LIG4,2h,BR3,TK6_LIG4
GFP_BAR_DSBR_2,0.0,32.0,0.0,129.0,35,TK6_LIG4_2h_BR3,0.24806201550387597,TK6,LIG4,2h,BR3,TK6_LIG4
GFP_BAR_DSBR_2,0.0,32.0,0.0,129.0,36,TK6_LIG4_2h_BR3,0.24806201550387597,TK6,LIG4,2h,BR3,TK6_LIG4
GFP_BAR_DSBR_2,0.0,32.0,0.0,129.0,37,TK6_LIG4_2h_BR3,0.24806201550387597,TK6,LIG4,2h,BR3,TK6_LIG4
GFP_BAR_DSBR_2,0.0,32.0,0.0,129.0,38,TK6_LIG4_2h_BR3,0.24806201550387597,TK6,LIG4,2h,BR3,TK6_LIG4
GFP_BAR_DSBR_2,0.0,32.0,0.0,129.0,39,TK6_LIG4_2h_BR3,0.24806201550387597,TK6,LIG4,2h,BR3,TK6_LIG4
GFP_BAR_DSBR_2,0.0,32.0,0.0,129.0,40,TK6_LIG4_2h_BR3,0.24806201550387597,TK6,LIG4,2h,BR3,TK6_LIG4
GFP_BAR_DSBR_2,1.0,32.0,0.0,129.0,41,TK6_LIG4_2h_BR3,0.24806201550387597,TK6,LIG4,2h,BR3,TK6_LIG4
GFP_BAR_DSBR_2,0.0,32.0,0.0,129.0,42,TK6_LIG4_2h_BR3,0.24806201550387597,TK6,LIG4,2h,BR3,TK6_LIG4
GFP_BAR_DSBR_2,1.0,33.0,0.0,129.0,43,TK6_LIG4_2h_BR3,0.2558139534883721,TK6,LIG4,2h,BR3,TK6_LIG4
GFP_BAR_DSBR_2,0.0,33.0,1.0,129.0,44,TK6_LIG4_2h_BR3,0.2558139534883721,TK6,LIG4,2h,BR3,TK6_LIG4
GFP_BAR_DSBR_2,0.0,33.0,0.0,129.0,45,TK6_LIG4_2h_BR3,0.2558139534883721,TK6,LIG4,2h,BR3,TK6_LIG4
GFP_BAR_DSBR_2,0.0,33.0,0.0,129.0,46,TK6_LIG4_2h_BR3,0.2558139534883721,TK6,LIG4,2h,BR3,TK6_LIG4
GFP_BAR_DSBR_2,0.0,33.0,0.0,129.0,47,TK6_LIG4_2h_BR3,0.2558139534883721,TK6,LIG4,2h,BR3,TK6_LIG4
GFP_BAR_DSBR_2,0.0,30.0,0.0,129.0,48,TK6_LIG4_2h_BR3,0.23255813953488372,TK6,LIG4,2h,BR3,TK6_LIG4
GFP_BAR_DSBR_2,0.0,0.0,0.0,129.0,49,TK6_LIG4_2h_BR3,0.0,TK6,LIG4,2h,BR3,TK6_LIG4
GFP_BAR_DSBR_2,0.0,0.0,0.0,129.0,50,TK6_LIG4_2h_BR3,0.0,TK6,LIG4,2h,BR3,TK6_LIG4
GFP_BAR_DSBR_2,0.0,0.0,0.0,129.0,51,TK6_LIG4_2h_BR3,0.0,TK6,LIG4,2h,BR3,TK6_LIG4
GFP_BAR_DSBR_2,0.0,0.0,0.0,129.0,52,TK6_LIG4_2h_BR3,0.0,TK6,LIG4,2h,BR3,TK6_LIG4
GFP_BAR_DSBR_2,0.0,0.0,0.0,129.0,53,TK6_LIG4_2h_BR3,0.0,TK6,LIG4,2h,BR3,TK6_LIG4
GFP_BAR_DSBR_2,0.0,0.0,0.0,129.0,54,TK6_LIG4_2h_BR3,0.0,TK6,LIG4,2h,BR3,TK6_LIG4
GFP_BAR_DSBR_2,0.0,0.0,0.0,129.0,55,TK6_LIG4_2h_BR3,0.0,TK6,LIG4,2h,BR3,TK6_LIG4
GFP_BAR_DSBR_2,0.0,0.0,0.0,129.0,56,TK6_LIG4_2h_BR3,0.0,TK6,LIG4,2h,BR3,TK6_LIG4
GFP_BAR_DSBR_2,0.0,0.0,0.0,129.0,57,TK6_LIG4_2h_BR3,0.0,TK6,LIG4,2h,BR3,TK6_LIG4
GFP_BAR_DSBR_2,0.0,0.0,0.0,129.0,58,TK6_LIG4_2h_BR3,0.0,TK6,LIG4,2h,BR3,TK6_LIG4
GFP_BAR_DSBR_2,0.0,0.0,0.0,129.0,59,TK6_LIG4_2h_BR3,0.0,TK6,LIG4,2h,BR3,TK6_LIG4
GFP_BAR_DSBR_2,0.0,0.0,0.0,129.0,60,TK6_LIG4_2h_BR3,0.0,TK6,LIG4,2h,BR3,TK6_LIG4
GFP_BAR_DSBR_2,0.0,0.0,0.0,129.0,61,TK6_LIG4_2h_BR3,0.0,TK6,LIG4,2h,BR3,TK6_LIG4
GFP_BAR_DSBR_2,0.0,0.0,0.0,129.0,62,TK6_LIG4_2h_BR3,0.0,TK6,LIG4,2h,BR3,TK6_LIG4
GFP_BAR_DSBR_2,0.0,0.0,0.0,129.0,63,TK6_LIG4_2h_BR3,0.0,TK6,LIG4,2h,BR3,TK6_LIG4
GFP_BAR_DSBR_2,0.0,0.0,0.0,129.0,64,TK6_LIG4_2h_BR3,0.0,TK6,LIG4,2h,BR3,TK6_LIG4
GFP_BAR_DSBR_2,0.0,0.0,0.0,129.0,65,TK6_LIG4_2h_BR3,0.0,TK6,LIG4,2h,BR3,TK6_LIG4
GFP_BAR_DSBR_2,0.0,0.0,0.0,129.0,66,TK6_LIG4_2h_BR3,0.0,TK6,LIG4,2h,BR3,TK6_LIG4
GFP_BAR_DSBR_2,0.0,0.0,0.0,129.0,67,TK6_LIG4_2h_BR3,0.0,TK6,LIG4,2h,BR3,TK6_LIG4
GFP_BAR_DSBR_2,0.0,0.0,0.0,129.0,68,TK6_LIG4_2h_BR3,0.0,TK6,LIG4,2h,BR3,TK6_LIG4
GFP_BAR_DSBR_2,0.0,0.0,0.0,129.0,69,TK6_LIG4_2h_BR3,0.0,TK6,LIG4,2h,BR3,TK6_LIG4
GFP_BAR_DSBR_2,0.0,0.0,0.0,129.0,70,TK6_LIG4_2h_BR3,0.0,TK6,LIG4,2h,BR3,TK6_LIG4
GFP_BAR_DSBR_2,0.0,0.0,0.0,129.0,71,TK6_LIG4_2h_BR3,0.0,TK6,LIG4,2h,BR3,TK6_LIG4
GFP_BAR_DSBR_2,0.0,0.0,0.0,129.0,72,TK6_LIG4_2h_BR3,0.0,TK6,LIG4,2h,BR3,TK6_LIG4
GFP_BAR_DSBR_2,0.0,0.0,0.0,129.0,73,TK6_LIG4_2h_BR3,0.0,TK6,LIG4,2h,BR3,TK6_LIG4
GFP_BAR_DSBR_2,0.0,0.0,0.0,129.0,74,TK6_LIG4_2h_BR3,0.0,TK6,LIG4,2h,BR3,TK6_LIG4
GFP_BAR_DSBR_2,0.0,0.0,0.0,129.0,75,TK6_LIG4_2h_BR3,0.0,TK6,LIG4,2h,BR3,TK6_LIG4
GFP_BAR_DSBR_2,0.0,0.0,0.0,129.0,76,TK6_LIG4_2h_BR3,0.0,TK6,LIG4,2h,BR3,TK6_LIG4
GFP_BAR_DSBR_2,0.0,0.0,0.0,129.0,77,TK6_LIG4_2h_BR3,0.0,TK6,LIG4,2h,BR3,TK6_LIG4
GFP_BAR_DSBR_2,0.0,0.0,0.0,129.0,78,TK6_LIG4_2h_BR3,0.0,TK6,LIG4,2h,BR3,TK6_LIG4
GFP_BAR_DSBR_2,0.0,0.0,0.0,129.0,79,TK6_LIG4_2h_BR3,0.0,TK6,LIG4,2h,BR3,TK6_LIG4
GFP_BAR_DSBR_2,0.0,0.0,0.0,129.0,80,TK6_LIG4_2h_BR3,0.0,TK6,LIG4,2h,BR3,TK6_LIG4
GFP_BAR_DSBR_2,0.0,0.0,0.0,129.0,81,TK6_LIG4_2h_BR3,0.0,TK6,LIG4,2h,BR3,TK6_LIG4
GFP_BAR_DSBR_2,0.0,0.0,0.0,129.0,82,TK6_LIG4_2h_BR3,0.0,TK6,LIG4,2h,BR3,TK6_LIG4
GFP_BAR_DSBR_2,0.0,0.0,0.0,129.0,83,TK6_LIG4_2h_BR3,0.0,TK6,LIG4,2h,BR3,TK6_LIG4
GFP_BAR_DSBR_2,0.0,0.0,0.0,129.0,84,TK6_LIG4_2h_BR3,0.0,TK6,LIG4,2h,BR3,TK6_LIG4
GFP_BAR_DSBR_2,0.0,0.0,0.0,129.0,85,TK6_LIG4_2h_BR3,0.0,TK6,LIG4,2h,BR3,TK6_LIG4
GFP_BAR_DSBR_2,0.0,0.0,0.0,129.0,86,TK6_LIG4_2h_BR3,0.0,TK6,LIG4,2h,BR3,TK6_LIG4
GFP_BAR_DSBR_2,0.0,0.0,0.0,129.0,87,TK6_LIG4_2h_BR3,0.0,TK6,LIG4,2h,BR3,TK6_LIG4
GFP_BAR_DSBR_2,0.0,0.0,0.0,129.0,88,TK6_LIG4_2h_BR3,0.0,TK6,LIG4,2h,BR3,TK6_LIG4
GFP_BAR_DSBR_2,0.0,0.0,0.0,129.0,89,TK6_LIG4_2h_BR3,0.0,TK6,LIG4,2h,BR3,TK6_LIG4
GFP_BAR_DSBR_2,0.0,0.0,0.0,129.0,90,TK6_LIG4_2h_BR3,0.0,TK6,LIG4,2h,BR3,TK6_LIG4
GFP_BAR_DSBR_2,0.0,0.0,0.0,129.0,91,TK6_LIG4_2h_BR3,0.0,TK6,LIG4,2h,BR3,TK6_LIG4
GFP_BAR_DSBR_2,1.0,0.0,0.0,129.0,92,TK6_LIG4_2h_BR3,0.0,TK6,LIG4,2h,BR3,TK6_LIG4
GFP_BAR_DSBR_2,0.0,0.0,0.0,129.0,93,TK6_LIG4_2h_BR3,0.0,TK6,LIG4,2h,BR3,TK6_LIG4
GFP_BAR_DSBR_2,0.0,0.0,0.0,129.0,94,TK6_LIG4_2h_BR3,0.0,TK6,LIG4,2h,BR3,TK6_LIG4
GFP_BAR_DSBR_2,0.0,0.0,0.0,129.0,95,TK6_LIG4_2h_BR3,0.0,TK6,LIG4,2h,BR3,TK6_LIG4
